ALQ3209921',ಅಶ್ವತಮ್ಮ',ಲಕ್ಷ್ಮಯ್ಯ',0',61',ಹೆಣ್ಣು'
ALQ2305159',ಮಮತಾ ಎಚ್ ಎನ್',ನಾಗಪ್ಪ ಆರ್',0',35',ಹೆಣ್ಣು'
ALQ2305076',ಲಿಂಗಪ್ಪ ಸಿ ಎ',ಅಶ್ವಥಪ್ಪ',0',28',ಗಂಡು'
ALQ2412716',ಸೌಮ್ಯಾ ಎಚ್',ಗಿರೀಶ್ ಬಾಬು ಸಿ ಎನ್',0',27',ಹೆಣ್ಣು'
ALQ2480887',ರಾಧಿಕಿಯಾ ಎನ್',ಸೋಮಶೇಖರ್ ಸಿ ಎಚ್',0',27',ಹೆಣ್ಣು'
ALQ2305043',ವಿ ಗಾಯತ್ರಿ',ಲಕ್ಷ್ಮಿ ಪಾಥಿ',0',26',ಹೆಣ್ಣು'
ALQ2370757',ಅಶ್ವತಯ್ಯ ಸಿ ಬಿ',ಬಬನ್ನಾ',0',26',ಗಂಡು'
ALQ3168994',ಮಂಜುನಾಥ್ ಸಿ ಎನ್',ಲಕ್ಷ್ಮಮ್ಮ',0',25',ಗಂಡು'
ALQ3080629',ಭಾರತಿ ಎ',ಅಶ್ವತಯ್ಯ ಸಿ ಬಿ',0',20',ಹೆಣ್ಣು'
ALQ3169125',ಗಣೇಶ್ ಸಿ ಎನ್',ನರಸಿಂಹಮೂರ್ತಿ',0',19',ಗಂಡು'
ALQ3204047',ಅನಿತಾ ಎಂ ಜಿ',ಸಿ ಎನ್ ನವೀನ್ ಕುಮಾರ್',0',19',ಹೆಣ್ಣು'
ALQ3211471',ವಿನೋದ್ ಕುಮಾರ್',ಯರಪ್ಪ',0',19',ಗಂಡು'
ALQ3218666',ಎ ಎಲ್ ರಾಮಾವತಿ',ಮಂಜುನಾಥ್ ಸಿ ಎನ್',0',19',ಹೆಣ್ಣು'
ALQ2224418',ಜಿ ಎನ್ ಗಂಗಮ್ಮ',ಖದ್ರಾಪ್ಪ',0',19',ಹೆಣ್ಣು'
ALQ1806348',ಗಂಗಮ್ಮ',ಸನ್ನಪ್ಪ',5',77',ಹೆಣ್ಣು'
ALQ1811033',ಮರಪ್ಪ',ಸನ್ನಪ್ಪ',5',65',ಗಂಡು'
ALQ1806355',ಆಂಜನಮ್ಮ',ಮರಪ್ಪ',5',45',ಹೆಣ್ಣು'
ALQ2574614',ಅಸವತಪ್ಪ',ಲಿಂಗಪ್ಪ',7',85',ಗಂಡು'
ALQ2574622',ಲಕ್ಷ್ಮಮ್ಮ',ಅಸವತಪ್ಪ',7',73',ಹೆಣ್ಣು'
ALQ2256048',ಎನ್ ಭವಯಸ್ರೀ',ನಂಜುಂದಪ್ಪ',8',25',ಹೆಣ್ಣು'
ALQ2539047',ವಿನಯ್ ಕುಮಾರ್ ಎನ್',ನಂಜುಂದಪ್ಪ ಎನ್',8',23',ಗಂಡು'
ALQ1810746',ನಂಜುಂದಪ್ಪ',ಚಿಕ್ಕಾ ನಾಗಪ್ಪ',8',55',ಗಂಡು'
ALQ1810753',ನಂಜಪ್ಪ',ಚಿಕ್ಕಾ ನಾಗಪ್ಪ',10',68',ಗಂಡು'
ALQ2437762',ಮೈಲಾರಪ್ಪ ಎನ್',ನಜಪ್ಪ',10',37',ಗಂಡು'
ALQ3004744',ರಾಮ್ಯ ಕೆ',ಮೈಲಾರಪ್ಪ ಎನ್',10',24',ಹೆಣ್ಣು'
MVJ3518768',ನರಸಿಂಹಮೂರ್ತಿ',ನರಸಪ್ಪ',19',68',ಗಂಡು'
MVJ1987700',ಪಾರ್ವತಮ್ಮ',ನರಸಿಂಹಮೂರ್ತಿ',19',58',ಹೆಣ್ಣು'
MVJ1987502',ಸುವರ್ಣಮ್ಮ',ನಾರಾಯಣಪ್ಪ ಎಲ್',21',68',ಹೆಣ್ಣು'
MVJ1986926',ಸಿ ಎನ್ ಕುಮಾರಸ್ವಾಮಿ',ನಾರಾಯಣಪ್ಪ ಎಲ್',21',56',ಗಂಡು'
ALQ2390920',ಭಾಗ್ಯಮ್ಮ',ರಾಮಲಿಂಗಯ್ಯ',21',41',ಹೆಣ್ಣು'
MVJ1986520',ವಿಜಯಲಾಸ್ಖ್ಮಿ',ಸಿ ಎನ್ ಕುಮಾರಸ್ವಾಮಿ',21',40',ಹೆಣ್ಣು'
ALQ2104362',ನಲಿನಾ ಸಿ ಎನ್',ನಾರಾಯಣಪ್ಪ',21',34',ಹೆಣ್ಣು'
MVJ2068054',ಜಯಮ್ಮ',ನಾರಾಯಣಪ್ಪ',26',65',ಹೆಣ್ಣು'
MVJ2068484',ಸಿ ಎನ್ ಪ್ರಭಾಕರ',ನಾರಾಯಣಪ್ಪ',26',42',ಗಂಡು'
ALQ0807529',ನೇತ್ರಾವತಿ',ಪ್ರಭಾಕರ್',26',42',ಹೆಣ್ಣು'
ALQ0249813',ಸಿ ಎನ್ ನಂಜೆಗೌಡಾ',ನಾರಾಯಣಪ್ಪ',26',40',ಗಂಡು'
MVJ1986975',ಸಿ ಎನ್ ಮಂಜುಥ್',ನಾರಾಯಣಪ್ಪ',26',37',ಗಂಡು'
ALQ2098176',ಯಶೋದಮ್ಮ ಎಂ ಕೆ',ಸಿ ಎನ್ ನಂಜೆಗೌಡಾ',26',28',ಹೆಣ್ಣು'
ALQ3141439',ಮಮತಾ ಆರ್',ಮಂಜುನಾಥ್ ಸಿ ಎನ್',26',20',ಹೆಣ್ಣು'
MVJ2068047',ನರಸಮ್ಮ',ರಾಮಲಿಂಗರೆಡ್ಡಿ',28',70',ಹೆಣ್ಣು'
ALQ0065201',ಸಿ ಆರ್ ನರಸಿಮಹಮೂರ್ತಿ',ರಾಮಲಿಂಗರೆಡ್ಡಿ',28',52',ಗಂಡು'
ALQ1810779',ಸಿ ವಿ ವರಲಕ್ಷ್ಮಿ',ಸಿ ಆರ್ ನರಸಿಮಹಮೂರ್ತಿ',28',44',ಹೆಣ್ಣು'
ALQ3142106',ಶುಭ ಮಂಗಳಾ',ಅವುಲಾ ಕೊಂಡಪ್ಪ',47',37',ಹೆಣ್ಣು'
MVJ1988120',ಮಂಜಮ್ಮ',ನಂಜುಂದಪ್ಪ',48',37',ಹೆಣ್ಣು'
ALQ2256097',ಸಿ ಎನ್ ರಾಜೇಶ್',ನಂಜುಂದಪ್ಪ',48',27',ಗಂಡು'
MVJ1988070',ಸಿದ್ದಪ್ಪ',ಸಿದ್ದಪ್ಪ',53',75',ಗಂಡು'
ALQ1810803',ನಜುಂದಪ್ಪ',ತಿಮ್ಮಪ್ಪ',64',77',ಗಂಡು'
ALQ0249441',ಲಕ್ಷ್ಮಿದೇವಮ್ಮ',ನಂಜುಂದಪ್ಪ',64',55',ಹೆಣ್ಣು'
MVJ1986397',ತಿಮ್ಮರಾಜು ಸಿ ಎನ್',ನಜುಂದಪ್ಪ',64',36',ಗಂಡು'
ALQ0807131',ಶ್ರೀನಿವಾಸ್',ನಜುಂದಪ್ಪ',64',34',ಗಂಡು'
MVJ3518586',ಸಿ ಎ ವಿಶ್ವನಾಥ',ಆನಂದಪ್ಪ',83',35',ಗಂಡು'
ALQ1008721',ಶರದಮ್ಮ',ಗೋಪಾಲಯ್ಯ',87',55',ಹೆಣ್ಣು'
ALQ1811108',ಸಿ ಎಚ್ ಅಶ್ವತಪ್ಪ',ಹನೌಮಾಥರಾಯಪ್ಪ',87',51',ಗಂಡು'
ALQ2390219',ಮಂಜುಲಮ್ಮ ಸಿ ಎನ್',ನಾಗರಾಜಪ್ಪ',114',65',ಗಂಡು'
ALQ2391308',ಸಿ ಪಿ ರೂಪಾ',ಪ್ರಸನ್ನ ಸಿ ಎನ್',114',38',ಹೆಣ್ಣು'
ALQ2390730',ಪ್ರಸನ್ನ ಸಿ ಎನ್',ನಾಗರಾಜಪ್ಪ',114',32',ಗಂಡು'
ALQ2574960',ವಿ ತಿಮ್ಮರೆಡ್ಡಿ',ವೆಂಕಟರೆಡ್ಡಿ',136',65',ಗಂಡು'
ALQ2574978',ರಾಮಂಜನಮ್ಮ',ವಿ ತಿಮ್ಮರೆಡ್ಡಿ',136',55',ಹೆಣ್ಣು'
MVJ3962545',ಸಿ ಟಿ ಹೆಮಂತ್ ಕುಮಾರ್',ವಿ ತಿಮ್ಮರೆಡ್ಡಿ',136',34',ಗಂಡು'
ALQ1008861',ಗಂಗಪ್ಪ',CHNNAPPA',139',68',ಗಂಡು'
ALQ2574994',ಸಂಜೀವಂಮ್ಮ',ಗಂಗಪ್ಪ',139',50',ಹೆಣ್ಣು'
ALQ1008879',ತಿಪ್ಪಣ್ಣ',ಚಿನ್ನಪ್ಪ',139',47',ಗಂಡು'
MVJ3518321',ಮಂಜುಳ',ತಿಪ್ಪಣ್ಣ',139',37',ಹೆಣ್ಣು'
ALQ2515450',ನರಸಿಂಹಮೂರ್ತಿ ಸಿ ಜಿ',ಗಂಗಪ್ಪ',139',23',ಗಂಡು'
ALQ0247338',ಲಕ್ಷ್ಮಿ ನರಸಪ್ಪ',ದೊಡ್ಡಾ ಕಡರಪ್ಪ',140',80',ಗಂಡು'
ALQ2575009',ಗಂಗಮ್ಮ',ಲಕ್ಷ್ಮಿ ನರಸಪ್ಪ',140',55',ಹೆಣ್ಣು'
ALQ1811116',ನರಸಿಂಹಮೂರ್ತಿ',ಲಕ್ಷ್ಮಿ ನರಸಪ್ಪ',140',29',ಗಂಡು'
ALQ0246223',ಪುಟ್ಟ ನರಸಪ್ಪ',ಚಿಕ್ಕ ನರಸಪ್ಪ',141',65',ಗಂಡು'
ALQ0246181',ಕೆ ಟಿ ಲಕ್ಷ್ಮಿ ದೇವಿ',ಪುಟ್ಟ ನರಸಪ್ಪ',141',22',ಹೆಣ್ಣು'
ALQ2368371',ಮಾಲಿನಿ ಸಿ ಪಿ',ಪುಟ್ಟ ನರಸಪ್ಪ',141',31',ಹೆಣ್ಣು'
ALQ1811371',ಶ್ರುತಿ ಸಿ ಪಿ',ಎನ್\u200cಗರಾಜಾ ಸಿ ಕೆ',141',28',ಹೆಣ್ಣು'
ALQ3080710',ಶಿಲ್ಪಾ ಸಿ ಪಿ',ಪುಟ್ಟ ನರಸಪ್ಪ',141',22',ಹೆಣ್ಣು'
ALQ3080637',ಲಾಥಾ ಸಿಪಿ',ಪುಟ್ಟ ನರಸಪ್ಪ',141',20',ಹೆಣ್ಣು'
ALQ0246587',ಸಂಜೀವಂಮ್ಮ',ಚಿಕ್ಕನಾರಸಿಂಹಪ್ಪ',143',43',ಹೆಣ್ಣು'
ALQ0807438',ಶೋಬ್ ಎನ್ ಡಿ',ನರಸಿಂಹಮೂರ್ತಿ',142',30',ಹೆಣ್ಣು'
ALQ2575017',ಸಾಕಮ್ಮ',ಚಿಕ್ಕನಾರಸಿಂಹಪ್ಪ',143',60',ಹೆಣ್ಣು'
MVJ1988245',ಕೃಷ್ಣಪ್ಪ',ಚಿಕನಿಕರಸಿಂಹಪ್ಪ',143',43',ಗಂಡು'
ALQ2305068',ಶ್ರೀನಿವಾಸ್ ಸಿ',ಲೇಟ್ ಚಿಕ್ಕನಾರ್ಸಿಂಹಪ್ಪ',143',28',ಗಂಡು'
ALQ3140977',ಗೀತಾ ಜಿ',ಶ್ರೀನಿವಾಸ್ ಸಿ',143',20',ಹೆಣ್ಣು'
MVJ2068468',ಕದಿರಮ್ಮ',ಖಾದ್ರಾಪ್ಪ',144',34',ಹೆಣ್ಣು'
MVJ3962610',ಅಶ್ವಥಪ್ಪ',ನರಸಿಂಹಯ್ಯ',144',37',ಗಂಡು'
MVJ3962735',ಗಂಗಾರಥ್ನಮ್ಮ',ಆಶ್ವಾಥಪ್ಪ',144',35',ಹೆಣ್ಣು'
MVJ3963014',ಕದಿರಪ್ಪ',ಖದ್ರಾಪ್ಪ',144',34',ಗಂಡು'
MVJ2068476',ಅಶ್ವತಹಮ್ಮ',ನರಸಿಂಹಯ್ಯ',145',42',ಹೆಣ್ಣು'
MVJ1987858',ನಾಗರಾಜ',ನರಸಿಂಹಪ್ಪ',145',38',ಗಂಡು'
ALQ2390029',ಶರದಾ ಆರ್',ನಗರಾಜ್',145',24',ಹೆಣ್ಣು'
ALQ0247452',ಸನ್ನಪ್ಪ',ಹನುಮಾಪ್ಪ',146',80',ಗಂಡು'
ALQ2575033',ಬಾಬಕ್ಕಾ',ಸನ್ನಪ್ಪ',146',70',ಹೆಣ್ಣು'
ALQ2575041',ಅಂಜಮ್ಮ',ನರಸಿಂಹಪ್ಪ',147',46',ಹೆಣ್ಣು'
MVJ1987957',ಹನುಮಾಕ್ಕ',ಕದಿರಪ್ಪ',148',71',ಹೆಣ್ಣು'
ALQ0260505',ಕದಿರಪ್ಪಾ',ಹನುಮಪ್ಪ',148',55',ಗಂಡು'
MVJ3518735',ನಾಗರಾಜಪ್ಪ',ಕದಿರಪ್ಪ',148',38',ಗಂಡು'
ALQ0806851',ನರಸಿಂಹಮೂರ್ತಿ',ಕದಿರಪ್ಪ',148',36',ಗಂಡು'
ALQ0806687',ಶಮಲಮ್ಮ',ನರಸಿಂಹಮೂರ್ತಿ',148',32',ಹೆಣ್ಣು'
ALQ2001832',ಗಿರೀಶ್ ಬಾಬು ಸಿ ಎನ್',ನಾರಾಯಣಪ್ಪ',148',32',ಗಂಡು'
ALQ0246595',ಶ್ರೀರಮಯ್ಯ',ಫಸಲಪ್ಪ',149',62',ಗಂಡು'
ALQ0246314',ಗಂಗಮ್ಮ',ಶ್ರೀರಮಯ್ಯ',149',55',ಹೆಣ್ಣು'
ALQ2368256',ರಮೇಶ್ ಸಿ ಎನ್',ಶ್ರೀರಮಪ್ಪ',149',27',ಗಂಡು'
ALQ2575058',ನರಸಿಂಹಪ್ಪ',ಕಡರಪ್ಪ',150',35',ಗಂಡು'
ALQ0246793',ನರಸಮ್ಮ',ನರಸಿಂಹಪ್ಪ',150',60',ಹೆಣ್ಣು'
MVJ1986686',ಗಂಗಾಧರ',ನರಸಿಂಹಪ್ಪ',150',37',ಗಂಡು'
ALQ0807925',ಲಕ್ಷ್ಮಿದೇವಮ್ಮ',ಗಂಗಾಧರ',150',35',ಹೆಣ್ಣು'
ALQ1008903',ಅಶ್ವಥಪ್ಪ',ಕದಿರಪ್ಪ',151',50',ಗಂಡು'
ALQ0807057',ರಣ್ಮಂಜನಪ್ಪ',ಕದಿರಪ್ಪ',151',27',ಗಂಡು'
MVJ2068062',ಅನಿತಮ್ಮ',ಅಶ್ವತಹಪ್ಪ',151',37',ಹೆಣ್ಣು'
ALQ0806695',ಶಾಮಲಮ್ಮ',ರಾಮನಜಾನಪ್ಪ',151',37',ಹೆಣ್ಣು'
MVJ2068179',ಸಂಜೀವಂಮ್ಮ',ಚಿಕ್ಕ ಕದೀರಪ್ಪ',153',83',ಹೆಣ್ಣು'
ALQ0247148',ಲಕ್ಷ್ಮಮ್ಮ',ದಾಲಪ್ಪ',154',44',ಹೆಣ್ಣು'
MVJ3518107',ರಂಗಮ್ಮ',ಶ್ರೀರಮಪ್ಪ',155',38',ಹೆಣ್ಣು'
ALQ2539054',ಅಶ್ವತಹಪ್ಪ ಸಿ ವಿ',ವೆಂಕಟರಮಣಪ್ಪ',155',29',ಗಂಡು'
ALQ2515351',ನರಸಿಂಹಮೂರ್ತಿ',ಶ್ರೀರಮಯ್ಯ',155',23',ಗಂಡು'
ALQ0807784',ವೆಂಕಟರಮಣಪ್ಪ',ನರಸಿಂಹಪ್ಪ',156',59',ಗಂಡು'
ALQ0807891',ಲಕ್ಷ್ಮಿ ನರಸಮ್ಮ',ವೆಂಕಟರಮಣಪ್ಪ',155',54',ಹೆಣ್ಣು'
MVJ1986843',ನರಸಿಂಹಮೂರ್ತಿ',ವೆಂಕಟರಮಣಪ್ಪ',156',52',ಗಂಡು'
ALQ2575082',ಲಕ್ಷ್ಮಮ್ಮ',ನರಸಿಂಹಮೂರ್ತಿ',156',47',ಹೆಣ್ಣು'
ALQ0247742',ಅಶ್ವಥಪ್ಪ',ವೆಂಕಟರಮಣಪ್ಪ',156',46',ಗಂಡು'
ALQ0247247',ಚಿಕ್ಕಮ್ಮ',ಆಶತಪ್ಪ',156',44',ಹೆಣ್ಣು'
MVJ3518552',ಆಂಜಿನಮ್ಮ',ನರಸಿಂಹಮೂರ್ತಿ',156',37',ಹೆಣ್ಣು'
ALQ2575090',ಎಂ ಮೂರ್ತಿ',ಮರಪ್ಪ',158',44',ಗಂಡು'
MVJ3962602',ವಸಂತ್ ಸಿ ಎಂ',ಮರಪ್ಪ',158',34',ಗಂಡು'
ALQ2149144',ಪದ್ಮಾವತಮ್ಮ',ಎಂ ಮೂರ್ತಿ',158',30',ಹೆಣ್ಣು'
ALQ0806778',ಗಂಗಾಧರ',ಬಬನ್ನಾ',159',33',ಗಂಡು'
ALQ2515476',ಪುಷ್ಪಾ ಕೆ ಎನ್',ಗಂಗಾಧರ',159',25',ಹೆಣ್ಣು'
ALQ1810845',ತಡಕ್ಕ',ನರಸಪ್ಪ',161',70',ಹೆಣ್ಣು'
MVJ2068112',ಅಶ್ವತಹಪ್ಪ ಎನ್',ನರಸಪ್ಪ',161',43',ಗಂಡು'
ALQ0806679',ರತ್ನಮಲಾ',ASHWWATAHAPPA',161',36',ಹೆಣ್ಣು'
ALQ1008911',ರಾಮಕೃಷ್ಣಪ್ಪ',ಸಿದ್ದಪ್ಪ',163',55',ಗಂಡು'
ALQ2120327',ಟಿ ಎನ್ ನಾಗಮ್ಮ',ರಾಮಕೃಷ್ಣಪ್ಪ',163',43',ಹೆಣ್ಣು'
ALQ2149086',ರವಿ ಕುಮಾರ್ ಸಿ ಎ',ವಿರಾಕ್ಯಥಪ್ಪ',163',30',ಗಂಡು'
ALQ2575108',ಗೌರಮ್ಮ',ಕದಿರಪ್ಪ',164',55',ಹೆಣ್ಣು'
MVJ3518511',ನರಸಮ್ಮ',ಕಡರಪ್ಪ',164',34',ಹೆಣ್ಣು'
ALQ2108769',ಬಿ ಜೆ ಮೀನಾಕ್ಷಿ',ನಾರಾಯಣಪ್ಪ',164',28',ಹೆಣ್ಣು'
MVJ1987148',ಲಕ್ಷ್ಮಮ್ಮ',ಇರಾಪ್ಪ',165',63',ಹೆಣ್ಣು'
ALQ2575124',ವಿರಾಕ್ಯಥಪ್ಪ',ಇರಾಪ್ಪ',165',58',ಗಂಡು'
ALQ2575132',ಗಂಗಮ್ಮ',ವಿರಾಕ್ಯಥಪ್ಪ',165',52',ಹೆಣ್ಣು'
ALQ3207156',ನಾಗರಾಜು ಸಿ ವಿ',ವಿರಾಕ್ಯಥಪ್ಪ',165',22',ಗಂಡು'
ALQ2575140',ನಂಜಮ್ಮ',ಚಿಕ್ಕಲಿಂಗಪ್ಪ',166',76',ಹೆಣ್ಣು'
ALQ2575157',ಅಶ್ವಥಪ್ಪ',ಚಿಕ್ಕಲಿಂಗಪ್ಪ',166',46',ಗಂಡು'
MVJ1986942',ಸಶಿಕಲಾ',ಅಶ್ವಥಪ್ಪ',166',38',ಹೆಣ್ಣು'
ALQ2575207',ಲಕ್ಷ್ಮಿ ನರಸಮ್ಮ',ನಾರಾಯಣಪ್ಪ',181',50',ಹೆಣ್ಣು'
ALQ2515302',ನಾಗರಾಜು ಸಿ ಎನ್',ನಾರಾಯಣಪ್ಪ',181',31',ಗಂಡು'
ALQ2120228',ಸಿ ಎನ್ ನವೀನ್ ಕುಮಾರ್',ನಾರಾಯಣಪ್ಪ',181',30',ಗಂಡು'
MVJ3962859',ಲಕ್ಷ್ಮಮ್ಮ',ಒಬಾಲಪ್ಪಾ',186',75',ಹೆಣ್ಣು'
ALQ0807032',ದೇವರಾಜಪ್ಪ',ಮಲ್ಲಪ್ಪ',190',59',ಗಂಡು'
ALQ0246959',ಲಕ್ಷ್ಮಿ ದೇವಮ್ಮ',ದೇವರಾಜಪ್ಪ',190',57',ಹೆಣ್ಣು'
ALQ2120467',ಮಲ್ಲೇಶ್',ದೇವರಾಜಪ್ಪ',190',36',ಗಂಡು'
ALQ3062981',ಸಿ ಕೆ ಭಾಗ್ಯ',ಮಲ್ಲೇಶ್',190',26',ಹೆಣ್ಣು'
ALQ2575256',ಮಾಲಮ್ಮ',ಕೂಡ್ಲಪ್ಪ',192',80',ಹೆಣ್ಣು'
MVJ3962578',ಶಿವಲಿಂಗಪ್ಪ ಸಿ ಡಿ',ಧರ್ಮಣ್ಣ',192',39',ಗಂಡು'
ALQ1811165',ಎಂ ವಿ ಜಯಲಕ್ಷ್ಮಿ',ಶಿವಲಿಂಗಪ್ಪ',192',29',ಹೆಣ್ಣು'
ALQ0248997',ಧರಮಣ್ಣ',ಲಿಂಗಯ್ಯ',193',78',ಗಂಡು'
ALQ0247494',ಲಕ್ಷ್ಮಮ್ಮ',ಧರಮಣ್ಣ',193',70',ಹೆಣ್ಣು'
MVJ1986462',ಸಿ ಡಿ ನಾಗರಾಜಯ',ಧರಮಣ್ಣ',193',41',ಗಂಡು'
ALQ0807271',ಸಿ ಡಿ ಮಂಜುನಾಥ್',ಧರಮಣ್ಣ',193',78',ಗಂಡು'
ALQ2575264',ಲಕ್ಕಮ್ಮ',ಮೈಲಾರಪ್ಪ',196',85',ಹೆಣ್ಣು'
ALQ2575272',ಎಂ ಗೋಪಾಲಯ್ಯ',ಮೈಲಾರಪ್ಪ',196',60',ಗಂಡು'
ALQ0247510',ಗಂಗಮ್ಮ',ಗೋಪಾಲಯ್ಯ',196',55',ಹೆಣ್ಣು'
ALQ2967875',ಸಿ ಎಂ ಅಂಜಯ್ಯ',ಮೈಲಾರಪ್ಪ',196',46',ಗಂಡು'
ALQ0264382',ಅಶ್ವಥನಾರಾಯಣ',ಗೋಪಾಲಯ್ಯ ಎಂ',196',60',ಗಂಡು'
ALQ2967925',ಸರೋಜಮ್ಮ ಎಸ್',ಅಂಜಯ್ಯ ಸಿ ಎಂ',196',38',ಹೆಣ್ಣು'
MVJ1987742',ಶಂಕರಪ್ಪ',ಗೋಪಾಲಯ್ಯ ಎಂ',196',36',ಗಂಡು'
ALQ0806968',ನಟರಾಜ',ಗೋಪಾಲಯ್ಯ ಎಂ',196',32',ಗಂಡು'
ALQ3168887',ಎಲ್ ಅಶ್ವಿನಿ',ಶಂಕರ ಸಿ ಜಿ',196',29',ಹೆಣ್ಣು'
ALQ2515336',ನೇತ್ರಾವತಿ ಎಂ',ಅಶ್ವಥನಾರಾಯಣಪ್ಪ ಸಿ ಜಿ',196',28',ಹೆಣ್ಣು'
ALQ2001733',ಶಶಿ ಕುಮಾರ್ ಸಿ ಜಿ',ಗೋಪಾಲಪ್ಪ ಎಂ',196',28',ಗಂಡು'
ALQ2439545',ಉದಯ ಕೃಷ್ಣ ಆರ್',ರಾಮಕೃಷ್ಣಪ್ಪ',196',24',ಗಂಡು'
MVJ1986777',ವೆಂಕಟೇಶ್ ಸಿ ಜಿ',ಗಂಗರೆಡ್ಡಿ',197',40',ಗಂಡು'
MVJ3518594',ಶ್ರೀನಿವಾಸ್',ಗಂಗರೆಡ್ಡಿ',197',37',ಗಂಡು'
ALQ2149235',ಕೆ ಆರ್ ನಾಗರತ್ನಮ್ಮ',ವೆಂಕಟೇಶ್ ಸಿ ಜಿ',197',36',ಹೆಣ್ಣು'
ALQ2515435',ಶಶಿಕಲಾ ಸಿ ಟಿ',ಗಂಗರೆಡ್ಡಿ',197',24',ಹೆಣ್ಣು'
ALQ0246983',ಸಕಮ್ಮ',ಹನುಮಂತಯ್ಯ ಎಲ್',208',68',ಹೆಣ್ಣು'
MVJ1988112',ಲಿಂಗಪ್ಪ',ಹನುಮಂತಯ',208',36',ಗಂಡು'
ALQ3141538',ಮಮತಾ ಸಿ ಎನ್',ಲಿಂಗಪ್ಪ',208',21',ಹೆಣ್ಣು'
ALQ1811207',ನರಸಿಂಹಪ್ಪ',ನರಸೇಯಪ್ಪ',212',80',ಗಂಡು'
ALQ1811173',ರಾಮಂಜನೇಯ',ನರಸಿಂಹಪ್ಪ',212',43',ಗಂಡು'
ALQ1811181',ಅನಿತಮ್ಮ',ರಾಮಂಜನೇಯ',212',42',ಹೆಣ್ಣು'
ALQ0264374',ಜಗದೇಶ',ಮೈಲಾರಪ್ಪ',213',33',ಗಂಡು'
ALQ2575314',ಸಿದ್ದಪ್ಪ',ರಾಮಪ್ಪ',214',60',ಹೆಣ್ಣು'
ALQ0248765',ಸೋಮೇಶ್',ರಾಮಪ್ಪ',214',38',ಗಂಡು'
ALQ0807388',ರಂಗಲಕ್ಷ್ಮಿ',ಸೋಮೇಶ್',214',37',ಹೆಣ್ಣು'
ALQ3115730',ಪ್ರವೀಣ್ ಸಿ ಎನ್',ನರಸಿಂಹ ಮೂರ್ತಿ',216',20',ಗಂಡು'
ALQ0246991',ಗೋಪಾಲ್',ನರಸಿಂಹಪ್ಪ',220',31',ಗಂಡು'
ALQ2255982',ಸಿ ಎಲ್ ರಾಧಾ',ಮಂಜುನಾಥ್',223',25',ಹೆಣ್ಣು'
ALQ2997849',ಎನ್ ನಾಗರಾಜು',ನರಸಿಂಹಪ್ಪ',225',40',ಗಂಡು'
ALQ0807826',ಜಯಮ್ಮ',ನಾಗರಾಜು ಎನ್',225',31',ಹೆಣ್ಣು'
ALQ0807172',ನಾಗರಾಜ ಕೆ',ಕಡರಿಪತಿ',226',36',ಗಂಡು'
ALQ0806794',ಪದ್ಮಾವತಿ',ವಡಸಲಪ್ಪ',226',32',ಹೆಣ್ಣು'
ALQ1009059',ಯುಎಸ್ಹೆಚ್ಎ',ಮುಡುಕೃಷ್ಣ',227',34',ಹೆಣ್ಣು'
ALQ2515468',ಗಂಗದೇವಿ ಕೆ ಎನ್',ಸಿ ಎಸ್ ರವಿ ಕುಮಾರ್',227',23',ಹೆಣ್ಣು'
MVJ3962867',ಲಕ್ಷ್ಮಮ್ಮ',ನರಸಿಂಹಪ್ಪ',232',67',ಹೆಣ್ಣು'
ALQ2390623',ವೀನಾ ಸಿ ಎಸ್',ನರಸಿಂಹಯ್ಯ',235',25',ಹೆಣ್ಣು'
ALQ2575355',ನರಸಿಂಹಯ ಮೂರ್ತಿ',ಸನ್ನಪ್ಪ',236',60',ಗಂಡು'
ALQ2101160',ಸುಜಾತಮ್ಮ',ನರಸಿಂಹಮೂರ್ತಿ',236',29',ಹೆಣ್ಣು'
ALQ2305191',ಎನ್ ತಿಮ್ಮೇಗೌಡಾ',ನರಸೇಗೌಡ',238',37',ಗಂಡು'
ALQ3141983',ಶ್ವೇತಾ ಎಸ್',ಹನುಮಂತರಾಯಪ್ಪ',238',25',ಹೆಣ್ಣು'
ALQ2575371',ಶ್ಯಾಮಲಮ್ಮ',ಕೃಷ್ಣಪ್ಪ',239',61',ಹೆಣ್ಣು'
ALQ2098671',ಅಶ್ವತಮ್ಮ ಟಿ ವಿ',ಅಶ್ವತಹಪ್ಪ',239',34',ಹೆಣ್ಣು'
ALQ1009109',ಜಿ ಭಾರತಿ',ಶಿವಪ್ಪ',240',37',ಹೆಣ್ಣು'
ALQ3142031',ಚಂದ್ರಕಲ ವಿ ವಿ',ವೆಂಕಟಾಚಲಪತಿ',242',36',ಹೆಣ್ಣು'
ALQ1009117',ಶ್ರೀರಾಮಾಪ್ಪ',ಅವುಲಾ ಕೊಂಡಪ್ಪ',245',35',ಗಂಡು'
ALQ2100626',ಆದಿಲಕ್ಷ್ಮಿ',ಲಕ್ಷ್ಮಿ ಪಾಥಿ',245',37',ಹೆಣ್ಣು'
ALQ2967826',ಪುಷ್ಪಲಥ ಜಿ ಎಚ್',ಶ್ರೀರಮಪ್ಪ',245',25',ಹೆಣ್ಣು'
ALQ1009125',ಮಂಜುಳ',ನರಸಿಂಹಮೂರ್ತಿ',246',38',ಹೆಣ್ಣು'
ALQ0807214',ರಾಮಕೃಷ್ಣಪ್ಪ',ಗಂಗಾಧರಪ್ಪ',246',36',ಗಂಡು'
MVJ3962479',ಭಾಗ್ಯಮ್ಮ',ನರಸಿಂಹಮೂರ್ತಿ',247',36',ಹೆಣ್ಣು'
ALQ2115483',ಅರ್ಚನಾ ಸಿ ಜಿ',ಆನಂದ್ ಕುಮಾರ್',247',27',ಹೆಣ್ಣು'
ALQ3062965',ಮೊಸಿನಾ',ಮಹಬೂಬ್ ಪಾಷಾ',248',27',ಹೆಣ್ಣು'
ALQ1009141',ಲಕ್ಷ್ಮಿ ನರಸಪ್ಪ',ನಲ್ಲಪ್ಪ',249',54',ಗಂಡು'
ALQ1009158',ಶಾಂತಪ್ಪ',ಲಕ್ಷ್ಮಿ ನರಸಪ್ಪ',249',49',ಹೆಣ್ಣು'
ALQ1009166',ನರಸಮ್ಮ',ಲಕ್ಷ್ಮೀನರಸಪ್ಪ',249',44',ಹೆಣ್ಣು'
ALQ3141678',ಸರಸ್ವತಮ್ಮ',ರಮೇಶ್',249',31',ಹೆಣ್ಣು'
ALQ3142155',ಚಂದ್ರಿಕಾ ಸಿ ಕೆ',ಕದಿರಪ್ಪ',250',20',ಹೆಣ್ಣು'
ALQ1009174',ದಲಮ್ಮ',ವೆಂಕಟಪ್ಪ',251',74',ಹೆಣ್ಣು'
ALQ1009182',ಗಂಗದರಪ್ಪ',ವೆಂಕಟಪ್ಪ',251',49',ಗಂಡು'
ALQ2997872',ನರಸಮ್ಮ',ಗಂಗದರಪ್ಪ',251',39',ಹೆಣ್ಣು'
ALQ3142171',ಮಹಲ್ಷ್ಕಮಿ ಎನ್',ವೆಂಕಟೇಶ್ ಸಿ ಜಿ',251',28',ಹೆಣ್ಣು'
ALQ2515419',ಸಿ ಜಿ ವೆಂಕಟೇಶ್',ಗಂಗದರಪ್ಪ',251',26',ಗಂಡು'
ALQ2997781',ಗಂಗದೇವಿ ಸಿ ಜಿ',ಗಂಗದರಪ್ಪ',251',22',ಹೆಣ್ಣು'
ALQ3141330',ಆಶಾ ಸಿ ಕೆ',ಕದಿರಪ್ಪ',252',27',ಹೆಣ್ಣು'
ALQ3204062',ಸಂತೋಷ್ ಸಿ ವೈ',ಯಲ್ಲಪ್ಪ',252',25',ಗಂಡು'
ALQ3204054',ಸುಶೀಲ್ ಸಿ ವೈ',ಯಲ್ಲಪ್ಪ',252',23',ಗಂಡು'
ALQ2204899',ಸಿ ರಮೇಶ್',ಚಂದ್ರಣ್ಣ',252',31',ಗಂಡು'
ALQ2365906',ವೆಂಕಟೇಶ್ ಬಾಬು',ಸಂಜೀವವಪ್ಪ',253',25',ಗಂಡು'
ALQ2963072',ಅಜಿತ್ ಕುಮಾರ್ ಸಿ ಎಸ್',ಸಂಜೀವವಪ್ಪ',253',22',ಗಂಡು'
ALQ2967792',ಕವಿ ಸಿ ವಿ',ಸಿ ರಮೇಶ್',253',22',ಹೆಣ್ಣು'
ALQ2256063',ಎಸ್ ಬಿ ನಾಗಲಿಂಗಪ್ಪ',ಬೀರಾ ಲಿಂಗಪ್ಪ',256',41',ಗಂಡು'
ALQ2256030',ಸಿ ಎಂ ಪರವತ್ತಮ್ಮ',ಎಸ್ ಮಹಾದೇವಯ್ಯ',256',32',ಹೆಣ್ಣು'
ALQ3062957',ಜಿ ನಾಗೇಶ್',ಗಂಗಾರ್ದರಪ್',257',28',ಗಂಡು'
ALQ0806653',ಶ್ರೀಧರ',ಅಶ್ವಥಪ್ಪ',258',33',ಗಂಡು'
ALQ2120392',ವೆಂಕಟೇಶ್',ಹಲ್ಲಿ ತಿಮ್ಮಯ್ಯ',258',33',ಗಂಡು'
ALQ2149037',ಟಿ ಎಲ್ ಕಮಲಾ',ಶ್ರೀಧರ',258',27',ಹೆಣ್ಣು'
ALQ2149177',ಕೆ ಎಂ ನಾಗವೇಣಿ',ಸಿ ಪಿ ಕೃಷ್ಣಪ್ಪ',259',42',ಹೆಣ್ಣು'
ALQ2149128',ಸಿ ಆರ್ ನಾಗರಾಜು',ರಾಮಪ್ಪ',263',27',ಗಂಡು'
ALQ2255875',ಸಿ ಆರ್ ಮೂರ್ತಿ',ರಾಮಪ್ಪ',263',25',ಗಂಡು'
ALQ2513356',ಮಾರುತಿ',ರಾಮಪ್ಪ',263',25',ಗಂಡು'
ALQ2575488',ನಾಗಭೂಷನ',ಗಂಗದರಪ್ಪ',264',41',ಗಂಡು'
ALQ2997823',ರಂಜಿತ್ ಸಿ ಎನ್',ನಾಗಭೂಷನ',264',24',ಹೆಣ್ಣು'
ALQ1010040',ಎನ್ ರಾಮಂಜಿನಪ್ಪ',ನಾರಾಯಣಪ್ಪ',266',38',ಗಂಡು'
ALQ0807222',ಲಲಿತಮ್ಮ',ರಾಮಂಜಪ್ಪ',266',36',ಹೆಣ್ಣು'
ALQ2391076',ನಾಗರತ್ನಮ್ಮ',ನಾಗರಾಜ ಸಿ ವಿ',268',34',ಹೆಣ್ಣು'
ALQ1009224',ನಾಗರಾಜ ಸಿ ವಿ',ವೆಂಕಟರಾವನಪ್ಪ',268',33',ಗಂಡು'
ALQ2390656',ಮುರಲಿಯಾಧರ ಜಿ ಎಲ್',ಲಕ್ಷ್ಮಣ ರಾವ್ ಜಿ ಎಂ',270',41',ಗಂಡು'
ALQ2391530',ಭಾವನಿ',ಮುರಳೀಧರ ಜಿ ಎಲ್',270',28',ಹೆಣ್ಣು'
ALQ2001873',ರಾಮಕೃಷ್ಣಪ್ಪ',ಹನುಮಂತಪ್ಪ',271',74',ಗಂಡು'
ALQ2001964',ಲೀಥಾವತಿ',ರಾಮಕೃಷ್ಣಪ್ಪ',271',41',ಹೆಣ್ಣು'
ALQ2001972',ಅನಂತರಾಜು',ರಾಮಕೃಷ್ಣಪ್ಪ',271',31',ಗಂಡು'
ALQ2997799',ಕಾವ್ಯ ಸಿ ಜೆ',ಅನನಾಥ ರಾಜು',271',22',ಹೆಣ್ಣು'
ALQ2997880',ಲಕ್ಷ್ಮಮ್ಮ',ಹನುಮಂತಪ್ಪ',272',75',ಹೆಣ್ಣು'
ALQ2575520',ಲಕ್ಷ್ಮಮ್ಮ',ನರಸಿಂಹಪ್ಪ',272',63',ಹೆಣ್ಣು'
ALQ2256014',ಆರ್ ನಾಗವೇಣಿ',ಆರ್ ಗಂಗದಾರಾಯ',272',36',ಹೆಣ್ಣು'
ALQ2148948',ತುಲಸಮ್ಮ',ಕೃಷ್ಣಪ್ಪ ಸಿ ಎನ್',272',28',ಹೆಣ್ಣು'
ALQ2439552',ಕವಿತಾ ಸಿ ಆರ್',ರಾಮನಜಾನಪ್ಪ',272',25',ಹೆಣ್ಣು'
ALQ2568939',ಸೌಮ್ಯಾ ಆರ್',ರಾಮಂಜನಪ್ಪ',272',24',ಹೆಣ್ಣು'
ALQ2148963',ಸಿ ಆರ್ ನರಸಿಂಹಮೂರ್ತಿ',ಸಿ ಜಿ ನಾರಾಯಣಪ್ಪ',273',26',ಗಂಡು'
ALQ1009257',ಸಿ ಎಸ್ ಸಂಜಯ್',ಶ್ರೀರಮಪ್ಪ',274',30',ಗಂಡು'
ALQ2484657',ರಮೇಶ್ ಸಿ ಜಿ',EERAMMA',274',24',ಗಂಡು'
ALQ1008978',ಸಿ ಎನ್ ನರಸಿಂಹ ಮೂರ್ತಿ',ನರಸಿಂಹಪ್ಪ',275',23',ಹೆಣ್ಣು'
MVJ3962487',ರೇಣುಕಾ ದೇವಿ ಕೆ ಎನ್',ಸಿ ಎನ್ ನರಸಿಂಹಮೂರ್ತಿ',275',25',ಹೆಣ್ಣು'
ALQ3015872',ಭಾಗ್ಯಲಕ್ಷ್ಮಿ',ಸಿ ಎನ್ ನರಸಿಂಹಮೂರ್ತಿ',275',38',ಹೆಣ್ಣು'
ALQ2515278',ಇಂದ್ರಜ ಸಿ ಎನ್',ರೇಣುಕಾಡೆವಿ',275',23',ಹೆಣ್ಣು'
ALQ2001998',ನಾಗರಾಜಯ್ಯ ಟಿ',ತಿಮ್ಮದಸಪ್ಪ',277',46',ಗಂಡು'
ALQ2002004',ಪ್ರಭಾ ಆರ್',ನಾಗರಾಜಯ್ಯ ಟಿ',277',36',ಹೆಣ್ಣು'
ALQ0806828',ಸಿ ವಿ ಶ್ರೀಧರ',ವೆಂಕಟರಾವನಪ್ಪ',277',33',ಗಂಡು'
ALQ2001782',ಅನಂತರಾಜು ಸಿ ವಿ',ವೆಂಕಟರಾವನಪ್ಪ',277',28',ಗಂಡು'
ALQ3141934',ಭರಹಿ ಎಂ',ಶ್ರೀಧರ',277',22',ಹೆಣ್ಣು'
ALQ2001790',ವೆನುಗೋಪ್ಲಾ ಸಿ ಆರ್',ರಾಜಪ್ಪ',282',33',ಗಂಡು'
ALQ1810928',ಗೋವಿಂದಪ್ಪ',ಸಿದ್ದಪ್ಪ',283',70',ಗಂಡು'
ALQ1009273',ರವಿ ಕುಮಾರ್ ಸಿ ಜಿ',ಗೋವಿಂದಪ್ಪ',283',38',ಗಂಡು'
ALQ2515385',ಅನುಷ್ಕಾ ಕೆ ಎಸ್',ರವಿ ಕುಮಾರ್ ಸಿ ಜಿ',283',29',ಹೆಣ್ಣು'
MVJ3962826',ಜಿ ಎಸ್ ವಿಜಯಲಕ್ಷ್ಮಿ',ಸಿ ಎ ಶ್ರೀನಿವಾಸ್ ಗೌಡ',284',34',ಹೆಣ್ಣು'
ALQ2390508',ವರಲಕ್ಷ್ಮಿ ಸಿ ಕೆ',ಲೇಟ್ ನರಸಿಂಹಮೂರ್ತಿ',284',32',ಹೆಣ್ಣು'
ALQ2575561',ತಿಮ್ಮಕ್ಕ',ನರಸಪ್ಪ',286',70',ಹೆಣ್ಣು'
ALQ1009281',ಶೈಲಾಜಾ ಎಂ ಎನ್',ಶಾಂತಪ್ಪ ಎಂ ಎಲ್',286',40',ಹೆಣ್ಣು'
ALQ2568921',ಸಿ ಎಚ್ ಚಿಕ್ಕ ಹನುಮಾಕ್ಕ',ಚಲಪತಿ',287',41',ಹೆಣ್ಣು'
ALQ2001881',ರವಿ ಕುಮಾರ್ ಸಿ ಎಲ್',ಲಿಂಗಪ್ಪ',287',29',ಗಂಡು'
ALQ2539039',ಮಹೇಶ್ ಸಿ ಎಲ್',ಲಿಂಗಪ್ಪ',287',26',ಗಂಡು'
ALQ3080603',ಸಂತೋಷ್ ಆರ್',ರಾಮಲಿಂಗಯ್ಯ',292',21',ಗಂಡು'
ALQ3141264',ಚಂದ್ರಣ್ಣ',ಮೈಲಾರಪ್ಪ',293',46',ಗಂಡು'
ALQ2255941',ಸಿ ಎಂ ನಾರಾಯಣಸಾಮಿ',ಲಕ್ಷ್ಮಮ್ಮ',293',39',ಗಂಡು'
ALQ2255933',ಎಂ ಎಸ್ ನಾಗವೇಣಿ',ಸಿ ಎಂ ನಾರಾಯಣಸ್ವಿ',293',35',ಹೆಣ್ಣು'
ALQ1009315',ಮಲ್ಲೇಶ್',ಮೈಲಾರಪ್ಪ',293',33',ಗಂಡು'
ALQ3045960',ಬ್ರೂಂಡಾ ಜಿ',ಮಲ್ಲೇಶ್',293',31',ಹೆಣ್ಣು'
ALQ0807669',ಲಕ್ಷ್ಮಮ್ಮ',ಲಿಂಗಪ್ಪ',294',42',ಹೆಣ್ಣು'
ALQ0806638',ಶಿವ ಕುಮಾರ್',ಸಿದ್ದಪ್ಪ',294',39',ಗಂಡು'
ALQ0807065',ಭಾರತಿ',ಸಿ ಟಿ ಮಂಜುನಾಥ',298',35',ಹೆಣ್ಣು'
ALQ0807800',ನಂಜುಂದಪ್ಪ',ನರಸಿಂಹಮೂರ್ತಿ',306',49',ಗಂಡು'
ALQ0807719',ನಾಗರತ್ನಮ್ಮ',ನಂಜುಂದಪ್ಪ',306',44',ಹೆಣ್ಣು'
ALQ3207149',ದೀಕ್ಷಿತ್ ಕುಮಾರ್',ನಂಜುಂದಪ್ಪ',306',19',ಗಂಡು'
ALQ0246157',ಸಿ ಜಿ ರಂಗಮ್ಮ',ಸಿ ಎಚ್ ಅಶ್ವತಪ್ಪ',326',38',ಹೆಣ್ಣು'
ALQ0247189',ಮಹಾದೇವಮ್ಮ',ಲಕ್ಷ್ಮಿ ಪಾಥಿ',359',43',ಹೆಣ್ಣು'
ALQ2001691',ಶೋಭಾ ಸಿ ಎನ್',ಸಿ ಡಿ ನಾಗರಾಜಯ',365',28',ಹೆಣ್ಣು'
ALQ3141520',ಗಂಗಾರಥ್ನಮ್ಮ',ಮೈಲಾರಪ್ಪ',369',47',ಹೆಣ್ಣು'
ALQ3000577',ಮಹೇಶ್ ಬಾಬು ಸಿ ಎನ್',ನಾರಾಯಣಪ್ಪ',369',24',ಗಂಡು'
ALQ0806810',ಮುಡ್ಡು ಗಂಗಮ್ಮ',ಶಿವಲಿಂಗಪ್ಪ',371',34',ಹೆಣ್ಣು'
ALQ3168770',ನಿಂಗಮ್ಮ',ಆನಂದಪ್ಪ',371',34',ಹೆಣ್ಣು'
ALQ3142148',ಮಹೇಶ್ ಎ',ಆನಂದಪ್ಪ',371',20',ಗಂಡು'
ALQ3045978',ಚೈಥಾನ್ ಸಿ ಜಿ',ಗಂಗದರಪ್ಪ',372',34',ಹೆಣ್ಣು'
ALQ2149011',ಎಂ ಅಮರಾವತಿ',ರಾಮಕೃಷ್ಣ ಟಿ',373',29',ಹೆಣ್ಣು'
ALQ1811306',ಗಂಗದೇವಮ್ಮ',ಶ್ರೀನಿವಾಸ್ ಸಿ ಎಲ್',398',34',ಹೆಣ್ಣು'
MVJ3962933',ಎಂ ಚಂದ ಪಾಷಾ',ಮಹಬೂಬ್ ಸಾಬ್',400',35',ಗಂಡು'
ALQ2369056',ದುರ್ದೇಕಲು ಪರ್ವಿನ್',ಚಾಂಡ್ ಪಾಷಾ',400',28',ಹೆಣ್ಣು'
ALQ0246942',ಗಂಗದರಪ್ಪ',ಚಿನ್ನಪ್ಪ',404',52',ಗಂಡು'
ALQ1009547',ಲಕ್ಷ್ಮಮ್ಮ',ಗಂಗದರಪ್ಪ',404',42',ಹೆಣ್ಣು'
ALQ1009554',ಲಕ್ಷ್ಮಮ್ಮ',ನೀರಗಂತಿ ಚಿನ್ನಪ್ಪ',405',72',ಹೆಣ್ಣು'
ALQ0248021',ವರಲಕ್ಷ್ಮಮ್ಮ',ರಾಮಕೃಷ್ಣಪ್ಪ ಸಿ',406',39',ಹೆಣ್ಣು'
ALQ0807487',ಚಿನ್ನಪ್ಪ',ನೀರಗಂತಿ ಪಾಠ್ಯ',407',82',ಗಂಡು'
MVJ1986314',ನಂಜುಂದಪ್ಪ',ಲಕ್ಕಪ್ಪ',48/49',60',ಗಂಡು'
ALQ2120301',ನಾಗರಾಜಯ್ಯ',ನಾರಾಯಣಪ್ಪ',84-85',71',ಗಂಡು'
ALQ2574853',ಶರದಮ್ಮ',ನಾಗರಾಜಯ್ಯ',84-85',55',ಹೆಣ್ಣು'
ALQ0246751',ಎನ್ ನರಸಿಂಹಮೂರ್ತಿ',ಚಿಕ್ಕ ನರಸಿಂಹಪ್ಪ',142/A',49',ಗಂಡು'
ALQ1008895',ಸಿ ಎಸ್ ಮಂಜುಲಾ',ಶ್ರೀರಮಪ್ಪ',149/A',30',ಹೆಣ್ಣು'
ALQ0247296',ಧಾಲಪ್ಪ',ಕದಿರಿ ಪಾತ್ಯಪ್ಪ',154/A',54',ಗಂಡು'
ALQ2188233',ಸಿ ಎನ್ ನರಸಿಂಹ ಮೂರ್ತಿ',ನರಸಿಂಹಪ್ಪ',232/A',34',ಗಂಡು'
ALQ0249482',ಸಿ ಎನ್ ಭಾಗ್ಯಮ್ಮ',ಚೆನ್ನಪ್ಪ',235/A',36',ಹೆಣ್ಣು'
ALQ2473924',ರಂಗನಾಥ್ ಸಿ ಪಿ',ಪುಟ್ಟ ನರಸಪ್ಪ',236/A',40',ಗಂಡು'
ALQ2515500',ರಾಜೇಶ್ವರಿ ಜಿ',ರಂಗನಾಥ್ ಸಿ ಪಿ',236/A',34',ಹೆಣ್ಣು'
ALQ1811215',ಸಿ ಎಚ್ ಶ್ರೀನಿವಾಸ್',ಹನುಮಾಪ್ಪ',237/A',35',ಗಂಡು'
ALQ2515484',ಎಂ ಕೆ ಲಕ್ಷ್ಮಿದೇವಿ',ಸಿ ಎಚ್ ಶ್ರೀನಿವಾಸ್',237/A',31',ಹೆಣ್ಣು'
ALQ0807313',ನಾಗರಾಜಪ್ಪ',ಚಿನ್ನಪ್ಪ',238A',70',ಗಂಡು'
ALQ1009091',ಅಶ್ವಥಪ್ಪ',ಚಿನ್ನಪ್ಪ',238/A',50',ಗಂಡು'
ALQ0246819',ಶ್ರೀದೇವಿ',ನಾಗರಾಜು',238A',47',ಹೆಣ್ಣು'
ALQ1009083',ಸಿ ರಾಮಕೃಷ್ಣಪ್ಪ',ಚಿನ್ನಪ್ಪ',238A',47',ಗಂಡು'
ALQ0248278',ಸುಜಾತಹಮ್ಮ',ಅಶ್ವಥಪ್ಪ',238/A',42',ಹೆಣ್ಣು'
ALQ3142130',ರಾಜಶೇಕರ್ ಸಿ ಎನ್',ನಾಗರಾಜಪ್ಪ',238/A',21',ಗಂಡು'
MVJ3962875',ನಾಗರಾಜಪ್ಪ',ಮಾಧಪ್ಪ',247A',60',ಗಂಡು'
ALQ0807867',ಲಿಂಗಪ್ಪ',ಮುದ್ದಪ್ಪ',247/A',46',ಗಂಡು'
MVJ3962719',ಅಶ್ವತಮ್ಮ',ನಾಗರಾಜಪ್ಪ',247A',45',ಹೆಣ್ಣು'
ALQ2391316',ಮಹೇಶ್ ಸಿ ಎನ್',ನಾಗರಾಜಪ್ಪ',247/A',26',ಗಂಡು'
ALQ3000569',ನಾಗಮಣಿ ಸಿ ಜಿ',ಮಹೇಶ್ ಸಿ ಎನ್',247/A',23',ಹೆಣ್ಣು'
ALQ0807917',ಜ್ಞಾನಗರಪ್ಪ',ವೆಂಕಟಲಕ್ಷ್ಮಮ್ಮ',252A',48',ಗಂಡು'
ALQ0807412',ಯರಪ್ಪ',ವೆಂಕಟಲಕ್ಷ್ಮಮ್ಮ',252A',42',ಗಂಡು'
ALQ0807354',ರಂಗಮ್ಮ',ಯರಪ್ಪ',252A',42',ಹೆಣ್ಣು'
ALQ0807842',ಶಾಂತಮ್ಮ',ಗಂಗಾಧರಪ್ಪ',252A',32',ಹೆಣ್ಣು'
ALQ3140951',ಪಲ್ಲವಿ ಸಿ ವೈ',ಯರಪ್ಪ',252/A',21',ಹೆಣ್ಣು'
ALQ3169042',ಶಿವಯ್ಯ',ಗಂಗಾಧರಪ್ಪ',252/A',21',ಗಂಡು'
ALQ0248708',ಮಾಲಮ್ಮ',ಕೃಷ್ಣಪ್ಪ',284/A',64',ಹೆಣ್ಣು'
ALQ2997773',ಗಂಗದೇವಿ ಸಿ ಕೆ',ಕೃಷ್ಣಪ್ಪ',284/A',36',ಹೆಣ್ಣು'
ALQ2256022',ಸಿ ಕೆ ಸಾಥ್ ಕುಮಾರ್',ಕೃಷ್ಣಪ್ಪ',284a',26',ಗಂಡು'
ALQ2001816',ಶಕುಂತಲ ಕೆ',ಕೃಷ್ಣಪ್ಪ',284-A',29',ಹೆಣ್ಣು'
ALQ2120343',ಶಾಂತಪ್ಪ ಎಂ ಎಲ್',ಲಕ್ಷ್ಮಿಪಾಥಪ್ಪ',286/A',45',ಗಂಡು'
ALQ1009307',ಸರೋಜಮ್ಮ',ಅಶ್ವಥಪ್ಪ',287A',37',ಹೆಣ್ಣು'
ALQ2963064',ವಿನುಥಾ ಸಿ ಎನ್',ನಾಗರಾಜಪ್ಪ',287/A',24',ಹೆಣ್ಣು'
ALQ2002020',ಕವಿತಾ ಸಿ ಎನ್',ನಾಗರಾಜಪ್ಪ',287-A',31',ಹೆಣ್ಣು'
ALQ2188183',ಜಯಲಕ್ಷ್ಮಮ್ಮ',ಶಿವಕುಮಾರ್',294 A',32',ಹೆಣ್ಣು'
ALQ2120400',ಶಶಿಕಲಾ',ಜಬೋದಪ್ಪ ಗರಿ ಲಕ್ಷ್ಮಣ',294/A',31',ಹೆಣ್ಣು'
ALQ1009539',ನಾಗರಾಜ',ದಿನ್ನೆಕೊಂಡಪ್ಪ',398/B',34',ಗಂಡು'
ALQ2120376',ಸುಜಾತಮ್ಮ',ಈಶ್ವರಪ್ಪ',659/A',34',ಹೆಣ್ಣು'
ALQ0247163',ರತ್ನಮ್ಮ',ನಂಜುನದಪ್ಪ',8',50',ಹೆಣ್ಣು'
ALQ2305167',ನಾಗಪ್ಪ ಆರ್',ಲೇಟ್ ರಾಜಪ್ಪ',9',40',ಗಂಡು'
ALQ2368595',ಅಮೃತ ಸಿ ಎನ್',ನಾಗರಾಜಯ್ಯ ಸಿ ಎಚ್',20',24',ಹೆಣ್ಣು'
ALQ0806927',ಶೈಲಾಜಾ',ಶ್ರೀನಿವಾಸ್',64',32',ಹೆಣ್ಣು'
ALQ0807024',ಭಾಗ್ಯಮ್ಮ',ತಿಮ್ಮರಾಜು',64',31',ಹೆಣ್ಣು'
ALQ0806703',ಮಮತಾ',ಕೃಷ್ಣಪ್ಪ',143',30',ಹೆಣ್ಣು'
ALQ2575025',ನರಸಿಂಹಯ್ಯ',ನರಸಿಂಹಪ್ಪ',145',50',ಗಂಡು'
ALQ1008887',ಟಿ ಎಸ್ ರಾಧಮ್ಮ',ಸಿ ಕೆ ನಾಗರಾಜಪ್ಪ',148',34',ಹೆಣ್ಣು'
ALQ2575074',ಗಂಗಮ್ಮ',ಕದಿರಿಪಾಥ್ಯಪ್ಪ',154',62',ಹೆಣ್ಣು'
ALQ0807644',ಗಂಗಮ್ಮ',ವೆಂಕಟೇಶಪ್ಪ',158',37',ಹೆಣ್ಣು'
ALQ2106573',ಜನಾರ್ಥನ್ ಕೆ',ಕಾಧ್ರಾಪ್ಪ',160',27',ಗಂಡು'
ALQ1008937',ಕದಿರಪ್ಪ',ನರಸಿಂಹಪ್ಪ',164',77',ಗಂಡು'
ALQ2575116',ನಾರಾಯಣಪ್ಪ',ಕದಿರಪ್ಪ',164',39',ಗಂಡು'
ALQ0246785',ಎಲ್ ಹನುಮಂತಯ್ಯ',ಲೇಟ್ ಲಿಂಗಪ್ಪ',208',70',ಗಂಡು'
ALQ0247007',ಗಂಗಮ್ಮ',ಸುಬ್ಬರಾಯಪ್ಪ',223',75',ಗಂಡು'
ALQ0247783',ರಾಮಂಜಿನಪ್ಪ',ಸುಬ್ಬರಾಯಪ್ಪ',223',41',ಗಂಡು'
MVJ2067700',ನರಸಿಂಹಪ್ಪ',ರಾಮಂಜಿನಮ್ಮ',223',36',ಗಂಡು'
ALQ0247718',ನಂಜಮ್ಮ',ನರಸಿಂಹಪ್ಪ',224',58',ಹೆಣ್ಣು'
ALQ0246116',ನರಸಮ್ಮ',ನರಸಿಂಹಪ್ಪ',225',78',ಗಂಡು'
ALQ0248500',ನರಸಿಂಹಪ್ಪ',ಸಿದ್ದಪ್ಪ',225',63',ಗಂಡು'
ALQ0249060',ಗಂಗಮ್ಮ',ನರಸಿಂಹಪ್ಪ',225',63',ಹೆಣ್ಣು'
MVJ1987510',ಎಲ್.ಕೆ.ಎಸ್.ಮಿ ಪಾಥಿ',ಎಸ್ ನರಸಿಂಹಪ್ಪ',225',40',ಗಂಡು'
ALQ0247601',ಕಡರಿಪಾಥಪ್ಪ',ನರಸಪ್ಪ',226',63',ಗಂಡು'
ALQ1009646',ಲಕ್ಷ್ಮಮ್ಮ',ಸಂಜೀವರಾಯಪ್ಪ',227',64',ಹೆಣ್ಣು'
MVJ1987569',ಸಂಜೀವರಾಯಪ್ಪ',ಸಂಜೀವವಪ್ಪ',227',63',ಗಂಡು'
MVJ1987023',ಸಿ ಆರ್ ರವಿಕುಮಾರ್',ಸಂಜೀವರಾಯಪ್ಪ',227',36',ಗಂಡು'
MVJ1987353',ಗಂಗಮ್ಮ',ಶಪಲಪ್ಪ',228',78',ಹೆಣ್ಣು'
MVJ2067957',ಹನುಮಾಕ್ಕ',ಕಡರಿಪಾಥಪ್ಪ',228',59',ಹೆಣ್ಣು'
MVJ2068534',ಅಶ್ವಥಪ್ಪ',ನರಸಿಂಹಪ್ಪ',228',52',ಹೆಣ್ಣು'
MVJ1987254',ತಿಮ್ಮಪ್ಪ',ಶಪಲಪ್ಪ',228',50',ಗಂಡು'
MVJ2068229',ಕೆಂಪಮ್ಮ',ತಿಮ್ಮಪ್ಪ',228',39',ಹೆಣ್ಣು'
ALQ2185551',ಕೊಲಾಟಾ ನರಸಪ್ಪ',ನರಸಪ್ಪ',230',70',ಗಂಡು'
ALQ2575348',ನರಸಮ್ಮ',ಎಂ ನರಸಿಂಹಯ್ಯ',231',74',ಹೆಣ್ಣು'
ALQ1009661',ಅನನಾಥರಾಜು',ಎಂ ನರಸಿಂಹಯ್ಯ',231',38',ಗಂಡು'
MVJ2068260',ಎನ್ ಕೃಷ್ಣಪ್ಪ',ಎಂ ನರಸಿಂಹಯ್ಯ',231',36',ಗಂಡು'
MVJ3518081',ನರಸಿಂಹಪ್ಪ',ಮನೂರು ನರಸಪ್ಪ',232',62',ಗಂಡು'
MVJ1987163',ಸಂಜೀವಂಮ್ಮ',ದಾಸಪ್ಪ',233',58',ಹೆಣ್ಣು'
MVJ2068492',ಚಿನ್ನಪ್ಪ',ಚಿಂಥಪ್ಪ',235',47',ಗಂಡು'
ALQ0247221',ಆಂಜಿನಮ್ಮ',ಸನ್ನಪ್ಪ',236',79',ಹೆಣ್ಣು'
ALQ0247205',ಚಿಕ್ಕಮ್ಮ',ವೆಂಕಟರಾವನಪ್ಪ',237',74',ಹೆಣ್ಣು'
ALQ1810886',ವೆಂಕಟಾಚಲಪತಿ',ವೆಂಕಟರಾವನಪ್ಪ',237',50',ಗಂಡು'
ALQ1009687',ಭರತಮ್ಮ',ವೆಂಕಟಾಚಲಪ್ಪ',237',42',ಹೆಣ್ಣು'
ALQ1009711',ರಾಮಕೃಷ್ಣಪ್ಪ',ನಾರಾಯಣಪ್ಪ',238',68',ಗಂಡು'
ALQ1009737',ಆರ್ ಹನುಮಂತರಾಯಪ್ಪ',ರಾಮಕೃಷ್ಣ 238',238',65',ಗಂಡು'
MVJ3963113',ಪುಟಾ ನಂಜಮ್ಮ',ರಾಮಕೃಷ್ಣಪ್ಪ',238',38',ಗಂಡು'
MVJ3962925',ಗಂಗಾರಥ್ನಮ್ಮ ಸಿ ಆರ್',ತಿಮ್ಮಗೌಡ',238',37',ಹೆಣ್ಣು'
ALQ2575363',ಕೃಷ್ಣಪ್ಪ',ನರಸೇಯಪ್ಪ',239',69',ಗಂಡು'
MVJ3962966',ಅಶ್ವತಪ್ಪ ಕೆ',ಕೃಷ್ಣಪ್ಪ',239',38',ಗಂಡು'
ALQ0246900',NRASEEYAPPA',ಕೊಂಬಡಲಪ್ಪ',240',33',ಗಂಡು'
ALQ0246850',ಒಬಲಮ್ಮ',ನರಸೇಯಪ್ಪ',240',78',ಹೆಣ್ಣು'
ALQ0249821',ಅಶ್ವಥಪ್ಪ',ನರಸೇಯಪ್ಪ',240',40',ಗಂಡು'
ALQ1009745',ಎನ್ ಶಿವಪ್ಪ',ನರಸೇಯಪ್ಪ',240',33',ಗಂಡು'
MVJ2068559',ಲಕ್ಷ್ಮಮ್ಮ',ಒಬಾಲಪ್ಪಾ',241',78',ಹೆಣ್ಣು'
ALQ0246546',ನರಸಮ್ಮ',ವಿ.ಂಕಟ ದಾಸಪ್ಪ',242',60',ಹೆಣ್ಣು'
ALQ0245688',ವೆಂಕಟ ಚಲಪತಿ',ವೆಂಕಟದಸಪ್ಪ',242',38',ಗಂಡು'
MVJ1986694',ರಾಮಂಜಿನಪ್ಪ',ವೆಂಕಟದಸಪ್ಪ',242',38',ಗಂಡು'
ALQ2575389',ಗಜ್ಜಿ ನರಸಿಂಹಪ್ಪ',ಬುಡ್ಡಲಪ್ಪ',243',80',ಗಂಡು'
ALQ2575397',ವೆಂಕಟಮ್ಮ',ನರಸಿಂಹಪ್ಪ',243',78',ಹೆಣ್ಣು'
ALQ1810894',ಅವುಲಕೊಂಡಪ್ಪ',ಪಾಪಣ್ಣ',245',65',ಗಂಡು'
ALQ1009752',ಆಂಜಿನಮ್ಮ',ಅವುಲಕೊಂಡಪ್ಪ',245',61',ಹೆಣ್ಣು'
MVJ1986074',ಲಕ್ಷ್ಮಿಪತಿ',ಅವುಲಕೊಂಡಪ್ಪ',245',38',ಗಂಡು'
ALQ2575405',ಗಂಗಮ್ಮ',ನರಸಪ್ಪ',246',78',ಹೆಣ್ಣು'
ALQ1009760',ಗಂಗಡಹರಪ್ಪ',ನರಸೇಯಪ್ಪ',246',64',ಗಂಡು'
MVJ3518826',ನರಸಿಂಹಮೂರ್ತಿ ಕೆ ಎನ್',ನರಸಪ್ಪ',246',38',ಗಂಡು'
MVJ1986439',ಲಕ್ಷ್ಮಿದೇವಮ್ಮ',ಚಿಕ್ಕನಾರಾಯಣಪ್ಪ',247',40',ಹೆಣ್ಣು'
MVJ1986066',ಆನಂದ್ ಕುಮಾರ್',ಲಕ್ಷ್ಮಿದೇವಮ್ಮ',247',36',ಗಂಡು'
ALQ2575421',ಸೈಯದ್ ಸಾಸ್ಬಿ',ಸತಾರ್ ಸಾಬಿ',28',63',ಗಂಡು'
ALQ2575439',ಮಹಬೂಬಿ',ಸೈಯದ್ ಸಾಬಿ',248',46',ಹೆಣ್ಣು'
ALQ0249243',ಸಿ ಎಸ್ ಮಹಬೂಬ್ ಪಾಷಾ',ಸೈಯದ್ ಸಾಬಿ',248',35',ಗಂಡು'
ALQ1009794',ಅಶ್ವಥಪ್ಪ',ಕುರಿಕೋಂಡಯ',249',74',ಗಂಡು'
MVJ1986348',ರಾಮಕ್ಕ',ಅಶ್ವಥಪ್ಪ',249',63',ಹೆಣ್ಣು'
ALQ1009810',ಅವುಲಕೊಂಡಪ್ಪ ಸಿ ವಿ',ಅಶ್ವಥಪ್ಪ',249',43',ಗಂಡು'
ALQ2575447',ರಮೇಶ್',ಅಶ್ವಥಪ್ಪ',249',74',ಗಂಡು'
MVJ3518313',ನಾರಾಯಣಮ್ಮ',ಕದಿರಪ್ಪ',250',50',ಹೆಣ್ಣು'
MVJ1986611',ಮೈಲಾರಪ್ಪ',ಗಂಗಪ್ಪ ಅಗಾಸರ',251',38',ಗಂಡು'
MVJ1986512',ಪದಮಾಮ್ಮ',ಮೈಲಾರಪ್ಪ',251',37',ಹೆಣ್ಣು'
ALQ2575454',ಗಂಗಮ್ಮ',ನಾರಾಯಣಪ್ಪ',252',73',ಹೆಣ್ಣು'
MVJ1986454',ಯಲಪ್ಪ',ನಾರಾಯಣಪ್ಪ',252',50',ಗಂಡು'
MVJ1987064',ನಾಗಮ್ಮ',ಯಲಪ್ಪ',252',43',ಹೆಣ್ಣು'
MVJ3518487',ಪದ್ಮಾವತಮ್ಮ',ಸಂಜೀವವಪ್ಪ',253',45',ಹೆಣ್ಣು'
ALQ1009836',ಹನುಮಂತರಾಯಪ್ಪ',ಹನುಮಂತಪ್ಪ',254',71',ಗಂಡು'
ALQ0248203',ಲಕ್ಷ್ಮಿದೇವಮ್ಮ',ಹನುಮಂತ್ರಯಪ್ಪ',254',68',ಹೆಣ್ಣು'
MVJ2068401',ಸೋಮಶೇಕರ್ ಸಿ ಎಚ್',ಹನುಮಂತರಾಯಪ್ಪ',254',36',ಗಂಡು'
ALQ1009844',ತಿಮ್ಮಪ್ಪ',ಹನುಮಂತಪ್ಪ',255',76',ಗಂಡು'
ALQ2575462',ಗೌರಮ್ಮ',ಸಿ ತಿಮ್ಮಪ್ಪ',255',70',ಹೆಣ್ಣು'
MVJ3962701',ರಮೇಶ್',ತಿಮ್ಮಪ್ಪ',255',39',ಗಂಡು'
ALQ1009877',ಲಕ್ಷ್ಮಮ್ಮ',ಅಶ್ವಥಪ್ಪ',257',40',ಹೆಣ್ಣು'
MVJ1986496',ಗಂಗರಹ್ನಮ್ಮ',ಮಡಪ್ಪ',257',58',ಹೆಣ್ಣು'
ALQ1009885',ಗಂಗಾಧರಪ್ಪ',ಅಶ್ವಥಪ್ಪ',257',50',ಗಂಡು'
MVJ2067643',ಶಾಂತಮ್ಮ',ಗಂಗಾಧರಪ್ಪ',257',40',ಹೆಣ್ಣು'
ALQ1009901',ಅಶ್ವಥಪ್ಪ',ಸಿ ಜಿ ಗೋವಿಂದಪ್ಪ',258',50',ಗಂಡು'
ALQ1009893',ತಿಮ್ಮಪ್ಪ',ಗೋವಿಂದಪ್ಪ',258',48',ಗಂಡು'
ALQ1009919',ಸುವರ್ಣಮ್ಮ',ತಿಮ್ಮಪ್ಪ',258',41',ಹೆಣ್ಣು'
ALQ1009927',ರತ್ನಮ್ಮ',ಅಶತಪ್ಪ ಸಿ ಜೆ',258',40',ಹೆಣ್ಣು'
ALQ1009935',ಪುಟ್ಟಪ್ಪ',ಖಾದ್ರೆಪ್ಪ',259',60',ಗಂಡು'
ALQ1009943',ಶಾಂತಮ್ಮ',ಪುಟ್ಟಮ್ಮ',259',57',ಹೆಣ್ಣು'
ALQ1009950',ಸಿ ಪಿ ಕೃಷ್ಣಪ್ಪ',ಪುಟ್ಟಪ್ಪ',259',40',ಗಂಡು'
ALQ1810910',ಚಿನ್ನಪ್ಪಯ್ಯ',ಗಂಗಪ್ಪ',260',74',ಗಂಡು'
ALQ1009968',ಅಶ್ವತಮ್ಮ',ಚಿನ್ನಪ್ಪಯ್ಯ',260',70',ಹೆಣ್ಣು'
MVJ1986538',ಲಿಂಗಪ್ಪ ಸಿ',ಚಿನ್ನಪ್ಪಯ್ಯ',260',36',ಗಂಡು'
ALQ1009976',ನಾರಾಯಣಸ್ವಾಮಿ',ಪಿಲ್ಲಾ ವೆಂಕಟಪ್ಪ',261',56',ಗಂಡು'
ALQ1009984',ಗೋವಿಂದಮ್ಮ',ನಾರಾಯಣಸ್ವಾಮಿ',261',40',ಹೆಣ್ಣು'
MVJ3517976',ರಾಮಪ್ಪ',ನಲ್ಲಪ್ಪ',263',58',ಗಂಡು'
ALQ1009992',ನಾಗಮ್ಮ',ರಾಮಪ್ಪ',263',39',ಹೆಣ್ಣು'
MVJ2067650',ಶ್ರೀಮಾತಿ',ನಾಗಭೂಷಣ',264',38',ಹೆಣ್ಣು'
ALQ1010016',ನಾರಾಯಣಪ್ಪ',ತಿಪ್ಪಯ್ಯ',266',78',ಗಂಡು'
ALQ1010024',ಆಂಜಿನಮ್ಮ',ನಾರಾಯಣಪ್ಪ',266',72',ಹೆಣ್ಣು'
ALQ1010032',ಮಂಜುನಾಥ್',ನಾರಾಯಣಪ್ಪ',266',44',ಗಂಡು'
ALQ2575496',ನಾಗಮ್ಮ',ಮಂಜುನಾಥ್',266',78',ಹೆಣ್ಣು'
ALQ2575504',ವೆಂಕರವನಪ್ಪ',ಮನರಪಾಡಿ ಹನುಮಂತಪ್ಪ',268',62',ಗಂಡು'
ALQ1010057',ಗಂಗಮ್ಮ',ವೆಂಕಟರಾವನಪ್ಪ',268',61',ಹೆಣ್ಣು'
ALQ0246215',ಅಶ್ವಥಪ್ಪ',ತಿಪ್ಪಯ್ಯ',269',78',ಗಂಡು'
ALQ1010065',ಜಿ ಎಂ ಲಕ್ಷ್ಮಣ ರಾವ್',ಜಿ ಮುಕುಂದ ರಾವ್',270',74',ಗಂಡು'
ALQ1010073',ಎಲ್ ವಿಜಯಲಕ್ಷ್ಮಿ',ಧಯಶಂಕರ್',270',49',ಹೆಣ್ಣು'
ALQ2575512',ಅಶ್ವತಮ್ಮ',ರಾಮಕೃಷ್ಣಪ್ಪ',271',70',ಹೆಣ್ಣು'
ALQ1010081',ನರಸಿಂಹಪ್ಪ',ಕೊಲ್ಲು ಹನುಮಂತಪ್ಪ',272',85',ಗಂಡು'
ALQ1010099',ರಾಮಂಜನಪ್ಪ',ಹನುಮಂತಪ್ಪ',272',68',ಗಂಡು'
ALQ1010107',ನರಸಮ್ಮ',ರಾಮಂಜನಮ್ಮ',272',60',ಹೆಣ್ಣು'
MVJ1987932',ಎಚ್ ಗಂಗಾಧರಾಯ',ಹನುಮಂತಪ್ಪ',272',43',ಗಂಡು'
ALQ2575538',ಅನಂತ',ನರಸಿಂಹಪ್ಪ',272',38',ಗಂಡು'
MVJ1987965',ಎಲ್.ಕೆ.ಎಸ್.ಮಿದೇವಮ್ಮ',ಅನಂತ',272',36',ಹೆಣ್ಣು'
ALQ1010115',ಕೃಷ್ಣಪ್ಪ',ನರಸಿಂಹಪ್ಪ',272',36',ಗಂಡು'
ALQ1010123',ಭಾಗ್ಯಮ್ಮ',ನಾರಾಯಣಪ್ಪ',273',40',ಹೆಣ್ಣು'
MVJ3518644',ಶ್ರೀರಮಯ್ಯ',ಸಂಜೀವವಪ್ಪ',274',36',ಗಂಡು'
MVJ1988377',EERAMMA',ಎಸ್ ಗಂಗಪ್ಪ',274',57',ಹೆಣ್ಣು'
MVJ1988369',ರತ್ನಮ್ಮ',ಶ್ರೀರಮಯ್ಯ',274',50',ಹೆಣ್ಣು'
ALQ1010131',ನರಸಿಂಹಪ್ಪ',ಲಕ್ಷ್ಮಪ್ಪ',275',81',ಗಂಡು'
ALQ1010149',ಲಕ್ಷ್ಮಮ್ಮ',ನರಸಿಂಹಪ್ಪ',275',77',ಹೆಣ್ಣು'
ALQ0245647',ಶರದಮ್ಮ',ನರಸಿಂಹಮೂರ್ತಿ',275',48',ಹೆಣ್ಣು'
ALQ0245803',ನರಸಿಂಹಮೂರ್ತಿ ಸಿ ಎನ್',ನರಸಿಂಹಪ್ಪ',275',48',ಗಂಡು'
ALQ1010206',ವೆಂಕಟ ರಾಮನಪ್ಪ',ತಿಮ್ಮ ದಾಸಪ್ಪ',277',48',ಗಂಡು'
ALQ1010214',ರತ್ನಮ್ಮ',ವೆಂಕಟರಾವನಪ್ಪ',277',45',ಹೆಣ್ಣು'
ALQ1010222',ರಾಜಪ್ಪ',SIDDHAPPA',282',51',ಗಂಡು'
ALQ1010230',ಪದ್ಮಾವತಿ',ರಾಜಪ್ಪ',282',49',ಹೆಣ್ಣು'
ALQ2185544',ರಂಗಮ್ಮ',ಗೋವಿಂದಪ್ಪ',283',48',ಹೆಣ್ಣು'
ALQ1810936',ಶಾಂತಮ್ಮ',ಅಶ್ವಥಪ್ಪ',284',71',ಹೆಣ್ಣು'
ALQ2575546',ಹಲ್ಲಿ ಅಶ್ವತಾಯ',ಹಲ್ಲಿ ಸಿದ್ಧಪ್ಪ',284',64',ಗಂಡು'
MVJ1987882',ಸಿ ಎ ಶ್ರೀನಿವಾಸ್ ಗೌಡ',ಅಶ್ವತಾಯ',284',43',ಗಂಡು'
ALQ2575553',ಶರದಮ್ಮ',ಆರ್ ನರಸಿಂಹಮೂರ್ತಿ',285',50',ಹೆಣ್ಣು'
MVJ3963063',ಲಿಂಗಪ್ಪ',ಚಿಕ್ಕ ಹನುಮಪ್ಪ',287',50',ಗಂಡು'
ALQ2575579',ಅಶ್ವತಮ್ಮ',ನಂಜುಂದಪ್ಪ',292',71',ಹೆಣ್ಣು'
ALQ2120269',ರಾಮಲಿಂಗ',ನಂಜುಂದಪ್ಪ',292',46',ಗಂಡು'
MVJ1987387',ಲಕ್ಕಮ್ಮ',ಮೈಲಾರಪ್ಪ',293',74',ಹೆಣ್ಣು'
ALQ0247155',ನಗರಾಜ್',ಮೈಲಾರಪ್ಪ',293',38',ಗಂಡು'
ALQ1010289',ಅಶ್ವತಮ್ಮ',ಲಿಂಗಪ್ಪ',294',68',ಹೆಣ್ಣು'
ALQ0807594',ಜಬೋದಗರಿ ಲಕ್ಷ್ಮಣ',ಲಿಂಗಪ್ಪ',294',38',ಗಂಡು'
ALQ1010297',ಶಶಿಕಲಾ',ಜಬೋದಗರಿ ಲಕ್ಷ್ಮಯ್ಯ',294',32',ಹೆಣ್ಣು'
ALQ1010305',ಹನುಮಂತರಾಯಪ್ಪ',ಹನುಮಂತಪ್ಪ',296',68',ಗಂಡು'
MVJ1987221',ಮಲ್ಲಮ್ಮ',ಹನುಕ್ಮಂತರಾಯಪ್ಪ',296',57',ಹೆಣ್ಣು'
MVJ1987171',ಲಕ್ಷ್ಮಮ್ಮ',ತಿಮ್ಮರಾಯಪ್ಪ',298',60',ಹೆಣ್ಣು'
MVJ1986157',ಸಿ ಟಿ ಮಂಜುನಾಥ್',ತಿಮ್ಮರಾಯಪ್ಪ',298',41',ಗಂಡು'
MVJ1988229',ಎಚ್ ಪ್ರಭಾವತಿ',ಸಿ ಎನ್ ನಾಗರಾಜು',299',39',ಹೆಣ್ಣು'
ALQ1009620',ಅನುಸುಯಮ್ಮ',ಚಂದ್ರಣ್ಣ',302',44',ಹೆಣ್ಣು'
ALQ0247668',ಲಕ್ಷ್ಮಿಪತಿ',ನರಸಿಂಹಪ್ಪ',359',46',ಗಂಡು'
ALQ1010966',ಮೈಲಾರಪ್ಪ',ಮೈಲಾರಪ್ಪ ಕುಂತಿ ಮುತ್ತಪ್ಪ',369',53',ಗಂಡು'
ALQ1010982',ನಾರಾಯಣಪ್ಪ',ಮೈಲಾರಪ್ಪ',369',50',ಗಂಡು'
ALQ1010990',ಶಾಂತಮ್ಮ',ನಾರಾಯಣಪ್ಪ',369',38',ಹೆಣ್ಣು'
MVJ1986124',ಆನಂದಪ್ಪ',ಚಿಕ್ಕಣ್ಣ',371',44',ಗಂಡು'
MVJ1986082',ಶಿವ ಲಿಂಗಪ್ಪ',ಚಿಕ್ಕಣ್ಣ',371',38',ಗಂಡು'
ALQ1011048',ಗಂಗದರಪ್ಪ',SIDDHAPPA',372',42',ಗಂಡು'
MVJ2068286',ಗಂಗಾರಥ್ನಮ್ಮ',ಗಂಗಾಧರಪ್ಪ',372',38',ಹೆಣ್ಣು'
MVJ1986470',ರಾಮಕೃಷ್ಣಪ್ಪ ಟಿ',ತಿಪ್ಪಯ್ಯ',373',41',ಗಂಡು'
ALQ2575686',ಸಂಜೀವರಾಯಪ್ಪ',ದಾಲಪ್ಪ',381',52',ಗಂಡು'
MVJ2067866',ಕಮಲಮ್ಮ',ಸಂಜೀವರಾಯಪ್ಪ',381',36',ಹೆಣ್ಣು'
MVJ2068641',ಮಹಬೂಬ್ ಸಾಬ್',ಬುಡೆನ್ ಸಾಬ್',400',52',ಗಂಡು'
MVJ1987841',ರಾಮಿಜಾಬಿ',ಮಹಬೂಬ್ ಸಾಬ್',400',50',ಹೆಣ್ಣು'
MVJ3962990',ಈಶ್ವರಪ್ಪ',ನಲ್ಲಪ್ಪ',401',36',ಗಂಡು'
ALQ0807495',ಮಂಜುಳ',ಗೋಪಾಲ ಸಿ ಎನ್',228/1',31',ಹೆಣ್ಣು'
MVJ3518032',ಪುಟ್ಟ ನರಸಪ್ಪ',ಪರಗಿ ಕದಿರಪ್ಪ',236A',48',ಗಂಡು'
MVJ1987304',ಸಂಜೀವಂಮ್ಮ',ಪುಟ್ಟ ನರಸಪ್ಪ',236A',64',ಹೆಣ್ಣು'
MVJ1986280',ನರಸಮ್ಮ',ಹನುಮಪ್ಪ',237A',73',ಹೆಣ್ಣು'
ALQ0248831',ಹನುಮಂತರಾಯಪ್ಪ',ಹನುಮಪ್ಪ',237A',48',ಗಂಡು'
ALQ1009695',ಎಲೆಗಂಗಮ್ಮ',ನರಸಪ್ಪ',237B',83',ಹೆಣ್ಣು'
ALQ1009703',ಲಕ್ಷ್ಮಿ ದೇವಮ್ಮ',ನಂಜೇಗೌಡ',237B',48',ಹೆಣ್ಣು'
ALQ1009729',ವರಲಕ್ಷ್ಮಮ್ಮ',ವೀರಪಾಥಪ್ಪ',238A',65',ಹೆಣ್ಣು'
MVJ3962404',ವೆಂಕಟಲಕ್ಷ್ಮಮ್ಮ',ವೀರಪಾಥಪ್ಪ',252A',65',ಹೆಣ್ಣು'
ALQ0806984',ರಾಮ್ಯಾ ಆರ್',ಟಿ ರಮೇಶ್',255/1',34',ಹೆಣ್ಣು'
ALQ0806943',ಗೌತಮಿ',ಲಿಂಗಪ್ಪ',260/1',38',ಹೆಣ್ಣು'
MVJ1986637',ಆದಿನಾರಾಯಣಪ್ಪ',ನರಸಪ್ಪ',278A',72',ಗಂಡು'
MVJ3962396',ಗಂಗಮ್ಮ',ಆದಿನಾರಾಯಣಪ್ಪ',278A',50',ಹೆಣ್ಣು'
MVJ2068542',ಗಂಗಾಧರಪ್ಪ',ಲಕ್ಕಜಪ್ಪ',281A',50',ಗಂಡು'
MVJ1988252',ರತ್ನಮ್ಮ',ಗಂಗಾಧರಪ್ಪ',281A',45',ಹೆಣ್ಣು'
MVJ3518206',ನಾಗರಾಜಪ್ಪ',ಲಕ್ಕಜಪ್ಪ',281B',52',ಗಂಡು'
MVJ1987973',ನಾಗರತ್ನಮ್ಮ',ನಾಗರಾಜಪ್ಪ',281B',43',ಹೆಣ್ಣು'
MVJ1987320',ಕೃಷ್ಣಪ್ಪ',ಕೆಂಗಪ್ಪ',284A',70',ಗಂಡು'
ALQ0806844',ಕವಿತಾ',ಶ್ರೀನಿವಾಸ್',286/1',32',ಹೆಣ್ಣು'
MVJ1986447',ಜಯಮ್ಮ',ಲಕ್ಷ್ಮಿಪಾಥೆಪ್ಪ',286A',71',ಹೆಣ್ಣು'
MVJ1986116',ಎಸ್\u200cಆರ್\u200cನಿವಾಸ',ಲಕ್ಷ್ಮಿಪಾಥೆಪ್ಪ',286A',43',ಗಂಡು'
MVJ2068138',ಸಿ ಎಲ್ ಗೋಪಾಲಪ್ಪ',ಲಕ್ಷ್ಮಿಪಾಥೆಪ್ಪ',286A',40',ಗಂಡು'
MVJ1986215',ನಾಗರಾಜಪ್ಪ',ಹನುಮಂತಪ್ಪ',287A',60',ಗಂಡು'
MVJ1986504',ರಥನಮ್ಮ',ನಾಗರಾಜಪ್ಪ',287A',53',ಹೆಣ್ಣು'
MVJ2068419',ಕಲೀಮ್ ಉಲ್ಲಾ',ಕಲೀಮ್ ಸಾಬ್',287B',46',ಗಂಡು'
MVJ2067734',ಮುಬೀನ್ ತಾಜ್',ಕಲೀಮ್ ಉಲ್ಲಾ',287B',38',ಹೆಣ್ಣು'
MVJ1986140',ಚಿಕ್ಕ ಹನುಮಪ್ಪ',ಚಿಕ್ಕೂಲಪ್ಪ',287C',53',ಹೆಣ್ಣು'
MVJ1986363',ತಿಮ್ಮಕ್ಕ',ಚಿಕ್ಕ ಹನುಮಪ್ಪ',287C',78',ಹೆಣ್ಣು'
MVJ1986967',ಅಶ್ವಥಪ್ಪ',ಚಿಕ್ಕ ಹನುಮಪ್ಪ',287C',46',ಗಂಡು'
MVJ1987684',ಧರ್ಮಣ್ಣ',ಚಿಕ್ಕ ಹನುಮಪ್ಪ',287D',53',ಗಂಡು'
MVJ2067726',ಶಾಂತಮ್ಮ',ಧರ್ಮಣ್ಣ',287D',40',ಹೆಣ್ಣು'
MVJ3962982',ಶಾಂತಮ್ಮ',ಲಿಂಗಪ್ಪ',287E',45',ಹೆಣ್ಣು'
MVJ1986207',ಆಂಜಮ್ಮ',SIDDHAPPA',294C',63',ಹೆಣ್ಣು'
MVJ1986181',ಹನುಮಂತರಾಯಪ್ಪ',SIDDHAPPA',294A',38',ಗಂಡು'
MVJ3518529',ಗಂಗಮ್ಮ',ಲಕ್ಷ್ಮಯ್ಯ',389A',68',ಹೆಣ್ಣು'
MVJ3518503',ಶ್ರೀನಿವಾಸ್ ಸಿ ಎಲ್',ಲಕ್ಷ್ಮಯ್ಯ',398A',41',ಗಂಡು'
MVJ2068252',ಕೊಂಡಪ್ಪ',ಲಕ್ಷ್ಮಯ್ಯ',398B',70',ಗಂಡು'
ALQ2575694',ವರಲಕ್ಷ್ಮಮ್ಮ',ಕೊಂಡಪ್ಪ',398B',64',ಹೆಣ್ಣು'
ALQ3229895',ಅಬ್ದುಲ್ ರಹೀಮ್ ಸಿ ಕೆ',ಖಲೀಮ್ ಉಲ್ಲಾ',#287B',20',ಗಂಡು'
ALQ3230208',ಸಾಗರ್ ಸಿ ಎಂ',ಮೈಲಾರಪ್ಪ',251',19',ಗಂಡು'
ALQ3230224',ಮನೋಜ್ ಸಿ ಎಂ',ಮೈಲಾರಪ್ಪ',#251',20',ಗಂಡು'
ALQ3253382',ನವೀನ್ ಕೆ ಆರ್',ಗಂಗದೇವಮ್ಮ',#398',21',ಗಂಡು'
ALQ3258720',ಉಮೇಶ್ ಸಿ ಜಿ',ಗಂಗಾಧರಪ್ಪ',0',19',ಗಂಡು'
ALQ3261823',ಜ್ಯೋತಿ',ರವಿ ಕುಮಾರ್ ಸಿ ಎಲ್',0',21',ಹೆಣ್ಣು'
ALQ0011619',ಸುಕನ್ಯಾ ಸಿ',ಚಿಕ್ಕಾಯ',#158',31',ಹೆಣ್ಣು'
,',',',','
,',',',','
,',',',','
,',',',','
,',',',','
,',',',','
,',',',','
,',',',','
,',',',','
,',',',','
,',',',','
,',',',','
,',',',','
,',',',','
,',',',','
,',',',','
,',',',','
,',',',','
,',',',','
,',',',','
,',',',','
,',',',','
,',',',','
,',',',','
,',',',','
,',',',','
,',',',','
,',',',','
,',',',','
,',',',','
,',',',','
,',',',','
,',',',','
,',',',','
,',',',','
,',',',','
,',',',','
,',',',','
,',',',','
,',',',','
,',',',','
MVJ3518735',',',',','
MVJ1987304',',',',','
,',',',','
,',',',','
,',',',','
,',',',','
,',',',','
,',',',','
,',',',','
,',',',','
,',',',','
,',',',','
,',',',','
,',',',','
,',',',','
,',',',','
,',',',','
,',',',','
,',',',','
,',',',','
,',',',','
,',',',','
,',',',','
,',',',','
,',',',','
,',',',','
,',',',','
,',',',','
,',',',','
,',',',','
,',',',','
,',',',','
,',',',','
ALQ2575033',',',',','
MVJ1987957',',',',','
ALQ2001691',',',',','
MHR',',',',','
MHR',',',',','
MHR',',',',','
MHR',',',',','
MHR',',',',','
MHR',',',',','
MHR',',',',','
MHR',',',',','
MHR',',',',','
MHR',',',',','
MHR',',',',','
MHR',',',',','
MHR',',',',','
MHR',',',',','
MHR',',',',','
MHR',',',',','
MHR',',',',','
MHR',',',',','
MHR',',',',','
MHR',',',',','
MHR',',',',','
MHR',',',',','
MHR',',',',','
MHR',',',',','
MHR',',',',','
MVJ',',',',','
MHR',',',',','
MHR',',',',','
MVJ',',',',','
MHR',',',',','
MHR',',',',','
MVJ',',',',','
MHR',',',',','
MHR',',',',','
MVJ',',',',','
MHR',',',',','
MHR',',',',','
MVJ',',',',','
MHR',',',',','
MHR',',',',','
MVJ',',',',','
MHR',',',',','
MHR',',',',','
MVJ',',',',','
MHR',',',',','
MHR',',',',','
MVJ',',',',','
MHR',',',',','
MHR',',',',','
MVJ',',',',','
MHR',',',',','
MHR',',',',','
MVJ',',',',','
MHR',',',',','
ALQ0011619',',',',','
ALQ2001881',',',',','
MVJ3963063',',',',','
ALQ3142031',',',',','
MVJ3962982',',',',','
MHR',',',',','
MVJ3962578',',',',','
MHR',',',',','
MHR',',',',','
ALQ2575579',',',',','
MHR',',',',','
MHR',',',',','
MHR',',',',','
MHR',',',',','
MHR',',',',','
MHR',',',',','
MHR',',',',','
MHR',',',',','
MHR',',',',','
MHR',',',',','
MHR',',',',','
MHR',',',',','
MHR',',',',','
MHR',',',',','
MHR',',',',','
MHR',',',',','
MHR',',',',','
MHR',',',',','
MHR',',',',','
MHR',',',',','
MHR',',',',','
MHR',',',',','
MHR',',',',','
MHR',',',',','
MHR',',',',','
MHR',',',',','
MHR',',',',','
MHR',',',',','
MHR',',',',','
MHR',',',',','
MHR',',',',','
MHR',',',',','
MHR',',',',','
MHR',',',',','
MHR',',',',','
MHR',',',',','
MHR',',',',','
MHR',',',',','
MHR',',',',','
MHR',',',',','
MHR',',',',','
MHR',',',',','
MHR',',',',','
MHR',',',',','
MHR',',',',','
MHR',',',',','
MHR',',',',','
MHR',',',',','
MHR',',',',','
MHR',',',',','
MHR',',',',','
MHR',',',',','
MHR',',',',','
MHR',',',',','
MHR',',',',','
MHR',',',',','
MHR',',',',','
MHR',',',',','
MHR',',',',','
MHR',',',',','
MHR',',',',','
MHR',',',',','
MHR',',',',','
MHR',',',',','
MHR',',',',','
MHR',',',',','
MHR',',',',','
MHR',',',',','
MHR',',',',','
MHR',',',',','
MHR',',',',','
MHR',',',',','
MHR',',',',','
MHR',',',',','
MHR',',',',','
MHR',',',',','
MHR',',',',','
MHR',',',',','
MHR',',',',','
MHR',',',',','
MHR',',',',','
MHR',',',',','
MHR',',',',','
MHR',',',',','
MHR',',',',','
MHR',',',',','
MHR',',',',','
MHR',',',',','
MHR',',',',','
MHR',',',',','
MHR',',',',','
MHR',',',',','
MHR',',',',','
MHR',',',',','
MHR',',',',','
MHR',',',',','
MHR',',',',','
MHR',',',',','
MHR',',',',','
MHR',',',',','
MHR',',',',','
MHR',',',',','
MHR',',',',','
MHR',',',',','
MHR',',',',','
MHR',',',',','
MHR',',',',','
MHR',',',',','
MHR',',',',','
MHR',',',',','
MHR',',',',','
MHR',',',',','
MHR',',',',','
MHR',',',',','
MHR',',',',','
MHR',',',',','
MHR',',',',','
MHR',',',',','
MHR',',',',','
MHR',',',',','
MHR',',',',','
MHR',',',',','
MHR',',',',','
MHR',',',',','
MHR',',',',','
MHR',',',',','
MHR',',',',','
MHR',',',',','
MHR',',',',','
MHR',',',',','
MHR',',',',','
MHR',',',',','
MHR',',',',','
MHR',',',',','
MHR',',',',','
MHR',',',',','
MHR',',',',','
MHR',',',',','
MHR',',',',','
MHR',',',',','
MVJ',',',',','
MHR',',',',','
MHR',',',',','
MVJ',',',',','
MHR',',',',','
MHR',',',',','
MVJ',',',',','
MHR',',',',','
MHR',',',',','
MVJ',',',',','
MHR',',',',','
MHR',',',',','
MVJ',',',',','
MHR',',',',','
MHR',',',',','
MVJ',',',',','
MHR',',',',','
MHR',',',',','
MVJ',',',',','
MHR',',',',','
MHR',',',',','
MVJ',',',',','
MHR',',',',','
MHR',',',',','
MVJ',',',',','
MHR',',',',','
MHR',',',',','
MVJ',',',',','
MHR',',',',','
MHR',',',',','
MHR',',',',','
MHR',',',',','
MHR',',',',','
MHR',',',',','
MHR',',',',','
MHR',',',',','
MHR',',',',','
MHR',',',',','
MHR',',',',','
MHR',',',',','
MHR',',',',','
MHR',',',',','
MHR',',',',','
MHR',',',',','
MHR',',',',','
MHR',',',',','
MHR',',',',','
MHR',',',',','
MHR',',',',','
MHR',',',',','
MHR',',',',','
MHR',',',',','
MHR',',',',','
MHR',',',',','
MHR',',',',','
MHR',',',',','
MHR',',',',','
MHR',',',',','
MHR',',',',','
MHR',',',',','
ALQ3209921',',',',','
ALQ2305159',',',',','
ALQ2305076',',',',','
ALQ2412716',',',',','
ALQ2480887',',',',','
ALQ2305043',',',',','
ALQ2370757',',',',','
ALQ3168994',',',',','
ALQ3080629',',',',','
ALQ3169125',',',',','
ALQ3204047',',',',','
ALQ3211471',',',',','
ALQ3218666',',',',','
ALQ2224418',',',',','
ALQ1806348',',',',','
ALQ1811033',',',',','
ALQ1806355',',',',','
ALQ2574614',',',',','
ALQ2574622',',',',','
ALQ2256048',',',',','
ALQ2539047',',',',','
ALQ1810746',',',',','
ALQ1810753',',',',','
ALQ2437762',',',',','
ALQ3004744',',',',','
MVJ3518768',',',',','
MVJ1987700',',',',','
MVJ1987502',',',',','
MVJ1986926',',',',','
ALQ2390920',',',',','
MVJ1986520',',',',','
ALQ2104362',',',',','
MVJ2068054',',',',','
MVJ2068484',',',',','
ALQ0807529',',',',','
ALQ0249813',',',',','
MVJ1986975',',',',','
ALQ2098176',',',',','
ALQ3141439',',',',','
MVJ2068047',',',',','
ALQ0065201',',',',','
ALQ1810779',',',',','
ALQ3142106',',',',','
MVJ1988120',',',',','
ALQ2256097',',',',','
MVJ1988070',',',',','
ALQ1810803',',',',','
ALQ0249441',',',',','
MVJ1986397',',',',','
ALQ0807131',',',',','
MVJ3518586',',',',','
ALQ1008721',',',',','
ALQ1811108',',',',','
ALQ2390219',',',',','
ALQ2391308',',',',','
ALQ2390730',',',',','
ALQ2574960',',',',','
ALQ2574978',',',',','
MVJ3962545',',',',','
ALQ1008861',',',',','
ALQ2574994',',',',','
ALQ1008879',',',',','
MVJ3518321',',',',','
ALQ2515450',',',',','
ALQ0247338',',',',','
ALQ2575009',',',',','
ALQ1811116',',',',','
ALQ0246223',',',',','
ALQ0246181',',',',','
ALQ2368371',',',',','
ALQ1811371',',',',','
ALQ3080710',',',',','
ALQ3080637',',',',','
ALQ0246587',',',',','
ALQ0807438',',',',','
ALQ2575017',',',',','
MVJ1988245',',',',','
ALQ2305068',',',',','
ALQ3140977',',',',','
MVJ2068468',',',',','
MVJ3962610',',',',','
MVJ3962735',',',',','
MVJ3963014',',',',','
MVJ2068476',',',',','
MVJ1987858',',',',','
ALQ2390029',',',',','
ALQ0247452',',',',','
ALQ2575033',',',',','
ALQ2575041',',',',','
MVJ1987957',',',',','
ALQ0260505',',',',','
MVJ3518735',',',',','
ALQ0806851',',',',','
ALQ0806687',',',',','
ALQ2001832',',',',','
ALQ0246595',',',',','
ALQ0246314',',',',','
ALQ2368256',',',',','
ALQ2575058',',',',','
ALQ0246793',',',',','
MVJ1986686',',',',','
ALQ0807925',',',',','
ALQ1008903',',',',','
ALQ0807057',',',',','
MVJ2068062',',',',','
ALQ0806695',',',',','
MVJ2068179',',',',','
ALQ0247148',',',',','
MVJ3518107',',',',','
ALQ2539054',',',',','
ALQ2515351',',',',','
ALQ0807784',',',',','
ALQ0807891',',',',','
MVJ1986843',',',',','
ALQ2575082',',',',','
ALQ0247742',',',',','
ALQ0247247',',',',','
MVJ3518552',',',',','
ALQ2575090',',',',','
MVJ3962602',',',',','
ALQ2149144',',',',','
ALQ0806778',',',',','
ALQ2515476',',',',','
ALQ1810845',',',',','
MVJ2068112',',',',','
ALQ0806679',',',',','
ALQ1008911',',',',','
ALQ2120327',',',',','
ALQ2149086',',',',','
ALQ2575108',',',',','
MVJ3518511',',',',','
ALQ2108769',',',',','
MVJ1987148',',',',','
ALQ2575124',',',',','
ALQ2575132',',',',','
ALQ3207156',',',',','
ALQ2575140',',',',','
ALQ2575157',',',',','
MVJ1986942',',',',','
ALQ2575207',',',',','
ALQ2515302',',',',','
ALQ2120228',',',',','
MVJ3962859',',',',','
ALQ0807032',',',',','
ALQ0246959',',',',','
ALQ2120467',',',',','
ALQ3062981',',',',','
ALQ2575256',',',',','
MVJ3962578',',',',','
ALQ1811165',',',',','
ALQ0248997',',',',','
ALQ0247494',',',',','
MVJ1986462',',',',','
ALQ0807271',',',',','
ALQ2575264',',',',','
ALQ2575272',',',',','
ALQ0247510',',',',','
ALQ2967875',',',',','
ALQ0264382',',',',','
ALQ2967925',',',',','
MVJ1987742',',',',','
ALQ0806968',',',',','
ALQ3168887',',',',','
ALQ2515336',',',',','
ALQ2001733',',',',','
ALQ2439545',',',',','
MVJ1986777',',',',','
MVJ3518594',',',',','
ALQ2149235',',',',','
ALQ2515435',',',',','
ALQ0246983',',',',','
MVJ1988112',',',',','
ALQ3141538',',',',','
ALQ1811207',',',',','
ALQ1811173',',',',','
ALQ1811181',',',',','
ALQ0264374',',',',','
ALQ2575314',',',',','
ALQ0248765',',',',','
ALQ0807388',',',',','
ALQ3115730',',',',','
ALQ0246991',',',',','
ALQ2255982',',',',','
ALQ2997849',',',',','
ALQ0807826',',',',','
ALQ0807172',',',',','
ALQ0806794',',',',','
ALQ1009059',',',',','
ALQ2515468',',',',','
MVJ3962867',',',',','
ALQ2390623',',',',','
ALQ2575355',',',',','
ALQ2101160',',',',','
ALQ2305191',',',',','
ALQ3141983',',',',','
ALQ2575371',',',',','
ALQ2098671',',',',','
ALQ1009109',',',',','
ALQ3142031',',',',','
ALQ1009117',',',',','
ALQ2100626',',',',','
ALQ2967826',',',',','
ALQ1009125',',',',','
ALQ0807214',',',',','
MVJ3962479',',',',','
ALQ2115483',',',',','
ALQ3062965',',',',','
ALQ1009141',',',',','
ALQ1009158',',',',','
ALQ1009166',',',',','
ALQ3141678',',',',','
ALQ3142155',',',',','
ALQ1009174',',',',','
ALQ1009182',',',',','
ALQ2997872',',',',','
ALQ3142171',',',',','
ALQ2515419',',',',','
ALQ2997781',',',',','
ALQ3141330',',',',','
ALQ3204062',',',',','
ALQ3204054',',',',','
ALQ2204899',',',',','
ALQ2365906',',',',','
ALQ2963072',',',',','
ALQ2967792',',',',','
ALQ2256063',',',',','
ALQ2256030',',',',','
ALQ3062957',',',',','
ALQ0806653',',',',','
ALQ2120392',',',',','
ALQ2149037',',',',','
ALQ2149177',',',',','
ALQ2149128',',',',','
ALQ2255875',',',',','
ALQ2513356',',',',','
ALQ2575488',',',',','
ALQ2997823',',',',','
ALQ1010040',',',',','
ALQ0807222',',',',','
ALQ2391076',',',',','
ALQ1009224',',',',','
ALQ2390656',',',',','
ALQ2391530',',',',','
ALQ2001873',',',',','
ALQ2001964',',',',','
ALQ2001972',',',',','
ALQ2997799',',',',','
ALQ2997880',',',',','
ALQ2575520',',',',','
ALQ2256014',',',',','
ALQ2148948',',',',','
ALQ2439552',',',',','
ALQ2568939',',',',','
ALQ2148963',',',',','
ALQ1009257',',',',','
ALQ2484657',',',',','
ALQ1008978',',',',','
MVJ3962487',',',',','
ALQ3015872',',',',','
ALQ2515278',',',',','
ALQ2001998',',',',','
ALQ2002004',',',',','
ALQ0806828',',',',','
ALQ2001782',',',',','
ALQ3141934',',',',','
ALQ2001790',',',',','
ALQ1810928',',',',','
ALQ1009273',',',',','
ALQ2515385',',',',','
MVJ3962826',',',',','
ALQ2390508',',',',','
ALQ2575561',',',',','
ALQ1009281',',',',','
ALQ2568921',',',',','
ALQ2001881',',',',','
ALQ2539039',',',',','
ALQ3080603',',',',','
ALQ3141264',',',',','
ALQ2255941',',',',','
ALQ2255933',',',',','
ALQ1009315',',',',','
ALQ3045960',',',',','
ALQ0807669',',',',','
ALQ0806638',',',',','
ALQ0807065',',',',','
ALQ0807800',',',',','
ALQ0807719',',',',','
ALQ3207149',',',',','
ALQ0246157',',',',','
ALQ0247189',',',',','
ALQ2001691',',',',','
ALQ3141520',',',',','
ALQ3000577',',',',','
ALQ0806810',',',',','
ALQ3168770',',',',','
ALQ3142148',',',',','
ALQ3045978',',',',','
ALQ2149011',',',',','
ALQ1811306',',',',','
MVJ3962933',',',',','
ALQ2369056',',',',','
ALQ0246942',',',',','
ALQ1009547',',',',','
ALQ1009554',',',',','
ALQ0248021',',',',','
ALQ0807487',',',',','
MVJ1986314',',',',','
ALQ2120301',',',',','
ALQ2574853',',',',','
ALQ0246751',',',',','
ALQ1008895',',',',','
ALQ0247296',',',',','
ALQ2188233',',',',','
ALQ0249482',',',',','
ALQ2473924',',',',','
ALQ2515500',',',',','
ALQ1811215',',',',','
ALQ2515484',',',',','
ALQ0807313',',',',','
ALQ1009091',',',',','
ALQ0246819',',',',','
ALQ1009083',',',',','
ALQ0248278',',',',','
ALQ3142130',',',',','
MVJ3962875',',',',','
ALQ0807867',',',',','
MVJ3962719',',',',','
ALQ2391316',',',',','
ALQ3000569',',',',','
ALQ0807917',',',',','
ALQ0807412',',',',','
ALQ0807354',',',',','
ALQ0807842',',',',','
ALQ3140951',',',',','
ALQ3169042',',',',','
ALQ0248708',',',',','
ALQ2997773',',',',','
ALQ2256022',',',',','
ALQ2001816',',',',','
ALQ2120343',',',',','
ALQ1009307',',',',','
ALQ2963064',',',',','
ALQ2002020',',',',','
ALQ2188183',',',',','
ALQ2120400',',',',','
ALQ1009539',',',',','
ALQ2120376',',',',','
MHR',',',',','
MHR',',',',','
MHR',',',',','
MHR',',',',','
MHR',',',',','
MHR',',',',','
MHR',',',',','
MHR',',',',','
MHR',',',',','
MHR',',',',','
MHR',',',',','
MHR',',',',','
MHR',',',',','
ALQ0247163',',',',','
ALQ2305167',',',',','
ALQ2368595',',',',','
ALQ0806927',',',',','
ALQ0807024',',',',','
ALQ0806703',',',',','
ALQ2575025',',',',','
ALQ1008887',',',',','
ALQ2575074',',',',','
ALQ0807644',',',',','
ALQ2106573',',',',','
ALQ1008937',',',',','
ALQ2575116',',',',','
ALQ0246785',',',',','
ALQ0247007',',',',','
ALQ0247783',',',',','
MVJ2067700',',',',','
ALQ0247718',',',',','
ALQ0246116',',',',','
ALQ0248500',',',',','
ALQ0249060',',',',','
MVJ1987510',',',',','
ALQ0247601',',',',','
ALQ1009646',',',',','
MVJ1987569',',',',','
MVJ1987023',',',',','
MVJ1987353',',',',','
MVJ2067957',',',',','
MVJ2068534',',',',','
MVJ1987254',',',',','
MVJ2068229',',',',','
ALQ2185551',',',',','
ALQ2575348',',',',','
ALQ1009661',',',',','
MVJ2068260',',',',','
MVJ3518081',',',',','
MVJ1987163',',',',','
MVJ2068492',',',',','
ALQ0247221',',',',','
ALQ0247205',',',',','
ALQ1810886',',',',','
ALQ1009687',',',',','
ALQ1009711',',',',','
ALQ1009737',',',',','
MVJ3963113',',',',','
MVJ3962925',',',',','
ALQ2575363',',',',','
MVJ3962966',',',',','
ALQ0246900',',',',','
ALQ0246850',',',',','
ALQ0249821',',',',','
ALQ1009745',',',',','
MVJ2068559',',',',','
ALQ0246546',',',',','
ALQ0245688',',',',','
MVJ1986694',',',',','
ALQ2575389',',',',','
ALQ2575397',',',',','
ALQ1810894',',',',','
ALQ1009752',',',',','
MVJ1986074',',',',','
ALQ2575405',',',',','
ALQ1009760',',',',','
MVJ3518826',',',',','
MVJ1986439',',',',','
MVJ1986066',',',',','
ALQ2575421',',',',','
ALQ2575439',',',',','
ALQ0249243',',',',','
ALQ1009794',',',',','
MVJ1986348',',',',','
ALQ1009810',',',',','
ALQ2575447',',',',','
MVJ3518313',',',',','
MVJ1986611',',',',','
MVJ1986512',',',',','
ALQ2575454',',',',','
MVJ1986454',',',',','
MVJ1987064',',',',','
MVJ3518487',',',',','
ALQ1009836',',',',','
ALQ0248203',',',',','
MVJ2068401',',',',','
ALQ1009844',',',',','
ALQ2575462',',',',','
MVJ3962701',',',',','
ALQ1009877',',',',','
MVJ1986496',',',',','
ALQ1009885',',',',','
MVJ2067643',',',',','
ALQ1009901',',',',','
ALQ1009893',',',',','
ALQ1009919',',',',','
ALQ1009927',',',',','
ALQ1009935',',',',','
ALQ1009943',',',',','
ALQ1009950',',',',','
ALQ1810910',',',',','
ALQ1009968',',',',','
MVJ1986538',',',',','
ALQ1009976',',',',','
ALQ1009984',',',',','
MVJ3517976',',',',','
ALQ1009992',',',',','
MVJ2067650',',',',','
ALQ1010016',',',',','
ALQ1010024',',',',','
ALQ1010032',',',',','
ALQ2575496',',',',','
ALQ2575504',',',',','
ALQ1010057',',',',','
ALQ0246215',',',',','
ALQ1010065',',',',','
ALQ1010073',',',',','
ALQ2575512',',',',','
ALQ1010081',',',',','
ALQ1010099',',',',','
ALQ1010107',',',',','
MVJ1987932',',',',','
ALQ2575538',',',',','
MVJ1987965',',',',','
ALQ1010115',',',',','
ALQ1010123',',',',','
MVJ3518644',',',',','
MVJ1988377',',',',','
MVJ1988369',',',',','
ALQ1010131',',',',','
ALQ1010149',',',',','
ALQ0245647',',',',','
ALQ0245803',',',',','
ALQ1010206',',',',','
ALQ1010214',',',',','
ALQ1010222',',',',','
ALQ1010230',',',',','
ALQ2185544',',',',','
ALQ1810936',',',',','
ALQ2575546',',',',','
MVJ1987882',',',',','
ALQ2575553',',',',','
MVJ3963063',',',',','
ALQ2575579',',',',','
ALQ2120269',',',',','
MVJ1987387',',',',','
ALQ0247155',',',',','
ALQ1010289',',',',','
ALQ0807594',',',',','
ALQ1010297',',',',','
ALQ1010305',',',',','
MVJ1987221',',',',','
MVJ1987171',',',',','
MVJ1986157',',',',','
MVJ1988229',',',',','
ALQ1009620',',',',','
ALQ0247668',',',',','
ALQ1010966',',',',','
ALQ1010982',',',',','
ALQ1010990',',',',','
MVJ1986124',',',',','
MVJ1986082',',',',','
ALQ1011048',',',',','
MVJ2068286',',',',','
MVJ1986470',',',',','
ALQ2575686',',',',','
MVJ2067866',',',',','
MVJ2068641',',',',','
MVJ1987841',',',',','
MVJ3962990',',',',','
ALQ0807495',',',',','
MVJ3518032',',',',','
MVJ1987304',',',',','
MVJ1986280',',',',','
ALQ0248831',',',',','
ALQ1009695',',',',','
ALQ1009703',',',',','
ALQ1009729',',',',','
MVJ3962404',',',',','
ALQ0806984',',',',','
ALQ0806943',',',',','
MVJ1986637',',',',','
MVJ3962396',',',',','
MVJ2068542',',',',','
MVJ1988252',',',',','
MVJ3518206',',',',','
MVJ1987973',',',',','
MVJ1987320',',',',','
ALQ0806844',',',',','
MVJ1986447',',',',','
MVJ1986116',',',',','
MVJ2068138',',',',','
MVJ1986215',',',',','
MVJ1986504',',',',','
MVJ2068419',',',',','
MVJ2067734',',',',','
MVJ1986140',',',',','
MVJ1986363',',',',','
MVJ1986967',',',',','
MVJ1987684',',',',','
MVJ2067726',',',',','
MVJ3962982',',',',','
MVJ1986207',',',',','
MVJ1986181',',',',','
MVJ3518529',',',',','
MVJ3518503',',',',','
MVJ2068252',',',',','
ALQ2575694',',',',','
MHR',',',',','
MHR',',',',','
MHR',',',',','
MHR',',',',','
MHR',',',',','
ALQ3229895',',',',','
ALQ3230208',',',',','
ALQ3230224',',',',','
MHR',',',',','
MHR',',',',','
MHR',',',',','
MHR',',',',','
MHR',',',',','
MHR',',',',','
MHR',',',',','
MHR',',',',','
MHR',',',',','
MHR',',',',','
MHR',',',',','
MHR',',',',','
MHR',',',',','
MHR',',',',','
MHR',',',',','
MHR',',',',','
MHR',',',',','
MHR',',',',','
MHR',',',',','
MHR',',',',','
MHR',',',',','
MHR',',',',','
MHR',',',',','
MHR',',',',','
MHR',',',',','
MHR',',',',','
MHR',',',',','
MVJ3518735',',',',','
MHR',',',',','
MHR',',',',','
MHR',',',',','
MHR',',',',','
MHR',',',',','
MHR',',',',','
MHR',',',',','
MHR',',',',','
MHR',',',',','
MVJ1987304',',',',','
MHR',',',',','
MHR',',',',','
MHR',',',',','
MHR',',',',','
MHR',',',',','
MHR',',',',','
MHR',',',',','
MHR',',',',','
MHR',',',',','
MHR',',',',','
MHR',',',',','
MHR',',',',','
MHR',',',',','
MHR',',',',','
MHR',',',',','
MHR',',',',','
MHR',',',',','
MHR',',',',','
MHR',',',',','
ALQ3253382',',',',','
ALQ2575033',',',',','
MHR',',',',','
MHR',',',',','
MHR',',',',','
MHR',',',',','
MHR',',',',','
MHR',',',',','
MHR',',',',','
MHR',',',',','
ALQ3258720',',',',','
MVJ1987957',',',',','
MHR',',',',','
MHR',',',',','
MHR',',',',','
MHR',',',',','
MHR',',',',','
MHR',',',',','
MHR',',',',','
MHR',',',',','
ALQ3261823',',',',','
ALQ2001691',',',',','
MHR',',',',','
MHR',',',',','
MHR',',',',','
MHR',',',',','
MHR',',',',','
MHR',',',',','
MHR',',',',','
MHR',',',',','
MHR',',',',','
MHR',',',',','
MHR',',',',','
MHR',',',',','
MHR',',',',','
MHR',',',',','
MHR',',',',','
MHR',',',',','
MHR',',',',','
MHR',',',',','
MVJ',',',',','
MVJ',',',',','
MVJ',',',',','
MVJ',',',',','
MVJ',',',',','
MVJ',',',',','
MVJ',',',',','
MVJ',',',',','
MVJ',',',',','
MVJ',',',',','
MHR',',',',','
MHR',',',',','
MHR',',',',','
MHR',',',',','
MHR',',',',','
MHR',',',',','
MHR',',',',','
MHR',',',',','
MHR',',',',','
MHR',',',',','
ALQ0011619',',',',','
ALQ3142031',',',',','
MVJ3962578',',',',','
ALQ2575579',',',',','
MHR',',',',','
MHR',',',',','
MHR',',',',','
MHR',',',',','
MHR',',',',','
MHR',',',',','
ALQ2001881',',',',','
MVJ3962982',',',',','
MHR',',',',','
MHR',',',',','
MHR',',',',','
MHR',',',',','
MHR',',',',','
MHR',',',',','
MHR',',',',','
MHR',',',',','
MVJ3963063',',',',','