ALQ2101012',ಶಿಲ್ಪಾ',ಮಧುಸೂಧನ',0',36',ಹೆಣ್ಣು',YES',LINGAYATH',',NO'
ALQ2370492',ಮಹೆಶ ಸಿ',ಚಂದ್ರಶೇಖರ್',0',34',ಗಂಡು',YES',LINGAYATH',POLICE',NO'
ALQ0009241',ಹೆಚ್ ಅಜಯ ಕುಮಾರ',ಅಶ್ವತ್ಥ ನಾರಾಯಣಪ್ಪ',0',33',ಗಂಡು',YES',REDDY',',NO'
ALQ2116952',ಹೇಮಂತ ಕುಮಾರ ಎಚ್ಜಿ',ಪಿ ಗಂಗಾಧರಪ್ಪ',0',28',ಗಂಡು',',GOWDA',STUDENT',NO'
ALQ2151090',ತಿಮ್ಮರಾಜು ಹೆಚ್ ಎಸ್',ಸಿದ್ದಗಂಗಪ್ಪ',0',27',ಗಂಡು',',SC',FACTORY WORKER',NO'
ALQ1012129',ಹೆಚ್ ಎನ್ ಗೋ ಪ ',',',67',ಗಂಡು',',DELETED',',NO'
ALQ1012111',ರುಕ್ಷ್ಮಿಣಮ್ಮ',ಗೋವಿಂದಪ್ಪ',0',62',ಹೆಣ್ಣು',',LINGAYATH',HOUSE -WIFE',NO'
ALQ3152790',ನಾಗಮ್ಮ',ಕೃಷ್ಣಮೂರ್ತಿ',0',36',ಹೆಣ್ಣು',YES',KURUBA',HOUSE -WIFE',NO'
ALQ0008086',ಹೆಚೆ ಅನಿಲ್ ಕುಮಾರ್',ಹನುಮಂತಯ್ಯ',0',32',ಗಂಡು',',KURUBA',FARMER',NO'
ALQ1012103',ಜಿ ಮಂಜುಳ',ಹೆಚ್ ಎನ್ ಗೋವಿಂದಪ್ಪ',0',32',ಹೆಣ್ಣು',',AGASARU',FACTORY WORKER',NO'
ALQ2251296',ನಾರಾಯಣಪ್ಪ ಜಿ',ಗಂಗಾಧರಪ್ಪ',0',31',ಗಂಡು',',AGASARU',TEA FACTORY',NO'
ALQ2273571',ನವೀನ್ ಕುಮಾರ್ ಹೆಚ್ ಎ',ಸೀನಪ್ಪ',0',29',ಗಂಡು',YES',SC',UNEMPLOYE',NO'
ALQ2305266',ಕೆವಿ ಶಿಲ್ಪ',ಸುಧಾಕರ್ ರೆಡ್ಡಿ ಹೆಚ ಎಸ್',0',26',ಹೆಣ್ಣು',',REDDY',FARMER',NO'
ALQ2499267',ಗೀತಾ ಕೆ ಎನ್',ಹೆಚ್ ಸಿ ಧನಂಜಯ',0',26',ಹೆಣ್ಣು',',REDDY',HOUSE -WIFE',NO'
ALQ2568913',ಭಾರತಮ್ಮ ವಿ',ಅನಿಲ್ ಕುಮಾರ್',0',24',ಹೆಣ್ಣು',',REDDY',HOUSE -WIFE',NO'
ALQ0248260',ಅಚ್ಚಮ್ಮ',ಜಯರಾಮರೆಡ್ಡಿ',1',79',ಹೆಣ್ಣು',',REDDY',POLITICAL',NO'
MVJ4281234',ಜೆ ಹನುಮಂತರೆಡ್ಡಿ',ಜೆ ಜಯರಾಮರೆಡ್ಡಿ',1',49',ಗಂಡು',YES',REDDY',FARMER',NO'
ALQ0249557',ಮಧುಸೂದನ',ಜಯರಾಮರೆಡ್ಡಿ',1',42',ಗಂಡು',',REDDY',FARMER',NO'
MVJ2278786',ಸರಸ್ವತಮ್ಮ',ಎ ರಾಮಕೃಷ್ಣರೆಡ್ಡಿ',2',58',ಹೆಣ್ಣು',',REDDY',HOUSE -WIFE',NO'
ALQ1011337',ಹೆಚ್ ಆರ್ ಪರಶುರಾಮರ ತಾಯಿಯ',ಸರಸ್ವತಮ್ಮ',2',36',ಗಂಡು',YES',REDDY',',NO'
MVJ2176535',ಪ್ರಮೀಳಮ್ಮ',ಹೆಚ್ ಎಸ್ ಸೋಮಶೇಖರರೆಡ್ಡಿ',0',60',ಹೆಣ್ಣು',',REDDY',FARMER',NO'
MVJ2176436',ಹೆಚ್ ಎಸ್ ಸೋಮಶೇಖರರೆಡ್ಡಿ',ಹೆಚ್ ವೈ ಸೋಮರೆಡ್ಡಿ',0',57',ಗಂಡು',',REDDY',FARMER',NO'
ALQ0249326',ರಾಮಚಂದ್ರರೆಡ್ಡಿ',ಚಿಕ್ಕಆಂಜಿನಪ್ಪ',2',65',ಗಂಡು',',REDDY',FARMER',NO'
ALQ0249144',ನವೀನ್ ಕುಮಾರ್',ರಾಮಚಂದ್ರರೆಡ್ಡಿ',4',33',ಗಂಡು',',REDDY',FARMER',NO'
ALQ2273464',ರಘುನಾಥ ಹೆಚ್ ಎನ್',ನರಸಿಂಹಯ್ಯ ಪಿ',7',26',ಗಂಡು',',SC',UNEMPLOYE',NO'
MVJ2176246',ಸೋಮಚಂದ್ರರೆಡ್ಡಿ',ಹೆಚ್ ಎನ್ ನಾರಾಯಣರೆಡ್ಡಿ',7',45',ಗಂಡು',YES',REDDY',FARMER',YES'
ALQ1011394',ನರಸಿಂಹಮೂರ್ತಿ',ಅಶ್ವತ್ಥರಾವ್',11',56',ಗಂಡು',',DHARJI',TYILOR',NO'
ALQ1811405',ನಾಗಮಣಿಬಾಯಿ',ನರಸಿಂಹಮೂರ್ತಿ',11',46',ಹೆಣ್ಣು',',DHARJI',HOUSE -WIFE',NO'
MVJ2175289',ರಮೇಶರಾವ್ ಎ',ಅಶ್ವತ್ಥರಾವ್',11',43',ಗಂಡು',',DHARJI',FARMER',NO'
MVJ2279040',ಸುಶೀಲಬಾಯಿ',ರಮೇಶ ರಾವ್',11',38',ಹೆಣ್ಣು',',DHARJI',HOUSE -WIFE',NO'
ALQ2515153',ಚೇತನ್ ಕುಮಾರ್ ಹೆಚ್ ಎನ',ನರಸಿಂಹ ಮೂರ್ತಿ ಹೆಚ್ ಎ',11',23',ಗಂಡು',',DHARJI',UNEMPLOYE',NO'
ALQ2575710',ಹೈದರ್ ಸಾಬಿ',ಒಡಗಿಮಸ್ತಾನ್',12',61',ಗಂಡು',',MUSLIM',FARMER',NO'
ALQ2575728',ಮಲೀನಾಬಿ',ಹೈದರ್ ಸಾಬಿ',12',51',ಹೆಣ್ಣು',',MUSLIM',HOUSE -WIFE',NO'
MVJ4280681',ಸಮಯ',ಹುಸೇನ್ ಖಾನ್',12',35',ಹೆಣ್ಣು',',MUSLIM',HOUSE -WIFE',NO'
ALQ0008920',ಅಬುಬಕರ್',ಹೈದರ್ ಸಾಬ್',12',35',ಗಂಡು',',MUSLIM',KSRTC -DRIVER',NO'
ALQ3131323',ಶಮೀಮ್ ತಾಜ್',ಅಬೂಬಕರ್',12',31',ಹೆಣ್ಣು',',MUSLIM',HOUSE -WIFE',NO'
ALQ0247593',ಅರ್ಷಿಯಾಬಾನು',ಹೈದರ್ ಸೇಟ್',12',30',ಹೆಣ್ಣು',',MUSLIM',UNEMPLOYE',NO'
ALQ2344190',ನನ್ ತಾಜ್',ಹೈದರ್ ಸಾಬ್',12',27',ಹೆಣ್ಣು',',MUSLIM',UNEMPLOYE',NO'
ALQ2575736',ಹೆಚ್ ಜಿ ತಿಮ್ಮಪ್ಪ',ಶಾ ಗುಂಡಪ್ಪ',13',81',ಗಂಡು',YES',BRAHMIN',',NO'
ALQ2575744',ಯಶೋಧಮ್ಮ',ಹೆಚ್ ಜಿ ತಿಮ್ಮಪ್ಪ',13',71',ಹೆಣ್ಣು',',BRAHMIN',HOUSE -WIFE',NO'
ALQ2439461',ಜಿ ವೆಂಕಟಾಚಯ್ಯ',ಶಾ ಗುಂಡಪ್ಪ',13',71',ಗಂಡು',YES',BRAHMIN',POST MASTER',NO'
ALQ2439479',ಜಗದೀಶ್ ಹೆಚ್ ವಿ',ಜಿ ವೆಂಕಟಾಚಲಯ್ಯ',13',39',ಗಂಡು',YES',BRAHMIN',POST MASTER',NO'
ALQ2575769',ಹೆಚ್ ಎನ್ ಶ್ರೀನಿವಾಸಯ್ಯ',ನಾಗಣ್ಣ',16',70',ಗಂಡು',',EDIGA',AGED',NO'
MVJ2175487',ಕೆ ಶಾಂತಮ್ಮ',ಎಸ್ ನಾರಾಯಣರಾವ್',17',46',ಹೆಣ್ಣು',',BRAHMIN',HOUSE -WIFE',NO'
ALQ0248484',ಎಸ್ ಗಂಗಾಧರಯ್ಯ',ಸುಬ್ಬಣ್ಣ',18',72',ಗಂಡು',',BRAHMIN',POOJARI',NO'
ALQ2575777',ಜಿ ರಂಗನಾಥ',ಎಸ್ ಗಂಗಾಧರಯ',18',39',ಗಂಡು',',BRAHMIN',POOJARI',NO'
ALQ2439453',ಹರಿತ',ಜಿ ರಂಗನಾಥ್',18',29',ಹೆಣ್ಣು',',BRAHMIN',HOUSE -WIFE',NO'
ALQ2575785',ಹೆಚ್ ಆರ್\u200c ಅಶ್ವತ್ಥನಾರಾಯಣ',ರಾಮಪ್ಪ',19',47',ಗಂಡು',',ST',HOME',NO'
ALQ2575793',ಪ್ರಸನ್ನಲಕ್ಷ್ಮೀ',ಹೆಚ್ ಆರ್ ಆಶ್ವತ್ಥನಾರಾಯಣ',19',43',ಹೆಣ್ಣು',',REDDY',HOUSE -WIFE',NO'
ALQ2120632',ಹೆಚ್ ವಿ ರಾಜೇಶ್',ಹೆಚ್ ಎಲ್ ವೆಂಕಟೇಶರೆಡ್ಡಿ',19',29',ಗಂಡು',',REDDY',UNEMPLOYE',NO'
ALQ3004173',ಅಮಲ ಸಿ',ರಾಜೇಶ್',19',28',ಹೆಣ್ಣು',',REDDY',HOUSE -WIFE',NO'
ALQ3168358',ಹರ್ಷ ಹೆಚ್ ಎ',ಅಶ್ವತ್ಥನಾರಾಯಣ',19',19',ಗಂಡು',',REDDY',UNEMPLOYE',NO'
ALQ2575819',ಲಲಿತಮ್ಮ',ಹೆಚ್ ಎನ್ ನಂಜುಂಡಪ್ಪ',20',76',ಹೆಣ್ಣು',',KURUBA',HOUSE -WIFE',NO'
ALQ1011402',ಮಹಬೂಬ್ ಬೀ',ಮಹಬೂಬ್ ಸಾಬಿ',21',78',ಹೆಣ್ಣು',',MUSLIM',HOUSE -WIFE',NO'
ALQ0264317',ಅಶ್ವತ್ಥರೆಡ್ಡಿ ಹೆಚಸ್ ಎನ್',ನಾರಾಯಣರೆಡ್ಡಿ',22',36',ಗಂಡು',',REDDY',FACTORY WORKER',NO'
MVJ4281440',ಎ ಅರುಣಮ್ಮ',ಅಶ್ವತ್ಥಪ್ಪ ಹೆಚ್ ಎಕ',22',36',ಹೆಣ್ಣು',',REDDY',HOUSE -WIFE',NO'
ALQ1011410',ಲಕ್ಷ್ಮಯ್ಯ',ಹನುಮಂತಪ್ಪ',3',63',ಗಂಡು',',ST',KOOLI',NO'
MVJ4281051',ಲಕ್ಷ್ಮಮ್ಮ',ಲಕ್ಷ್ಮಯ್ಯ',3',53',ಹೆಣ್ಣು',',ST',HOUSE -WIFE',NO'
ALQ3169364',ಚನ್ನಕೇಶವ ಹೆಚ್ ಎಲ್',ಲಕ್ಷ್ಮಯ್ಯ',23',19',ಗಂಡು',',ST',KOOLI',NO'
ALQ2575868',ಆಂಜಪ್ಪ',ಗಂಗಪ್ಪ',27',43',ಗಂಡು',',KURUBA',KOOLI',YES'
ALQ2575876',ರಾಧಮ್ಮ',ಆಂಜಪ್ಪ',27',41',ಹೆಣ್ಣು',',KURUBA',FACTORY WORKER',NO'
ALQ3080785',ಪವನ್ ಕುಮಾರ್ ಹೆಚ್ ಎ',ಅಂಜಪ್ಪ',27',24',ಗಂಡು',',KURUBA',FACTORY WORKER',NO'
ALQ3080736',ಪವಿತ್ರ ಎ',ಅಂಜಪ್ಪ',27',23',ಹೆಣ್ಣು',YES',KURUBA',HOUSE -WIFE',NO'
ALQ2575884',ಗಂಗಮ್ಮ',ತಿಮ್ಮಯ್ಯ',28',69',ಹೆಣ್ಣು',',KURUBA',HOUSE -WIFE',NO'
ALQ0245720',ನಾರಾಯಣಪ್ಪ',ತಿಮ್ಮಯ್ಯ',28',48',ಗಂಡು',',KURUBA',FARMER',NO'
MVJ2175800',ರೆಡ್ಡಪ್ಪ ಟಿ',ತಿಮ್ಮಯ್ಯ',28',47',ಗಂಡು',',DELETED',',NO'
ALQ1011436',ಚೌಡಪ್ಪ',ನಾರಾಯಣಪ್ಪ',28',45',ಗಂಡು',',ST',FACTORY WORKER',NO'
ALQ0248138',ಲಕ್ಷ್ಮೀದೇವಮ್ಮ',ನಾರಾಯಣಪ್ಪ',28',45',ಹೆಣ್ಣು',',ST',HOUSE -WIFE',NO'
ALQ0245563',ಅಂಜಮ್ಮ',ಚೌಡಪ್ಪ ಲೇ',28',36',ಹೆಣ್ಣು',',ST',HOUSE -WIFE',NO'
ALQ0008995',ಮಾಲಾರೆಡ್ಡಿ',',',35',ಹೆಣ್ಣು',',DELETED',',NO'
ALQ2273407',ರಘುನಾಥ ಹೆಚ್ ಎನ್',ಟಿ ನಾರಾಯಣಪ್ಪ',28',27',ಗಂಡು',',KURUBA',UNEMPLOYE',NO'
ALQ2390953',ರಂಜಿತ್ ಎಚ್ ಎನ್',ನಾರಾಯಣಪ್ಪ ಟಿ',28',24',ಗಂಡು',',KURUBA',UNEMPLOYE',NO'
ALQ3169414',ನಳಿನಿ',ರಘುನಾಥ ಹೆಚ್ ಎಕ',28',22',ಹೆಣ್ಣು',',KURUBA',HOUSE -WIFE',NO'
ALQ2575892',ರಾಮಾಂಜಿನಪ್ಪ',ಗಂಗಪ್ಪ',29',51',ಗಂಡು',',KURUBA',FARMER',NO'
ALQ0247635',ಆಲುವೇಲಮ್ಮ',ರಾಮಾಂಜಿನಪ್ಪ',29',47',ಹೆಣ್ಣು',',KURUBA',HOUSE -WIFE',NO'
MVJ2279669',ವಿನಯ್ ಕುಮಾರ್ ',',',36',ಗಂಡು',',DELETED',',NO'
ALQ0248559',ಚೌಡಮ್ಮ',ಹನುಮಂತರಾಯ',30',66',ಹೆಣ್ಣು',',KURUBA',HOUSE -WIFE',NO'
ALQ2575900',ಅಶ್ವತ್ಥನಾರಯಣಪ್ಪ',ಚೆಂಪಿರಪ್ಪ',30',51',ಗಂಡು',',KURUBA',FARMER',NO'
ALQ2575918',ಜಯಮ್ಮ',ಆಶ್ವತ್ಥನಾರಾಯಣಪ',30',46',ಹೆಣ್ಣು',',KURUBA',HOUSE -WIFE',NO'
ALQ2538957',ಗೀತಮ್ಮ ಹೆಚ್ ಎ',ಅಶ್ವತ್ಥನಾರಾಯಣಪ್ಪ',30',27',ಹೆಣ್ಣು',',KURUBA',HOUSE -WIFE',NO'
ALQ2355071',ಹೆಚ್ ಎ ರಂಗನಾಥ',ಅಶ್ವತ್ಥನಾರಾಯಣಪ್ಪ',30',25',ಗಂಡು',',KURUBA',UNEMPLOYE',NO'
ALQ0247015',ನಾರಾಯಣಪ್ಪ',ದೊಡ್ಡಜಡಪ್ಪ',31',76',ಗಂಡು',',DEATH',',NO'
ALQ2575926',ವೆಂಕಟಮ್ಮ',ನಾರಾಯಣಪ್ಪ',31',66',ಹೆಣ್ಣು',',KURUBA',HOUSE -WIFE',NO'
ALQ0249227',ಜಗನ್ನಾಥ',ನಾರಾಯಣಪ್ಪ',31',43',ಗಂಡು',',KURUBA',UNEMPLOYE',NO'
ALQ2575934',ಎನ್ ಶಿವ ಶಂಕರ',ನಾರಾಯಣಪ್ಪ',31',43',ಗಂಡು',',KURUBA',FARMER',NO'
MVJ2278695',ಜಯಮ್ಮ',ಜಗನ್ನಾಥ್',',38',ಹೆಣ್ಣು',',KURUBA',HOUSE -WIFE',NO'
ALQ0248104',ಮಲ್ಲಕ್ಕ',ಎನ್ ಶಿವಶಂಕರ',31',33',ಹೆಣ್ಣು',',KURUBA',HOUSE -WIFE',NO'
ALQ2575942',ಮಂಗಮ್ಮ',ತಿಮ್ಮಯ್ಯ',32',66',ಹೆಣ್ಣು',',KURUBA',HOME',NO'
ALQ1011444',ಲಕ್ಷ್ಮೀಪತಿ',ಯಲ್ಲಪ್ಪ',34',43',ಗಂಡು',',EDIGA',FARMER',NO'
MVJ2174712',ಸರಸ್ವತಮ್ಮ',ಲಕ್ಷ್ಮೀಪತಿ',34',38',ಹೆಣ್ಣು',',EDIGA',HOUSE -WIFE',NO'
ALQ3035318',ಅಶೋಕ ಹೆಚ್ ಎಲ್',ಲಕ್ಷ್ಮೀಪತಿ ಹೆಚ್',34',21',ಗಂಡು',',EDIGA',UNEMPLOYE',NO'
ALQ3080769',ಭವ್ಯ ಹೆಚ್ ಎಲ್',ಲಕ್ಷ್ಮೀ ಪತಿ',34',20',ಹೆಣ್ಣು',',EDIGA',HOUSE -WIFE',NO'
ALQ2575975',ಜಯಮ್ಮ',ಆವುಲಪ್ಪ',35',76',ಹೆಣ್ಣು',',EDIGA',HOME',NO'
ALQ3035326',ಲಕ್ಷ್ಮಿದೇವಿ ಎ ',ಚನ್ನಕೇಶವಗೌಡ',35',46',ಹೆಣ್ಣು',',EDIGA',HOUSE -WIFE',NO'
ALQ3001872',ಹೆಚ್ ವಿ ಗೋಪಿನಾಥ್',ವಿಜಯ ಕುಮಾರ',35',38',ಗಂಡು',',EDIGA',UNEMPLOYE',NO'
ALQ3161023',ಕಮಲಾಕ್ಷಿ ಆರ್',ಗೋಪಿನಾಥ ಹೆಚ್ ವಿ',35',37',ಹೆಣ್ಣು',',EDIGA',HOUSE -WIFE',NO'
ALQ3080454',ಸೇವಂತಿ ಸಿ ',ಲಕ್ಷ್ಮಿದೇವಿ',35',21',ಹೆಣ್ಣು',',EDIGA',HOUSE -WIFE',NO'
MVJ2278687',ವೆಂಕಟಮ್ಮ',ಚಿಕ್ಕಹನುಮಂತಪ್ಪ',36',69',ಹೆಣ್ಣು',',EDIGA',HOUSE -WIFE',NO'
ALQ2515161',ಹೇಮಂತ್ ಕುಮಾರ್ ಎಸ್',ಶಿವಯ್ಯ',36',23',ಗಂಡು',',EDIGA',UNEMPLOYE',NO'
ALQ2576015',ಚೆನ್ನಾಯಪ್ಪ',ತಿಮ್ಮಯ್ಯ',40',71',ಗಂಡು',',SC',AGED',NO'
ALQ2576023',ಲಕ್ಷ್ಮಮ್ಮ',ಚಿನ್ನಾಯಪ್ಪ',40',66',ಹೆಣ್ಣು',',SC',HOUSE -WIFE',NO'
ALQ2576031',ಶ್ರೀರಾಮಯ್ಯ',ಚಿನ್ನಾಯಪ್ಪ',40',41',ಗಂಡು',',SC',STREET MARCHANT',NO'
ALQ0008433',ಸುಧಾ',ಶ್ರೀರಾಮಯ್ಯ',40',29',ಹೆಣ್ಣು',',SC',HOUSE -WIFE',NO'
MVJ2176139',ಬಾಲಗೋಪಾಲರೆಡ್ಡಿ',ಚಿಕ್ಕಅಂಜಿನಪ್ಪ',4 1',58',ಗಂಡು',',REDDY',FARMER',NO'
ALQ1011345',ಲಕ್ಷ್ಮಿದೇವಿ ',',',43',ಹೆಣ್ಣು',',DELETED',',NO'
ALQ2576056',ವೆಂಕಟೇಶಪ್ಪ',ವೆಂಕಟಪ್ಪ',42',54',ಗಂಡು',',SC',COCANET MARCHANT',NO'
ALQ1011493',ಲಕ್ಷ್ಮೀನರಸಮ್ಮ',ವೆಂಕಟೇಶಪ್ಪ',42',41',ಹೆಣ್ಣು',',SC',HOUSE -WIFE',NO'
ALQ2439529',ಶ್ರೀನಿವಾಸ ಹೆಚ್ ವಿ',ವೆಂಕಟೇಶಪ್ಪ',42',24',ಗಂಡು',',SC',UNEMPLOYE',NO'
MVJ3469582',ಎ ಎಸ್ ರಾಮಕೃಷ್ಣರೆಡ್ಡಿ',ಅಂಜಿನಪ್ಪ',44',71',ಗಂಡು',',REDDY',AGED',NO'
MVJ3469459',ವೇದಾವತಮ್ಮ',ಎ ಎಸ್ ರಾಮಕೃಷ್ಣರೆಡ್ಡಿ',44',70',ಹೆಣ್ಣು',',REDDY',HOUSE -WIFE',NO'
MVJ4281515',ಪ್ರಸನ್ನಕುಮಾರ',ಎ ಎಸ್ ರಾಮಕೃಷ್ಣರೆಡ್ಡಿ',44',47',ಗಂಡು',',REDDY',FARMER',NO'
ALQ2002343',ಪಿ ವಿ ಲಾವಣ್ಯ',ಪ್ರಸನ್ನಕುಮಾರ್',44',33',ಹೆಣ್ಣು',',REDDY',HOUSE -WIFE',NO'
ALQ0009233',ಆಂಜಿನಮ್ಮ',',',77',ಹೆಣ್ಣು',',DELETED',',NO'
ALQ0009225',ಸುಶೀಲಮ್ಮ',ಚೌಡಪ್ಪ',49',55',ಹೆಣ್ಣು',',EDIGA',HOUSE -WIFE',NO'
ALQ0009191',ಚೌಡಪ್ಪ',ದಾಳಪ್ಪ',49',51',ಗಂಡು',',EDIGA',FARMER',NO'
ALQ0009258',ಧನಂಜಯ',ಚೌಡಪ್ಪ',49',32',ಗಂಡು',',EDIGA',UNEMPLOYE',NO'
ALQ2370658',ತನುಜ ಡಿ ಎಸ್',ಗಗಾಧರಯ್ಯ ಎನ್',49',31',ಹೆಣ್ಣು',',KURUBA',HOUSE -WIFE',NO'
ALQ2273647',ರಾಜೇಶ್ ಹೆಚ್ ಸಿ',ಚೌಡಪ್ಪ',49',26',ಗಂಡು',',EDIGA',UNEMPLOYE',NO'
MVJ3468519',ಜಯರಾಮರೆಡ್ಡಿ',ಸೋಮರೆಡ್ಡಿ',50',66',ಗಂಡು',',REDDY',FARMER',NO'
MVJ3468501',ಪಾರ್ವತಮ್ಮ',ಜಯರಾಮರೆಡ್ಡಿ',50',61',ಹೆಣ್ಣು',',REDDY',HOUSE -WIFE',NO'
MVJ2278612',ಎಚ್ ಎಸ್ ವಿಶ್ವನಾಥರೆಡ್ಡಿ',ಎಚ್ ಎಸ್ ಜಯರಾಮರೆಡ್ಡಿ',50',40',ಗಂಡು',',REDDY',UNEMPLOYE',NO'
ALQ2326569',ಉಮಾ ಎಸ್',ವಿಶ್ವನಾಥ ರೆಡ್ಡಿ ಹೆಚ್ ಎಸ್',50',: 28',ಹೆಣ್ಣು',',REDDY',HOUSE -WIFE',NO'
MVJ2175925',ಸಿ ಸೋಮಯ್ಯ',ಚಿನ್ನಪ್ಪರೆಡ್ಡಿ',51',76',ಗಂಡು',',REDDY',AGED',NO'
MVJ2279404',ಜಯಮ್ಮ',ಸಿ ಸೋಮಯ್ಯ',51',66',ಹೆಣ್ಣು',',REDDY',HOUSE -WIFE',NO'
MVJ2279396',ಸುಜಾತಮ್ಮ',ಸೋಮಶೇಖರರೆಡ್ಡಿ',51',55',ಹೆಣ್ಣು',',REDDY',HOUSE -WIFE',NO'
MVJ2073625',ಸುಧಾಕರರೆಡ್ಡಿ',ಸಿ ಸೋಮಯ್ಯ',51',46',ಗಂಡು',',REDDY',LINE MAN',NO'
ALQ0248229',ಚಂದ್ರಶೇಖರರೆಡ್ಡಿ',ಸಿ ಸೋಮಯ್ಯ',51',43',ಗಂಡು',',REDDY',UNEMPLOYE',NO'
ALQ0008441',ಶಾರದ',ಚಂದ್ರಶೇಖರ ರೆಡ್ಡಿ',51',39',ಹೆಣ್ಣು',',REDDY',HOUSE -WIFE',NO'
MVJ4281226',ಎಸ್ ಅಜಯ ಭಾಸ್ಕರ ರೆಡ್ಡಿ',ಹೆಚ್ ಎಸ್ ಸೋಮಶೇಖರ ರೆಡ್ಡಿ',51',34',ಗಂಡು',',REDDY',FARMER',NO'
ALQ2988343',ರೂಪ ಎಲ್',ಅಜಯ್ ಭಾಸ್ಕರ್ ರೆಡ್ಡಿ ಎಸ್',51',30',ಹೆಣ್ಣು',',REDDY',HOUSE -WIFE',NO'
MVJ3469111',ಜಯಮ್ಮ',ನಾರಾಯಣರೆಡ್ಡಿ',54',76',ಹೆಣ್ಣು',',REDDY',HOUSE -WIFE',NO'
ALQ2576080',ಗಂಗಮ್ಮ',ಹೆಚ್ ಎ ಸಂಜೀವರ',55',76',ಹೆಣ್ಣು',',REDDY',HOUSE -WIFE',NO'
MVJ3468352',ಅಶ್ವತ್ಥನಾರಾಯಣರೆಡ್ಡಿ',ಎಚ್ ಎ ಸಂಜೀವರೆಡ್ಡಿ',55',60',ಗಂಡು',',REDDY',BUSINESS',NO'
MVJ3469467',ಸುಜಾತಮ್ಮ',ಆಶ್ವತ್ಥನಾರಾಯಣರೆಡ್ಡಿ',55',45',ಹೆಣ್ಣು',',REDDY',HOUSE -WIFE',NO'
ALQ2186146',ಸಂದೀಪ್ ಎಚ್ ಎ',ಆಶ್ವತ್ಥನಾರಾಯಣರೆಡ್ಡಿ',55',30',ಗಂಡು',YES',REDDY',PRIVATE JOB',NO'
ALQ2273381',ದಿಲೀಪ್ ಕುಮಾರ್ ಹೆಚ್ ಎ',ಅಶ್ವತ್ಥನಾರಾಯಣರೆಡ್ಡಿ',55',27',ಗಂಡು',YES',REDDY',PRIVATE JOB',NO'
ALQ2576106',ಗಂಗಮ್ಮ',ಆಂಜಿನಪ್ಪ',58',71',ಹೆಣ್ಣು',',KURUBA',HOUSE -WIFE',NO'
MVJ2175669',ಶ್ರೀನಿವಾಸ',ಆಂಜಿನಪ್ಪ',58',44',ಗಂಡು',',KURUBA',KOOLI',NO'
MVJ2175727',ಸರೋಜಮ್ಮ',ಶ್ರೀನಿವಾಸಯ್ಯ',58',38',ಹೆಣ್ಣು',',KURUBA',HOUSE -WIFE',NO'
ALQ3044120',ಅರ್ಚಿತ್ ಕುಮಾರ್',ಶ್ರೀನಿವಾಸ',58',21',ಗಂಡು',',KURUBA',UNEMPLOYE',NO'
ALQ3080777',ಅಂಕಿತ್ ಕುಮಾರ್ ಹೆಚ್ ಎ',ಶ್ರೀನಿವಾಸ',58',20',ಗಂಡು',',KURUBA',UNEMPLOYE',NO'
ALQ2576171',ನಾಗರಾಜು',ವೆಂಕಟರವಣಪ್ಪ',60',39',ಗಂಡು',',KURUBA',KOOLI',NO'
ALQ2186112',ಗಂಗರತ್ನಮ್ಮ ವಿ',ನರಸಿಂಹಪ್ಪ',60',36',ಹೆಣ್ಣು',',KURUBA',HOUSE -WIFE',NO'
MVJ4280707',ಲಕ್ಷ್ಮಿ ನರಸಮ್ಮ',ನಾಗರಾಜು',60',33',ಹೆಣ್ಣು',',SC',KOOLI',NO'
ALQ2576189',ನರಸಿಂಹಪ್ಪ',ನರಸಿಂಹಪ್ಪ',61',61',ಗಂಡು',',SC',KOOLI',NO'
ALQ2576197',ಗೋವಿಂದಪ್ಪ',ಪೆದ್ದನ್ನ',65',56',ಗಂಡು',',SC',FARMER',NO'
ALQ2576205',ವೆಂಕಟಮ್ಮ',ಗೋವಿಂದಪ್ಪ',65',51',ಹೆಣ್ಣು',',SC',HOUSE -WIFE',NO'
ALQ2390383',ಶ್ರೀನಿವಾಸ ಎಚ್ ಜಿ',ಗೋವಿಂದಪ್ಪ',65',24',ಗಂಡು',',SC',UNEMPLOYE',NO'
ALQ2576213',ವೆಂಕಟೇಶಪ್ಪ',ಪೆದ್ದನ್ನ',66',76',ಗಂಡು',',SC',AGED',NO'
ALQ2576221',ಹನುಮಕ್ಕ',ವೆಂಕಟೇಶಪ್ಪ',66',71',ಹೆಣ್ಣು',',SC',AGED',NO'
MVJ2279321',ವಿ ಶ್ರೀನಿವಾಸ',ವೆಂಕಟೇಶಪ್ಪ',66',36',ಗಂಡು',',SC',KOOLI',NO'
MVJ2279362',ವಿ ಗಂಗಾಧರ',ವೆಂಕಟೇಶಪ್ಪ',66',36',ಗಂಡು',',SC',KOOLI',NO'
ALQ2273472',ಬಿ ಎನ್ ಪಾರಿಜಾತ',ಗಂಗಾಧರಪ್ಪ ವಿ',66',28',ಹೆಣ್ಣು',',SC',HOUSE -WIFE',NO'
ALQ2273514',ಪುಷ್ಪಲತ ಎನ್',ಶ್ರೀನಿವಾಸ',66',26',ಹೆಣ್ಣು',',SC',HOUSE -WIFE',NO'
ALQ0248609',ತಿಪ್ಪಣ್ಣ',ವೆಂಕಟರವಣಪ್ಪ',67',42',ಗಂಡು',',SC',FARMER',NO'
ALQ2120764',ಕೆ ಎನ್ ಅಂಬಿಕಾ',ತಿಪ್ಪಣ್ಣ',67',36',ಹೆಣ್ಣು',',SC',FARMER',NO'
ALQ2576254',ಆಂಜಮ್ಮ',ಬಾಲಪ್ಪ',70',61',ಹೆಣ್ಣು',',SC',HOUSE -WIFE',NO'
MVJ3468386',ಗಂಗಾಧರಪ್ಪ',ನರಸಿಂಹಪ್ಪ',71',56',ಗಂಡು',',SC',KOOLI',NO'
ALQ2576262',ನರಸಮ್ಮ',ಗಂಗಾಧರಪ್ಪ',71',46',ಹೆಣ್ಣು',',SC',HOUSE -WIFE',NO'
ALQ2273530',ಹರೀಶ್ ಬಾಬು ಹೆಚ್ ಎ',ಅಶ್ವತ್ಥಪ್ಪ',71',26',ಗಂಡು',',SC',UNEMPLOYE',NO'
ALQ2391035',ಸತೀಶ್ ಹೆಚ್ ಜಿ',ಗಂಗಾಧರಪ್ಪ',71',25',ಗಂಡು',',SC',KOOLI',NO'
ALQ2955367',ಉಮೇಶ ಹೆಚ್ ಜಿ',ಗಂಗಾಧರಪ್ಪ',71',23',ಗಂಡು',',SC',FACTORY WORKER',NO'
MVJ2279610',ಅಶ್ವತ್ಥಮ್ಮ',ಗಂಗಪ್ಪ',72',61',ಹೆಣ್ಣು',',ST',AGED',NO'
ALQ2576270',ಕೃಷ್ಣಮೂರ್ತಿ',ಗಂಗಪ್ಪ',72',46',ಗಂಡು',',ST',FARMER',NO'
MVJ2279255',ಎಸ್ ಆರ್ ಸುಜಾತಮ್ಮ',ಹೆಚ್ ಜಿ ಕೃಷ್ಣಮೂ',72',38',ಹೆಣ್ಣು',',ST',HOUSE -WIFE',NO'
ALQ2576288',ಬಸಮ್ಮ',ರಾಮರೆಡ್ಡಿ',74',71',ಹೆಣ್ಣು',',REDDY',AGED',NO'
ALQ2576296',ಬ್ರಹ್ಮಾನಂದರೆಡ್ಡಿ',ರಾಮರೆಡ್ಡಿ',74',45',ಗಂಡು',',REDDY',FARMER',NO'
ALQ0009142',ನಾಗಮಣಿ',ಬ್ರಹ್ಮಾನಂದ ರೆಡ್ಡಿ',74',38',ಹೆಣ್ಣು',',REDDY',HOUSE -WIFE',NO'
ALQ0249763',ಆದಮ್ಮ',ಸೋಮಯ್ಯರೆಡ್ಡಿ',75',81',ಹೆಣ್ಣು',',REDDY',AGED',NO'
MVJ2279560',ಲಕ್ಷ್ಮಿದೇವಮ್ಮ',ಆಂಜಿನಪ್ಪ',75',58',ಹೆಣ್ಣು',',REDDY',HOME',YES'
ALQ2273449',ರಾಜಶೇಖರ ರೆಡ್ಡಿ ಹೆಚ್ ಎಸ್',ಲೇಟ್ ಸೋಮಯ ರೆಡ್ಡಿ',75',47',ಗಂಡು',',REDDY',RE-ARMY',NO'
ALQ2120475',ರಾಮ್ ಪಾಲ್ ವೈ ಎಸ್',ಹೆಚ್ ಎಸ್ ಸೋಮಶೇಖರರೆಡ್ಡಿ',76',29',ಗಂಡು',',REDDY',UNEMPLOYE',NO'
ALQ2447159',ಜಯಕೀರ್ತಿ',ಅಮರನಾಥರೆಡ್ಡಿ',76',27',ಹೆಣ್ಣು',',REDDY',HOUSE -WIFE',NO'
ALQ1011584',ಶಕುಂತಲಮ್ಮ',ಯಂ ನಾರಾಯಣ',77',53',ಹೆಣ್ಣು',',REDDY',HOUSE -WIFE',NO'
MVJ2279735',ಎಂ ನಾರಾಯಣರೆಡ್ಡಿ',ಮೈಲಾರಪ್ಪ',77',48',ಗಂಡು',',REDDY',PANCHAYAT WORK',NO'
ALQ2120517',ಹೆಚ್ ಎನ್ ಮೈಲಾರಪ್ಪ',ಎಂ ನಾರಾಯಣರೆ',77',32',ಗಂಡು',',REDDY',UNEMPLOYE',NO'
ALQ2273670',ಮೇಘನ ಟಿ',ತಿಮ್ಮಾರೆಡ್ಡಿ ಆರ್',79',26',ಹೆಣ್ಣು',',REDDY',HOUSE -WIFE',NO'
ALQ2576320',ಚನ್ನಮ್ಮ',ಜವರಾಯಪ್ಪ',80',76',ಹೆಣ್ಣು',',LINGAYATH',AGED',NO'
ALQ2576338',ರಾಜಮ್ಮ',ನಾಗಭೂಷಣ',80',43',ಹೆಣ್ಣು',',LINGAYATH',HOME',NO'
ALQ2273431',ಉಮಶಂಕರ್ ಹೆಚ್ ಎನ್',ಲೇಟ್ ನಾಗಭೂತ',80',27',ಗಂಡು',',LINGAYATH',UNEMPLOYE',NO'
ALQ2390391',ಜಗದೀಶ್ ಎಚ್ ಎನ್',ನಾಗಭೂಷಣಪ್ಪ',80',24',ಗಂಡು',',LINGAYATH',UNEMPLOYE',NO'
ALQ2576353',ಹನುಮಂತರಾಯಪ್ಪ',ಹನುಮಂತಪ್ಪ',81',41',ಗಂಡು',',ST',KOOLI',NO'
MVJ4281150',ರಾಮಾಂಜಿನಮ್ಮ',ಹನುಮಂತರಾಯಪ',81',35',ಹೆಣ್ಣು',',ST',HOUSE -WIFE',NO'
ALQ2576379',ಸದಾಶಿವಪ್ಪ',ಹನುಮಂತಪ್ಪ',82',67',ಗಂಡು',',LINGAYATH',POOJARI',NO'
ALQ2576387',ರತ್ನಮ್ಮ',ಸದಾಶಿವಪ್ಪ',82',61',ಹೆಣ್ಣು',',LINGAYATH',HOUSE -WIFE',NO'
ALQ2576395',ಎಸ್ ಕುಮಾರಸ್ವಾಮಿ',ಸದಾಶಿವಪ್ಪ',82',41',ಗಂಡು',',LINGAYATH',FARMER',NO'
MVJ2175271',ಎಸ್ ನಾಗರಾಜ',ಸದಾಶಿವಪ್ಪ',82',41',ಗಂಡು',',LINGAYATH',FARMER',NO'
ALQ0248799',ಎನ್ ಶ್ವೇತ',ಎಸ್ ಕುಮಾರ್\u200cಸ್ವಾಮಿ',82',30',ಹೆಣ್ಣು',',LINGAYATH',HOUSE -WIFE',NO'
ALQ2515104',ರಶ್ಮಿ ಎಸ್',ನಾಗರಾಜ್ ಎಸ್',82',27',ಹೆಣ್ಣು',',LINGAYATH',HOUSE -WIFE',NO'
ALQ2576403',ಹುಸೇನ್ ಸಾಬಿ',ಮಸ್ತಾನ್ ಸಾಬಿ',83',71',ಗಂಡು',',MUSLIM',AGED',NO'
ALQ2576411',ಹಮೀನಾಬಿ',ಹುಸೇನ್ ಸಾಬಿ',83',69',ಹೆಣ್ಣು',',MUSLIM',HOUSE -WIFE',NO'
ALQ2515203',ಪಾರಿಧಾ ಭಾನು',ಜಲಾಲ್ ಬಾಬು',83',29',: ಹೆಣ್ಣು',',MUSLIM',FACTORY WORKER',NO'
ALQ3080686',ನ್ಯಾಮತ್ ಬಿ',ಹುಸೇನ್ ಸಾಬ್',83',20',ಹೆಣ್ಣು',',MUSLIM',HOUSE -WIFE',NO'
ALQ1011592',ಹೆಚ್ ಬಾಷಾ',ವಾಲ್ಮನ್ನುಸೇನ್ ಸಾಬಿ',84',71',ಗಂಡು',',MUSLIM',AGED',NO'
ALQ2576429',ಪ್ಯಾರಿಮಾ',ಹೆಚ್ ಬಾಷಾ',84',66',ಹೆಣ್ಣು',',MUSLIM',AGED',NO'
ALQ2576437',ಆಬ್ದುಲ್\u200cಆಮೀದ್',ಹೆಚ್ ಬಾಷಾ',84',43',ಗಂಡು',',MUSLIM',AUTO DRIVER',NO'
ALQ1011600',ಪರವೀನ್ ತಾಜ್',ಆಬ್ದುಲ್\u200cಆಮೀದ್',84',41',ಹೆಣ್ಣು',',MUSLIM',HOUSE -WIFE',NO'
ALQ2391084',ಇಮ್ರಾನ್ ಎಚ್ ಎ',ಅಬ್ದುಲ್ ಅಮೀದ',84',24',ಗಂಡು',',MUSLIM',UNEMPLOYE',NO'
ALQ3080843',ಮುಬೀನ ಎ',ಅಬ್ದುಲ್ ಹಮೀದ್',84',21',ಹೆಣ್ಣು',',MUSLIM',HOUSE -WIFE',NO'
ALQ2576445',ಶಂಕರಪ್ಪ',ಖಾದ್ರಪ್ಪ',86',51',ಗಂಡು',',DEATH',',NO'
ALQ2576460',ಶಾರದಮ್ಮ',ಶಂಕರಪ್ಪ',86',41',ಹೆಣ್ಣು',',LINGAYATH',HOME',NO'
ALQ2363596',ಮಂಜುನಾಥ ಎಸ್',ಶಂಕರಪ್ಪ',86',25',ಗಂಡು',',LINGAYATH',UNEMPLOYE',NO'
MVJ2174944',ಗೌರಮ್ಮ',ಪಿ ಹನುಮಂತಪ್ಪ',88',86',ಹೆಣ್ಣು',',LINGAYATH',AGED',NO'
MVJ2279081',ಶಿವಾನಂದಕುಮಾರ್',ಪಿ ಹನುಮಂತಪ್ಪ',88',51',ಗಂಡು',',LINGAYATH',COIN SHOP',NO'
ALQ2390243',ದಿವ್ಯತೇಜ ಎಚ್ ಎಸ್',ಶಿವಾನಂದ ಕುಮಾರ',88',41',ಗಂಡು',',LINGAYATH',HOME',NO'
MVJ2175164',ಆರ್ ಪಿ ರಾಧಮ್ಮ',ಶಿವಾನಂದಕುಮಾರ್',88',41',ಹೆಣ್ಣು',',LINGAYATH',COIN SHOP',NO'
ALQ2576486',ಹೆಚ್ ಎಲ್ ಸೋಮಶೇಖರರೆಡ್ಡಿ',ಹೆಚ್ ಎಸ್ ಲಕ್ಷ್ಮಣರೆಡ್ಡಿ',89',41',ಗಂಡು',',REDDY',FARMER',NO'
ALQ2576510',ತಿಮ್ಮರೆಡ್ಡಿ',ಜಿ ಸೋಮರೆಡ್ಡಿ',90',3',ಗಂಡು',',REDDY',GP-MEMBER',NO'
ALQ2576528',ಹೆಚ್ ಎನ್ ರಾಜಗೋಪಾಲರೆಡ್ಡಿ',ಜಿ ಸೋಮರೆಡ್ಡಿ',90',61',ಗಂಡು',YES',REDDY',',NO'
MVJ2176014',ಹೆಚ್ ಎಸ್ ನಂದಗೋಪಾಲರೆಡ್ಡಿ',ಜಿ ಸೋಮರೆಡ್ಡಿ',90',59',ಗಂಡು',',REDDY',PVT TEACHER',NO'
ALQ2204881',ಗೀತಾಂಜಲಿ',ಹೆಚ್ ಎಸ್ ರಾಜಗೋಪಾಲರೆಡ್ಡಿ',90',56',ಹೆಣ್ಣು',',REDDY',HOUSE -WIFE',NO'
ALQ2576536',ವನಜ ವಿ',ತಿಮ್ಮರೆಡ್ಡಿ',90',53',ಹೆಣ್ಣು',',REDDY',HOUSE -WIFE',NO'
MVJ2279685',ಕೆ ಎನ್ ಭಾರತಿ',ಹೆಚ್ ಎಸ್ ನಂದಗೋಪಾಲರೆಡ್ಡಿ',90',53',ಹೆಣ್ಣು',YES',REDDY',',NO'
MVJ2176071',ಟಿ ಚೇತನ್ ರೆಡ್ಡಿ',ತಿಮ್ಮರೆಡ್ಡಿ',90',36',ಗಂಡು',',REDDY',PETROL BUNK',NO'
ALQ2515112',ಸೌಂದರ್ಯ ಎನ್',ಚೇತನ್ ರೆಡ್ಡಿ ಟಿ',90',28',ಹೆಣ್ಣು',',REDDY',HOUSE -WIFE',NO'
ALQ2273332',ಚರಣ್ ರೆಡ್ಡಿ ಎನ್',ನಂದ ಗೋಪಾಲ್ ರೆಡ್ಡಿ ಹೆಚ್ ಎಸ್',90',25',ಗಂಡು',YES',REDDY',',NO'
MVJ2279172',ಜಿ ರಾಜಣ್ಣ',ಗಣಪ್ಪ',91',41',ಗಂಡು',',LINGAYATH',FARMER',NO'
ALQ0008698',ಜಿ ಶ್ರೀದೇವಿ',ಪಿ ಗಣಪ್ಪ',91',34',ಹೆಣ್ಣು',YES',LINGAYATH',',NO'
ALQ2391142',ಯಶೋದ ಎಸ್ ಎಸ್',ರಾಜಣ್ಣ',91',29',ಹೆಣ್ಣು',',LINGAYATH',HOUSE -WIFE',NO'
ALQ2576544',ಹೆಚ್ ಶಂಕರಪ್ಪ',ಪಿ ಹನುಮಂತಪ್ಪ',93',65',ಗಂಡು',',LINGAYATH',COIN SHOP',NO'
ALQ2576551',ನಾಗರತ್ನಮ್ಮ',ಹೆಚ್ ಶಂಕರಪ್ಪ',93',51',ಹೆಣ್ಣು',',LINGAYATH',HOUSE -WIFE',NO'
MVJ2175230',ರವಿಚಂದ್ರ ಹೆಚ್ ಎಸ್',ಹೆಚ್ ಶಂಕರಪ್ಪ',93',38',ಗಂಡು',',LINGAYATH',AUTO DRIVER',NO'
ALQ0008706',ಮಂಜುಳ',ರವಿಚಂದ್ರ ಹೆಚ್ ಎಸ್',93',35',ಹೆಣ್ಣು',',LINGAYATH',HOUSE -WIFE',NO'
ALQ2576569',ಚಂದ್ರಶೇಖರ್ ',',',59',ಗಂಡು',',DELETED',',NO'
ALQ2576577',ಅಲುವೇಲಮ ',',',56',ಹೆಣ್ಣು',',DELETED',',NO'
ALQ2366409',ಸ್ವಾತಿ ಎಸ್',ಮಹೆಶ್ ಸಿ',94',29',ಹೆಣ್ಣು',YES',LINGAYATH',',NO'
ALQ2576585',ಡಿ ಕಂಬಣ್ಣ',ದಾಸಪ್ಪ',95',71',ಗಂಡು',',LINGAYATH',HOME',YES'
ALQ0248666',ಶ್ರೀನಿವಾಸಗೌಡ',ಉಗ್ರಪ್ಪ',97',69',ಗಂಡು',',LINGAYATH',HOME',YES'
ALQ0248716',ಚಿಕ್ಕಮ್ಮ',ಶ್ರೀನಿವಾಸಗೌಡ',97',49',ಹೆಣ್ಣು',',LINGAYATH',AGED',NO'
ALQ0247056',ನಂದಾ',ಶ್ರೀನಿವಾಸಗೌಡ',97',36',ಗಂಡು',',LINGAYATH',UNEMPLOYE',NO'
ALQ2538940',ಹೇಮಾವತಿ ಕೆ ಆರ್',ನಂದಾ',97',31',ಹೆಣ್ಣು',',LINGAYATH',HOUSE -WIFE',NO'
ALQ2576593',ರಾಮಾಂಜಮ್ಮ',ಆರ್ ವಿ ರಾಮರೆಡ್ಡಿ',99',72',ಹೆಣ್ಣು',',REDDY',HOUSE -WIFE',NO'
ALQ1011634',ಹೆಚ್ ಆರ್ ಅಮರನಾಥರೆದ',ಆರ್\u200c ವಿ ರಾಮರೆಡ್ಡಿ',99',36',ಗಂಡು',',REDDY',FACTORY WORKER',YES'
ALQ0009134',ಹೆಚ್ ಆರ್ ಸೋಮನಾಥ',ಆರ್ ವಿ ರಾಮರೆ',99',32',ಗಂಡು',YES',REDDY',',NO'
ALQ2576601',ಸುಶೀಲಮ್ಮ',ಹೆಚ್ ಎಸ್ ಸದಾಶಿವರೆಡ್ಡಿ',100',59',ಹೆಣ್ಣು',',REDDY',AGED',NO'
ALQ2151157',ಕೆಎ ಪವಿತ್ರ',ಸೋಮನಾಥ ಹೆಚ್',100',33',ಹೆಣ್ಣು',YES',REDDY',HOUSE -WIFE',NO'
ALQ2576619',ಹೆಚ್ ಎಸ್ ಪ್ರಭಾಕರರೆಡ್ಡಿ',ಚಿಕ್ಕಸೋಮಯ್ಯ',101',53',ಗಂಡು',YES',REDDY',',NO'
ALQ2576627',ಪದ್ಮಾವತಮ್ಮ',ಪ್ರಭಾಕರರೆಡ್ಡಿ',101',46',ಹೆಣ್ಣು',YES',REDDY',',NO'
ALQ1011642',ಹೆಚ್ ಪಿ ಸೋಮನಾಥ',ಹೆಚ್ ಎಸ್ ಪ್ರಭಾತ ರೆಡ್ಡಿ',101',32',ಗಂಡು',YES',REDDY',FACTORY WORKER',NO'
ALQ0249847',ಹೆಚ್ ಪಿ ಧನಂಜಯ',ಹೆಚ್ ಎಸ್ ಪ್ರಭಾತ ರೆಡ್ಡಿ',101',30',ಗಂಡು',YES',REDDY',',NO'
ALQ2427326',ವೆಂಕಟಲಕ್ಷ್ಮಮ್ಮ',ನರಸೇಗೌಡ',101',25',ಹೆಣ್ಣು',',KURUBA',HOUSE -WIFE',NO'
ALQ2576635',ಸೋಮಚಂದ್ರ ರೆಡ್ಡಿ ಸಿ',ಸೋಮರೆಡ್ಡಿ',102',72',ಗಂಡು',',REDDY',FARMER',NO'
ALQ2576643',ಪದ್ಮಾವತಮ್ಮ',ಸೋಮಚಂದ್ರರೆಡ್ಡಿ',102',64',ಹೆಣ್ಣು',',REDDY',HOUSE -WIFE',NO'
ALQ2576650',ಮಲ್ಲಿಕಾರ್ಜುನರೆಡ್ಡಿ',ಸೋಮಚಂದ್ರರೆಡ್ಡಿ',102',41',ಗಂಡು',',REDDY',HOME',NO'
MVJ2174530',ರವಿಂದ್ರಾರೆಡ್ಡಿ',ಸೋಮಚಂದ್ರಾರೆಡ್ಡಿ',102',36',ಗಂಡು',',REDDY',HOME',NO'
MVJ4281044',ಆರ್\u200c ಸುಮಿತ್ರಮ್ಮ',ಮಲ್ಲಿ ಕಾರ್ಜುನರೆಡ್ಡಿ',102',35',ಹೆಣ್ಣು',',REDDY',HOUSE -WIFE',NO'
MVJ2174555',ಹೆಚ್ ಎಲ್ ವೆಂಕಟೇಶರೆಡ್ಡಿ',ಲಕ್ಷ್ಮಣರೆಡ್ಡಿ',103',64',ಗಂಡು',',REDDY',FARMER',NO'
MVJ2279230',ಸುನಂದಮ್ಮ',ಹೆಚ್ ಎಲ್ ವೆಂಕಟೇಶರೆಡ್ಡಿ',103',60',ಹೆಣ್ಣು',',REDDY',HOUSE -WIFE',NO'
MVJ4281184',ಹೆಚ್ ಎಲ್ ನಾರಾಯಣರೆ',ಲಕ್ಷ್ಮಣರೆಡ್ಡಿ',103',58',ಗಂಡು',',REDDY',PVT TEACHER',NO'
ALQ2576668',ಶ್ರೀನಿವಾಸರೆಡ್ಡಿ',ಲಕ್ಷ್ಮಣರೆಡ್ಡಿ',103',43',ಗಂಡು',',REDDY',KOOLI',NO'
MVJ2175107',ಸುಜಾತಮ್ಮ',ಹೆಚ್ ಎಲ್ ನಾರಾಯಣರೆಡ್ಡಿ',103',41',ಹೆಣ್ಣು',',REDDY',HOUSE -WIFE',NO'
MVJ4280863',ಸಿ ಟಿ ವಿಮಲ',ಶ್ರೀನಿವಾಸರೆಡ್ಡಿ',103',37',ಹೆಣ್ಣು',',REDDY',HOUSE -WIFE',NO'
ALQ2515237',ಹೆಚ್ ಎನ್ ಪವನ್ ಕುಮಾರ್',ಹೆಚ್ ಎಲ್ ನಾರಾಯಣರೆಡ್ಡಿ',103',23',ಗಂಡು',',REDDY',UNEMPLOYE',NO'
ALQ3080819',ಪಲ್ಲವಿ ಎಸ್',ಶ್ರೀನಿವಾಸರೆಡ್ಡಿ',103',20',ಹೆಣ್ಣು',',REDDY',HOUSE -WIFE',NO'
ALQ2576676',ತಿಮ್ಮರೆಡ್ಡಿ',ವೆಂಕಟರೆಡ್ಡಿ',104',51',ಗಂಡು',',REDDY',FARMER',NO'
ALQ2576684',ತಿಮ್ಮಕ್ಕ',ತಿಮ್ಮರೆಡ್ಡಿ',104',46',ಹೆಣ್ಣು',',REDDY',HOUSE -WIFE',NO'
ALQ2151132',ಟಿ ವೆಂಕಟೇಶ್',ವಿ ತಿಮ್ಮಾರೆಡ್ಡಿ',104',28',ಗಂಡು',',REDDY',UNEMPLOYE',NO'
ALQ1011667',ಜಯಲಕ್ಷ್ಮಮ್ಮ',ರಾಮಪ್ಪ',105',61',ಹೆಣ್ಣು',',AGASARU',HOUSE -WIFE',NO'
MVJ2175057',ಆರ್ ಶಿವಯ್ಯ',ರಾಮಪ್ಪ',105',36',ಗಂಡು',',AGASARU',FARMER',NO'
ALQ2477990',ಶ್ರೀದೇವಿ ಕೆ ಎಸ್',ಶಿವಯ್ಯ ಆರ್',105',35',ಹೆಣ್ಣು',',AGASARU',HOUSE -WIFE',NO'
ALQ2576700',ಆಂಜಿನಮ್ಮ',ಗೋವಿಂದಪ್ಪ',106',69',ಹೆಣ್ಣು',',AGASARU',AGED',NO'
ALQ2576718',ಸೀನಪ್ಪ',ಗೋವಿಂದಪ್ಪ',106',45',ಗಂಡು',',AGASARU',FARMER',NO'
MVJ3468881',ಮಂಜುಳಮ್ಮ',ಸೀನಪ್ಪ',106',40',ಹೆಣ್ಣು',',AGASARU',HOUSE -WIFE',NO'
ALQ2576726',ಅಶ್ವತ್ಥಮ್ಮ',ವೆಂಕಟರಾಮಿರೆಡ್ಡಿ',108',69',ಹೆಣ್ಣು',',REDDY',HOUSE -WIFE',NO'
ALQ2576742',ರತ್ನಮ್ಮ',ಶ್ರೀರಾಮರೆಡ್ಡಿ',109',66',ಹೆಣ್ಣು',',REDDY',HOUSE -WIFE',NO'
MVJ2174563',ಎಸ್ ವಸಂತರೆಡ್ಡಿ',ಶ್ರೀರಾಮರೆಡ್ಡಿ',109',46',ಗಂಡು',',REDDY',HOME',NO'
ALQ2576759',ಶ್ರೀನಿವಾಸರೆಡ್ಡಿ',ಶ್ರೀರಾಮರೆಡ್ಡಿ',109',41',ಗಂಡು',',REDDY',HOME',YES'
ALQ2515138',ಸ್ವಾತಿ ಎಮ್ ಬಿ',ವಸಂತರೆಡ್ಡಿ ಎಸ್',100',27',ಹೆಣ್ಣು',',REDDY',HOUSE -WIFE',NO'
MVJ4280822',ರಾಜಪ್ಪ',ತಿಮ್ಮಯ್ಯ',111',43',ಗಂಡು',',AGASARU',FACTORY WORKER',NO'
ALQ2576767',ಪದ್ಮ ಆರ್',ರಾಜಪ್ಪ',111',43',ಹೆಣ್ಣು',',AGASARU',HOUSE -WIFE',NO'
ALQ2305258',ಶ್ರೀನಾಥ್ ಬಾಬು ಆರ್',ರಾಜಪ್ಪ',111',27',ಗಂಡು',',AGASARU',UNEMPLOYE',NO'
ALQ2576783',ಲಕ್ಷ್ಮಮ್ಮ',ಚಿಕ್ಕನರಸಿಂಹಪ್ಪ',113',71',ಹೆಣ್ಣು',',LINGAYATH',AGED',NO'
ALQ0009100',ನಾರಾಯಣಪ್ಪ',ಚಿಕ್ಕನರಸಿಂಹಪ್ಪ',113',47',ಗಂಡು',',LINGAYATH',FARMER',NO'
ALQ2576791',ಉಮಾದೇವಮ್ಮ',ನಾರಾಯಣಪ್ಪ',113',43',ಹೆಣ್ಣು',',LINGAYATH',HOUSE -WIFE',NO'
MVJ3469558',ಗಂಗಾಧರಯ್ಯ ',ಲಕ್ಷ್ಮಮ್ಮ',113',42',ಗಂಡು',',LINGAYATH',GOVERMENT EMPLOYEE',NO'
ALQ2576809',ನಾಗರಾಜಪ್ಪ',ಗೋವಿಂದಪ್ಪ',114',49',ಗಂಡು',',LINGAYATH',FARMER',NO'
MVJ2278919',ನಾಗರತ್ನ',ನಾಗರಾಜಪ್ಪ',114',43',ಹೆಣ್ಣು',',LINGAYATH',HOUSE -WIFE',NO'
ALQ2391027',ಚೇತನ್ ಎನ್',ನಾಗರಾಜುಜಿ',114',24',ಗಂಡು',',LINGAYATH',FARMER',NO'
ALQ2576817',ಹೆಚ್ ಆರ್ ಚಂದ್ರಶೇಖರ',ಹೆಚ್ ಒ ರಾಮಪ್ಪ',115',42',ಗಂಡು',',LINGAYATH',DIARY',NO'
ALQ2576825',ಎಂ ಎನ್ ಉಮಾದೇವಿ',ಹೆಚ್ ಆರ್ ಚಂದ್ರಶೇಖರ',115',40',ಹೆಣ್ಣು',',LINGAYATH',HOUSE -WIFE',NO'
ALQ2393916',ಪವಿತ್ರ ಎಚ್ ಸಿ',ಚಂದ್ರಶೇಖರ್ ಆರ್',115',24',ಹೆಣ್ಣು',',LINGAYATH',STUDENT',NO'
MVJ3468758',ಬೈಯಮ್ಮ',ಪಾಪಣ್ಣ',119',63',ಹೆಣ್ಣು',',KUMBA',KOOLI',NO'
ALQ2576833',ರಾಮಾಂಜಿನಪ್ಪ',ಸಂಜೀವಪ್ಪ',120',66',ಗಂಡು',',ST',KOOLI',NO'
ALQ2576841',ಗಂಗಮ್ಮ',ರಾಮಾಂಜಿನಪ್ಪ',120',61',ಹೆಣ್ಣು',',ST',HOUSE -WIFE',NO'
MVJ2278745',ಅಶ್ವತ್ಥಪ್ಪ ಕೆ ಎನ್',ನರಸಿಂಹಪ್ಪ',120',48',ಗಂಡು',',ST',BANK EMPLOYE',NO'
MVJ2279552',ಎಚ್ ಆರ್ ಆನಂದ್',ಎಚ್ ಎಸ್ ರಾಮಾಂಜನಪ್ಪ',120',40',ಗಂಡು',',ST',KOOLI',NO'
MVJ4281408',ಕಮಲಮ್ಮ',ಅಶ್ವತ್ಥಪ್ಪ',120',39',ಹೆಣ್ಣು',',ST',HOUSE -WIFE',NO'
ALQ0008391',ಲಲಿತ',ಆನಂದ್',120',35',ಹೆಣ್ಣು',',ST',HOUSE -WIFE',NO'
ALQ3167657',ಅಂಜಮ್ಮ',ವಿಶ್ವನಾಥಚಾರ್',121',68',ಹೆಣ್ಣು',',ACHARI',HOUSE -WIFE',NO'
ALQ2576874',ಹೆಚ್ ಎನ್ ಶ್ರೀನಿವಾ ವಾಬ',ನಾರಾಯಣರೆಡ್ಡಿ',122',51',ಗಂಡು',',REDDY',FARMER',NO'
ALQ0248062',ಹೆಚ್ ವೆಂಕಟೇಶಬಾಬು',ನಾರಾಯಣರೆಡ್ಡಿ',122',49',ಗಂಡು',YES',REDDY',SECURITY ',NO'
ALQ2576882',ಸುನಿತ',ಹೆಚ್ ಎನ್ ಶ್ರೀನಿವಾಸಬಾಬು',122',46',ಹೆಣ್ಣು',',REDDY',HOUSE -WIFE',NO'
MVJ3469095',ಎಚ್ ವಿ ಸುಭಾಷಿಣಿ',ಹೆಚ್ ಎನ್ ವೆಂಕಟೇಶ್ ಬಾಬು',122',36',ಹೆಣ್ಣು',',REDDY',HOUSE -WIFE',NO'
ALQ2475333',ಲಿಖಿತಾ ಹೆಚ್ ಎಸ್',ಶ್ರೀನಿವಾಸ ಬಾಬು ಹೆಚ್ ಎನ್',122',25',ಹೆಣ್ಣು',',REDDY',HOUSE -WIFE',NO'
ALQ3131455',ಹೆಚ್ ಎಸ್ ವಂದನ',ಶ್ರೀನಿವಾಸ್ ಬಾಬು ಹೆಚ್ ಎನ್',122',20',ಹೆಣ್ಣು',',REDDY',HOUSE -WIFE',NO'
ALQ2576908',ಕೆ ಎಸ್ ವೆಂಕಟಲಕ್ಷ್ಮಮ್ಮ',ಎನ್ ಶಿವಯ್ಯ',123',58',ಹೆಣ್ಣು',',REDDY',HOUSE -WIFE',NO'
MVJ2278737',ಹೆಚ್ ಎಸ್ ವೆಂಕಟೇಶ್ ಬಾಬು',ಶಿವಯ್ಯ ಎನ್',123',36',ಗಂಡು',',REDDY',FACTORY WORKER',NO'
ALQ2273662',ಅರ್ ದಿವ್ಯಾ',ಹೆಚ್ ಎಸ್ ವೆಂಕಟೇ ಬಾಬು',123',27',ಹೆಣ್ಣು',',REDDY',HOUSE -WIFE',NO'
ALQ0008219',ಜಯಪ್ಪರೆಡ್ಡಿ',ಹನುಮಂತರೆಡ್ಡಿ',124',59',ಗಂಡು',',REDDY',HOME',YES'
MVJ4281416',ಅನುಸೂಯಮ್ಮ',ಜಯಪ್ಪರೆಡ್ಡಿ',124',43',ಹೆಣ್ಣು',YES',REDDY',HOUSE -WIFE',NO'
ALQ2273555',ಯೋಗನಂದರೆಡ್ಡಿ ಹೆಚ್ ಜೆ',ಜಯಪ್ಪ ರೆಡ್ಡಿ',124',28',ಗಂಡು',YES',REDDY',FACTORY WORKER',NO'
ALQ2359131',ರವೀಂದ್ರರೆಡ್ಡಿ ಹೆಚ್ ಜೆ',ಜಯಪ್ಪರೆಡ್ಡಿ',124',27',ಗಂಡು',YES',REDDY',FACTORY WORKER',NO'
ALQ2576924',ಜಯಪ್ಪ',ಲಕ್ಷ್ಮಯ್ಯ',125',53',ಗಂಡು',',EDIGA',FARMER',NO'
ALQ2576932',ಲಕ್ಷ್ಮಮ್ಮ',ಜಯಪ್ಪ',125',51',ಹೆಣ್ಣು',',EDIGA',HOUSE -WIFE',NO'
ALQ0008417',ನರಸಿಂಹಮೂರ್ತಿ ಜೆ',ಜಯಪ್ಪಸಿ',125',33',ಗಂಡು',',EDIGA',HOME',NO'
ALQ2120533',ಪಾರಿಜಾತ ಜೆ',ಜಯಪ್ಪ',125',29',ಹೆಣ್ಣು',',EDIGA',CDPO ASS-SUPERVISER',NO'
ALQ2273613',ನವೀನ ಕುಮಾರ ಜೆ',ಜಯಪ್ಪ',125',25',ಗಂಡು',',EDIGA',UNEMPLOYE',NO'
ALQ2576940',ವೆಂಕಟರವಣಪ್ಪ',ನಂಜಪ್ಪ',127',55',ಗಂಡು',',UPPARA',HOME',YES'
ALQ2576957',ನಾಗಮ್ಮ',ವೆಂಕಟರವಣಪ್ಪ',127',51',ಹೆಣ್ಣು',',UPPARA',HOUSE -WIFE',NO'
ALQ2186120',ಹೆಚ್ ವಿ ಬಾಬು',ವೆಂಕಟರವಣಪ್ಪ',127',28',ಗಂಡು',',UPPARA',UNEMPLOYE',NO'
ALQ3080447',ಗಂಗರತ್ನ',ಹೆಚ್ ವಿ ಬಾಬು',127',20',ಹೆಣ್ಣು',',UPPARA',HOUSE -WIFE',NO'
MVJ2174878',ಪುಷ್ಪ',ಎ ಪ್ರಕಾಶ್\u200c ರೆಡ್ಡಿ',128',38',ಹೆಣ್ಣು',',LINGAYATH',HOUSE -WIFE',NO'
ALQ2151108',ಭಾರತಿ',ಅನಿಲ್ ಕುಮಾರ್',128',32',ಹೆಣ್ಣು',YES',REDDY',HOUSE -WIFE',NO'
ALQ3169240',ಮಹೇಶ್ ಬಾಬುಹೆಚ್ ಪಿ',ಪ್ರಕಾಶ್\u200c ರೆಡ್ಡಿ',128',20',ಗಂಡು',YES',REDDY',',NO'
MVJ3468774',ನಾರಾಯಣರೆಡ್ಡಿ',ವೆಂಕಟರೆಡ್ಡಿ',130',69',ಗಂಡು',',REDDY',AGED',NO'
ALQ2576981',ಸರೋಜಮ್ಮ',ನಾರಾಯಣರೆಡ್ಡಿ',130',61',ಹೆಣ್ಣು',',REDDY',AGED',NO'
ALQ1011691',ವೆಂಕಟೇಶಬಾಬು',ನಾರಾಯಣರೆಡ್ಡಿ',130',41',ಗಂಡು',',REDDY',FARMER',NO'
ALQ0248682',ರೂಪ',ವೆಂಕಟೇಶ ಬಾಬು',130',35',ಹೆಣ್ಣು',',REDDY',HOUSE -WIFE',NO'
ALQ0245621',ಹುಸೇನ್ ಸಾಬ್',ಪೇರುಸಾಬ್',131',77',ಗಂಡು',',DEATH',',NO'
ALQ2576999',ಪೀರಾಂಬಿ',ಹುಸೇನ್ ಸಾಬಿ',131',61',ಹೆಣ್ಣು',',MUSLIM',HOME',NO'
ALQ0245795',ನೂರ್ ಜಾನ್',ಪೀರ್ ಸಾಬಿ',131',41',ಹೆಣ್ಣು',',MUSLIM',KOOLI',NO'
MVJ2174480',ಪೇರುಸಾಬಿ',ಹುಸ್ಸೇನ್ ಸಾಬಿ',131',36',ಗಂಡು',',MUSLIM',KOOLI',NO'
ALQ2367308',ಜಬೀವುಲ್ಲಾ',ವೀರೂಸಾಬ್',131',27',ಗಂಡು',',MUSLIM',KOOLI',NO'
ALQ2515211',ಪಿಇಮ್ರಾನ್',ಪೀರ್ ಸಾಬ್',131',23',ಗಂಡು',',MUSLIM',FACTORY WORKER',NO'
ALQ3035300',ಇರ್ಫಾನ್',ಪೀರಸಾಬಿ',131',21',ಗಂಡು',',MUSLIM',FACTORY WORKER',NO'
ALQ2577005',ಅಶ್ವತ್ಥನಾರಾಯಣ',ಅಶ್ವತ್ಥಪ್ಪ',132',45',ಗಂಡು',',ST',HOME',NO'
ALQ2577013',ಗಂಗರತ್ನಮ್ಮ',ಅಶ್ವತ್ಥನಾರಾಯಣ',132',43',ಹೆಣ್ಣು',',ST',HOUSE -WIFE',NO'
ALQ3080520',ನಂದಿನಿ ಹೆಚ್ ಎ',ಅಶ್ವತ್ಥ ನಾರಾಯಣ',132',20',ಹೆಣ್ಣು',YES',ST',STUDENT',NO'
ALQ2577021',ಶ್ರೀರಾಮರೆಡ್ಡಿ',ತಿಮ್ಮರೆಡ್ಡಿ',134',66',ಗಂಡು',',REDDY',FARMER',NO'
ALQ2577039',ಆದಿಲಕ್ಷ್ಮಮ್ಮ',ಶ್ರೀರಾಮರೆಡ್ಡಿ',134',61',ಹೆಣ್ಣು',',REDDY',AGED',NO'
MVJ3468329',ನಂದಾ',ಟಿ ಶ್ರೀರಾಮರೆಡ್ಡಿ',134',37',ಗಂಡು',',REDDY',UNEMPLOYE',NO'
ALQ2273597',ಅಮೀತ ಪಿ',ನಂದಕುಮಾರರೆಡ್ಡಿ ಎಸ್',134',34',ಹೆಣ್ಣು',',REDDY',HOUSE -WIFE',NO'
ALQ1011733',ಲಕ್ಷ್ಮೀನಾರಾಯಣರೆಡ್ಡಿ',ತಿಮ್ಮರೆಡ್ಡಿ',135',69',ಗಂಡು',',REDDY',HOUSE -WIFE',NO'
ALQ2577047',ಸುಜಾತಮ್ಮ',ಲಕ್ಷ್ಮಿನಾರಾಯಣರೆ',135',67',ಹೆಣ್ಣು',',REDDY',HOUSE -WIFE',NO'
MVJ3469038',ನಾಗಮ್ಮ',ಸಜ್ಜನ್ನ',136',66',ಹೆಣ್ಣು',',LINGAYATH',HOUSE -WIFE',NO'
ALQ0008680',ಎಸ್ ಸುಮ',ಸಜ್ಜನ್ನ',136',33',ಹೆಣ್ಣು',',LINGAYATH',HOUSE -WIFE',NO'
ALQ2577054',ಪರಮೇಶ',ಪಾಪಣ್ಯ',138',39',ಗಂಡು',',LINGAYATH',FACTORY WORKER',NO'
ALQ0248468',ಜಿ ಪ್ರೇಮ',ಪರಮೇಶ್',138',36',ಹೆಣ್ಣು',',LINGAYATH',HOUSE -WIFE',NO'
MVJ4281572',ಪರಮೇಶ ಪಿ',ಪಾಪಣ್ಣ',138',34',ಗಂಡು',',LINGAYATH',HOME',NO'
ALQ2538973',ಸೌಮ್ಯ ಎಂ',ಪರಮೇಶ ಪಿ',138',24',ಹೆಣ್ಣು',',LINGAYATH',STUDENT',NO'
ALQ2577088',ನರಸಮ್ಮ',ಹೆಚ್ ಕೆ ರಂಗಪ್ಪ',139',76',ಹೆಣ್ಣು',',LINGAYATH',HOUSE -WIFE',NO'
MVJ2174811',ಆರ್ ರಂಗನಾಥ್',ಹೆಚ್ ಕೆ ರಂಗಪ್ಪ',139',41',ಗಂಡು',',LINGAYATH',FARMER',NO'
MVJ2174829',ಚಂದ್ರಶೇಖರ',ಎಚ್ ಕೆ ರಂಗಪ್ಪ',139',38',ಗಂಡು',',LINGAYATH',FARMER',NO'
ALQ0008961',ವಿಶಾಲಾಕ್ಷಿಬಿ',ಆರ್ ರಂಗನಾಥ',139',36',ಹೆಣ್ಣು',',LINGAYATH',HOUSE -WIFE',NO'
ALQ0008979',ಸೂರ್ಯ ಕಲಾ',ಚಂದ್ರಶೇಖರ್ ಎನ್',139',34',ಹೆಣ್ಣು',',LINGAYATH',HOUSE -WIFE',NO'
ALQ3080744',ಚೇತನ್ ಹೆಚ್ ವಿ',ವೆಂಕಟೇಶ್',139',21',ಗಂಡು',',LINGAYATH',UNEMPLOYE',NO'
ALQ3169455',ಶಿಲ್ಪ ಹೆಚ್ ವಿ',ವೆಂಕಟೇಶಪ್ಪ',139',19',ಹೆಣ್ಣು',',LINGAYATH',STUDENT',NO'
MVJ2279297',ಪಾತಲಿಂಗಮ್ಮ',ಪಾಪನ್ನ',141',61',ಹೆಣ್ಣು',YES',NEGARU',',NO'
MVJ2279016',ಪಿ ದೇವರಾಜು',ಪಾಪಣ್ಣ',141',37',ಗಂಡು',YES',NEGARU',',NO'
ALQ2539005',ದೇವಿ ಎನ್',ದೇವರಾಜುಪಿ',141',30',ಹೆಣ್ಣು',YES',NEGARU',',NO'
ALQ2577104',ಕಮಲಾಬಾಯಿ',ಎನ್ ಶಂಕರರಾವ್',142',51',ಹೆಣ್ಣು',',DHARJI',KOOLI',NO'
MVJ3469608',ಹೆಚ್ ಎಸ್ ನಾರಾಯಣರಾಠ',ಎಸ್ ಶಂಕರ ರಾವ್',142',36',ಗಂಡು',',DHARJI',KOOLI',NO'
ALQ2538965',ರತ್ನ ಬಾಯಿ',ಲಕ್ಷ್ಮಣ ರಾವ್ ಜಿ ಜಿ',145',51',ಹೆಣ್ಣು',',DHARJI',HOME',NO'
ALQ2577138',ನರಸಿಂಹಪ್ಪ',ಈರಣ್ಣ',148',61',ಗಂಡು',',AGASARU',DHOBI',NO'
ALQ2577146',ಮಲ್ಲಮ್ಮ',ನರಸಿಂಹಪ್ಪ',148',54',ಹೆಣ್ಣು',',AGASARU',DHOBI',NO'
ALQ2577161',ಲಕ್ಷ್ಮಮ್ಮ',ನ್ಯಾತಪ್ಪ',151',69',ಹೆಣ್ಣು',',GOLLA',AGED',NO'
ALQ2577179',ವೆಂಕಟೇಶ',ನ್ಯಾತಪ್ಪ',151',41',ಗಂಡು',',GOLLA',KURI',NO'
ALQ2273365',ನಾಗಮಣಿ ಟಿ ವಿ',ವೆಂಕಟೇಶ',151',33',ಹೆಣ್ಣು',',KURUBA',HOUSE -WIFE',NO'
ALQ2577187',ಅನ್ನಪೂರ್ಣಮ್ಮ',ಚಿನ್ನಪ್ಪ',152',56',ಹೆಣ್ಣು',',LINGAYATH',HOME',NO'
ALQ1011808',ನರಸಮ್ಮ',ನರಸಿಂಹಪ್ಪ',153',69',ಹೆಣ್ಣು',',LINGAYATH',AGED',NO'
ALQ2577229',ರಮೇಶ ಎನ್',ನರಸಿಂಹಪ್ಪ',153',48',ಗಂಡು',',LINGAYATH',FARMER',NO'
ALQ2577211',ಪ್ರಕಾಶ',ನರಸಿಂಹಪ್ಪ',153',41',ಗಂಡು',',LINGAYATH',FARMER',NO'
ALQ1011816',ಪ್ರಮೀಳಮ್ಮ',ಪ್ರಕಾಶ್',153',39',ಹೆಣ್ಣು',',LINGAYATH',HOUSE -WIFE',NO'
MVJ2279131',ಎನ್ ನಾಗಮಣಿ',ರಮೇಶ್ ಎನ್',153',36',ಹೆಣ್ಣು',',LINGAYATH',GOV-LIBRARY',NO'
ALQ3071933',ಲಿಖಿತ ಹೆಚ್ ಪಿ',ಪ್ರಕಾಶ್',153',24',ಹೆಣ್ಣು',',LINGAYATH',HOUSE -WIFE',NO'
MVJ3468436',ಅಶ್ವತ್ಥಮ್ಮ',ಸೊರಣ್ಣ',154',51',ಹೆಣ್ಣು',',EDIGA',HOUSE -WIFE',NO'
ALQ1011824',ಎನ್ ಎಸ್ ಆನಂದ್',ಸುರೇಶಪ್ಪ',154',35',ಗಂಡು',',EDIGA',SECURITY',NO'
ALQ2955375',ವೆನ್ನೇಲಾ ಎನ್ ಎಲ್',ಆನಂದ',154',22',ಹೆಣ್ಣು',',EDIGA',HOUSE -WIFE',NO'
ALQ2577237',ಲಕ್ಷ್ಮಮ್ಮ',ಹನುಮಂತಪ್ಪ',157',61',ಹೆಣ್ಣು',',ST',AGED',NO'
ALQ2577245',ಆನಂದಪ್ಪ',ಹನುಮಂತಪ್ಪ',157',49',ಗಂಡು',',ST',FACTORY WORKER',NO'
ALQ2577252',ಇಂದಿರಮ್ಮ',ಆನಂದ',157',41',ಹೆಣ್ಣು',',ST',ANGANAVADI FOOD MAKER',NO'
MVJ2279388',ಶಂಕರಪ್ಪ',ಹನುಮಂತಪ್ಪ',157',40',ಗಂಡು',',ST',KSRTC-DRIVER',NO'
ALQ1011832',ರಮೇಶ',ಹನುಮಂತಪ್ಪ',157',39',ಗಂಡು',',ST',FARMER',NO'
ALQ2120525',ಕಳಾವತಿ',ರಮೇಶ',157',36',ಹೆಣ್ಣು',',ST',HOUSE -WIFE',NO'
MVJ3468105',ಟಿ ಅಶ್ವತ್ಥರೆಡ್ಡಿ',ತಿಮ್ಮಯ್ಯ',159',66',ಗಂಡು',',DEATH',',NO'
ALQ2577260',ಗಂಗಮ್ಮ',ಟಿ ಅಶ್ವತ್ಥರೆಡ್ಡಿ',159',60',ಹೆಣ್ಣು',',REDDY',AGED',NO'
ALQ2273654',ಗಿರಿಶ್ A',ಅಶ್ವತ್ಥರೆಡ್ಡಿ',159',27',ಗಂಡು',',REDDY',UNEMPLOYE',NO'
ALQ2577286',ಅಂಜಮ್ಮ',ಟಿ ನರಸಿಂಹಪ್ಪ',162',71',ಹೆಣ್ಣು',YES',ST',',NO'
ALQ2577294',ಎನ್ ಕೃಷ್ಣಪ್ಪ',ಟಿ ನರಸಿಂಹಪ್ಪ',162',43',ಗಂಡು',',ST',FILTER WATER WORK',NO'
ALQ0248898',ಸೋಮಶಂಕರ',ಟಿ ನರಸಿಂಹಪ್ಪ',162',41',ಗಂಡು',',ST',HOME',NO'
ALQ2391399',ಅಶ್ವತಮ್ಮ ಜಿ ಟಿ',ಸೋಮಶೇಖರ್',162',37',ಹೆಣ್ಣು',',ST',GP-PRECIDENT',NO'
ALQ2120491',ಲಕ್ಷ್ಮೀನರಸಮ್ಮ',ಎನ್ ಕೃಷ್ಣಪ್ಪ',162',30',ಹೆಣ್ಣು',',ST',HOUSE -WIFE',NO'
ALQ2577336',ಸರಸ್ವತಮ್ಮ',ತಿಮ್ಮರೆಡ್ಡಿ',165',61',ಹೆಣ್ಣು',',REDDY',AGED',YES'
ALQ2273639',ವನಿತ ಹೆಚ್ ಟಿ',ತಿಮ್ಮಾರೆಡ್ಡಿ',165',26',ಹೆಣ್ಣು',YES',REDDY',HOUSE -WIFE',NO'
ALQ2577344',ಶಕುಂತಲಬಾಯಿ',ಭೀಮಲಿಂಗಾರಾವ್',167',39',ಹೆಣ್ಣು',',DHARJI',AGED',YES'
MVJ3469616',ಶ್ರೀನಿವಾಸರಾವ್ ಬಿ',ಭೀಮಲಿಂಗರಾವ್',167',39',ಗಂಡು',',DHARJI',TYILOR',NO'
MVJ4281085',ರಾಘವೇಂದ್ರರಾವ್ ಬಿ',ಭೀಮಲಿಂಗರಾವ್',167',38',ಗಂಡು',',DHARJI',DTH WORK',NO'
ALQ2390797',ಶಾಂತಲಕ್ಷ್ಮೀ ಎಸ್',ಶ್ರೀನಿವಾಸರಾವ್ ಬಿ',167',36',ಹೆಣ್ಣು',',DHARJI',TYILOR',NO'
ALQ0249771',ಹೆಚ್ ಬಿ ಅಂಜಿನಪ್ಪ',ಬೈಲಪ್ಪ',168',71',ಗಂಡು',',SC',AGED',NO'
MVJ2175552',ನರಸಮ್ಮ',ಹೆಚ್ ಬಿ ಅಂಜಿನಪ್ಪ',168',63',ಹೆಣ್ಣು',',SC',AGED',NO'
MVJ4280913',ನರಸಿಂಹಮೂರ್ತಿ',ಹೆಚ್ ಬಿ ಅಂಜಿನಪ್ಪ',168',50',ಗಂಡು',YES',SC',FACTORY WORKER',NO'
ALQ2120590',ಜಿ ಮಂಜುಳ',ನರಸಿಂಹಮೂರ್ತಿ',168',34',ಹೆಣ್ಣು',YES',SC',HOUSE -WIFE',NO'
ALQ0248153',ಅಂಜಪ್ಪ',ಕದಿರಪ್ಪ',169',42',ಗಂಡು',',SC',KOOLI',NO'
ALQ1011857',ಲಕ್ಷ್ಮೀನರಸಮ್ಮ',ಗಂಗಾಧರಪ್ಪ',169',41',ಹೆಣ್ಣು',',SC',KOOLI',NO'
ALQ2577351',ಗಂಗಾಧರಪ್ಪ',ಕದಿರಪ್ಪ',169',40',ಗಂಡು',',SC',KOOLI',NO'
MVJ3468840',ಕೆ ನರಸಿಂಹಪ್ಪ',ಕದಿರಪ್ಪ',169',36',ಗಂಡು',',SC',KOOLI',NO'
ALQ2204873',ಪಾರ್ವತಮ್ಮ',ಕೆನರಸಿಂಹಪ್ಪ',169',32',ಹೆಣ್ಣು',',SC',KOOLI',NO'
ALQ2577369',ತಿಮ್ಮಯ್ಯ',ಹನುಮಂತಪ್ಪ',172',65',ಗಂಡು',',SC',KOOLI',NO'
ALQ2577377',ಲಕ್ಷ್ಮಮ್ಮ',ತಿಮ್ಮಯ್ಯ',172',56',ಹೆಣ್ಣು',',SC',KOOLI',NO'
MVJ2176444',ಟಿ ಸುರೇಶ',ತಿಮ್ಮಯ್ಯ',172',36',ಗಂಡು',YES',SC',',NO'
ALQ0249599',ಸರೋಜಮ್ಮ',ಟಿ ಸುರೇಶ್',172',33',ಹೆಣ್ಣು',YES',SC',',NO'
ALQ2120582',ಟಿ ಸುಧಾಮಣಿ',ತಿಮ್ಮಯ್ಯ',172',56',ಹೆಣ್ಣು',YES',SC',',NO'
ALQ1011865',ಬೈಲಪ್ಪ',ನರಸಿಂಹಪ್ಪ',173',70',ಗಂಡು',',SC',FARMER',NO'
ALQ2577385',ಸಾವಿತ್ರಮ್ಮ',ಬೈಲಪ್ಪ',173',61',ಹೆಣ್ಣು',',SC',HOUSE -WIFE',NO'
MVJ2175214',ಹೆಚ್ ಎನ್ ನರಸಿಂಹಮೂ',ಬೈಲಪ್ಪ',173',38',ಗಂಡು',',SC',FARMER',NO'
MVJ2175529',ಗಂಗರತ್ನಮ್ಮ',ಹೆಚ್ ಎನ್ ನರಸಿಂಹಮೂರ್ತಿ',173',37',ಹೆಣ್ಣು',',SC',HOUSE -WIFE',NO'
ALQ2002418',ಗಂಗಮ್ಮ',ನರಸಿಂಹಪ್ಪ',175',72',ಹೆಣ್ಣು',',SC',AGED',NO'
ALQ2577393',ಲಕ್ಷ್ಮಮ್ಮ',ಗಂಗಪ್ಪ',175',63',ಹೆಣ್ಣು',',SC',HOME',NO'
ALQ2577401',ಸಿದ್ದಗಂಗಪ್ಪ',ಸತ್ಯಪ್ಪ',177',53',ಗಂಡು',',SC',KOOLI',NO'
ALQ2577419',ಹನುಮಕ್ಕ',ಸಿದ್ದಗಂಗಪ್ಪ',177',47',ಹೆಣ್ಣು',',SC',KOOLI',NO'
ALQ2577427',ಆಂಜಪ್ಪ',ಗಂಗಪ್ಪ',179',56',ಗಂಡು',',SC',KOOLI',NO'
ALQ2577435',ಚಿಕ್ಕಮ್ಮ',ಆಂಜಪ್ಪ',179',41',ಹೆಣ್ಣು',',SC',KOOLI',NO'
ALQ0009167',ಹನುಮಕ್ಕ',ನಾಗರಾಜ',179',40',ಹೆಣ್ಣು',',SC',HOUSE -WIFE',NO'
ALQ0008060',ಎ ಶಿವಪ್ಪ',ಅಂಜಪ್ಪ',179',36',ಗಂಡು',',SC',KOOLI',NO'
MVJ2175826',ನಾಗರಾಜ',ಆಂಜಪ್ಪ',179',36',ಗಂಡು',',SC',KOOLI',NO'
ALQ2439495',ಶಾರದಮ್ಮ',ಎ ಶಿವಪ್ಪ',179',33',ಹೆಣ್ಣು',',SC',HOUSE -WIFE',NO'
ALQ2577443',ನರಸಪ್ಪ',ನರಸಿಂಹಪ್ಪ',180',76',ಗಂಡು',',SC',AGED',NO'
MVJ2279057',ಹನುಮಕ್ಕ',ನರಸಪ್ಪ',180',71',ಹೆಣ್ಣು',',SC',AGED',NO'
MVJ2279370',ಶ್ರೀನಿವಾಸ',ನರಸಪ್ಪ',180',43',ಗಂಡು',',SC',KOOLI',NO'
MVJ2175511',ಗಂಗಮ್ಮ',ಶ್ರೀನಿವಾಸ್',180',38',ಹೆಣ್ಣು',',SC',KOOLI',NO'
ALQ2577468',ನರಸಮ್ಮ',ಅಂಜಿನಪ್ಪ',181',41',ಹೆಣ್ಣು',',SC',KOOLI',NO'
ALQ3169406',ಅನಿತ ಹೆಚ್ ಎ',ಅಂಜಿನಪ್ಪ',181',19',ಹೆಣ್ಣು',',SC',UNEMPLOYE',NO'
MVJ2175834',ಕದಿರಮ್ಮ',ಗಂಗಪ್ಪ',182',68',ಹೆಣ್ಣು',',SC',AGED',NO'
ALQ2577476',ನಾಗಪ್ಪ',ಗಂಗಪ್ಪ',182',56',ಗಂಡು',',SC',HOME',NO'
MVJ2176295',ಆಂಜಮ್ಮ',ನಾಗಪ್ಪ',182',54',ಹೆಣ್ಣು',',SC',KOOLI',NO'
MVJ2175438',ರಾಮಾಂಜನಪ್ಪ',ನಾಗಪ್ಪ',182',38',ಗಂಡು',',SC',KOOLI',NO'
ALQ0008557',ಅಂಜಮ್ಮ',ರಾಮಾಂಜನಪ್ಪ',182',37',ಹೆಣ್ಣು',',SC',HOUSE -WIFE',NO'
ALQ2577484',ಆಕ್ಕಮ್ಮ',ಸತ್ಯಪ್ಪ',183',61',ಹೆಣ್ಣು',',SC',AGED',NO'
ALQ1011873',ಎಸ್ ನರಸಿಂಹಪ್ಪ',ಸತ್ಯಪ್ಪ',183',45',ಗಂಡು',',SC',FARMER',NO'
ALQ2120509',ಗಂಗರತ್ನಮ್ಮ ಪಿ',ನರಸಿಂಹಪ್ಪ',183',40',ಹೆಣ್ಣು',',SC',HOUSE -WIFE',NO'
ALQ3011061',ಮಂಜುನಾಥ ಎನ್',ನರಸಿಂಹಪ್ಪ',183',23',ಗಂಡು',YES',SC',',NO'
ALQ3011079',ಐಶ್ವರ್ಯ ಎನ್',ನರಸಿಂಹಪ್ಪ',183',22',ಹೆಣ್ಣು',YES',SC',',NO'
ALQ3168341',ರಾಕೇಶ ಎನ್',ನರಸಿಂಹಪ್ಪ',183',19',ಗಂಡು',',SC',AUTO DRIVER',NO'
ALQ2577492',ತಿಪ್ಪಣ್ಣ',ಚಿಕ್ಕಪ್ಪ',184',53',ಗಂಡು',',SC',KOOLI',NO'
ALQ2577500',ಕೆಂಪಮ್ಮ',ತಿಪ್ಪಣ್ಣ',184',49',ಹೆಣ್ಣು',',SC',KOOLI',NO'
ALQ2577526',ಗಂಗಮ್ಮ',ನರಸಿಂಹಯ್ಯ',186',71',ಹೆಣ್ಣು',',SC',AGED',NO'
ALQ2577534',ತಿಪ್ಪೇರುದ್ರಯ್ಯ',ನರಸಿಂಹಯ್ಯ',186',53',ಗಂಡು',',SC',KOOLI',YES'
MVJ2175198',ಎನ್ ಗಂಗಾಧರಯ್ಯ',ನರಸಿಂಹಯ್ಯ',186',44',ಗಂಡು',',SC',KOOLI',NO'
MVJ4280806',ಸುಜಾತ',ತಿಪ್ಪೇರುದ್ರಯ್ಯ',186',40',ಹೆಣ್ಣು',',SC',KOOLI',NO'
MVJ2175180',ಮುದ್ದು ಗಂಗಮ್ಮ',ಗಂಗಾಧರಪ್ಪಯ್ಯ',186',36',ಹೆಣ್ಣು',',SC',KOOLI',NO'
ALQ2577559',ನರಸಪ್ಪ',ಕದಿರಪ್ಪ',188',48',ಗಂಡು',',SC',KOOLI',NO'
ALQ2577567',ಸುಜಾತಮ್ಮ',ನರಸಪ್ಪ',188',43',ಹೆಣ್ಣು',',SC',GP-MEMBER',NO'
ALQ3003001',ನರೇಂದ್ರ ಬಾಬು ಹೆಚ್ ಎನ್',ನರಸಪ್ಪ ಹೆಚ್ ಕೆ',188',22',ಗಂಡು',',SC',FACTORY WORKER',NO'
ALQ3168283',ಸುರೇಂದ್ರ ಬಾಬು ಹೆಚ್ ಎನ',ನರಸಪ್ಪ',188',19',ಗಂಡು',',SC',UNEMPLOYE',NO'
ALQ0246538',ಗಂಗರತ್ನಮ್ಮ',ನರಸಿಂಹಪ್ಪ',189',41',ಹೆಣ್ಣು',',SC',KOOLI',NO'
ALQ3167673',ನಾರಾಯಣಮ್ಮ',ಗಂಗಪ್ಪ',189',32',ಹೆಣ್ಣು',',SC',HOME',YES'
ALQ2151124',ಇ ಪುಷ್ಪಲತಾ',ಪರಮೇಶ್ವರಯ್ಯ',190',30',ಹೆಣ್ಣು',YES',SC',',NO'
ALQ1011915',ಗಂಗಮ್ಮ',ಚಿಕ್ಕಪ್ಪಯ್ಯ',192',71',ಹೆಣ್ಣು',',SC',AGED',NO'
ALQ2577591',ಪರಮೇಶ್ವರಯ್ಯ',ಚಿಕ್ಕಪ್ಪಯ್ಯ',192',41',ಗಂಡು',',SC',VEGITABLE MARCHANT',NO'
MVJ2175818',ಸೀನಪ್ಪ',ಕೆ ನಾಗಪ್ಪ',193',59',ಗಂಡು',',SC',FARMER',NO'
MVJ3468162',ದೇವಕ್ಕ',ಸೀನಪ್ಪ',193',49',ಹೆಣ್ಣು',',SC',HOUSE -WIFE',NO'
ALQ0054502',ಜಯ ಎಸ್',ಸೀನಪ್ಪ',193',34',ಹೆಣ್ಣು',YES',SC',',NO'
ALQ2577609',ಅನುಸೂಯಮ್ಮ',ಪಿ ನರಸಿಂಹಯ್ಯ',194',63',ಹೆಣ್ಣು',',SC',HOUSE -WIFE',NO'
ALQ2515187',ಹೆಚ್ ವಿ ಬಾಲಕೃಷ್ಣ',ಈರಲ್ಲೇಗೌಡ',195',65',ಗಂಡು',',GOWDA',HOME',NO'
ALQ2515195',ಬೃಂದಾದೇವಿ',ಹೆಚ್ ವಿ ಬಾಲಕೃಷ್ಣ',195',62',ಹೆಣ್ಣು',',GOWDA',HOUSE -WIFE',NO'
ALQ2577617',ಹೆಚ್ ವಿ ವಸಂತಕುಮಾರ್',ಈರುಳ್ಳೇಗೌಡ',195',57',ಗಂಡು',',GOWDA',FARMER',NO'
ALQ0248591',ವಿಮಲಮ್ಮ',ಹೆಚ್ ವಿ ವಸಂತಕುಮಾರ್',195',47',ಹೆಣ್ಣು',',GOWDA',HOUSE -WIFE',NO'
ALQ2515179',ಅನುಪಮಾ',ಹೆಚ್ ವಿ ಬಾಲಕೃಷ್ಣ',195',35',ಹೆಣ್ಣು',',GOWDA',HOUSE -WIFE',NO'
ALQ0248641',ಲೋಕೇಶ್ ಬಾಬು ಹೆಚ್ ವಿ',ಹೆಚ್ ವಿ ವಸಂತ ಕುಮಾರ್',195',33',ಗಂಡು',',GOWDA',STUDENT',NO'
ALQ0008409',ಶಿವಾನಂದ ಗೌಡ ಹೆಚ್ ವಿ',ವಸಂತಕುಮಾರ್ ಹೆಚ್ ವಿ',195',32',ಗಂಡು',',GOWDA',STUDENT',NO'
ALQ0008516',ಹೆಚ್ ಕೆ ಬಸವರಾಜ',ಹೆಚ್ ವಿ ಖಾದ್ರಪ್ಪ',197',59',ಗಂಡು',',GOWDA',FARMER',NO'
ALQ0008573',ಕೆ ಎಸ್ ಗಿರಿಜಮ್ಮ',ಹೆಚ್ ಕೆ ಬಸವರಾಜ',197',43',ಹೆಣ್ಣು',',GOWDA',HOUSE -WIFE',NO'
ALQ3080793',ತೇಜ ಹೆಚ್ ಬಿ',ಬಸವರಾಜುಹೆಚ್ ಕೆ',197',20',ಗಂಡು',',GOWDA',STUDENT',NO'
ALQ0008003',ಹೆಚ್ ಕೆ ಉದಯಕುಮಾರ್',ಹೆಚ್ ವಿ ಖಾದ್ರಪ್ಪ',198',47',ಗಂಡು',',GOWDA',FARMER',NO'
ALQ1011964',ತಿಪ್ಪಮ್ಮ',ಹೆಚ್ ಕೆ ಉದಯ ಕುಮಾರ್',198',38',ಹೆಣ್ಣು',',GOWDA',HOUSE -WIFE',NO'
ALQ2273589',ಮಂಜುನಾಥ ಹೆಚ್ ಬಿ',ಬಸವರಾಜುಹೆಚ್',198',25',ಗಂಡು',',GOWDA',STUDENT',NO'
ALQ3131463',ಜಗದೀಶ್ ಹೆಚ್ ಅರ್',ಹೆಚ್ ಕೆರಾಜೇಂದ್ರ ಪ್ರಸಾದ್',198',20',ಗಂಡು',',GOWDA',STUDENT',NO'
MVJ2174969',ಎಮ್ ಸುಮಿತ್ರ',ಹೆಚ್ ಕೆ ವೆಂಕಟಾಚಲಯ್ಯ',200',47',ಹೆಣ್ಣು',',GOWDA',HOUSE -WIFE',NO'
ALQ2577633',ನರಸಿಂಹಪ್ಪ',ಪೆದ್ದನರಸಿಂಹಪ್ಪ',201',65',ಗಂಡು',',ST',FARMER',NO'
ALQ2577641',ಸಿದ್ದಮ್ಮ',ನರಸಿಂಹಪ್ಪ',201',53',ಹೆಣ್ಣು',',ST',HOUSE -WIFE',NO'
ALQ0245597',ಎನ್ ಲಕ್ಷ್ಮೀನಾರಾಯಣ',ನರಸಿಂಹಪ್ಪ',201',36',ಗಂಡು',',ST',LINE MAN',NO'
ALQ2273563',ಮಹಾಲಕ್ಷ್ಮೀ',ಲಕ್ಷ್ಮೀನಾರಾಯಣಪ್ಪ',201',26',ಹೆಣ್ಣು',',ST',HOUSE -WIFE',NO'
ALQ2575827',ಸರಸ್ವತಮ್ಮ',ನಾಗಪ್ಪ',20 1',71',ಹೆಣ್ಣು',',NEGARU',AGED',NO'
ALQ2575835',ಸೋಮಶಿವಯ್ಯ',ನಾಗಪ್ಪ',20 1',43',ಗಂಡು',',NEGARU',BUSINESS',NO'
ALQ2577674',ಅಶ್ವತ್ಥನಾರಾಯಣ',ಚಿಕ್ಕನಾರಾಯಣಪ್ಪ',203',69',ಗಂಡು',',REDDY',RE-GOV TEACHER',NO'
MVJ2279438',ಲಕ್ಷ್ಮಮ್ಮ',ಅಶ್ವತ್ಥನಾರಾಯಣಪ',203',60',ಹೆಣ್ಣು',',REDDY',HOUSE -WIFE',NO'
ALQ2577682',ಎ ವೆಂಕಟೇಶಬಾಬು',ಅಶ್ವತ್ಥನಾರಾಯಣಪ್ಪ',203',42',ಗಂಡು',',REDDY',FACTORY WORKER',NO'
ALQ2965143',ಆರ್ ಸವಿತ',ಎ ವೆಂಕಟೇಶ್ ಬಾಬು',203',35',ಹೆಣ್ಣು',',REDDY',HOUSE -WIFE',NO'
ALQ2577708',ಹೆಚ್ ಎಲ್ ಮಾರುತಿ',ಲಕ್ಷ್ಮಣರೆಡ್ಡಿ',205',41',ಗಂಡು',',REDDY',BUSINESS',NO'
ALQ0249532',ಎಚ್ ಎಲ್ ಅಶ್ವತರೆಡ್ಡಿ',ಲಕ್ಷ್ಮಣರೆಡ್ಡಿ',205',40',ಗಂಡು',',REDDY',BUSINESS',NO'
ALQ1012004',ದೇವಿ',ಮಾರುತಿರೆಡ್ಡಿ',205',37',ಹೆಣ್ಣು',',REDDY',HOUSE -WIFE',NO'
ALQ3035334',ಹೇಮಾವತಿ ಎನ್ ಎಸ್',ಅಶ್ವತ್ಥರೆಡ್ಡಿ ಹೆಚ್ ಎ',205',29',ಹೆಣ್ಣು',',REDDY',HOUSE -WIFE',NO'
ALQ1012012',ಅಂಜಿನಮ್ಮ',ತಿಮ್ಮರೆಡ್ಡಿ',206',86',ಹೆಣ್ಣು',',REDDY',AGED',NO'
ALQ2577716',ವೆಂಕಟರಾಮರೆಡ್ಡಿ',ತಿಮ್ಮರೆಡ್ಡಿ',206',62',ಗಂಡು',',REDDY',KOLI SHOP',NO'
ALQ1012020',ಆದಿಲಕ್ಷ್ಮಮ್ಮ',ವೆಂಕಟರಾಮರೆಡ್ಡಿ',206',51',ಹೆಣ್ಣು',',REDDY',HOUSE -WIFE',NO'
ALQ1012038',ವನಿತ',ವೆಂಕಟರಾಮರೆಡ್ಡಿ',206',37',ಹೆಣ್ಣು',',REDDY',HOUSE -WIFE',NO'
ALQ3131174',ಪ್ರಜ್ವಲ್ ವಿ',ವೆಂಕಟರಾಮರೆಡ್ಡಿಟಿಸ್',206',21',ಗಂಡು',',REDDY',STUDENT',NO'
MVJ2279545',ಶ್ರೀನಿವಾಸರೆಡ್ಡಿ',ನಂಜರೆಡ್ಡಿ',207',63',ಗಂಡು',',REDDY',FARMER',NO'
MVJ3469368',ಸರಸ್ವತಮ್ಮ',ಶ್ರೀನಿವಾಸರೆಡ್ಡಿ',207',61',ಹೆಣ್ಣು',',REDDY',HOUSE -WIFE',NO'
MVJ2176170',ಜಯಮ್ಮ',ಗಂಗಪ್ಪ',208',63',ಹೆಣ್ಣು',',NAYAK',KOOLI',NO'
MVJ3469376',ಹೆಚ್ ಎನ್ ನಾಗಭೂಷಣರೆಡ್ಡಿ',ಸಿ ನಂಜರೆಡ್ಡಿ',208',60',ಗಂಡು',',REDDY',FARMER',NO'
MVJ3469384',ಕನಕಮ್ಮ',ಹೆಚ್ ಎನ್ ನಾಗಭೂಷಣರೆಡ್ಡಿ',208',49',ಹೆಣ್ಣು',',REDDY',HOUSE -WIFE',NO'
MVJ2176394',ನರೇ ಬಾಬೂಬಿ ಎನ್',ನಾಗಭೂಷಣರೆಡ್ಡಿ',208',38',ಗಂಡು',',REDDY',BUSINESS',NO'
ALQ2391274',ಆರ್ ಸ್ವಪ್ನ',ಎಚ್ ಎನ್ ನರೇಂದ್ರ ಬಾಬು',208',36',ಹೆಣ್ಣು',',REDDY',HOUSE -WIFE',NO'
ALQ0008425',ಹೆಚ್ ಎನ್ ಶಂಕರ್ ರೆಡ್ಡಿ',ನಾಗಭೂಷಣ ರೆಡಿ',208',35',ಗಂಡು',',REDDY',BUSINESS',NO'
MVJ2176287',ವರದಾರೆಡ್ಡಿ ಹೆಚ್ ಎನ್',ನಾಗಭೂಷಣರೆಡ್ಡಿ',208',35',ಗಂಡು',',REDDY',BUSINESS',NO'
ALQ2390441',ಎಮ್ ಮನೋಹರಿ',ಎಚ್ ಎನ್ ವರದಾರೆಡ್ಡಿ',208',30',ಹೆಣ್ಣು',',REDDY',HOUSE -WIFE',NO'
ALQ2990109',ಬಿಹೇಮಲತಾರೆಡ್ಡಿ',ಶಂಕರ ರೆಡ್ಡಿ ಹೆಚ್ ಎನ್',208',29',ಹೆಣ್ಣು',',REDDY',HOUSE -WIFE',NO'
MVJ3468790',ವೆಂಕಟಲಕ್ಷ್ಮಮ್ಮ',ಎ ನಾರಾಯಣ',209',71',ಹೆಣ್ಣು',',LINGAYATH',HOUSE -WIFE',NO'
ALQ2577732',ಎನ್ ನಾಗರಾಜಯ್ಯ',ಎ ನಾರಾಯಣಪ್ಪ',209',41',ಗಂಡು',',LINGAYATH',FARMER',NO'
ALQ0008763',ಗಾಯತ್ರಿ',ಎನ್ ನಾಗರಾಜು',209',40',ಹೆಣ್ಣು',',LINGAYATH',HOUSE -WIFE',NO'
MVJ2175750',ಎನ್ ಉಮಾಶಂಕರ್',ಎ ನಾರಾಯಣಪ್ಪ',209',38',ಗಂಡು',',LINGAYATH',PHOTO STUDIO',NO'
ALQ0008664',ಹೆಚ್ ಬಿ ಮಂಜುಳ',ಎನ್ ಉಮಾಶಂಕರ್',209',37',ಹೆಣ್ಣು',',LINGAYATH',HOUSE -WIFE',NO'
ALQ0250126',ಪುಟ್ಟಚನ್ನಮ್ಮ',ಎ ನರಸಪ್ಪ',210',71',ಹೆಣ್ಣು',',LINGAYATH',AGED',NO'
ALQ2577740',ಪ್ರಭನ್ನ',ಎ ನರಸಪ್ಪ',210',45',ಗಂಡು',',LINGAYATH',FARMER',NO'
MVJ3468808',ರೇಣುಕಾ',ಪ್ರಭನ್ನ',210',42',ಹೆಣ್ಣು',',LINGAYATH',HOUSE -WIFE',NO'
ALQ2390169',ಮಧುಪಿ',ಪ್ರಭಣ್ಣ',210',25',ಗಂಡು',',LINGAYATH',UNEMPLOYE',NO'
ALQ3080470',ಯಶಶ್ವಿನಿ ಹೆಚ್ ಪಿ',ಪ್ರಭಣ್ಣ',210',22',: ಹೆಣ್ಣು',',LINGAYATH',UNEMPLOYE',NO'
MVJ2175743',ಅಶ್ವತ್ಥಮ್ಮ',ಎ ಕೃಷ್ಣಪ್ಪ',211',58',ಹೆಣ್ಣು',',LINGAYATH',HOME',NO'
MVJ3469590',ಕೆ ಶಿವಶಂಕರ',ಎ ಕೃಷ್ಣಪ್ಪ',211',43',ಗಂಡು',',LINGAYATH',FARMER',NO'
MVJ3468816',ನಿರ್ಮಲ',ಕೆ ಶಿವಶಂಕರ್',211',40',ಹೆಣ್ಣು',',LINGAYATH',HOUSE -WIFE',NO'
ALQ3080751',ವಿನಯ್ ಪ್ರಸಾದ್ ಎಸ್',ಶಿವಶಂಕರ್ ಕೆ',211',20',ಗಂಡು',',LINGAYATH',UN EMPLOYE',NO'
ALQ0246454',ಹೆಚ್ ಎನ್ ನಾಗರಾಜ',ನಂಜಪ್ಪ',21 1',32',ಗಂಡು',',KURUBA',LIC SECURITY',NO'
ALQ2575843',ಲಕ್ಷ್ಮೀದೇವಮ್ಮ',ನಂಜಪ್ಪ',21 1',51',ಹೆಣ್ಣು',',KURUBA',HOME',NO'
ALQ3071925',ಶಂಕರಮ್ಮ ಜಿಸಿ',ನಾಗರಾಜು ಹೆಚ್ ಎನ್',21 1',28',ಹೆಣ್ಣು',',KURUBA',HOUSE -WIFE',NO'
ALQ2002509',ಆರ್ ಹೆಚ್ ರಾಜೇಶ್ವರಿ',ಆನಂದ ಹೆಚ್ ಸಿ',21 2',30',ಹೆಣ್ಣು',',KURUBA',HOUSE -WIFE',NO'
ALQ2538999',ಆನಂದ ಹೆಚ್ ಸಿ',ಚಿಕ್ಕಣ್ಣ ಎನ್',21 2',29',ಗಂಡು',',KURUBA',FARMER',NO'
ALQ2577757',ನಾಗಭೂಷಣರೆಡ್ಡಿ',ಅಶ್ವತ್ಥರೆಡ್ಡಿ',212',70',ಗಂಡು',',REDDY',AGED',NO'
ALQ2577765',ಮಂಗಮ್ಮ',ನಾಗಭೂಷಣರೆಡ್ಡಿ',212',45',ಹೆಣ್ಣು',',REDDY',HOUSE -WIFE',NO'
ALQ0249458',ಅಶ್ವತ್ಥರೆಡ್ಡಿ',ನಾಗಭೂಷಣರೆಡ್ಡಿ',212',37',ಗಂಡು',',REDDY',FACTORY WORKER',NO'
ALQ2482271',ಮಂಜುಳ',ಅಶ್ವತ್ಥ ರೆಡ್ಡಿ',212',37',ಹೆಣ್ಣು',',REDDY',HOUSE -WIFE',NO'
MVJ3468832',ಮಂಜುನಾಥ',ನಾಗಭೂಷಣರೆಡ್ಡಿ',212',35',ಗಂಡು',',REDDY',FARMER',NO'
ALQ2390011',ಸುಕನ್ಯ',ಮಂಜುನಾಥ ರೆಡ್ಡಿ ಎನ್',212',26',ಹೆಣ್ಣು',',REDDY',HOUSE -WIFE',NO'
ALQ2575959',ಹನುಮಂತಯ್ಯ',ಹನುಮಯ್ಯ',33 1',61',ಗಂಡು',',KURUBA',SECURITY',NO'
ALQ2575967',ರತ್ನಮ್ಮ',ಹನುಮಂತಯ್ಯ',33 1',46',ಹೆಣ್ಣು',',KURUBA',HOUSE -WIFE',NO'
ALQ2120624',ಜರೀನಾ',ಅಲ್ಲಾಬಕಾಷ',30 1',40',ಹೆಣ್ಣು',',MUSLIM',HOUSE -WIFE',NO'
ALQ2515120',ಮಾಲಿಕ್ ರೆಹಮಾನ್',ಅಬ್ದುಲ್ ಮಜೀದ್',39 1',35',ಗಂಡು',',MUSLIM',KOOLI',NO'
ALQ2120640',ಅಮ್ಮಾದ್ ಬಾಷ',ಅಲ್ಲಾಬಾಕಾಷ್',39 1',32',ಗಂಡು',YES',MUSLIM',',NO'
ALQ2515146',ಅಪ್ ಸನಾ ಅನ್ವರ್ ಬಾಷಾ ಶೇಖ್',ಜರೀನಾ ತಾಜ್',39 1',24',ಗಂಡು',YES',MUSLIM',',NO'
ALQ2576007',ಮಹಬೂಬಿ',ಅಲ್ಲಾಬಕಾಶ್',39 1',61',ಹೆಣ್ಣು',',MUSLIM',AGED',NO'
MVJ2174464',ರೀಯಾಜ್',ಅಲ್ಲಾಬಕಾಷ್',39 1',36',ಗಂಡು',YES',MUSLIM',',NO'
ALQ2479202',ಶಬಿನಾ',ಅನ್ವರ್\u200c ಬಾಷ ಶೇ',39 1',28',ಹೆಣ್ಣು',',MUSLIM',HOUSE -WIFE',NO'
ALQ1011501',ಸುರೇಶ ಬಾಬು ಎಸ್',ಹೆಚ್ ಎ ಸಂಜೀವರೆಡ್ಡಿ',55 1',50',ಗಂಡು',',REDDY',FARMER',NO'
MVJ3469475',ಪ್ರಮೀಳ',ಸುರೇಶಬಾಬು',55 1',42',ಹೆಣ್ಣು',',REDDY',HOUSE -WIFE',NO'
ALQ3011053',ಪವನ್ ಕುಮಾರ್ ಹೆಚ್ ಎಸ',ಸುರೇಶ್ ಬಾಬು ಹೆಚ್ ಎಸ್',55 1',23',ಗಂಡು',',REDDY',UNEMPLOYE',NO'
ALQ2576098',ಆದಿಲಕ್ಷ್ಮಮ್ಮ',ಹನುಮಂತಪ್ಪ',56 1',71',ಹೆಣ್ಣು',',KURUBA',AGED',NO'
MVJ2174910',ಭಾಗ್ಯಮ್ಮ',ನರಸಿಂಹಮೂರ್ತಿ',56 1',37',ಹೆಣ್ಣು',',NAYAK',VILLAGE ACCOUNTENT',NO'
MVJ2174472',ಯತೀಶ್ ಕುಮಾರ್',ಹನುಮಂತಪ್ಪ',56 1',36',ಗಂಡು',',KURUBA',KOOLI',NO'
ALQ0247866',ಬಿ ಪುಷ್ಪಾವತಿ',ಯತೀಶ್ ಕುಮಾರ್ ಹೆಚ್',56 1',32',ಹೆಣ್ಣು',',KURUBA',KOOLI',NO'
ALQ2151140',ಎಸ್ ಮಂಜುನಾಥ',ಸೀನಪ್ಪ',578',26',ಗಂಡು',',KURUBA',HOUSE -WIFE',NO'
ALQ0249417',ಮಂಜುನಾಥ',ಶ್ರೀರಾಮಪ್ಪ',58\\1',36',ಗಂಡು',',KURUBA',FARMER',NO'
ALQ2576114',ಶ್ರೀರಾಮಪ್ಪ',ಆಂಜಿನಪ್ಪ',58 1',66',ಗಂಡು',',KURUBA',FARMER',NO'
ALQ2576122',ಸಂಜೀವಮ್ಮ',ಶ್ರೀರಾಮಪ್ಪ',58 1',49',ಹೆಣ್ಣು',',KURUBA',HOUSE -WIFE',NO'
MVJ2176345',ಹೆಚ್ ಎಸ್ ಬಾಬು',ಶ್ರೀರಾಮಪ್ಪ',58 1',37',ಗಂಡು',',KURUBA',FARMER',NO'
ALQ2439487',ಶ್ರೀಕಾಂತ ರೆಡ್ಡಿ',ಗೋವಿಂದರೆಡ್ಡಿ ಆರ್',7411',61',ಗಂಡು',',REDDY',FARMER',NO'
ALQ0249219',ಗೊವಿಂದರೆಡ್ಡಿ ಆರ್',ರಾಮರೆಡ್ಡಿ',7411',52',ಗಂಡು',',REDDY',VILLAGE ACCOUNTED',NO'
ALQ0249516',ಅನಸೂಯಮ್ಮ',ಗೋವಿಂದರೆಡ್ಡಿ ಆ',74 1',47',ಹೆಣ್ಣು',',REDDY',HOUSE -WIFE',NO'
ALQ2002442',ಹೆಚ್ ಟಿ ನಿತಿನ್ ಕುಮಾರ್',ತಿಮ್ಮರೆಡ್ಡಿ',7411',29',ಗಂಡು',',REDDY',FARMER',NO'
ALQ2576304',ತಿಮ್ಮರೆಡ್ಡಿ',ರಾಮರೆಡ್ಡಿ',74 1',49',ಗಂಡು',',REDDY',FARMER',NO'
ALQ2576312',ರತ್ನಮ್ಮ',ತಿಮ್ಮರೆಡ್ಡಿ',74 1',46',ಹೆಣ್ಣು',',REDDY',HOUSE -WIFE',NO'
ALQ2002392',ವೆಂಕಟಲಕ್ಷ್ಮಮ್ಮ',ಗಂಗಾಧರಪ್ಪ',79 1',53',ಹೆಣ್ಣು',',AGASARU',HOUSE -WIFE',NO'
ALQ2002400',ಸಿ ದೇವಮ್ಮ',ಜಿ ನಾರಾಯಣಪ್ಪ',79 1',30',ಹೆಣ್ಣು',',KURUBA',HOUSE -WIFE',NO'
MVJ3468873',ಹೆಚ್ ಒ ರಾಮಪ್ಪ',ಒಬಳಪ್ಪ',87 1',74',ಗಂಡು',',LINGAYATH',AGED',NO'
ALQ2576478',ಸರ್ವಮಂಗಳಮ್ಮ',ಹೆಚ್ ಒ ರಾಮಪ್ಪ',87 1',69',ಹೆಣ್ಣು',',LINGAYATH',AGED',NO'
ALQ2576494',ಹೆಚ್ ಎಸ್ ಲಕ್ಷ್ಮಣರೆಡ್ಡಿ',ಭಾನಪ್ಪ ಉ ಸೋಮರೆಡ್ಡಿ',89 1',67',ಗಂಡು',',REDDY',FARMER',NO'
ALQ2576502',ಜಯಮ್ಮ',ಹೆಚ್ ಎಸ್ ಲಕ್ಷ್ಮಣರೆಡ್ಡಿ',89 1',61',ಹೆಣ್ಣು',',REDDY',HOUSE -WIFE',NO'
ALQ3080694',ಹೆಚ್ ಎಸ್ ಗೋಪಿ',ಶಂಕರಪ್ಪ',1111',20',ಗಂಡು',',AGASARU',KOOLI',NO'
ALQ2576775',ಶಂಕರಪ್ಪ',ತಿಮ್ಮಯ್ಯ',111 1',41',ಗಂಡು',',AGASARU',KOOLI',NO'
MVJ2279206',ಉಮಾ',ಶಂಕರಪ್ಪ',111 1',38',ಹೆಣ್ಣು',',AGASARU',HOUSE -WIFE',NO'
ALQ2002426',ಸುಮಂಗಳ',ಲೇಟ್ ಹೆಚ್ ಎನ್ ದಯಾನಂದ',113 1',54',ಹೆಣ್ಣು',',AGASARU',HOUSE -WIFE',NO'
ALQ2002434',ಹೆಚ್ ಡಿ ಶಿವಕುಮಾರ್ ತಾಯಿಯ',ಸುಮಂಗಳ',113 1',33',ಗಂಡು',',AGASARU',KOOLI',NO'
ALQ2120657',ಹಚ್ ಒ ನರಸಪ್ಪ',ಓಒಳಪ್ಪ',115 1',72',ಗಂಡು',',LINGAYATH',AGED',NO'
MVJ2175297',ಸರೋಜಮ್ಮ',ಎನ್ ಸೋಮೇಶ',115 1',41',ಹೆಣ್ಣು',',LINGAYATH',HOUSE -WIFE',NO'
ALQ2515252',ಚೇತನ್ ಕುಮಾರ್ ಹೆಚ್ ಎಸ',ಸೊಮೇಶ್ ಎನ್',115 1',23',ಗಂಡು',',LINGAYATH',UNEMPLOYE',NO'
ALQ0245431',ಎನ್ ಸೋಮೇಶ',ಹೆಚ್ ಓ ನರಸಪ್ಪ',115 1',41',ಗಂಡು',',LINGAYATH',FOOD MAKER',NO'
ALQ2576973',ಆನಂದಮ್ಮ',ಆಂಜಿನರೆಡ್ಡಿ',128 1',66',ಹೆಣ್ಣು',',REDDY',AGED',NO'
MVJ2279024',ಈಶ್ವರರೆಡ್ಡಿ',ಆಂಜನರೆಡ್ಡಿ',128 1',37',ಗಂಡು',',REDDY',FACTORY WORKER',NO'
MVJ2176253',ಅನಿಲ್ ಕುಮಾರ್',ಆಂಜನರೆಡ್ಡಿ',128 1',36',ಗಂಡು',',REDDY',FACTORY WORKER',NO'
ALQ2577062',ದಶರಥರಾಮಯ್ಯ',ಪಾಪಣ್ಣ',138 1',47',ಗಂಡು',',LINGAYATH',FACTORY WORKER',NO'
ALQ2577070',ಆದಿಲಕ್ಷ್ಮಮ್ಮ',ದಶರಥರಾಮ',138 1',45',ಹೆಣ್ಣು',',LINGAYATH',HOUSE -WIFE',NO'
ALQ2117356',ಬಸವರಾಜು ಎಚ್ ಡಿ',ದಶರತ ರಾಮಯ',138 1',27',ಗಂಡು',',LINGAYATH',UNEMPLOYE',NO'
ALQ3221546',ಶಶಿಧರ ಹೆಚ್ ಡಿ',ದಶರಥರಾಮಯ್ಯ',138',28',ಗಂಡು',',LINGAYATH',UNEMPLOYE',NO'
MVJ2176113',ವೆಂಕಟೇಶಪ್ಪ',ಹೆಚ್ ಕೆ ರಂಗಪ್ಪ',139',53',ಗಂಡು',',SADRU',HOME',YES'
MVJ2174837',ಆನಂದ ಕುಮಾರ್ ಹೆಚ್ ಆ',ಎಚ್ ಕೆ ರಂಗಪ್ಪ',139',42',ಗಂಡು',',SADRU',COIN SHOP',NO'
MVJ4281531',ಲಕಿ ಮಿ',ವೆಂಕಟೇಶಪ್ಪ',139',39',ಹೆಣ್ಣು',',SADRU',HOUSE -WIFE',NO'
ALQ2120541',ಲಕ್ಷ್ಮೀದೇವಮ್ಮ',ಆನಂದ',139',29',ಹೆಣ್ಣು',',ST',HOUSE -WIFE',NO'
MVJ2175610',ಮಮತಾ',ನರಸಿಂಹಪ್ಪ',184 1',46',ಹೆಣ್ಣು',',SC',RE-GP MEMBER',NO'
ALQ2577518',ನರಸಿಂಹಪ್ಪ',ಚಿಕ್ಕಪ್ಪ',184 1',41',ಗಂಡು',',SC',KOOLI',NO'
ALQ2577542',ಸಾಕಮ್ಮ',ಕದಿರಪ್ಪ',187 1',73',ಹೆಣ್ಣು',',SC',AGED',NO'
ALQ2391670',ನರಸಿಂಹಪ್ಪ',ಕದಿರಪ್ಪ',187 1',43',ಗಂಡು',',SC',KURI',NO'
ALQ0008565',ಅಶ್ವತ್ಥಮ್ಮ',ನರಸಿಂಹಪ್ಪ',187 1',36',ಹೆಣ್ಣು',',SC',HOUSE -WIFE',NO'
ALQ2577575',ಅಶ್ವತ್ಥಪ್ಪ',ಕದಿರಪ್ಪ',188 1',45',ಗಂಡು',',SC',FARMER',NO'
ALQ2577583',ರತ್ನಮ್ಮ',ಅಶ್ವತ್ಥಪ್ಪ',188 1',41',ಹೆಣ್ಣು',',SC',HOUSE -WIFE',NO'
ALQ3168333',ಕಾವ್ಯ ಹೆಚ್ ಎ',ಅಶ್ವತ್ಥಪ್ಪ',188 1',19',ಹೆಣ್ಣು',',SC',STUDENT',NO'
ALQ2577625',ಹೆಚ್ ಕೆ ರಾಜೇಂದ್ರಪ್ರಸಾದ್',ಹೆಚ್ ವಿ ಖಾದ್ರಪ್ಪ',198 1',41',ಗಂಡು',',SADRU',FARMER',NO'
MVJ2279107',ಎಸ್ ಎಮ್ ಲಕ್ಷ್ಮಿ',ಹೆಚ್ ಕೆ ರಾಜೇಂದ್ರ ಪ್ರಸಾದ್',198 1',40',ಹೆಣ್ಣು',',SADRU',HOUSE -WIFE',NO'
ALQ3187374',ರಂಜಿತ ಹೆಚ್ ಆರ್',ರಾಜೇಂದ್ರ ಪ್ರಸಾದ್ ಹೆಚ್ ಕೆ',198 1',19',ಹೆಣ್ಣು',',SADRU',HOUSE -WIFE',NO'
ALQ0009068',ನಟರಾಜ ಎಲ್',ಲಕ್ಷ್ಮ ಯ್ಯ',202 1',34',ಗಂಡು',YES',LINGAYATH',',NO'
MVJ3468543',ಚನ್ನಮ್ಮ',ಕೊಲ್ಲಾರಪ್ಪ',202 1',86',ಹೆಣ್ಣು',YES',LINGAYATH',AGED',NO'
ALQ2577658',ರೇಣುಕಮ್ಮ ಎಲ್',ಚಂದ್ರಶೇಖರ್',202 1',40',ಹೆಣ್ಣು',YES',LINGAYATH',AGED',NO'
ALQ2577666',ಕಾಂತಮ್ಮ',ಲಕ್ಷ್ಮಿ ಯ್ಯ',202 1',66',ಹೆಣ್ಣು',',LINGAYATH',HOUSE -WIFE',NO'
ALQ1011998',ಎಲ್ ಪರಮೇಶ',ಲಕ್ಷ್ಮಯ್ಯ',202 1',42',ಗಂಡು',',LINGAYATH',FARMER',NO'
MVJ2174993',ತಿಮ್ಮರೆಡ್ಡಿ',ಅಶ್ವತ್ಥರೆಡ್ಡಿ',204 1',69',ಗಂಡು',',LINGAYATH',HOUSE -WIFE',NO'
ALQ0246249',ಹೆಚ್ ಎಲ್ ಸೌಭಾಗ್ಯಮ್ಮ',ಲಕ್ಷ್ಮಯ್ಯ',202 1',38',ಹೆಣ್ಣು',',LINGAYATH',HOUSE -WIFE',NO'
ALQ0245605',ಎಲ್ ರಮೇಶ್',ಲಕ್ಷ್ಮಯ್ಯ',202 1',37',ಗಂಡು',',LINGAYATH',DTH WORK',NO'
ALQ2577690',ಹನುಮಂತರೆಡ್ಡಿ',',',68',ಗಂಡು',',REDDY',AGED',NO'
ALQ0249706',ಶಂಕರಮ್ಮ',ಹೆಚ್ ಆರ್ ರಾಮಚಂದ್ರಪ್ಪ',211 2',53',ಹೆಣ್ಣು',',LINGAYATH',HOUSE -WIFE',NO'
ALQ3224425',ಅಫ್ರೀನ್ ತಾಜ್',ಇಲಿಯಾಜ್ ಎಸ್',243',29',ಹೆಣ್ಣು',',MUSLIM',HOUSE -WIFE',NO'
ALQ1012079',ಹೆಚ್ ಆರ್ ರಾಜಶೇಖರ್',ಹೆಚ್ ಆರ್ ರಾಮಚಂದ್ರಯ್ಯ',31141',31',ಗಂಡು',',DELETED',',NO'
ALQ1012053',ಗಿರಿಜಮ್ಮ',ಹನುಮಂತರೆಡ್ಡಿ',252 1',58',ಹೆಣ್ಣು',',REDDY',HOUSE -WIFE',NO'
ALQ1012061',ಭಾಸ್ಕರ್\u200cರೆಡ್ಡಿ',ಹನುಮರೆಡ್ಡಿ',25271',46',ಗಂಡು',YES',REDDY',',NO'
ALQ0249714',ಹೆಚ್ ಆರ್ ಹೇಮಂತ್ ಕುಮಾರ್',ಹೆಚ್ ಆರ್ ರಾಮಚಂದ್ರಪ್ಪ',313 1',29',ಗಂಡು',YES',LINGAYATH',',NO'
ALQ0250183',ಹೆಚ್ ಆರ್ ರಾಮಚಂದ್ರಪ್ಪ',ಎ ರಂಗಪ್ಪ',311 1',60',ಗಂಡು',',LINGAYATH',MILK DIRY SECRATARY',NO'
ALQ3080702',ಬಿಂದ್ಯಾಟಿ ಎನ್',ಹೆಚ್ ಆರ್ ರಾಜಶೇಖರ್',311 1',26',ಹೆಣ್ಣು',',LINGAYATH',HOUSE -WIFE',NO'
ALQ2002384',ಎಚ್ ಆರ್ ಹೆಮಂತ್ ಕುಮಾರ್',ಹೆಚ್ ಆರ್ ರಾಮಚಂದ್ರಪ್ಪ',313 1',29',ಗಂಡು',YES',LINGAYATH',',NO'
ALQ0008250',ಶಶಿಕಲಾ',ಸೋಮಶಿವಯ್ಯ',403 1',34',ಹೆಣ್ಣು',YES',LINGAYATH',',NO'
MVJ4280970',ಹನುಮಾಥಯ್ಯ',ದಾಸಪ್ಪ',221 1',49',ಗಂಡು',',AGASARU',KOOLI',NO'
MVJ4280798',ಬಾಗ್ಯಂ',ಹನುಮಾಥಾಯ',221 1',40',ಹೆಣ್ಣು',',AGASARU',HOUSE -WIFE',NO'
ALQ3246915',ಗೀತ ಜಿ',ಗಂಗಾಧರಯ್ಯಾ',186',18',ಹೆಣ್ಣು',YES',SC',',NO'
ALQ3246923',ಮಾರುತಿ ರೆಡ್ಡಿ ಹೆಚ್ ಎಸ್',ಶ್ರೀನಿವಾಸ ರೆಡ್ಡಿ',103',18',ಗಂಡು',',REDDY',STUDENT',NO'
ALQ3246931',ಅರುಣ ಪ್ರಸಾದ್',ಆನಂದಪ್ಪ',167',19',ಗಂಡು',',NAYAK',STUDENT',NO'
ALQ3252392',ಗೋವಿಂದರಾಜು',ನಾಗರಾಜು',60',19',ಗಂಡು',',LINGAYATH',STUDENT',NO'
ALQ3254208',ಗಿವಿಂದಪ್ಪ ಎಚ್ ಎನ್',ನರಸಿಂಹಪ್ಪ',0',67',ಗಂಡು',',LINGAYATH',FACTORY WORKER',NO'
MVJ2279669',ವಿನಯ್ ಕುಮಾರ್ ಆರ್',ರಾಮಂಜಿನಪ್ಪ',29',36',ಗಂಡು',',ST',KOOLI',NO'
ALQ3264025',ಸೌಮ್ಯಾ ಎಚ್ ಎಂ',ಮಲ್ಲಿಕರ್ಜುನಾ ರೆಡ್ಡಿ ಎಚ್ ಎಸ್',102',18',ಹೆಣ್ಣು',YES',REDDY',',NO'
ALQ3264660',ವನಿತಾ ಎಚ್ ಎನ್',ವಿನಯ್ ಕುಮಾರ್',29',31',ಹೆಣ್ಣು',',REDDY',HOUSE -WIFE',NO'
ALQ0277434',ಹನುಮಾಥ ರೆಡ್ಡಿ',ನಾರಾಯಣ ರೆಡ್ಡಿ',54',56',ಗಂಡು',',REDDY',GOV TEACHER',NO'
ALQ3264868',ವಿದ್ಯಾಶ್ರಿ ಎಚ್ ಸಿ',ಚಂದ್ರಶೇಖರ್ ಎಚ್ ಆರ್',1 5 0100',18',ಹೆಣ್ಣು',',',',NO'
ALQ3266012',ಉಮೇಶ್ ಎಚ್ ಜಿ',ಗಂಗದರಪ್ಪ',59 1',19',ಗಂಡು',',SC',FACTORY WORKER',NO'
ALQ1865617',ವೆಂಕಟೇಶ್',ವೀರಬದ್ರಪ್ಪ',136',29',ಗಂಡು',',LINGAYATH',FOOD MAKER',NO'