ALQ1285261',ದೊಡ್ಡಪ್ಪ',ನ್ಯಾತಪ್ಪ',0',56',ಗಂಡು',',SC',KOOLI',NO'
ALQ0060020',ರಾಮಾಂಜೀನಮ್ಮ',ನಾಗರಾಜು',0',34',ಹೆಣ್ಣು',',SC',KOOLI',NO'
ALQ0623850',ಲೋಕಶ್',ಹೆಚ್ ಜಿ ಅಶ್ವಥ್',0',32',ಗಂಡು',',KURUBA',GARMENTS-SUPERVISOR',NO'
ALQ2146728',ಶ್ರೀನಿವಾಸ್ ಎನ್',ನರಸಿಂಹಪ್ಪ',0',28',ಗಂಡು',',SC',KOOLI',NO'
ALQ2223212',ಕೆ ಗಂಗಾಧರ',ಕದಿರಪ್ಪ',0',27',ಗಂಡು',',SC',STREET-SELLER',NO'
ALQ2161156',ದಯಾನಂದ ಜಿ',ಗಂಗಪ್ಪ',0',26',ಗಂಡು',',KURUBA',PRIVATE JOB',NO'
ALQ2467629',ಆರ್\u200c ಉಷಾರಾಣಿ',ಹೆಚ್ ಸಿ ಗೋಪಾಲ',0',53',ಹೆಣ್ಣು',',SHETBALAJIGA',HOUSE -WIFE',NO'
ALQ2559524',ಮಾರಕ್ಕೆ',ಕದಿರಪ್ಪ',0',43',ಹೆಣ್ಣು',',SC',SHEEP-FARMING',NO'
ALQ2146710',ಕದಿರಪ್ ಎನ್',ಎನ್ ನರಶಿಂಹನ',0',29',ಗಂಡು',',SC',GAARE',NO'
ALQ2146702',ವೆಂಕಟೇಶ್ ಎನ್',ನಾರಾಯಣಪ್ಪ',0',28',ಗಂಡು',',ST',GAARE',NO'
ALQ2146694',ವೆಂಕ್ ಟೇಶ್ ಏ',ಅಶ್ವತಪ್ಪ',0',28',ಗಂಡು',',SC',PRIVATE JOB',NO'
ALQ2226439',ವಿನೋದ',ಲಿಂಗಾರೆಡ್ಡಿ',0',27',ಹೆಣ್ಣು',',SHETBALAJIGA',HOUSE -WIFE',NO'
ALQ2559656',ಶ್ರೀಧರ್ ಕೆ',ಕದಿರಪ್ಪ',0',25',ಗಂಡು',',SC',STREET-SELLER',NO'
ALQ2559714',ಭಾಗ್ಯಮ್ಮ ಎಲ್',ಲಕ್ಷ್ಮೀಪತಿ',0',24',ಹೆಣ್ಣು',',SC',HOUSE -WIFE',NO'
ALQ3227196',ಸುಮಾ ಟಿ ಜಿ',ನಟರಾಜ ಎಚ್ ಎ',0',20',ಹೆಣ್ಣು',',SHETBALAJIGA',HOUSE -WIFE',NO'
ALQ3194321',ಕೆನೇತ್ರಾವತಿ',ಕದಿರಪ್ಪ',0',20',ಹೆಣ್ಣು',',SC',HOUSE -WIFE',NO'
ALQ2881910',ಹೇಮಾವತಿ',ಹೆಚ್ ಆರ್ ಶ್ರೀನಿವಾಸಮೂರ್ತಿ',1',58',ಹೆಣ್ಣು',',BRAHMIN',HOUSE -WIFE',NO'
ALQ2881902',ಹೆಚ್ ಆರ್ ಶ್ರೀನಿವಾಸಮೂ',ಹೆಚ್ ಎನ್ ರಾಮರಾವ್',1',56',ಗಂಡು',',BRAHMIN',LIC-AGENT',NO'
ALQ2384758',ನಂದಕಿಶೋರ್ ಹೆಚ್ ಎಸ್',ಶ್ರೀ ನಿವಾಸಮೂರ್ತಿ ಹೆಚ್ ಆರ್',1',25',ಗಂಡು',YES',BRAHMIN',AUSTRALIA',NO'
ALQ3194339',ವನಿತ ಹೆಚ್ ವಿ',ವೆಂಕಟರಮಣಪ್ಪ',1',20',ಹೆಣ್ಣು',',SC',GARMENTS',NO'
ALQ2223246',ಸುಶೀಲಮ್ಮ',ಹೆಚ್ ಕೆ ಕಾಂತರಾಜ',2',28',ಹೆಣ್ಣು',',SC',GARMENTS',NO'
ALQ2079168',ಬಿ ಸುಮಿತ್ರ',ನರಸಿಂಹಮೂರ್ತಿ',2',28',ಹೆಣ್ಣು',',SC',TAILOR',NO'
ALQ2198844',ನವೀನ ಕೆ',ಕದಿರಪ್ಪ',2',27',ಗಂಡು',',SC',GAARE',NO'
ALQ2502227',ರೇಣುಕಾ ಆರ್',ನವೀನ್ ಕೆ',2',27',ಹೆಣ್ಣು',',SC',HOUSE -WIFE',NO'
ALQ3061116',ರೇಣುಕ ಎನ್',ಶಿವ ಕುಮಾರ್ ಕೆ',2',22',ಹೆಣ್ಣು',',SC',HOUSE -WIFE',NO'
ALQ1550862',ಹೆಚ್ ಆರ್ ಪ್ರಭಾಕರ',ಹೆಚ್ ಎನ್ ರಾಮರಾವ್',2',42',ಗಂಡು',YES',BRAHMIN',AUDITOR',NO'
ALQ2384584',ಲೋಕೇಶ ಕೆ',ಕದಿರಪ್ಪ',2',26',ಗಂಡು',',SC',AUTO-DRIVER',NO'
ALQ2161172',ಎಂ ಲಕ್ಷ್ಮೀಪತಿ',ಮದ್ವರಪ್ಪ',3',27',ಗಂಡು',',SC',GAARE',NO'
ALQ0623751',ಪದ್ಮಾವತಿ',ಹ್ಞಸ ಎನ್ ರಾಮರಾವ್',',50',ಹೆಣ್ಣು',',BRAHMIN',HOUSE -WIFE',NO'
ALQ0623793',ಜಿ ಸುಶೀಲಮ್ಮ',ಗಂಗಪ್ಪ',',34',ಹೆಣ್ಣು',',KURUBA',HOUSE -WIFE',NO'
ALQ2107902',ರಾಕೇಶ ಎಚ್ ಜೆ',ಜಯರಾಮ',',29',ಗಂಡು',',SADRU',FACTORY WORKER',NO'
ALQ3058195',ಡಿ ಸೌಮ್ಯ',ಹೆಚ್ ವಿ ಶುಭಾಕರ',4',23',ಹೆಣ್ಣು',',SHETBALAJIGA',HOUSE -WIFE',NO'
ALQ0060913',ಎಂ ವೆಂಕಟಾಚಲಪ್ಪ',ಮರಿಯಪ್ಪ',4',63',ಗಂಡು',',SHETBALAJIGA',SHEEP-FARMING',NO'
ALQ0059709',ನರಹರಿ',ಎಂ ವೆಂಕಟಚಲಪ್ಪ',4',43',ಗಂಡು',',SHETBALAJIGA',ELECTRICIAN-CONTRACTOR',NO'
MVJ1669647',ಹೆಚ್ ವಿ ಶುಭಾಕರ',ಎಂ ವೆಂಕಟಾಚಲಪತಿ',4',36',ಗಂಡು',',SHETBALAJIGA',STUDIO',NO'
ALQ0623835',ಸತೀಶ್ ಕುಮಾರ್',ವೆಂಕಟಾಚಲಪ್ಪ',',34',ಗಂಡು',',SHETBALAJIGA',CENTRING',NO'
ALQ0623710',ಮಂಜುಳ',ನರಹರಿ',4',31',ಹೆಣ್ಣು',',SHETBALAJIGA',HOUSE -WIFE',NO'
ALQ3166725',ಚಂದನ ಆರ್',ಹೆಚ್ ವಿ ಸತೀಶ್ ಕುಮಾರ್',47',21',ಹೆಣ್ಣು',',SHETBALAJIGA',HOUSE -WIFE',NO'
ALQ2079184',ಬಾಲಮ್ಮ ತಾಯಿಯ',ತಿಮ್ಮಕ್ಕ',5',38',ಹೆಣ್ಣು',',SC',KOOLI',NO'
ALQ1550888',ಹೆಚ್ ಸಿ ಗೋಪಾಲ',ಚಿಕ್ಕವೆಂಕಟಪ್ಪ',5',37',ಗಂಡು',',SHETBALAJIGA',PAINT-ARTIST',NO'
ALQ2474443',ಸುಬ್ಬರಾಯ ಎನ್',ನಲ್ಲಪ್ಪ',5',32',ಗಂಡು',',SC',GAARE',NO'
ALQ2559508',ಸುಜಾತ',ಸುಬ್ಬರಾಯ ಎನ್',5',25',ಹೆಣ್ಣು',',SC',GARMENTS',NO'
ALQ2409647',ಎಮ್ ವೆಂಕಟಸ್ವಾಮಿ',ಲೇಟ್ ಮದ್ವರಪ್ಪ',6',54',ಗಂಡು',',SC',SOCIAL-SERVICE',NO'
ALQ2409621',ಎನ್ ಭಾಗ್ಯಮ್ಮ',ಎಂ ವೆಂಕಟಸ್ವಾಮಿ',6',36',ಹೆಣ್ಣು',',SC',ANGANAWADI-TEACHER',NO'
ALQ2881928',ಲಕ್ಷ್ಮಮ್ಮ',ಫಣಿಯಪ್ಪ',6',65',ಹೆಣ್ಣು',',SHETBALAJIGA',AGED',NO'
ALQ2079192',ಸಣ್ಣಮ್ಮ',ಟಿ ನರಸಿಂಹಮೂರ್ತಿ',7',43',ಹೆಣ್ಣು',YES',SC',TAILOR',NO'
ALQ2378941',ಆಲವೇಲಮ್ಮ ಹೆಚ್ ಎಸ್',ಸುಬ್ಬರಾಯಪ್ಪ',7',34',ಹೆಣ್ಣು',',SHETBALAJIGA',GARMENTS',NO'
ALQ1871045',ಗಂಗರತ್ನಮ್ಮ',ಟಿ ವೆಂಕಟೇಶ್',7',31',ಹೆಣ್ಣು',',SC',TAILOR',NO'
ALQ0059915',ಟಿ ಸುಬ್ಬರಾಮಪ್ಪ',ತಿಮ್ಮಪ್ಪ',7',65',ಗಂಡು',',SHETBALAJIGA',FARMER',NO'
ALQ2881936',ಸರೋಜಮ್ಮ',ಟಿ ಸುಬ್ಬರಾಮಪ್ಪ',7',55',ಹೆಣ್ಣು',',SHETBALAJIGA',HOUSE -WIFE',NO'
ALQ1550896',ಹೆಚ್ ಎಸ್ ಪ್ರಸನ್ನ ಕುಮಾರ',ಟಿ ಸುಬ್ಬರಾಯಪ್ಪ',7',32',ಗಂಡು',YES',SHETBALAJIGA',CAR-DRIVER',NO'
ALQ2881944',ಲಿಂಗಮ್ಮ',ನಾಗಪ್ಪ',8',75',ಹೆಣ್ಣು',YES',SHETBALAJIGA',AGED',NO'
ALQ2881969',ಮಂಗಮ್ಮ',ಲಕ್ಷ್ಮೀ ಪತಿ',8',50',ಹೆಣ್ಣು',',SHETBALAJIGA',KOOLI',NO'
MVJ3611316',ಮೈಲಾರಪ್ಪ',ಮರೆಪ್ಪ',9',80',ಗಂಡು',',DELETED',',NO'
ALQ2881977',ಮಲ್ಲಕ್ಕ',ಮೈಲಾರಪ್ಪ',9',69',ಹೆಣ್ಣು',',DELETED',',NO'
ALQ2881985',ಅಶ್ವತ್ಥಪ್ಪ',ಮೈಲಾರಪ್ಪ',9',55',ಗಂಡು',',SHETBALAJIGA',KOOLI',NO'
ALQ2882777',ಗಂಗಾಧರಪ್ಪ',ಗಂಗಪ್ಪ',9',51',ಗಂಡು',',SC',KOOLI',NO'
MVJ3611100',ಶಿವಲಿಂಗಯ್ಯ',ಮೈಲಾರಪ್ಪ',9',48',ಗಂಡು',',SHETBALAJIGA',KSRTC-DRIVER',NO'
MVJ3611555',ನಾಗಮಣಿ',ಅಶ್ವತ್ಥಪ್ಪ',9',47',ಹೆಣ್ಣು',',SHETBALAJIGA',HOUSE -WIFE',NO'
ALQ0623744',ಉಮಾದೇವಿ',ಶಿವಲಿಂಗಯ್ಯ',9',40',ಹೆಣ್ಣು',',SHETBALAJIGA',HOUSE -WIFE',NO'
ALQ2384972',ಲಕ್ಷ್ಮೀಕಾಂತಮ್ಮ',ಗಂಗಾಧರಪ್ಪ',9',35',ಹೆಣ್ಣು',',SC',KOOLI',NO'
ALQ2559672',ನಟರಾಜ ಹೆಚ್ ಎ',ಅಶ್ವತ್ಥಪ್ಪ',9',23',ಗಂಡು',',SHETBALAJIGA',STREET-SELLER',NO'
ALQ2882785',ಬಾಲಮ್ಮ',ನರಸಿಂಹಪ್ಪ',10',70',ಹೆಣ್ಣು',',SC',AGED',NO'
ALQ2881993',ಚಿಕ್ಕಣ್ಣ',ಫಣಿಯಪ್ಪ',10',52',ಗಂಡು',',SHETBALAJIGA',KOOLI',NO'
ALQ2882009',ಜಯಮ್ಮ',ಚಿಕ್ಕಣ್ಣ',10',45',ಹೆಣ್ಣು',',SHETBALAJIGA',HOUSE -WIFE',NO'
ALQ2374999',ಬೇಬಿ ಶಾಮಿಲಿ ಸಿ',ಚಿಕ್ಕಣ್ಣ',10',27',ಹೆಣ್ಣು',YES',SHETBALAJIGA',HOUSE -WIFE',NO'
ALQ2467595',ನಂಜಪ್ಪ',ಚಿಕ್ಕಣ್ಣ',11',72',ಗಂಡು',',DELETED',',NO'
ALQ2467579',ಲಿಂಗಮ್ಮ',ಹೆಚ್ ಸಿ ನಂಜಪ್ಪ',11',36',ಹೆಣ್ಣು',',SHETBALAJIGA',KOOLI',NO'
MVJ3611118',ಎನ್ ಸುರೇಶ',ನಂಜಪ್ಪ',11',39',ಗಂಡು',YES',SHETBALAJIGA',ELECTRICAIN',NO'
ALQ0623736',ಕೆ ಎಲ್ ಶಾಂತಲ',ಎನ್ ಸುರೇಶ್',11',36',ಹೆಣ್ಣು',YES',SHETBALAJIGA',HOUSE -WIFE',NO'
MVJ3611076',ಎನ್ ಜಗನ್ನಾಥ',ಎಚ್ ಸಿ ನಂಜಪ್ಪ',11',36',ಗಂಡು',',SHETBALAJIGA',PAINTING',NO'
ALQ2223329',ಲತಾ',ಎನ್ ಜಗನ್ನಾಥ್',11',32',ಹೆಣ್ಣು',',SHETBALAJIGA',HOUSE -WIFE',NO'
ALQ3078417',ಪವಿತ್ರ ಎನ್',ಹನುಮಂತರಾಯ',11',32',ಹೆಣ್ಣು',',SHETBALAJIGA',',NO'
ALQ3022068',ಮಹೇಶ್ ಹೆಚ್ ಎನ್',ನಂಜಪ್ಪ',11',24',ಗಂಡು',',SHETBALAJIGA',BUS-CONDUCTOR',NO'
ALQ2882017',ಹೆಚ್ ಆರ್ ಜಯರಾಂ',ರಂಗಯ್ಯ',12',60',ಗಂಡು',',SADRU',FARMER',NO'
ALQ2882025',ರುಹ್ಮಣಮ್ಮ',ಹೆಚ್ ಆರ್ ಜಯರಾ',12',55',ಹೆಣ್ಣು',',SADRU',HOUSE -WIFE',NO'
ALQ2882033',ಹೆಚ್ ಆರ್ ರಂಗನಾಥ',ರಂಗಯ್ಯ',13',64',ಗಂಡು',',DELETED',',NO'
ALQ2882041',ಎಂ ಇಂದಿರಮ್ಮ',ಹೆಚ್ ಆರ್ ರಂಗನ',13',60',ಹೆಣ್ಣು',YES',SADRU',HOUSE -WIFE',NO'
MVJ3610995',ಹೆಚ್ ಆರ್ ಕಿರಣ್ ಕುಮಾರ್',ಹೆಚ್ ಆರ್ ರಂಗನಾಥ್',13',40',ಗಂಡು',YES',SADRU',ENGINEER',NO'
ALQ2882058',ಹೆಚ್ ಆರ್\u200c ಅಶ್ವತ್ಥನಾರಾಯಣಪ್ಪ',ರಂಗಯ್ಯ',14',73',ಗಂಡು',',SADRU',AGED',NO'
ALQ2882066',ಗಂಗಾದೇವಮ್ಮ',ಹೆಚ್ ಆರ್\u200c ಅಶ್ವತ್ಥನಾರಾಯಣಪ್ಪ',14',65',ಹೆಣ್ಣು',',SADRU',AGED',NO'
MVJ3611225',ಹೆಚ್ ಎ ರವಿ',ಅಶ್ವತ್ಥಪ್ಪ',14',39',ಗಂಡು',',SADRU',ELECTICIAN',NO'
ALQ2467520',ಶೇಖಪ್ಪ ಹೊಳೆಪ್ಪ ಬುಗಡಿ',ಹೊಳಪ್ಪ ಭೀಮಪ್ಪ ಬುಗಡಿ',14',32',ಗಂಡು',',KURUBA',KOOLI',NO'
ALQ1871052',ಬಿ ಎನ್ ಗಂಗಮ್ಮ',ಹೆಚ್ ಎನ್ ಲಕ್ಷ್ಮೀಕಾಂತರಾಜು',14',32',ಹೆಣ್ಣು',',SC',HOUSE -WIFE',NO'
ALQ2467538',ಎಚ್ ಗೌರಮ್ಮ',ಶೇಖಪ್ಪ ಹೊಳೆಪ್ಪ ಬುಗಡಿ',14',31',ಹೆಣ್ಣು',',SC',SHEEP-FARMING',NO'
ALQ2882082',ಮುದ್ದಮ್ಮ',ಹೆಚ್ ಸಿ ಗಂಗಾಧರಯ್ಯ',15',75',ಹೆಣ್ಣು',',SADRU',AGED',NO'
ALQ2882843',ಗಂಗಮ್ಮ',ಅಂಜಿನಪ್ಪ',15',75',ಹೆಣ್ಣು',',SC',AGED',NO'
ALQ2882090',ಎಸ್ ಪಟ್ಟಭಿರಾಮಯ್ಯ',ಸಿದ್ದಪ್ಪ',15',67',ಗಂಡು',',SADRU',FARMER',NO'
ALQ2882108',ಹೆಚ್ ಜಿ ಮಂಜುಳಾದೇವಿ',ಎಸ್ ಪಟ್ಟಭಿರಾಮಯ್ಯ',15',50',ಹೆಣ್ಣು',',SADRU',HOUSE -WIFE',NO'
ALQ2107712',ಚೇತನ್ ಕುಮಾರ್ ಎಚ್ ಪಿ',ಪಟ್ಟಾಭಿರಾಮಯ',15',30',ಗಂಡು',',SADRU',PRIVATE JOB',NO'
ALQ2078954',ಪ್ರವೀಣ್ ಕುಮಾರ್ ಹೆಚ್ ಪಿ',ಪಟ್ಟಾಬಿ ರಾಮಯ್ಯ',15',28',ಗಂಡು',',SADRU',FARMER',NO'
ALQ2409613',ಚಂದನ',ಪಟ್ಟಾಭಿರಾಮಯ್ಯ ಎಸ್',15',25',ಹೆಣ್ಣು',',SADRU',HOME',NO'
ALQ3011582',ಎನ್ ಮಂಜುನಾಥ',ನರಸಿಂಹಪ್ಪ',15',22',ಗಂಡು',',SC',GAARE',NO'
ALQ2882132',ಹೆಚ್ ಸಿ ಚಂದ್ರಣ್ಣ',ಹೆಚ್ ಸಿ ಚನ್ನರಾಯಪ್ಪ',16',75',ಹೆಣ್ಣು',',SADRU',FARMER',NO'
ALQ2882116',ಹೆಚ್ ಸಿ ಚನ್ನರಾಯಪ್ಪ',ಚಿಕ್ಕಚನ್ನಯ್ಯ',16',75',ಗಂಡು',',DELETED',',NO'
ALQ2882140',ಹೆಚ್ ಸಿ ಶಾಂತಕುಮಾರ್',ಚನ್ನರಾಯಪ್ಪ',16',53',ಗಂಡು',YES',SADRU',',NO'
ALQ2559664',ಭಾಗ್ಯಮ್ಮ',ಅಂಜಪ್ಪ',16',49',ಹೆಣ್ಣು',',SC',KOOLI',NO'
ALQ2882157',ಹೆಚ್ ಸಿ ಅಶ್ವತ್ಥನಾರಾಯಣ',ಚನ್ನರಾಯಪ್ಪ',16',48',ಗಂಡು',',SADRU',KOOLI',NO'
MVJ3611126',ಹೆಚ್ ಸಿ ರಮೇಶ್',ಹೆಚ್ ಸಿ ಚನ್ನರಾಯಪ್ಪ',16',39',ಗಂಡು',YES',SADRU',',NO'
ALQ2502250',ಗೀತಾ ಶ್ರೀ ಟಿ ಬಿ',ಹೆಚ್ ಸಿ ರಮೇಶ',16',36',ಹೆಣ್ಣು',YES',SADRU',HOUSE -WIFE',NO'
ALQ2409662',ಸುರೇಶ ವಿ',ವೆಂಕಟರಮಣಪ್ಪ',16',27',ಗಂಡು',',SC',GAARE',NO'
ALQ2882165',ನಂಜುಂಡಪ್ಪ',ಜೂಲಪ್ಪ',17',60',ಗಂಡು',',KURUBA',FARMER',NO'
ALQ2882173',ಅಶ್ವತ್ತಮ್ಮ',ನಂಜುಂಡಪ್ಪ',17',50',ಹೆಣ್ಣು',',KURUBA',HOUSE -WIFE',NO'
ALQ2559581',ಸುಧಾ ಹೆಚ್ ಎಸ್',ನಂಜುಂಡಪ್ಪ',17',24',ಹೆಣ್ಣು',YES',KURUBA',HOUSE -WIFE',NO'
ALQ3194354',ಪ್ರದೀಪ ಹೆಚ್ ಎನ್',ನಂಜುಂಡಪ್ಪ',17',20',ಗಂಡು',',KURUBA',FACTORY WORKER',NO'
ALQ2882884',ಗಂಗಪ್ಪ',ಲಕ್ಷ್ಮಯ್ಯ',18',75',ಗಂಡು',',SC',AGED',NO'
ALQ2882892',ಗಂಗಮ್ಮ',ಗಂಗಪ್ಪ',18',65',ಹೆಣ್ಣು',',SC',KOOLI',NO'
ALQ3134889',ನಳಿನಿ',ಕಾಂತರಾಜ',18',21',ಹೆಣ್ಣು',YES',SC',',NO'
ALQ2882900',ಗಂಗಾಧರಪ್ಪ',ಗಂಗಪ್ಪ',19',50',ಗಂಡು',',SC',FARMER',NO'
ALQ2882199',ನಾಗಲಕ್ಷ್ಮಮ್ಮ',ಹೆಚ್ ಎನ್ ಗಂಗೇಗೌಡ',19',48',ಹೆಣ್ಣು',',KURUBA',HOUSE -WIFE',NO'
ALQ2078962',LAKSHMEESHA',ಗಂಗೇಗೌಡ',19',29',ಹೆಣ್ಣು',',KURUBA',FARMER',NO'
ALQ2251999',ಜಿ ನವೀನ್ ಕುಮಾರ್',ಗಂಗಾಧರಪ್ಪ',19',25',ಗಂಡು',',SC',KOOLI',NO'
ALQ2360220',ಗಂಗಪ್ಪ',ಲೇಟ್ ನಂಜಪ್ಪ',20',72',ಗಂಡು',',KURUBA',KOOLI',NO'
ALQ2882207',ಗಂಗಮ್ಮ',ಗಂಗಪ್ಪ',20',55',ಹೆಣ್ಣು',',KURUBA',KOOLI',NO'
ALQ2409605',ಶ್ರೀನಾಥ',ಆದ್ಯಾಪ್ಪ',20',40',ಗಂಡು',',KURUBA',GAARE',NO'
ALQ3134558',ನಂಜಮ್ಮ ಜಿ',ಶ್ರೀನಾಥ್',20',36',ಹೆಣ್ಣು',',KURUBA',GARMENTS',NO'
ALQ3134848',ಪವಿತ್ರಜಿ',ಗಂಗಪ್ಪ',20',25',ಹೆಣ್ಣು',YES',KURUBA',HOUSE -WIFE',NO'
ALQ2882215',ತಿಮ್ಮಕ್ಕ',ಬಿ ಗಂಗಯ್ಯ',21',70',ಹೆಣ್ಣು',',KURUBA',KOOLI',NO'
ALQ2882223',ದೇವೇಗೌಡ',ಬಿ ಗಂಗಯ್ಯ',21',43',ಗಂಡು',',KURUBA',',YES'
ALQ2377687',ಸುಜಾತ',ದೇವೇಗೌಡ',21',35',ಹೆಣ್ಣು',',KURUBA',HOUSE -WIFE',NO'
ALQ3134574',ಶಿಲ್ಪ ಎ',ವೆಂಕಟೇಶ್',21ಕೆಎ',20',ಹೆಣ್ಣು',',ST',HOUSE -WIFE',NO'
ALQ2559573',ಲಕ್ಷ್ಮೀನರಸಪ್ಪ',ನಾಗಪ್ಪ',22',70',ಗಂಡು',',SC',SHEEP-FARMING',NO'
ALQ2882256',ಮುದ್ದಮ್ಮ',ಗಂಗಪ್ಪ',22',60',ಹೆಣ್ಣು',',KURUBA',AGED',NO'
ALQ2882264',ರಮೇಶ',ಗಂಗಪ್ಪ',22',45',ಗಂಡು',',KURUBA',SHEEP-FARMING',NO'
MVJ1670769',ಜಿ ದೇವರಾಜ',ಗಂಗಪ್ಪ',22',39',ಗಂಡು',',KURUBA',KOOLI',NO'
ALQ2981249',ಕಲ್ಪನ ಬಿ',ಕುಮಾರ',22',33',ಹೆಣ್ಣು',',SC',HOUSE -WIFE',NO'
ALQ0060756',ಎನ್ ಲಕ್ಷ್ಮಮ್ಮ',ಜಿ ರಮೇಶ',22',31',ಹೆಣ್ಣು',',KURUBA',SHEEP-FARMING',NO'
ALQ3227287',ಹರೀಶ ಎಮ್',ಮಂಜುನಾಥ',22',21',ಗಂಡು',',KURUBA',FACTORY WORKER',NO'
ALQ2882322',ಗಂಗಮ್ಮ',ಗಂಗಪ್ಪ',23',33',ಹೆಣ್ಣು',',KURUBA',AGED',NO'
ALQ2882280',ಅಶ್ವತ್ತಪ್ಪ',ಗಂಗಪ್ಪ',3',65',ಗಂಡು',',KURUBA',FARMER',NO'
ALQ2882298',ಗಂಗಾಧರಪ್ಪ',ಗಂಗಪ್ಪ',3',57',ಗಂಡು',',KURUBA',FARMER',NO'
ALQ2882306',ಲಕ್ಷ್ಮಮ್ಮ',ಅಶ್ವತ್ತಪ್ಪ',23',50',ಹೆಣ್ಣು',',KURUBA',HOUSE -WIFE',NO'
ALQ1550912',ಭಾಗ್ಯಮ್ಮ',ಗಂಗಾಧರಪ್ಪ',3',50',ಹೆಣ್ಣು',',KURUBA',FARMER',NO'
ALQ2882314',ರಾಮಚಂದ್ರಪ್ಪ',ಗಂಗಪ್ಪ',3',46',ಗಂಡು',YES',KURUBA',FACTORY WORKER',NO'
MVJ1670751',ಹೆಚ್ ಎ ರವಿಕುಮಾರ್',ಅಶ್ವತ್ಥಪ್ಪ',3',37',ಗಂಡು',',KURUBA',FARMER',NO'
ALQ2559631',ರಮ್ಯ ಹೆಚ್ ಜಿ',ಗಂಗಾಧರಪ್ಪ',3',25',ಹೆಣ್ಣು',',KURUBA',UNEMPLOYED',NO'
ALQ2559623',ವೀಣಾಜಿ',ಗಂಗಾಧರಪ್ಪ',23',25',ಹೆಣ್ಣು',',KURUBA',UNEMPLOYED',NO'
ALQ2882967',ಗಂಗಪ್ಪ',ಸೋಮಯ್ಯ',24',90',ಗಂಡು',',SC',AGED',NO'
ALQ2882348',ಈರಮ್ಮ',ದೊಡ್ಡಗಂಗಯ್ಯ',24',70',ಹೆಣ್ಣು',',DELETED',',NO'
ALQ2882355',ಅಶ್ವತ್ತಪ್ಪ',ದೊಡ್ಡಗಂಗಯ್ಯ',24',53',ಗಂಡು',',KURUBA',FARMER',NO'
ALQ2882363',ಸಾಕಮ್ಮ',ಅಶ್ವತ್ತಪ್ಪ',24',48',ಹೆಣ್ಣು',',KURUBA',HOUSE -WIFE',NO'
ALQ2467561',ಜಯಪ್ಪ ಹೆಚ್ ಜಿ',ಗಂಗಯ್ಯ',24',44',ಗಂಡು',',KURUBA',UNEMPLOYED',NO'
ALQ1550920',ನಾಗರತ್ನ ಬಿ ಆರ್',ಹೆಚ್ ಜಿ ಜಯಪ್ಪ',24',37',ಹೆಣ್ಣು',',KURUBA',FLOOR-MILL',NO'
ALQ2559383',ರವಿ ಎಮ್',ಮುನಿಶ್ಯಾಮಪ್ಪ',24',33',ಗಂಡು',',KURUBA',ELECTRICIAN',NO'
ALQ187108',ರಾಮಾಂಜಿ ಜಿ',ಗಂಗಪ್ಪ',24',32',ಗಂಡು',',SC',GAARE',NO'
ALQ2409688',ಸರೋಜಮ್ಮ',ರಾಮಕೃಷ್ಣಪ್ಪ',24',29',ಹೆಣ್ಣು',',SC',KOOLI',NO'
ALQ2375293',ಚೈತ್ರ ಎ',ಅಶ್ವತ್ಥಪ್ಪ',24',26',ಹೆಣ್ಣು',',KURUBA',HOUSE -WIFE',NO'
ALQ2384998',ಸುಬ್ಬಪ್ಪ',ಲೇಟ್ ನರಸಿಂಹಯ್ಯ',25',74',ಗಂಡು',',ST',FARMER',NO'
ALQ3078250',ರಾಮಚಂದ್ರಪ್ಪ',ಬಾಬಣ್ಣ',25',58',ಗಂಡು',',SC',KOOLI',NO'
ALQ2882371',ನರಸಮ್ಮ',ಸುಬ್ಬಪ್ಪ',25',57',ಹೆಣ್ಣು',',ST',KOOLI',NO'
ALQ1550946',ಬಾಗ್ಯಮ್ಮ',ನಾಗರಾಜ',25',42',ಹೆಣ್ಣು',',ST',KOOLI',NO'
ALQ3078243',ಸರಸ್ವತಮ್ಮ',ರಾಮಚಂದ್ರಪ್ಪ',25',39',ಹೆಣ್ಣು',',SC',KOOLI',NO'
ALQ2882389',ಜಯಮ್ಮ',ಹೆಚ್ ಎಲ್ ನರಸಿಂಹಯ್ಯ',26',55',ಹೆಣ್ಣು',',ST',FARMER',NO'
ALQ2223261',ಎಮ್ ಪರಮೇಶ್',ಮುತ್ತುರಾಯಪ್ಪ',26',32',ಗಂಡು',',ST',SHEEP-FAEMING',NO'
ALQ2477222',ಆದಿಲಕ್ಷ್ಮೀ',ಎಂ ಪರಮೇಶ್',26',30',ಹೆಣ್ಣು',',ST',HOUSE -WIFE',NO'
ALQ2223303',ಎನ್ ಲಕ್ಷ್ಮೀದೇವಿ',ಕೆನರಸಿಂಹಮೂರ್ತಿ',26',27',ಹೆಣ್ಣು',',SC',SHEEP-FARMING',NO'
ALQ2559698',ಗಂಗರಾಜುಹೆಚ್ ಎನ್',ನರಸಿಂಹಪ್ಪ',26',24',ಗಂಡು',',SC',GAARE',NO'
ALQ2332062',ನರಸಪ್ಪ',ರಾಮಯ್ಯ',27',68',ಗಂಡು',YES',ST',MISSING',NO'
ALQ2882397',ಗೌರಮ್ಮ',ನರಸಪ್ಪ',27',55',ಹೆಣ್ಣು',',ST',FARMER',NO'
MVJ1670140',ಎನ್ ಮಂಜುನಾಥ',ನರಸಪ್ಪ',27',37',ಗಂಡು',',ST',GARMENTS',NO'
ALQ2223287',ಕೆ ಎಮ್ ಉಮಾದೇವಿ',ಎನ್ ಮಂಜುನಾಥ್',27',33',ಹೆಣ್ಣು',',ST',HOUSE -WIFE',NO'
ALQ0060384',ವನ ವಿಶ್ವನಾಥ',ನರಸಪ್ಪ',27',30',ಗಂಡು',',ST',FARMER',NO'
ALQ2215747',ಶಶಿಕುಮಾರ್ ಎನ್',ನರಸಪ್ಪ',27',27',ಗಂಡು',',ST',FARMER',NO'
ALQ3134830',ಕಲ್ಯಾಣಿ ಎಲ್ ಎ',ವಿಶ್ವನಾಥ',27',25',ಹೆಣ್ಣು',',ST',HOUSE -WIFE',NO'
ALQ2882405',ರಂಗಮ್ಮ',ಸಿದ್ದಪ್ಪ',28',65',ಹೆಣ್ಣು',',ST',HOUSE -WIFE',NO'
ALQ2079085',ಶಿವಣ್ಣ ತಾಯಿಯ',ಗಂಗಮ್ಮ',28',40',ಗಂಡು',YES',ST',GOVERMENT EMPLOYEE',NO'
ALQ2079077',ರಾಮಾಂಜೀನಪ್ಪ ಎಸ್ ತಾಯಿಯ',ರಂಗಮ್ಮ',28',38',ಗಂಡು',',ST',GARMENTS,SUPERVISOR
ALQ2079093',ಸಂಧ್ಯಾಜಿ',ಎಸ್ ರಾಮಾಂಜೀ',28',29',ಹೆಣ್ಣು',',ST',HOUSE -WIFE',NO'
ALQ2882413',ನಾಗರಾಜು',ಕದರಪ್ಪ',29',50',ಗಂಡು',',ST',POLITICIAN',NO'
MVJ1670371',ಜಯಮ್ಮ',ನಾಗರಾಜು',29',42',ಹೆಣ್ಣು',',ST',SMALL-SHOP',NO'
ALQ2559557',ರೂಪ ಬಿ',ಹೆಚ್ ಎನ್ ಶ್ರೀನಾನ',29',25',ಹೆಣ್ಣು',',ST',HOUSE -WIFE',NO'
ALQ3134517',ಹೇಮಂತ್ ನಾಯಕ ಹೆಚ್ ಎನ್',ನಾಗರಾಜ ಹೆಚ್ ಕೆ',29',20',ಗಂಡು',YES',ST',PRIVATE JOB',NO'
ALQ2883023',ನರಸಿಂಹಪ್ಪ',ನಾಗಪ್ಪ',30',83',ಗಂಡು',',SC',KOOLI',NO'
ALQ2882421',ಎಂ ಎನ್ ರಾಮಯ್ಯ',ನಲ್ಲಪ್ಪ',30',80',ಗಂಡು',',ST',AGED',NO'
ALQ2882439',ನಂಜಮ್ಮ',ಎಂ ಎನ್ ರಾಮಯ್ಯ',30',70',ಹೆಣ್ಣು',',ST',HOUSE -WIFE',NO'
ALQ2559706',ಭಾರತಿ ಬಿ ಎನ್',ಅಶ್ವತ್ಥಪ್ಪ',30',42',ಹೆಣ್ಣು',YES',ST',HOUSE -WIFE',NO'
ALQ2981231',ಎ ಹೇಮಲತ',ಲಕ್ಷ್ಮಣ',30',24',ಹೆಣ್ಣು',',SC',KOOLI',NO'
ALQ2559680',ಸೋಮಶೇಖರ ಹೆಚ್ ಎನ್',ನರಸಿಂಹಪ್ಪ',31',23',ಗಂಡು',',SC',GAARE',NO'
ALQ2882462',ಸಿದ್ದಪ್ಪ',ನರಸಿಂಹಪ್ಪ',32',53',ಗಂಡು',',ST',FARMER',NO'
ALQ2882470',ಲಕ್ಷ್ಮೀದೇವಮ್ಮ',ಸಿದ್ದಪ್ಪ',32',45',ಹೆಣ್ಣು',',ST',FARMER',NO'
ALQ2198885',ಶಿವರಾಜ್ ಕುಮಾರ್ ಎಸ್',ಸಿದ್ದಪ್ಪ',32',27',ಗಂಡು',',DELETED',',NO'
ALQ2223337',ಎಸ್ ಮಂಜುನಾಥ್',ಸಿದ್ದಪ್ಪ',32',25',ಗಂಡು',',ST',GARMENTS',NO'
ALQ2223352',ಎಲ್ ಮಂಜುನಾಥ್',ಲಿಂಗಪ್ಪ',32',25',ಗಂಡು',',ST',GARMENTS',NO'
ALQ2409712',ಮಣಿಕಂಠ ಎಲ್',ಲಿಂಗಪ್ಪ',32',24',ಗಂಡು',',ST',FACTORY WORKER',NO'
ALQ3167897',ಸಿಂಧುಜೆ',ಎಲ್ ಮಂಜುನಾಥ',32',20',ಹೆಣ್ಣು',',ST',HOUSE -WIFE',NO'
ALQ2882488',ಅಶ್ವತ್ತಪ್ಪ',ನಾರಾಯಣಪ್ಪ',33',55',ಗಂಡು',',KURUBA',GARMENTS',NO'
ALQ2882496',ಅಲುಮೇಲಮ್ಮ',ಅಶ್ವತ್ತಪ್ಪ',33',50',ಹೆಣ್ಣು',',SC',HOUSE -WIFE',NO'
ALQ2079069',ಶಶಿಕಲಾ',ಬೈರಪ್ಪ',33',39',ಹೆಣ್ಣು',',KURUBA',KOOLI',NO'
ALQ2079143',ತ್ಯಾಗರಾಜುಬಿ',ಬೈರಪ್ಪ',33',29',ಗಂಡು',',KURUBA',CAR-DRIVER',NO'
ALQ3011608',ಶಿಲ್ಪ ಎಸ್',ತ್ಯಾಗರಾಜು ಬಿ',33',26',ಹೆಣ್ಣು',',KURUBA',HOUSE -WIFE',NO'
ALQ2882504',ಧನಲಕ್ಷ್ಮಮ್ಮ',ಅಂಜಿನಪ್ಪ',34',75',ಹೆಣ್ಣು',',SHETBALAJIGA',AGED',NO'
MVJ1670132',ಕೃಷ್ಣಪ್ಪ ಹೆಚ್ ಎ',ಅಂಜಿನಪ್ಪ',34',45',ಗಂಡು',YES',SHETBALAJIGA',FACTORY WORKER',NO'
ALQ0059758',ಪಲ್ಲವಿ',ಸೋಮಶೇಖರ',34',32',ಹೆಣ್ಣು',',SHETBALAJIGA',HOUSE -WIFE',NO'
ALQ2223279',ಹೆಚ್ ಎಲ್ ಅಂಜೇಶ್',ಹೆಚ್ ಎನ್ ಲಕ್ಷ್ಮೀಪತಿ',34',25',ಗಂಡು',',ST',STUDENT',NO'
ALQ3134434',ಪ್ರವೀಣ್ ಎಲ್',ಲಕ್ಷ್ಮೀಪತಿ',34',20',ಗಂಡು',',ST',FARMER',NO'
ALQ2882553',ನಂಜುಂಡಪ್ಪ',ಸಿದ್ದಪ್ಪ',35',75',ಗಂಡು',',KURUBA',SHEEP-FARMING',NO'
ALQ2079119',ಲೋಕೇಶ್ ಜಿ',ಗಂಗಾಧರಪ್ಪ',35',29',ಗಂಡು',',KURUBA',FARMER',NO'
ALQ2883080',ಗಂಗಪ್ಪ',ಗಂಗಪ್ಪ',36',75',ಗಂಡು',',KURUBA',KOOLI',NO'
ALQ2882595',ಭೂತಪ್ಪ',ಸಿದ್ದಪ್ಪ',36',73',ಗಂಡು',',KURUBA',KOOLI',NO'
MVJ3611233',ಸುಬ್ರಾಯಪ್ಪ',ಸಂಜೀವರಾಯಪ್ಪ',36',44',ಗಂಡು',YES',KURUBA',SHEEP-FARMING',NO'
ALQ2331213',ಗಂಗರತ್ನಮ್ಮ',ನರಸಿಂಹಮೂರ್ತಿ',36',30',ಹೆಣ್ಣು',',SC',KOOLI',NO'
ALQ3108297',ಗಾಯತ್ರಿಕೆ',ಗಂಗರಾಜು',36',21',ಹೆಣ್ಣು',',SC',HOUSE -WIFE',NO'
ALQ3058203',ಮಹೇಶ್ ಕುಮಾರ್ ಹೆಚ್ ಎ',ನಾರಾಯಣಪ್ಪ',36',21',ಗಂಡು',',SC',STUDENT',NO'
ALQ2882603',ಚಿಕ್ಕಗಂಗಪ್ಪ',ಸಿದ್ದಪ್ಪ',37',75',ಗಂಡು',',KURUBA',FARMER',NO'
ALQ2882611',ಸಾಕಮ್ಮ',ಚಿಕ್ಕಗಂಗಪ್ಪ',37',72',ಹೆಣ್ಣು',',KURUBA',HOUSE -WIFE',NO'
ALQ2467603',ಸುಮಿತ್ರ',ಚಿಕ್ಕಗಂಗಪ್ಪ',37',53',ಹೆಣ್ಣು',',KURUBA',KOOLI',NO'
ALQ2883130',ಗಂಗಾಧರಪ್ಪ',ಚಿಕ್ಕಕಾಳಪ್ಪ',37',50',ಗಂಡು',',SC',',YES'
ALQ0623785',ಹೆಚ್ ಪಿ ರುಕ್ಕಿಣಿ',ಜಯಪ್ಪ ಹೆಚ್ ಸಿ',37',33',ಹೆಣ್ಣು',',KURUBA',HOUSE -WIFE',NO'
ALQ3011590',ಸುನಿಲ್ ಕುಮಾರ್ ಹೆಚ್ ಜಿ',ಗಂಗಾಧರಪ್ಪ',37',25',ಗಂಡು',',SC',GAARE',NO'
ALQ2882637',ಗಂಗಮ್ಮ',ಗಂಗಪ್ಪ',38',76',ಹೆಣ್ಣು',',DELETED',',NO'
ALQ0060970',ಅಶ್ವತ್ತಪ್ಪ',ಗಂಗಪ್ಪ',38',50',ಗಂಡು',',KURUBA',GARMENTS',NO'
ALQ1550961',ಉಮಕ್ಕ',ಅಶ್ವತ್ತಪ್ಪ',38',45',ಹೆಣ್ಣು',',KURUBA',',NO'
ALQ2373660',ಗೋಪಿನಾಥ ಎ',ಅಶ್ವತ್ಥಪ್ಪ',38',25',ಗಂಡು',',KURUBA',GARMENTS',NO'
ALQ1550979',ಗಂಗಾಧರಪ್ಪ',ಗಂಗಪ್ಪ',39',53',ಗಂಡು',',KURUBA',KOOLI',NO'
ALQ0060814',ಗಂಗಮ್ಮ',ಗಂಗಾಧರಪ್ಪ',39',43',ಹೆಣ್ಣು',',KURUBA',KOOLI',NO'
ALQ2502243',ಕಾವ್ಯ ಹೆಚ್ ಎನ್',ನರಸಿಂಹಪ್ಪ',39',24',: ಹೆಣ್ಣು',',SC',STUDENT',NO'
ALQ2559730',ಸತೀಶ್ ಹೆಚ್ ಜಿ',ಗಂಗಾಧರಪ್ಪ',39',24',ಗಂಡು',YES',KURUBA',PRIVATE JOB',NO'
ALQ3011558',ಸಂತೋಷ್ ಹೆಚ್ ಎನ್',ಹೆಚ್ ನರಸಿಂಹಯ',39',23',ಗಂಡು',',SC',GARMENTS',NO'
ALQ2385185',ಟಿ ಎಸ್ ಶಿಲ್ಪ',ಹೆಚ್ ಎನ್ ನರಸಿಂಹರಾಜು',40',28',ಹೆಣ್ಣು',',SC',GARMENTS',NO'
ALQ2343572',ಜಿ ನೇತ್ರಾವತಿ',ಹೆಚ್ ಎನ್ ಶಿವ ಕುಮಾರ್',40',26',ಹೆಣ್ಣು',',SC',HOUSE -WIFE',NO'
ALQ2223238',ಗಂಗರತ್ನಮ್ಮ',ಅಶ್ವತ್ಥಪ್ಪ',41',44',ಹೆಣ್ಣು',',SC',KOOLI',NO'
ALQ3011574',ಶೆತ್ತಕ್ಕ',ಸುಬ್ಬಣ್ಣ',43',59',ಹೆಣ್ಣು',',SC',KOOLI',NO'
ALQ2883270',ನರಸಿಂಹಪ್ಪ',ಅಂಜಿನಪ್ಪ',43',55',ಗಂಡು',',SC',KOOLI',NO'
ALQ2223253',ಸುಜಾತ',ಎನ್ ನರಸಿಂಹಮೂರ್ತಿ',43',3',ಹೆಣ್ಣು',',SC',HOUSE -WIFE',NO'
ALQ2981199',ರಮಾದೇವಿ ಎನ್',ಶ್ರೀರಾಮ',44',24',ಹೆಣ್ಣು',',SC',HOUSE -WIFE',NO'
ALQ2883304',ಚಿಕ್ಕ ಅಂಜಿನಪ್ಪ',ದೊ ನರಸಿಂಹಪ್ಪ',45',75',ಗಂಡು',',SC',FARMER',NO'
ALQ3166493',ನರಸಮ್ಮ',ಚಿಕ್ಕಅಂಜಿನಪ್ಪ',45',67',ಹೆಣ್ಣು',',SC',KOOLI',NO'
ALQ2079044',ಮಾಲತಿ ಹೆಚ್',ನರಸಿಂಹಮೂರ್ತಿ',45',29',ಹೆಣ್ಣು',',SC',KOOLI',NO'
ALQ2079176',MANJULA',ಲೋಕೇಶ',45',29',ಹೆಣ್ಣು',',DELETED',',NO'
ALQ2364263',ಸಾಕಮ್ಮ',ಚಿಕ್ಕನರಸಿಂಹಪ್ಪ',48',75',ಹೆಣ್ಣು',',SC',KOOLI',NO'
ALQ2883320',ಚಿಕ್ಕನರಸಿಂಹಪ್ಪ',ಜಗರೆಡ್ಡಪ್ಪ',48',75',ಗಂಡು',',SC',KOOLI',NO'
ALQ2385128',ನಾಗರಾಜು ಎನ್',ನರಸಿಂಹಪ್ಪ',48',27',ಗಂಡು',',SC',GAARE',NO'
ALQ2981256',ಕಾಳಪ್ಪ ಹೆಚ್ ಆರ್',ರಾಮಪ್ಪ',50',23',ಗಂಡು',',SC',',YES'
ALQ1551159',ಗಂಗಮ್ಮ',ಕಾಳಪ್ಪ',51',95',ಹೆಣ್ಣು',',SC',AGED',NO'
ALQ2409506',ಉಶಾ ಎನ್',ಎನ್ ನರಸಿಂಹಮೂರ್ತಿ',52',29',ಹೆಣ್ಣು',',SC',HOUSE -WIFE',NO'
ALQ2559540',ಹರೀಷ್ ಬಾಬು ಆರ್',ರಾಮಾಂಜಿನಪ್ಪ',53',24',ಗಂಡು',',SC',AIRPORT-WORKER',NO'
MVJ4047783',ಜಿ ಅಶ್ವತ್ಥಪ್ಪ',ಮೂಗಿಗಂಗಪ್ಪ',56',36',ಗಂಡು',',SC',GAARE',NO'
ALQ2361244',ಮರಿಗಮ್ಮ',ಚಿನ್ನಪ್ಪಯ್ಯ',57',74',ಹೆಣ್ಣು',',SC',HOUSE -WIFE',NO'
ALQ2356004',ಪುಟ್ಟಮ್ಮ',ಗಂಗಪ್ಪ',58',73',ಹೆಣ್ಣು',',SC',KOOLI',NO'
ALQ2981207',ಗಾಯಿತ್ರಿ ವಿ ಎನ್',ಕೃಷ್ಣಪ್ಪ',58',27',ಹೆಣ್ಣು',',SC',HOUSE -WIFE',NO'
ALQ2559516',ಜ್ಯೋತಿ ಎಸ್',ಮಲ್ಲೇಶ್ ಕೆ',59',29',ಹೆಣ್ಣು',',SC',HOUSE -WIFE',NO'
ALQ2502235',ರೋಜ ಕೆ',ಕರಿಯಪ್ಪ',59',26',ಹೆಣ್ಣು',',SC',',YES'
ALQ2223295',ಗಿರೀಶ್',ಕರಿಯಪ್ಪ',59',25',ಗಂಡು',',SC',KOOLI',NO'
ALQ2079135',ಹೆಚ್ ಎ ರಾಧ',ಗಂಗಣ್ಣ',60',33',ಹೆಣ್ಣು',',SC',HOUSE -WIFE',NO'
ALQ2467553',ಗಂಗಾದೇವಿ ಸಿ ಎ',ನಾರಾಯಣಸ್ವಾಮಿ',60',27',ಹೆಣ್ಣು',',SC',HOUSE -WIFE',NO'
ALQ2467587',ಗಂಗಮ್ಮ',ಅಂಜಪ್ಪ',61',73',ಹೆಣ್ಣು',',SC',KOOLI',NO'
ALQ2079010',ಎಸ್ ಮೂರ್ತಿ',ಶಿವಪ್ಪ',62',29',ಗಂಡು',',SC',GAARE',NO'
ALQ2559615',ಹೆಚ್ ಜೆ ಕಾಂತರಾಜ',ಜಯಪ್ಪ',62',24',ಗಂಡು',',SC',HOUSE -WIFE',NO'
ALQ3149986',ಸಂದೀಪ್ ಹೆಚ್ ಜೆ',ಜಯಪ್ಪ',62',21',ಗಂಡು',',SC',UNENPLOYED',NO'
ALQ2883585',ಜಗರೆಡ್ಡಪ್ಪ',ನರಸಿಂಹಪ್ಪ',64',55',ಗಂಡು',',SC',KOOLI',NO'
ALQ2078988',ಜೆ ನರಸಿಂಹಮೂರ್ತಿ',ಜಗರೆಡ್ಡಪ್ಪ',64',28',ಗಂಡು',',SC',STREET-SELLER',NO'
ALQ3022050',ವಿ ಎನ್ ಶ್ವೇತಾ',ಜೆ ನರಸಿಂಹಮೂತಿ',64',25',ಹೆಣ್ಣು',',SC',HOUSE -WIFE',NO'
ALQ2502219',ಅಂಜೇಶ ಹೆಚ್ ಜೆ',ಜಗರೆಡ್ಡಪ್ಪ',64',24',ಗಂಡು',',SC',AUTO-DRIVER',NO'
ALQ2883601',ಗಂಗಮ್ಮ',ನರಸಿಂಹಪ್ಪ',65',83',ಹೆಣ್ಣು',',SC',AGED',NO'
ALQ1871128',ಎ ಕಾಂತರಾಜ',ಅಂಜನಪ್ಪ',65',31',ಗಂಡು',',SC',GAARE',NO'
ALQ2351815',ಎ ಕಾಂತರಾಜು',ಅಂಜಿನಪ್ಪ',65',29',ಗಂಡು',',SC',GAARE',NO'
ALQ2981272',ಬಿ ಸುಮಿತ್ರ',ಕಾಂತರಾಜ ಎ',65',27',ಹೆಣ್ಣು',',SC',HOUSE -WIFE',NO'
ALQ3134541',ಮಮತ ಜಿ',ಕಾಂತರಾಜು',65',25',ಹೆಣ್ಣು',',SC',HOUSE -WIFE',NO'
ALQ3166717',ಸಕ್ಕರಪ್ಪ',ನರಸಪ್ಪ',67',67',ಗಂಡು',YES',SC',SECURITY',NO'
ALQ3011616',ಕೃಷ್ಣವೇಣಿ ಪಿ ವಿ',ನರಸಿಂಹಮೂರ್ತಿ',67',27',ಹೆಣ್ಣು',YES',SC',HOUSE -WIFE',NO'
ALQ2079028',ಗಾಯತ್ರಿ ಬಿ ಎನ್',ಸುಬ್ರಮಣಿ',68',32',ಹೆಣ್ಣು',YES',SC',',NO'
ALQ2883692',ಗಂಗಮ್ಮ',ಗಂಗಪ್ಪ',70',75',ಹೆಣ್ಣು',',SC',KOOLI',NO'
ALQ2981215',ಎಲ್ ಗಂಗಾದೇವಿ',ನಾಗೇಶ',70',34',ಹೆಣ್ಣು',',SC',GARMENTS',NO'
ALQ2198851',ಸಂಧ್ಯಾರಾಣಿ ಎ',ನಾಗರಾಜು ಎಲ್',70',31',ಹೆಣ್ಣು',YES',SC',PVT-TEACHER',NO'
ALQ2329084',ಎ ಆರ್ ಭಾಗ್ಯಮ್ಮ',ಜಿ ಮಾರುತಿ',71',35',ಹೆಣ್ಣು',',SC',HOUSE -WIFE',NO'
ALQ2079036',ಸಾಕಮ್ಮ',ಸಂಜೀವರಾಯ',71',34',ಹೆಣ್ಣು',',SC',HOUSE -WIFE',NO'
ALQ1871136',ಜಿ ಮಂಜುನಾಥ',ಗಂಗಪ್ಪ',71',32',ಗಂಡು',',SC',GAARE',NO'
ALQ2883726',ವೆಂಕಟೇಶಪ್ಪ',ಆದೇಪ್ಪ',72',55',ಗಂಡು',',SC',HOME',NO'
ALQ2079002',ಭಾಗ್ಯಮ್ಮ ಎಮ್ ಎಲ್',ಶ್ರೀನಿವಾಸ ವಿ',72',30',ಹೆಣ್ಣು',',SC',HOUSE -WIFE',NO'
ALQ2251973',ಗಂಗಾರಾಜುವಿ',ವೆಂಕಟೇಶ',72',25',ಗಂಡು',',SC',GAARE',NO'
ALQ3134897',ಅನಿತ ವಿ',ಗಂಗರಾಜುವಿ',72',21',ಹೆಣ್ಣು',',SC',HOUSE -WIFE',NO'
ALQ2409514',ಮುದ್ದಮ್ಮ',ನಾರಾಯಣಪ್ಪ',73',71',ಹೆಣ್ಣು',YES',SC',',NO'
ALQ2223220',ಎನ್ ಎಲ್ ಲಕಿ',ಎಸ್ ನರಸಿಂಹಮೂರ್ತಿ',73',33',ಹೆಣ್ಣು',YES',SC',GARMENTS',NO'
ALQ2252005',ಬಿ ಎನ್ ಚರಣ್ ಕುಮಾರ್',ಪಿ ನಾಗೇಶ್',73',23',ಗಂಡು',',SC',FARMER',NO'
ALQ2078947',ನಾಗರತ್ನ',ಹನುಮಂತರಾಯಪ್ಪ',75',36',ಹೆಣ್ಣು',YES',SC',HOUSE -WIFE',NO'
ALQ2482297',ದೀಪ ಎಸ್',ಶ್ರೀನಿವಾಸ ಮೂರ್ತಿ',75',26',ಹೆಣ್ಣು',YES',SC',',NO'
ALQ0624601',ಸಂಜೀವಪ್ಪ',ಗಂಗಪ್ಪ',78',75',ಗಂಡು',',SC',GAARE',NO'
MVJ4047346',ಹೆಚ್ ಜಿ ರವಿ',ಗಂಗಾಧರಪ್ಪ',79',34',ಗಂಡು',',SC',GAARE',NO'
ALQ1871144',ಜಿ ಶಶಿಕಲಾ',ಗಂಗಾಧರಪ್ಪ',79',32',ಹೆಣ್ಣು',',SC',UNEMPLOYED',NO'
ALQ3166519',ಶೋಭಾ ವಿ',ರವಿ ಹೆಚ್ ಜಿ',79',23',ಹೆಣ್ಣು',',SC',HOUSE -WIFE',NO'
ALQ2198877',ಗಂಗಪ್ಪ',ಅವೂಲ ನರಸಿಂಹ',80',67',ಗಂಡು',',ST',AGED',NO'
ALQ2198935',ಸಿದ್ದಗಂಗಮ್ಮ',ಗಂಗಪ್ಪ',80',64',ಹೆಣ್ಣು',',ST',AGED',NO'
ALQ2223204',ಎನ್ ನಾಗೇಶ್',ನರಸಿಂಹಪ್ಪ',80',26',ಗಂಡು',',SC',GAARE',NO'
ALQ2409530',ಸಿ ಶಶಿಕಲಾ',ಎನ್ ನಾಗೇಶ್',80',24',ಹೆಣ್ಣು',',SC',HOUSE -WIFE',NO'
ALQ2198836',ದಾಸಪ್ಪ',ಗಂಗಪ್ಪ',81',44',ಗಂಡು',',ST',KOOLI',NO'
ALQ2198919',ಚಿನ್ನಕ್ಕ',ದಾಸಪ್ಪ',81',43',ಹೆಣ್ಣು',',ST',GAARE',NO'
ALQ2198901',ಗಂಗಾಧರ',ಗಂಗಪ್ಪ',82',38',ಗಂಡು',',ST',KOOLI',NO'
ALQ2198828',ರಾಧಮ್ಮ',ಗಂಗಾಧರ',82',36',ಹೆಣ್ಣು',',ST',KOOLI',NO'
ALQ2223345',ಲೋಕೆಶ್',ನರಸಿಂಹಯ್ಯ',83',34',ಗಂಡು',',SC',GAARE',NO'
ALQ3108529',ಕೆಂಪರಾಜುಹೆಚ್ ಡಿ',ಲೇಟ್ ದಾಸಪ್ಪ',87',20',ಗಂಡು',',SC',AIRPORT-WORKER',NO'
ALQ3166691',ನರಸಿಂಹರಾಜ ಎನ್',ಲೇ ನಾರಾಯಣ',88',20',ಗಂಡು',',SC',SHEEP-FARMING',NO'
ALQ3200821',ಪವಿತ್ರಾ ಎನ್',ನರಸಪ್ಪ ತಂದೆ',152',25',ಹೆಣ್ಣು',',SC',UNEMPLOYED',NO'
ALQ3194347',ದಿವಾಕರ ಹೆಚ್ ಎನ್',ನರಸೀಯಪ್ಪ',15ಬಿ',20',ಗಂಡು',',SC',GAARE',NO'
ALQ0059485',ಎನ್ ರಾಮಂಜಿನಪ್ಪ',ನಂಜಪ್ಪ',19ಎ',48',ಗಂಡು',',KURUBA',ELECTRICIAN',NO'
MVJ1670454',ಹೆಚ್ ಜಿ ಗಂಗಾದೇವಿ',ಎನ್ ರಾಮಾಂಜಿನಪ್ಪ',19ಎ',42',ಹೆಣ್ಣು',',KURUBA',FARMER',NO'
ALQ2223311',ಎನ್ ಮಂಜುನಾಥ್',ನಾರಾಯಣಪ್ಪ',21 5',25',ಗಂಡು',',ST',HOUSE -WIFE',NO'
ALQ3166618',SWAMYA H K',ಹೆಚ್ ಎ ಲೋಕೇಶ್',21 ಎ',20',ಹೆಣ್ಣು',',KURUBA',HOUSE -WIFE',NO'
ALQ2379493',ಮನೋಜಕುಮಾರ ಎ',ಅಶ್ವತ್ಥಪ್ಪ',21 ಎ',26',ಗಂಡು',',KURUBA',FACTORY WORKER',NO'
ALQ2882249',ಅಶ್ವತ್ತಪ್ಪ',ಬಿ ಗಂಗಯ್ಯ',21ಎ',55',ಗಂಡು',',KURUBA',FARMER',NO'
ALQ2882231',ಲಕ್ಷ್ಮಮ್ಮ',ಅಶ್ವತ್ತಪ್ಪ',21ಎ',55',ಹೆಣ್ಣು',',KURUBA',FARMER',NO'
ALQ2882272',ಮಂಜುನಾಥ',ಅಶ್ವಥಪ್ಪ',22ಎ',50',ಗಂಡು',',KURUBA',FARMER',NO'
MVJ1670363',ಸಾವಿತ್ರಮ್ಮ',ಮಂಜುನಾಥ',22ಎ',39',ಹೆಣ್ಣು',',KURUBA',DAIRY WORKER',NO'
ALQ0623900',ಗಂಗಪ್ಪ',ತಿಮ್ಮೇಗೌಡ',3ಎ',75',ಗಂಡು',',KURUBA',KOOLI',NO'
ALQ2336378',ಅಕ್ಕಾಯಮ್ಮ',ಲೇಟ್ ಗಂಗಾಧರಪ್ಪ',34ಎ',74',ಹೆಣ್ಣು',',SHETBALAJIGA',AGED',NO'
ALQ2251981',ಪಿ ನಾಗೇಶ್',ಪಿಳ್ಳನಾರಾಯಣಪ್ಪ',34ಎ',46',ಗಂಡು',',REDDY',FARMER',NO'
ALQ2251965',ಮಂಜುಳ',ಪಿ ನಾಗೇಶ್',34ಎ',44',: ಹೆಣ್ಣು',',REDDY',HOUSE -WIFE',NO'
ALQ2362242',ಸುಕನ್ಯ ಜಿ',ಡಿ ಇವಿನೋದ್ ಕುಮಾರ್',34ಎ',39',ಹೆಣ್ಣು',',SHETBALAJIGA',HOUSE -WIFE',NO'
ALQ3011541',ಬಿ ಎನ್ ಚೇತನ್ ಕುಮಾರ್',ಪಿ ನಾಗೇಶ್',34ಎ',23',ಗಂಡು',',REDDY',CAR-DRIVER',NO'
ALQ2354785',ಮಧುಸುಧನ್',ಅಶ್ವತ್ಥನಾರಾಯಣಪ್ಪ',34ಬಿ',25',ಗಂಡು',',ST',FACTORY WORKER',NO'
ALQ2882538',ಅಶ್ವತ್ಥನಾರಾಯಣ',ಅಂಜಿನಪ್ಪ',34ಬಿ',53',ಗಂಡು',',ST',MESTRI',NO'
ALQ2882546',ನಾಗರತ್ನಮ್ಮ',ಅಶ್ವತ್ಥನಾರಾಯಣ',34ಬಿ',45',ಹೆಣ್ಣು',',ST',HOUSE -WIFE',NO'
ALQ2882520',ಗಂಗಾಧರಪ್ಪ',ಅಂಜಿನಪ್ಪ',34ಎ',55',ಗಂಡು',',ST',KOOLI',NO'
ALQ1550953',ಗಂಗಮ್ಮ',ಗಂಗಾಧರಪ್ಪ',34ಎ',47',ಹೆಣ್ಣು',',ST',',YES'
ALQ2475150',ಸುನೀಲ್ ಕುಮಾರ್',ಗಂಗಾಧರಪ್ಪ',35 ಎ',24',ಗಂಡು',',KURUBA',GARMENTS',NO'
ALQ2355691',ಪದ್ಮಮ್ಮ ಎನ್',ಲೇಟ್ ನಾರಾಯಣ',35ಬಿ',39',ಹೆಣ್ಣು',',DELETED',',NO'
ALQ2882587',ಪುಟ್ಟಮ್ಮ',ಗಂಗಾಧರ',35ಎ',48',ಹೆಣ್ಣು',',KURUBA',FARMER',NO'
ALQ2882579',ಗಂಗಾಧರ',ನಂಜುಂಡಪ್ಪ',35 ಎ',53',ಗಂಡು',',KURUBA',FARMER',NO'
ALQ1871151',ವಿ ಶ್ರೀನಿವಾಸ್',ವಿ ವೆಂಕಟೇಶ್',391',31',ಗಂಡು',',SC',GAARE',NO'
ALQ2198810',ಎನ್ ಶಾಂತಣ್ಣ',ನರಸಿಂಹಯ್ಯ',41ಎ',28',ಗಂಡು',YES',SC',TEMPO-DRIVER',NO'
ALQ3149994',ಗೌರಮ್ಮ ಎ ಎನ್',ಶಾಂತಣ್ಣ',41 ಎ',22',ಹೆಣ್ಣು',YES',SC',HOUSE -WIFE',NO'
ALQ2559565',ಗಂಗರಾಜ ಬಿ',ಬಾಲಪ್ಪ',42ಎ',24',ಗಂಡು',YES',SC',GAARE',NO'
ALQ2384592',ಗಂಗರಾಜು ಎಲ್',ಲಕ್ಷ್ಮಯ್ಯ',58ಎ',25',ಗಂಡು',',SC',AIRPORT-WORKER',NO'
ALQ2482289',ಎಂ ಭಾಗ್ಯಮ್ಮ',ಲೋಕೇಶ್',58ಬಿ',32',ಹೆಣ್ಣು',',SC',KOOLI',NO'
ALQ3149838',ಗಂಗರಾಜುಹೆಚ್ ಎಲ್',ಲಕ್ಷ್ಮಿ',58ಸಿ',21',ಗಂಡು',',SC',GAARE',NO'
ALQ3149812',ಸನಂತ್ ಕುಮಾರ್ ಹೆಚ್ ಎನ್',ನರಸಿಂಹಪ್ಪ ಹೆಚ್ ಎನ್',60ಎ',21',ಗಂಡು',',SC',FARMER',NO'
ALQ2409522',ಲಕ್ಷ್ಮಮ್ಮ',ದೊಡ್ಡನರಸಿಂಹಪ್ಪ',80ಎ',72',ಹೆಣ್ಣು',',SC',AGED',NO'
ALQ1551019',ಹೆಚ್ ಆರ್ ಅಶ್ವಥಪ್ಪ',ಎಮ್ ಎನ್ ರಾಮಯ್ಯ',0',46',ಗಂಡು',',ST',KEB-LINEMAN',NO'
ALQ0623611',ಆದಿಮೂರ್ತಿ ಜಿ',ಗಂಗಧಾರಪ್ಪ',0',31',ಗಂಡು',',SC',ENGINEER',NO'
ALQ2882645',ವೆಂಕಟರವಣಪ್ಪ',ಚಿಕ್ಕಗಂಗಪ್ಪ',1',55',ಗಂಡು',',SC',KOOLI',NO'
ALQ2882652',ಲಕ್ಷ್ಮಮ್ಮ',ವೆಂಕಟರವಣಪ್ಪ',1',50',ಹೆಣ್ಣು',',SC',KOOLI',NO'
ALQ2882660',ಕದರಮ್ಮ',ಕದರಪ್ಪ',2',60',ಹೆಣ್ಣು',',SC',ANGANAWADI-TEACHER',NO'
MVJ1670793',ಹೆಚ್ ಕೆ ಕಾಂತರಾಜು',ಕದಿರಪ್ಪ',2',40',ಗಂಡು',',SC',KOOLI',NO'
MVJ1670017',ನರಸಿಂಹಮೂರ್ತಿ',ಕದಿರಪ್ಪ',2',38',ಗಂಡು',',SC',GAARE',NO'
MVJ1670850',ಶಿವಕುಮಾರ್ ಎಸ್',ಕದಿರಪ್ಪ',2',36',ಗಂಡು',',SC',SMALL-SHOP',NO'
ALQ1551027',ಮದ್ದೂರಪ್ಪ',ಲಕ್ಷ್ಮಯ್ಯ',3',60',ಗಂಡು',',SC',KOOLI',NO'
ALQ2882678',ಬಾಲಮ್ಮ',ಮದ್ದೂರಪ್ಪ',3',50',ಹೆಣ್ಣು',',SC',KOOLI',NO'
ALQ0060400',ಕದಿರಪ್ಪ',ಲೇ ರಾಮಪ್ಪ',',52',ಗಂಡು',',SC',SHEEP-FARMING',NO'
ALQ2882686',ನರಸಿಂಹಪ್ಪ',ಮದ್ದೂರಪ್ಪ',4',60',ಗಂಡು',',SC',KOOLI',NO'
ALQ2882702',ತಿಮ್ಮಕ್ಕ',ನಲ್ಲಪ್ಪ',5',75',ಹೆಣ್ಣು',',SC',AGED',NO'
ALQ2882710',ಪೂಜಮ್ಮ',ಮದ್ದೂರಪ್ಪ',6',65',ಹೆಣ್ಣು',',SC',AGED',NO'
MVJ1669605',ಟಿ ವೆಂಕಟೇಶ್',ತಿಮ್ಮರಾಯಪ್ಪ',7',42',ಗಂಡು',',SC',SECURITY',NO'
MVJ1669720',ಟಿ ನರಸಿಂಹಮೂರ್ತಿ',ತಿಮ್ಮರಾಯಪ್ಪ',7',41',ಗಂಡು',',SC',TAILOR',NO'
MVJ1669548',ಮುದ್ದಮ್ಮ ಟಿ',ತಿಮ್ಮರಾಯಪ್ಪ',7',36',ಹೆಣ್ಣು',YES',SC',HOUSE -WIFE',NO'
ALQ2882736',ಗಂಗಮ್ಮ',ಪುಟ್ಟಪ್ಪ',8',75',ಹೆಣ್ಣು',',DELETED',',NO'
ALQ2882744',ಪಿ ನರಸಿಂಹಮೂರ್ತಿ',ಪುಟ್ಟಪ್ಪ',8',50',ಗಂಡು',',SC',PAINTER',NO'
ALQ1551035',ಜಿ ಗಂಗು',ಪಿ ನರಸಿಂಹಮೂರ್ತಿ',8',35',ಹೆಣ್ಣು',',SC',GARMENTS',NO'
ALQ2882751',ಗಂಗಪ್ಪ',ಮೇಳ್ಯಸಂಜೀವಪ್ಪ',9',77',ಗಂಡು',',SC',FARMER',NO'
ALQ2882769',ಗಂಗಮ್ಮ',ಆಂಜಪ್ಪ',9',60',ಹೆಣ್ಣು',',SC',AGED',NO'
ALQ2882793',ಮುನಿಕೃಷ್ಣಪ್ಪ',ಮುನಿಯಪ್ಪ',11',55',ಗಂಡು',',SC',KOOLI',NO'
ALQ0623702',ನಾಗಮ್ಮ',ಮುನಿಕೃಷ್ಣಪ್ಪ',11',40',ಹೆಣ್ಣು',',SC',GAARE',NO'
ALQ2882819',ಚಿಕ್ಕಸ್ವಾಮಿ',ಮನಿಯಪ್ಪ',13',60',ಗಂಡು',',DELETED',',NO'
ALQ2882827',ಬಾಲಮ್ಮ',ಚಿಕ್ಕಸ್ವಾಮಿ',13',53',ಹೆಣ್ಣು',',SC',KOOLI',NO'
ALQ2882835',ಗಂಗಮ್ಮ',ಹನುಮಂತಪ್ಪ',14',73',ಹೆಣ್ಣು',',SC',AGED',NO'
ALQ2882850',ಹನುಮಂತರಾಯಪ್ಪ',ಅಂಜಿನಪ್ಪ',15',50',ಗಂಡು',',SC',TAILS-WORKER',NO'
MVJ1670512',ನೀಲಮ್ಮ',ನರಸಿಂಹಪ್ಪ',15',40',ಹೆಣ್ಣು',',SC',SCHOOL-HELPER',NO'
MVJ1670702',ಪುಟ್ಟನರಸಮ್ಮ',ಹನುಮಂತರಾಯ',15',37',ಹೆಣ್ಣು',',SC',TAILOR',NO'
ALQ2882876',ಸಂಜೀವಮ್ಮ',ವೆಂಕಟರವಣಪ್ಪ',16',63',ಹೆಣ್ಣು',',SC',KOOLI',NO'
MVJ4048013',ಕಾಂತರಾಜುಹೆಚ್ ಜಿ',ಗಂಗಪ್ಪ',18',35',ಗಂಡು',',SC',GAARE',NO'
ALQ0623884',ಸುಜಾತ',ನರಸಿಂಹಮೂರ್ತಿ',18',31',ಹೆಣ್ಣು',YES',SC',',NO'
ALQ0623819',ಗಂಗಮ್ಮ',ಗಂಗಾಧರಪ್ಪ',19',45',ಹೆಣ್ಣು',',SC',KOOLI',NO'
ALQ2882942',ಮುನಿಯಮ್ಮ',ಲಕ್ಷ್ಮೀನರಸಪ್ಪ',22',60',ಹೆಣ್ಣು',',SC',SHEEP-FARMING',NO'
MVJ1670355',ನಾಗರಾಜ',ಲಕ್ಷ್ಮೀನರಸಪ್ಪ',22',38',ಗಂಡು',',SC',GAARE',NO'
MVJ1670215',ಕುಮಾರ',ಲಕ್ಷ್ಮೀನರಸಪ್ಪ',22',36',ಗಂಡು',',SC',GAARE',NO'
MVJ1669670',ರಾಮಕೃಷ್ಣಪ್ಪ',ಗಂಗಪ್ಪ',24',36',ಗಂಡು',',SC',GAARE',NO'
ALQ2882975',ಗಂಗಮ್ಮ',ಗಂಗಪ್ಪ',25',60',ಹೆಣ್ಣು',',SC',SHEEP-FARMING',NO'
MVJ1670074',ಹರೀಶ',ಸಿ ಎನ್ ಗಂಗಪ್ಪ',25',40',ಗಂಡು',',SC',KOOLI',NO'
ALQ0623868',ಮಂಜುಳಾ',ಹರಿಶ್',25',31',ಹೆಣ್ಣು',',SC',HOUSE -WIFE',NO'
ALQ2882983',ನರಸಿಂಹಪ್ಪ',ಕದರಪ್ಪ',26',60',ಗಂಡು',',SC',SHEEP-FARMING',NO'
ALQ2882991',ರತ್ನಮ್ಮ',ನರಸಿಂಹಪ್ಪ',26',53',ಹೆಣ್ಣು',',SC',HOUSE -WIFE',NO'
MVJ1670066',ಕೆ ನರಸಿಂಹಮೂರ್ತಿ',ಕದಿರಪ್ಪ',26',41',ಗಂಡು',',SC',',YES'
ALQ2883007',ತಿಮ್ಮಕ್ಕ',ಮುನಂದಪ್ಪ',28',45',ಹೆಣ್ಣು',',SC',HOUSE -WIFE',NO'
ALQ2883015',ಪಾರ್ವತಮ್ಮ',ನರಸಿಂಹಪ್ಪ',29',50',ಹೆಣ್ಣು',',ST',HOUSE -WIFE',NO'
ALQ1551076',ಹೆಚ್ ಎನ್ ಶ್ರೀನಾಥ',ನರಸಿಂಹಯ್ಯ',29',33',ಗಂಡು',',ST',PRIVATE JOB',NO'
ALQ0060822',ಅಂಬರೀಶ್ ಹೆಚ್ ಎನ್',ನರಸಿಂಹಯ್ಯ ಹೆ ಎಲ್',29',32',ಗಂಡು',',ST',CAR-DRIVER',NO'
ALQ2883031',ಮಾರಕ್ಕೆ',ನರಸಿಂಹಪ್ಪ',30',70',ಹೆಣ್ಣು',',SC',KOOLI',NO'
ALQ0623769',ಲಕ್ಷ್ಮಣ',ನರಸಿಂಹಪ್ಪ',30',33',ಗಂಡು',',SC',KOOLI',NO'
MVJ1669969',ನರಸಿಂಹಪ್ಪ',ಬೊಡಪ್ಪ',31',60',ಗಂಡು',',SC',KOOLI',NO'
ALQ2883049',ನಾಗಮ್ಮ',ನರಸಿಂಹಪ್ಪ',31',53',ಹೆಣ್ಣು',',SC',SHEEP-FARMING',NO'
ALQ2883056',ಅಶ್ವತ್ತಮ್ಮ',ಲಿಂಗಪ್ಪ',32',60',ಹೆಣ್ಣು',',SC',SMALL-SHOP',NO'
ALQ2883064',ತಿಮ್ಮಕ್ಕ',ನಂಜಯ್ಯ',33',95',ಹೆಣ್ಣು',',KURUBA',AGED',NO'
MVJ1670652',ಬೈರಪ್ಪ',ನಂಜಯ್ಯ',33',70',ಗಂಡು',',DELETED',',NO'
ALQ2883072',ಅಳ್ಳಮ್ಮ',ಬೈರಪ್ಪ',33',63',ಹೆಣ್ಣು',',KURUBA',KOOLI',NO'
MVJ1670900',ಹೆಚ್ ಎನ್ ಲಕ್ಷ್ಮೀ ಪತಿ',ನರಸಿಂಹಪ್ಪ',34',55',ಗಂಡು',',ST',BUSINESS',NO'
MVJ1670918',ಗಿರಿಜಮ್ಮ',ಹೆಚ್ ಎನ್ ಲಕ್ಷ್ಮೀಪತ',34',50',ಹೆಣ್ಣು',',ST',HOUSE -WIFE',NO'
ALQ2883098',ಯಲ್ಲಮ್ಮ',ಗಂಗಪ್ಪ',36',65',ಹೆಣ್ಣು',',SC',KOOLI',NO'
ALQ0623728',ನರಸಿಂಹಮೂರ್ತಿ',ಗಂಗಪ್ಪ',36',37',ಗಂಡು',',SC',GAARE',NO'
ALQ0623801',ಜಿ ಗಂಗರಾಜ',ಗಂಗಪ್ಪ',36',31',ಗಂಡು',',SC',GAARE',NO'
ALQ2882629',ಹೆಚ್ ಸಿ ಜಯಪ್ಪ',ಚಿಕ್ಕಗಂಗಪ್ಪ',37',48',ಗಂಡು',',KURUBA',KEB-LINEMAN',NO'
ALQ2883148',ಗಂಗಾದೇವಮ್ಮ',ಗಂಗಾಧರಪ್ಪ',37',45',ಹೆಣ್ಣು',',SC',KOOLI',NO'
ALQ2883155',ಗಂಗಪ್ಪ',ದೊಡ್ಡಕಾಳಪ್ಪ',38',60',ಗಂಡು',',SC',',YES'
ALQ2883163',ಗಂಗರತ್ನಮ್ಮ',ಹೆಚ್ ನರಸಿಂಹಯ್ಯ',39',60',ಹೆಣ್ಣು',',SC',KOOLI',NO'
ALQ2883171',ಎಲ್ ನರಸಿಂಹಯ್ಯ',ಲಕ್ಷ್ಮಯ್ಯ',40',65',ಗಂಡು',',SC',FARMER',NO'
ALQ2883189',ವೆಂಕಟಮ್ಮ',ಎಲ್ ನರಸಿಂಹಯ್ಯ',40',57',ಹೆಣ್ಣು',',SC',HOUSE -WIFE',NO'
ALQ2883197',ಹೆಚ್ ಎನ್ ಲಕ್ಷ್ಮೀಕಾಂತರಾಳ',ಎಲ್ ನರಸಿಂಹರ',40',44',ಗಂಡು',',SC',AUTO-DRIVER',NO'
MVJ1669563',ಹೆಚ್ ಎನ್ ನರಸಿಂಹರಾಜ',ಎಲ್ ನರಸಿಂಹ',40',40',ಗಂಡು',',SC',PAINTER',NO'
MVJ1669621',ಹೆಚ್ ಎನ್ ಶಿವಕುಮಾರ್',ಎಲ್ ನರಸಿಂಹಯ್ಯ',40',36',ಗಂಡು',',SC',GAARE',NO'
MVJ1670835',ಹೆಚ್ ಎಂ ಮುನಿನರಸಪ್ಪ',ಮುನಿಶ್ಯಾಮಪ್ಪ',41',43',ಗಂಡು',',SC',HOMEGUARD',NO'
MVJ1670819',ರತ್ನಮ್ಮ',ಹೆಚ್ ಎಂ ಮುನಿನರಸಪ್ಪ',41',38',ಹೆಣ್ಣು',',SC',HOUSE -WIFE',NO'
ALQ2883239',ನರಸಮ್ಮ',ಚಿಕ್ಕಗಂಗಪ್ಪ',42',75',ಹೆಣ್ಣು',',SC',AGED',NO'
ALQ2883247',ರಾಮಕೃಷ್ಣಪ್ಪ',ಚಿಕ್ಕಗಂಗಪ್ಪ',42',55',ಗಂಡು',',SC',FARMER',NO'
ALQ2883254',ಗಂಗಮ್ಮ',ರಾಮಕೃಷ್ಣಪ್ಪ',42',50',ಹೆಣ್ಣು',',SC',GAARE',NO'
ALQ2883288',ಅಂಜಕ್ಕ',ನರಸಿಂಹಪ್ಪ',43',50',ಹೆಣ್ಣು',',DELETED',',NO'
ALQ0624627',ನಾಗರಾಜ',ಸುಬ್ಬಣ್ಣ',43',48',ಗಂಡು',',SC',FARMER',NO'
MVJ3611373',ಎನ್ ನರಸಿಂಹಮೂರ್ತಿ',ನರಸಿಂಹಪ್ಪ',43',36',ಗಂಡು',',SC',GAARE',NO'
ALQ1551142',ನಾಗಪ್ಪ',ಚಿಕ್ಕಹನುಮಂತಪ್ಪ',44',43',ಗಂಡು',',SC',SHEEP-FARMING',NO'
MVJ4047353',ಶ್ರೀರಾಮ',ಚಿಕ್ಕಹನುಮಂತಪ್ಪ',44',35',ಗಂಡು',',SC',GAARE',NO'
ALQ2384493',ಹೆಚ್ ಎಮ್ ನಂದಿನಿ',ನಾಗಪ್ಪ',44',25',ಹೆಣ್ಣು',',SC',HOUSE -WIFE',NO'
MVJ4047262',ನರಸಿಂಹಮೂರ್ತಿ',ಚಿಕ್ಕ ಅಂಜಿನಪ್ಪ',45',40',ಗಂಡು',',SC',WATERMAN',NO'
MVJ1669928',ಹನುಮಕ್ಕ',ಹನುಮಂತರಾಯಪ್ಪ',47',65',ಹೆಣ್ಣು',',SC',KOOLI',NO'
MVJ1669530',ರಮೇಶ್ ಹೆಚ್ ಆರ್',ಹನುಮಂತರಾಯ',47',39',ಗಂಡು',',SC',AUTO-DRIVER',NO'
ALQ0060160',ಸಿ ಸುಧಾಮಣಿ',ಹೆಚ್ ರಮೇಶ',47',31',ಹೆಣ್ಣು',',SC',HOUSE -WIFE',NO'
ALQ2883338',ಗಂಗಮ್ಮ',ದೊಡ್ಡಪ್ಪಯ್ಯ',49',60',ಹೆಣ್ಣು',',SC',AGED',NO'
ALQ2883346',ರಾಮಪ್ಪ',ಕಾಳಪ್ಪ',50',70',ಗಂಡು',',SC',AGED',NO'
MVJ3611621',ಆ\u200c ಕಾಂತರಾಜ್',ರಾಮಪ್ಪ',50',37',ಗಂಡು',',SC',KOOLI',NO'
MVJ4047213',ನೀಲಮ್ಮ',ಅರ್ ಕಾಂತರಾಜ್',50',34',ಹೆಣ್ಣು',',SC',HOUSE -WIFE',NO'
ALQ2883353',ಹನುಮಂತರಾಯಪ್ಪ',ಕಾಳಪ್ಪ',51',75',ಗಂಡು',',SC',FARMER',NO'
ALQ2883361',ರತ್ನಮ್ಮ',ಹನುಮಂತರಾಯಪ್ಪ',51',65',ಹೆಣ್ಣು',',SC',HOUSE -WIFE',NO'
ALQ2883379',ಮುದ್ದಮ್ಮ',ನಾರಾಯಣಪ್ಪ',52',65',ಹೆಣ್ಣು',',SC',KOOLI',NO'
ALQ2883387',ಎನ್ ನರಸಿಂಹಯ್ಯಮೂರ್ತಿ',ನಾರಾಯಣಪ್ಪ',52',47',ಗಂಡು',',SC',PAINTER',NO'
ALQ0059659',ಎನ್ ರಾಮಾಂಜಿನಪ್ಪ',ನಾರಾಯಣಪ್ಪ',52',44',ಗಂಡು',',SC',GARMENTS',NO'
MVJ1670058',ಕರಿಯಪ್ಪ',ನಾರಾಯಣಪ್ಪ',52',39',ಗಂಡು',',SC',PRIVATE JOB',NO'
ALQ2883395',ಎಂ ಕಸ್ತೂರಿ',ಕರಿಯಪ್ಪ',52',36',ಹೆಣ್ಣು',',SC',AHSA-WORKER',NO'
ALQ0623942',ಎ ರಾಮಾಂಜಿನಮ್ಮ',ಎನ್ ರಾಮಾಂಜಿನಪ್ಪ',52',33',ಹೆಣ್ಣು',',SC',HOUSE -WIFE',NO'
MVJ3611019',ನಾರಾಯಣಮ್ಮ',ನರಸಿಂಹಪ್ಪ',53',75',ಹೆಣ್ಣು',',SC',HOUSE -WIFE',NO'
ALQ2883395',ಹೆಚ್ ಎನ್ ರಾಮಂಜಿನಪ್ಪ',ನರಸಿಂಹಪ್ಪ',53',60',ಗಂಡು',',SC',TAILOR',NO'
ALQ2883403',ಮುದ್ದಮ್ಮ',ಹೆಚ್ ಎನ್ ರಾಮಂಜಿನಪ್ಪ',53',50',ಹೆಣ್ಣು',',SC',HOUSE -WIFE',NO'
MVJ1670116',ಸುಬ್ಬಮ್ಮ',ಸಂಜೀವಪ್ಪ',54',50',ಹೆಣ್ಣು',',SC',FARMER',NO'
ALQ2883429',ಹನುಮಕ್ಕ',ಮೂಗಿಗಂಗಪ್ಪ',56',60',ಹೆಣ್ಣು',',SC',FARMER',NO'
ALQ2198927',ಲಕ್ಷ್ಮೀನರಸಮ್ಮ',ಜಿ ಅಶ್ವತ್ಥಪ್ಪ',56',27',ಹೆಣ್ಣು',',SC',HOUSE -WIFE',NO'
ALQ2883437',ಗಂಗಾಧರಪ್ಪ',ಚಿನ್ನಪ್ಪಯ್ಯ',57',46',ಗಂಡು',',SC',KOOLI',NO'
ALQ2883445',ದೇವರಾಜ',ಚಿನ್ನಪ್ಪಯ್ಯ',57',44',ಗಂಡು',',SC',GAARE',NO'
MVJ1670108',ಮಂಜುಳ',ಸಿ ಗಂಗಾಧರಯ್ಯ',57',40',ಹೆಣ್ಣು',',SC',HOUSE -WIFE',NO'
ALQ0623934',ರಾಧಮ್ಮ',ದೇವರಾಜ',57',35',ಹೆಣ್ಣು',',SC',HOUSE -WIFE',NO'
ALQ2883486',ಕರಿಯಪ್ಪ',ಕದರಪ್ಪ',59',60',ಗಂಡು',',SC',FARMER',NO'
MVJ1670678',ಸುಬ್ರಹ್ಮಣ್ಯ',ಕರಿಯಪ್ಪ',59',36',ಗಂಡು',YES',SC',GAARE',NO'
ALQ1551183',ಮಲ್ಲೇಶ ಕೆ',ಕರಿಯಪ್ಪ',59',31',ಗಂಡು',',SC',GAARE',NO'
ALQ2883510',ನ್ಯಾತಮ್ಮ',ದೊಡ್ಡ ನರಸಿಂಹಪ್ಪ',60',75',ಹೆಣ್ಣು',',SC',AGED',NO'
MVJ1670868',ಗಂಗಣ್ಣ',ನರಸಿಂಹಪ್ಪ',60',53',ಗಂಡು',',SC',SMALL-SHOP',NO'
MVJ4047494',ಎನ್ ನಾರಾಯಣಸ್ವಾಮಿ',ದೊಡ್ಡನರಸಿಂಹಪ್ಪ',60',40',ಗಂಡು',YES',SC',SECURITY-AGENCY',NO'
ALQ0059048',ಹೆಚ್ ಎನ್ ರಾಮಾಂಜಿನಪ್ಪ',ದೊಡ್ಡ ನರಸಿಂಹ',60',35',ಗಂಡು',',SC',MESTRI',NO'
MVJ3611142',ಆಂಜಪ್ಪ',ದೊಡ್ಡಸಂಜೀವಪ್ಪ',61',65',ಗಂಡು',',SC',HOUSE -WIFE',NO'
ALQ2883544',ಜಯಪ್ಪ',ದೊಡ್ಡಸಂಜೀವಪ್ಪ',62',65',ಗಂಡು',',SC',FARMER,SHEEP'
ALQ2883551',ಶಿವಮ್ಮ',ಜಯಪ್ಪ',62',50',ಹೆಣ್ಣು',',SC',HOUSE -WIFE',NO'
ALQ2883569',ಶಿವಪ್ಪ',ಚಿಕ್ಕಸಂಜೀವಪ್ಪ',63',50',ಗಂಡು',',SC',GAARE',NO'
ALQ2883577',ಗಂಗಲಕ್ಷ್ಮಮ್ಮ',ಶಿವಪ್ಪ',63',45',ಹೆಣ್ಣು',',SC',KOOLI',NO'
ALQ2883619',ಅಂಜಿನಪ್ಪ',ನರಸಿಂಹಪ್ಪ',65',63',ಗಂಡು',',SC',FARMER',NO'
ALQ2883627',ಅಂಜಿನಮ್ಮ',ಅಂಜಿನಪ್ಪ',65',57',ಹೆಣ್ಣು',',SC',KOOLI',NO'
MVJ3611159',ಹೆಚ್ ಎನ್ ನರಸಿಂಹರಾಜು',ನರಸಿಂಹಪ್ಪ',65',39',ಗಂಡು',',SC',GAARE',NO'
ALQ0623892',ಗಂಗಾದೇವಿ',ನರಸಿಂಹರಾಜುಹೆ ಎನ್',65',31',ಹೆಣ್ಣು',',SC',KOOLI',NO'
ALQ2384832',ಎ ಮಾರುತಿ',ಅಂಜಿನಪ್ಪ',65',25',ಗಂಡು',YES',SC',GARMENTS',NO'
ALQ1551241',ಎನ್ ಲಕ್ಷ್ಮೀಪತಿ',ನರಸಪ್ಪ',66',50',ಗಂಡು',YES',SC',GARMENTS',NO'
ALQ2883635',ರತ್ನಮ್ಮ',ಲಕ್ಷ್ಮೀಪತಿ',66',44',ಹೆಣ್ಣು',YES',SC',HOUSE -WIFE',NO'
ALQ2883650',ನಾಗಮ್ಮ',ಸಕ್ಕರಪ್ಪ',67',53',ಹೆಣ್ಣು',YES',SC',HOUSE -WIFE',NO'
MVJ1669654',ಎಸ್ ನರಸಿಂಹಮೂರ್ತಿ',ಸಕ್ಕರಪ್ಪ',67',36',ಗಂಡು',YES',SC',SECURITY',NO'
ALQ2883668',ಗಂಗಮ್ಮ',ಲಕ್ಷ್ಮೀನರಸಪ್ಪ',68',70',ಹೆಣ್ಣು',',SC',AGED',NO'
ALQ2883676',ಸುಬ್ಬರಾಮಪ್ಪ',ಲಕ್ಷ್ಮೀನರಸಪ್ಪ',68',50',ಗಂಡು',',SC',HOUSE -WIFE',NO'
ALQ2883684',ಗಂಗಮ್ಮ',ಬಂಡಿನರಸಿಂಹಪ್ಪ',69',70',ಹೆಣ್ಣು',',SC',KOOLI',NO'
MVJ1669662',ಹೆಚ್ ಎನ್ ನರಸಿಂಹಮೂ',ಬಂಡಿನರಸಿಂಹಪ್ಪ',69',45',ಗಂಡು',',SC',KOOLI',NO'
ALQ0059584',ಅಂಬಿಕಾ',ಹೆಚ್ ಎನ್ ನರಸಿಂಹಮೂರ್ತಿ',69',31',ಹೆಣ್ಣು',',SC',KOOLI',NO'
ALQ0059634',ಪ್ರಮೀಳಮ್ಮ',ಲಕ್ಷ್ಮಯ್ಯ',70',45',ಹೆಣ್ಣು',',SC',KOOLI',NO'
ALQ0059642',ಎಲ್ ನಾಗರಾಜು',ಲಕ್ಷ್ಮ ಯ್ಯ',70',37',ಗಂಡು',',SC',GAARE',NO'
ALQ2883700',ಗಂಗಪ್ಪ',ಸಂಜೀವಪ್ಪ',71',75',ಗಂಡು',',SC',KOOLI',NO'
ALQ2883718',ಅಂಜಮ್ಮ',ಗಂಗಪ್ಪ',71',65',ಹೆಣ್ಣು',',SC',KOOLI',NO'
MVJ1669639',ಸಂಜೀವರಾಯಪ್ಪ ಹೆಚ್ ಜಿ',ಗಂಗಪ್ಪ',71',43',ಗಂಡು',',SC',GAARE',NO'
ALQ0059089',ಜಿ ಮಾರುತಿ',ಕೊಂಜುಗಂಗಪ್ಪ',71',3',ಗಂಡು',',SC',MESTRI',NO'
ALQ2883734',ಗೌರಮ್ಮ',ವೆಂಕಟೇಶಪ್ಪ',72',50',ಹೆಣ್ಣು',',SC',KOOLI',NO'
ALQ2384980',ಜಿ ಎನ್ ಸುನೀತ',ಜಿ ಮಂಜುನಾಥ',72',34',ಹೆಣ್ಣು',',SC',GARMENTS',NO'
ALQ0059683',ಸಂಜೀವಪ್ಪ',ಲೇಟ್ ಗಂಗಪ್ಪ',73',76',ಗಂಡು',',SC',KOOLI',NO'
ALQ0059501',ಎಸ್ ನರಸಿಂಹಮೂರ್ತಿ',ಸಂಜೀವಪ್ಪ',73',42',ಗಂಡು',YES',SC',AURO-DRIVER',NO'
ALQ2883742',ಚಿಕ್ಕಮ್ಮ',ವೆಂಕಟಶಾಮಪ್ಪ',75',65',ಹೆಣ್ಣು',',SC',KOOLI',NO'
ALQ1551266',ಗಂಗಾಧರಪ್ಪ',ವೆಂಕಟಶಾಮಪ್ಪ',75',52',ಗಂಡು',YES',SC',HOTEL-WORKER',NO'
ALQ2883759',ಜಯರಾಮು',ವೆಂಕಟಶಾಮಪ್ಪ',75',46',ಗಂಡು',YES',SC',TAILOR',NO'
MVJ1670348',ಶ್ರೀನಿವಾಸಮೂರ್ತಿ ವಿ',ವೆಂಕಟಶ್ಯಾಮಪ್ಪ',75',39',ಗಂಡು',',SC',GAARE',NO'
ALQ1551282',ಆದಿಲಕ್ಷ್ಮಮ್ಮ',ಜಯರಾಮ',75',37',ಹೆಣ್ಣು',',SC',HOUSE -WIFE',NO'
MVJ1669696',ವಿ ಹನುಮಂತರಾಯಪ್ಪ',ವೆಂಕಟಶ್ಯಾಮಪ್ಪ',75',37',ಗಂಡು',YES',SC',MESTRI',NO'
ALQ0059691',ರಾಮಕೃಷ್ಣಪ್ಪ',ಚಿನ್ನಪ್ಪ',76',70',ಗಂಡು',',DELETED',',NO'
ALQ0624593',ಹನುಮಕ್ಕ',ಸಂಜೀವಪ್ಪ',78',70',ಹೆಣ್ಣು',',SC',AGED',NO'
MVJ1670595',ನಾಗರಾಜುಹೆಚ್ ಎಸ್',ಸಂಜೀವಪ್ಪ',78',50',ಗಂಡು',YES',SC',CAR-DRIVER',NO'
ALQ0624585',ರತ್ನಮ್ಮ',ನಾಗರಾಜು',78',40',ಹೆಣ್ಣು',',SC',GP-MEMBER',NO'
ALQ2883775',ಗಂಗಾಧರಪ್ಪ',ಆದೆಪ್ಪ',79',63',ಗಂಡು',',SC',FARMER',NO'
ALQ2883783',ಅಂಜಮ್ಮ',ಗಂಗಾಧರಪ್ಪ',79',55',ಹೆಣ್ಣು',',SC',HOUSE -WIFE',NO'
ALQ2883809',ಪುಟ್ಟಮ್ಮ',ನರಸಿಂಹಯ್ಯ',80',75',ಹೆಣ್ಣು',',SC',KOOLI',NO'
MVJ1670561',ಲಕ್ಷ್ಮೀನರಸಪ್ಪ',ನರಸಿಂಹಯ್ಯ',80',39',ಗಂಡು',',SC',SHEEP-FARMING',NO'
MVJ4047593',ನರಸಮ್ಮ',ಲಕ್ಷ್ಮೀನರಸಪ್ಪ',80',35',ಹೆಣ್ಣು',',SC',HOUSE -WIFE',NO'
MVJ1670223',ಎಸ್ ನರಸಿಂಹಯ್ಯ',ಸಿದ್ದಪ್ಪ',83',65',ಗಂಡು',',SC',KOOLI',NO'
MVJ1670199',ಜಯಮ್ಮ',ಎಸ್ ನರಸಿಂಹಯ್ಯ',83',60',ಹೆಣ್ಣು',',SC',AGED',NO'
ALQ2883825',ಬಿ ಎಲ್ ಚಿನ್ನಂಜಯ್ಯ',ಲಕ್ಷ್ಮಯ್ಯ',84',66',ಗಂಡು',',ST',',YES'
MVJ1669704',ಎನ್ ಗಂಗಾಧರಪ್ಪ',ನಾರಾಯಣಪ್ಪ',86',47',ಗಂಡು',',SC',CAR-DRIVER',NO'
MVJ1669712',ವೆಂಕಟಲಕ್ಷ್ಮಮ್ಮ',ಎನ್ ಗಂಗಾಧರಪ್ಪ',86',38',ಹೆಣ್ಣು',',SC',SCHOOL-HELPER',NO'
MVJ1669860',ಶಾಂತಮ್ಮ',ದಾಸಪ್ಪ',87',53',ಹೆಣ್ಣು',',SC',KOOLI',NO'
MVJ1670546',ಮುದ್ದಮ್ಮ',ನಾರಾಯಣಪ್ಪ',88',48',ಹೆಣ್ಣು',',SC',SHEEP-FARMING',NO'
ALQ2882868',ನರಸೀಯಪ್ಪ',ಅಂಜಿನಪ್ಪ',15ಬಿ',45',ಗಂಡು',',SC',SHEEP-FARMING',NO'
MVJ1670496',ಸಿದ್ದಮ್ಮ',ನರಸೀಯಪ್ಪ',15ಬಿ',38',ಹೆಣ್ಣು',',SC',KOOLI',NO'
MVJ1670504',ಅಂಜಿನಮ್ಮ',ನರಸಿಂಹಪ್ಪ',15ಎ',43',ಹೆಣ್ಣು',',SC',KOOLI',NO'
ALQ0060053',ಎನ ರಾಜು',ನಾರಾಯಣಪ್ಪ',21ಅ',30',ಗಂಡು',',ST',GAARE',NO'
ALQ2882926',ನಾರಾಯಣಪ್ಪ',ಚಿಕ್ಕನರಸಿಂಹಯ್ಯ',21ಎ',73',ಗಂಡು',',ST',FARMER',NO'
ALQ2882934',ಜಯಮ್ಮ',ನಾರಾಯಣಪ್ಪ',21ಎ',55',ಹೆಣ್ಣು',',ST',HOUSE -WIFE',NO'
ALQ2883114',ನಾರಾಯಣಪ್ಪ',ಚಿಕ್ಕ ಕಾಳಪ್ಪ',36ಸಿ',55',ಗಂಡು',',SC',KOOLI',NO'
ALQ2883122',ನಾಗರತ್ನಮ್ಮ',ನಾರಾಯಣಪ್ಪ',36ಸಿ',45',ಹೆಣ್ಣು',',SC',KOOLI',NO'
ALQ2883213',ನರಸಿಂಹಯ್ಯ',ಮುನಿಶಾಮಪ್ಪ',4 : 41ಎ',60',ಗಂಡು',',SC',SHEEP-FARMING',NO'
ALQ2883221',ಲಕ್ಷ್ಮಮ್ಮ',ನರಸಿಂಹಯ್ಯ',41ಎ',53',ಹೆಣ್ಣು',',SC',KOOLI',NO'
ALQ2883262',ಮುನಿಯಮ್ಮ',ಬಾಲಪ್ಪ',42ಎ',61',ಹೆಣ್ಣು',',SC',',YES'
MVJ1670124',ಮುನಿನರಸಮ್ಮ',ಚಿಕ್ಕಗಂಗಪ್ಪ',42ಎ',47',ಹೆಣ್ಣು',',SC',KOOLI',NO'
ALQ2883296',ನರಸಿಂಹಯ್ಯ',ಲೇಟ್ ಚಿಕ್ಕಹನುಮಂತಪ್ಪ',44ಎ',46',ಗಂಡು',',SC',GAARE',NO'
ALQ2384865',ಎಲ್ ಅಶೋಕ',ಲಕ್ಷ್ಮಯ್ಯ',58ಎ',27',ಗಂಡು',',SC',GAARE',NO'
MVJ1670041',ಜಿ ಕೃಷ್ಣಪ್ಪ',ಗಂಗಪ್ಪ',58ಬಬಿ',39',ಗಂಡು',',SC',PETROL-BUNK-WORKER',NO'
ALQ1551167',ಹೆಚ್ ಜಿ ಮಂಜುನಾಥ ತಾಯಿಯ',ಪುಟ್ಟಮ್ಮ',58ಬಿ',39',ಗಂಡು',',SC',KOOLI',NO'
MVJ1670686',ಜಿ ಲೋಕೇಶ್',ಗಂಗಪ್ಪ',58ಬಿ',36',ಗಂಡು',',SC',TEMPO-DRIVER',NO'
ALQ1551175',ಗಂಗರತ್ನಮ್ಮ',ಹೆಚ್ ಜಿ ಮಂಜುನಾ',58ಬಿ',35',ಹೆಣ್ಣು',',SC',HOUSE -WIFE',NO'
ALQ2883452',ಲಕ್ಷ್ಮಯ್ಯ',ಕದರಪ್ಪ',58ಎ',60',ಗಂಡು',',SC',FARMER',NO'
ALQ2883460',ನೀಲಮ್ಮ',ಲಕ್ಷ್ಮಯ್ಯ',58ಎ',55',ಹೆಣ್ಣು',',SC',HOUSE -WIFE',NO'
ALQ2883478',ಹೆಚ್ ಜಿ ಲಕ್ಷ್ಮೀಪತಿ',ಗಂಗಪ್ಪ',58ಸಿ',46',ಗಂಡು',',SC',TRACTOR-DRIVER',NO'
MVJ4047205',ಗಂಗಾದೇವಿ',ಹೆಚ್ ಜಿ ಲಕ್ಷ್ಮೀಪತಿ',58ಸಿ',37',ಹೆಣ್ಣು',',SC',KOOLI',NO'
ALQ2883528',ಪೂಜಾರಿನರಸಿಂಹಪ್ಪ',ದೊಡ್ಡನರಸಿಂಹಪ್ಪ',60ಎ',60',ಗಂಡು',',SC',PUJARI',NO'
ALQ2883536',ಅಶ್ವತ್ತಮ್ಮ',ಪೂಜಾರಿನರಸಿಂಹ',60',50',ಹೆಣ್ಣು',',SC',HOUSE -WIFE',NO'
ALQ0624619',ನಾಗಪ್ಪ',ಗಂಗಪ್ಪ',78ಎ',56',ಗಂಡು',YES',SC',SECURITY',NO'
ALQ2883817',ಲಕ್ಷ್ಮೀದೇವಮ್ಮ',ನರಸಿಂಹಪ್ಪ',80ಎ',45',ಹೆಣ್ಣು',',SC',SHEEP-FARMING',NO'
ALQ3227998',ನಳಿನ ಸಿ ಎನ್',ಹೆಚ್ ಎ ರವಿ',14',34',ಹೆಣ್ಣು',YES',SADRU',TAILOR',NO'
ALQ3230141',ರೇಣುಕ ಆರ್',ಹೆಚ್ ಎಸ್ ಪ್ರಸನ್ನ ಕುಮಾರ್',7',24',ಹೆಣ್ಣು',YES',SHETBALAJIGA',PVT-TEACHER',NO'
ALQ3230174',ಸಂಗೀತ ಎ',ಅಂಬರೀಶ್ ಹೆಚ್ ಎನ್',29',21',ಹೆಣ್ಣು',',ST',HOUSE -WIFE',NO'
ALQ3236718',ನಯನ ಎಸ್ ವಿ',ಲೋಕೇಶ್ ಜಿ',35',18',ಹೆಣ್ಣು',',KURUBA',HOUSE -WIFE',NO'
MVJ1670090',ನಾಗಮ್ಮ',ಗಂಗಾಧರಪ್ಪ',61ಎ',38',ಹೆಣ್ಣು',',KURUBA',FARMER',NO'
MVJ1670090',ngamani',narayanappa',61a',36',ಹೆಣ್ಣು',',KURUBA',FARMER',NO'
ALQ2881381',ನಾರಾಯಣಪ್ಪ',ಗಂಗಪ್ಪ',61ಎ',45',ಗಂಡು',',KURUBA',PRIVATE JOB',NO'
ALQ3238847',ನಳಿನ ಸಿ ಎನ್',ರವಿ ಹೆಚ್ ಎ',14',34',ಹೆಣ್ಣು',',SADRU',HOUSE -WIFE',NO'
ALQ3239225',ಅಮೃತವರ್ಷಿಣಿ ಎಚ್ ಎಸ್',ಹೆಚ್ ಆರ್ ಶ್ರೀನಿವಾಸ ಮೂರ್ತಿ',38',18',ಹೆಣ್ಣು',',BRAHMIN',STUDENT',NO'
ALQ3240223',ಮೊಹನ್ ಹೆಚ್ ಜಿ',ಗಂಗಾಧರಪ್ಪ',3',18',ಗಂಡು',',KURUBA',BANK-WORKER',NO'
ALQ3240231',ಕೀರ್ತನ',ನಾಗರಾಜು ಎನ್',48',18',ಹೆಣ್ಣು',',SC',KOOLI',NO'
ALQ3240249',ಮಹೇಶ್ ಹೆಚ್ ಎನ್',ನರಸಿಂಹಪ್ಪ',41ಎ',18',ಗಂಡು',',SC',GAARE',NO'
ALQ3240256',ಸಹನ ಹೆಚ್ ಎನ್',ನರಸಿಂಹಮೂರ್ತಿ',8',19',ಹೆಣ್ಣು',',SC',STUDENT',NO'
ALQ3240264',ಮಾರುತಿ ಎನ್',ನರಸಿಂಹಪ್ಪ',80ಎ',20',ಗಂಡು',',SC',PRIVATE JOB',NO'
ALQ3240272',ಮೂರ್ತಿ ಎನ್',ನರಸಿಂಹಪ್ಪ',26',20',ಗಂಡು',',SC',KOOLI',NO'
ALQ3246527',ಸಾಗರ್ ಹೆಚ್ ಎಸ್',ಎಮ್ ಶಿವಲಿಂಗ',0',18',ಗಂಡು',',SHETBALAJIGA',',YES'
ALQ3254331',S R BAVANA',RAAKEESHA H J',0',20',ಹೆಣ್ಣು',YES',SADRU',HOUSE -WIFE',NO'
ALQ3256997',GEETHA PG',S MANJUNAATHA',32',23',ಹೆಣ್ಣು',',ST',HOUSE -WIFE',NO'
ALQ3257060',CHARANYA A',LAKSHMISHA',19',19',ಹೆಣ್ಣು',',KURUBA',HOUSE -WIFE',NO'
ALQ3262300',SAHANA H J',JAYAPPA H J',24',18',ಹೆಣ್ಣು',',KURUBA',STUDENT',NO'
ALQ3264850',BAVYA A J ',SHASHIKUMR H N',27',18',ಹೆಣ್ಣು',',ST',HOUSE -WIFE',NO'
ALQ3264900',C V NARAYANA SWAMI',VENKATASHAMAPPA',75',49',ಗಂಡು',YES',ST',',YES'
ALQ0059626',PRABAVATHI H',G R KANTHARAJU',27',34',ಹೆಣ್ಣು',',ST',HOUSE -WIFE',NO'