ALQ3184397',ಮಂಜುನಾಥ ಎಸ್',ಸತೀಶ ಜಿ ಸಿ',',19',ಗಂಡು',',BAJANTHRI',FACTORY WORKER',NO'
ALQ2103505',ಶಬೀನ್ ತಾಜ್',ಲೇಟ್ ಹರ್ಷದ್',0',42',ಹೆಣ್ಣು',',BAJANTHRI',KOOLI',NO'
ALQ2114411',ಜಾರಿನ ಬೀ ಜಿ ಪಿ',ಜಾವೀದ್ ಬಾಷಾ',0',37',ಹೆಣ್ಣು',',MUSLIM',KOOLI',NO'
ALQ2223048',ಶೋಭಾ ಬಿ ಪಿ',ಶಿವರಾಜ್ ಕುಮಾರ್',0',37',ಹೆಣ್ಣು',',AGASARU',FORMING',NO'
MVJ3613908',ಶಿವರಾಜ್ ಕುಮಾರ್',ಚಿಕ್ಕಿ ಈರಪ್ಪ',0',35',ಗಂಡು',',AGASARU',FORMING',NO'
ALQ2105872',ಕೆ ಎಮ್ ಅಂಬಿಕ',ಜಿ ಎನ್ ಗಂಗಾಧರಯ್ಯ',0',33',ಹೆಣ್ಣು',',VAKALIGA',HOUSE -WIFE',NO'
ALQ2095768',ರುಬಿಯ',ಇಬ್ರಾಹಿಂ ಖಾನ್',0',31',ಹೆಣ್ಣು',',MUSLIM',HOUSE -WIFE',NO'
ALQ2112126',ಮುನಿಲಕ್ಷ್ಮಮ್ಮ',ಎಶ್ವರಪ್ಪ',0',31',ಹೆಣ್ಣು',YES',KURUBA',GARMENTS',NO'
ALQ2182335',ಗೀತಾ',ಗೋಪಾಲ',0',31',ಹೆಣ್ಣು',',VAKALIGA',HOUSE -WIFE',NO'
ALQ2097699',ಉಮಾವತಿ',ನರಸಿಂಹ ಮೂರ್ತಿ',0',30',ಹೆಣ್ಣು',',VAKALIGA',FARMER',NO'
ALQ2182186',ಬಾಬಾಜಾನ್',ಯೂಸಫ್ ಸಾಬ್',0',28',ಗಂಡು',',MUSLIM',TRUCK-DRIVER',NO'
ALQ2182095',ಸುಬ್ರಮಣಿ ಜಿ',ಜಿ ಗೋಪಾಲ',0',27',ಗಂಡು',',NAYAK',HOUSE -WIFE',NO'
ALQ2386563',ವಲೀ ಸಾಬ್',ಮಹಬೂಬ್ ಸಾಬಿ',0',57',ಗಂಡು',',MUSLIM',KOOLI',NO'
ALQ2386753',ಮಹಬೂಬಿ',ವಲಿಸಾಬ್',0',56',ಹೆಣ್ಣು',',MUSLIM',HOUSE -WIFE',NO'
ALQ3157476',ಮಬಿನಾ',ಶೇಕ್ ಷಫಿಉಲ್ಲಾ',0',40',ಹೆಣ್ಣು',',MUSLIM',KOOLI',NO'
ALQ2409225',ಜಿ ಪಿ ಲೋಕೇಶ್',ಪ್ರಭಯ್ಯ',0',39',ಗಂಡು',',LINGAYATH',FARMER',NO'
ALQ2386480',ಅಲ್ಲಾಭಕ್ಷ ವಿ',ವಲಿಸಾಬ್',0',36',ಗಂಡು',',MUSLIM',KOOLI',NO'
ALQ2509966',ಶ್ಯಾಮಲಮ್ಮ ಎಸ್',ಜಿ ವಿ ಭಾಸ್ಕರ',0',33',ಹೆಣ್ಣು',',LINGAYATH',HOUSE -WIFE',NO'
ALQ0603084',ಯಮಾತ್ ಬಿ',ಕೆ ಹೆಚ್ ಮಹಬೂಬ್ ಪಾಷ',0',33',ಹೆಣ್ಣು',',MUSLIM',GARMENTS',NO'
ALQ2536597',ಅಸ್ಮತ್',ಅಲ್ಲಾಭಕ್ಷವಿ',0',32',ಹೆಣ್ಣು',',MUSLIM',HOUSE -WIFE',NO'
ALQ2409100',ಜಿ ಎ ಸುಭಾನ್',ಅಮೀರ್',0',31',ಗಂಡು',',MUSLIM',KOOLI',NO'
ALQ2201119',ನುಸರತ್ ಜಾನ್',ರಹೀಮ್ ಕಾನ್ ಜಿ ಎ',0',31',ಹೆಣ್ಣು',',MUSLIM',HOUSE -WIFE',NO'
ALQ2409175',ಸುಮ',ಜಿ ಪಿ ಲೋಕೆಶ್',0',30',ಹೆಣ್ಣು',',LINGAYATH',FARMER',NO'
ALQ1869817',ಸಬಿಯಾ ಬಾನುಎ',ಜಬಿ ಉಲ್ಲಾ ಖಾನ್',0',29',ಹೆಣ್ಣು',',MUSLIM',HOUSE -WIFE',NO'
ALQ2409217',ದಾದು ಸಮೀರ್',ಹರ್ಷದ್',0',27',ಗಂಡು',',MUSLIM',STUDENT',NO'
ALQ3108057',ಅರ್ಫಾ',ದಾದುಸಮೀರ್',0',27',ಹೆಣ್ಣು',',MUSLIM',GARMENTS',NO'
ALQ2429157',ಮನ್ಸೂರ್ ಉಲ್ಲಾ ಖಾನ್ ಜಿ ಎಂ',ಮಹಬೂಬ್ ಖಾ',0',26',ಗಂಡು',',MUSLIM',KOOLI',NO'
ALQ3157492',ಚಂದ್ರಕಳಾ ಒ ಎನ್',ಷಫಾಯತ್ ಖಾನ್',0',21',ಹೆಣ್ಣು',',MUSLIM',HOUSE -WIFE',NO'
ALQ3157872',ವರುಣ್ ಜಿ ಎಸ್',ಜಗದೀಶ ಜಿ ಎಲ್',0',21',ಗಂಡು',YES',VAKALIGA',STUDENT',NO'
ALQ3157864',ಶಹಿನಾಭಿ',ಹುಸೇನ್ ಎಸ್',0',20',ಹೆಣ್ಣು',',MUSLIM',KOOLI',NO'
ALQ3107661',ಅನಿಲ್ ಕುಮಾರ್',ರಾಜಕುಮಾರ್',0',20',ಗಂಡು',',VAKALIGA',STUDENT',NO'
ALQ3212750',ದಿಲೀಪ್ ಜಿ ಎಲ್',ಲಕ್ಷ್ಮೀನರಸಪ್ಪ',0',19',ಗಂಡು',',VAKALIGA',STUDENT',NO'
ALQ0048728',ನಿರ್ಮಲ',ಜಿ ಎಮ್ ಚಿನ್ನಕೃಷ್ಣಂ',1',36',ಹೆಣ್ಣು',',SHETBALAJIGA',KOOLI',NO'
ALQ2859676',ಜಿ ಎಂ ಮೈಲಾರಪ್ಪ',ಮೈಲಾರಪ್ಪ',1',75',ಗಂಡು',',SHETBALAJIGA',AGED',NO'
ALQ2859684',ಈರಮ್ಮ',ಜಿ ಎಂ ಮೈಲಾರಪ್ಪ',1',65',ಹೆಣ್ಣು',',SHETBALAJIGA',AGED',NO'
ALQ2859692',ಅಶ್ವತ್ಥಮ್ಮ',ಮಲ್ಲಪ್ಪ',1 ',',ಹೆಣ್ಣು',',SHETBALAJIGA',KOOLI',NO'
ALQ2859700',ಬಸವರಾಜು',ಕರಿಯಣ್ಣ',1',54',ಗಂಡು',',SHETBALAJIGA',REATION-SHOP-WORK',YES'
ALQ2859718',ಮಲ್ಲಪ್ಪ',ಕರಿಯಣ್ಣ',1',53',ಗಂಡು',',SHETBALAJIGA',KOOLI',NO'
MVJ3613346',ಜಿ ಎಂ ಚನ್ನಕೃಷ್ಣಯ್ಯ',ಜಿ ಎಂ ಮೈಲಾರ',1',43',ಗಂಡು',',SHETBALAJIGA',KOOLI',NO'
MVJ3613403',ರಾಧಮ್ಮ',ಮಲ್ಲಪ್ಪ',1',40',ಹೆಣ್ಣು',',SHETBALAJIGA',KOOLI',NO'
ALQ0048165',ನವೀನ್ ಕುಮಾರ್',ಜಿ ಎಂ ಮಲ್ಲಪ್ಪ',1',34',ಗಂಡು',',SHETBALAJIGA',GARMENTS',NO'
ALQ2182087',ರೂಪ ಜಿ',ನವೀನ್ ಕುಮಾರ್ ಎನ್',1',31',ಹೆಣ್ಣು',',SHETBALAJIGA',GARMENTS',NO'
ALQ2223006',ಸುರೇಶ ಜಿ ಹೆಚ್',ಹನುಮಂತರಾಯಪ್ಪ',2',26',ಗಂಡು',',GOLLA',AUTO-DRIVER',NO'
ALQ2509958',ಕೆಎನ್ ನೇತ್ರ',ಸುರೇಶ ಜಿ ಹೆಚ್',2',25',ಹೆಣ್ಣು',',GOLLA',HOUSE -WIFE',NO'
ALQ2859726',ಹನುಮಂತರಾಯಪ್ಪ',ಘಾಟಿ ನಾರಾಯಣಪ್ಪ',2',55',ಗಂಡು',',GOLLA',GARE',NO'
MVJ3613734',ಲಕ್ಷ್ಮಮ್ಮ',ಹನುಮಂತರಾಯಪ್ಪ',2',45',ಹೆಣ್ಣು',',GOLLA',KOOLI',NO'
ALQ2962561',ಎಂ ರತ್ನಮ್ಮ',ಶಿವಾನಂದಚಾರಿ',',33',ಹೆಣ್ಣು',',LINGAYATH',HOUSE -WIFE',NO'
ALQ2962595',ರಂಗನಾಥ ಜಿಜೆ',ಜಗದೀಶ ಜಿ ಎಲ್',',24',ಗಂಡು',',VAKALIGA',STUDENT',NO'
ALQ2962579',ಹರೀಶ ಜಿ ಸಿ',ಚೆನ್ನಕೇಶವ ಜಿ ಎಲ್',',23',ಗಂಡು',',VAKALIGA',FACTORY WORKER',NO'
ALQ2962611',ಬಾಲಕೃಕಷ್ಣ ಜಿ ಎ',ಅಶ್ವತ್ಥಪ್ಪ ಜಿ',',23',ಹೆಣ್ಣು',',VAKALIGA',FACTORY WORKER',NO'
MVJ3613791',ಜಿ ವಿ ರೂಪ',ವೆಂಕಟೇಶಲು',3',35',ಹೆಣ್ಣು',',NAYAK',HOUSE -WIFE',NO'
ALQ2182301',ಜಿ ವಿ ವೆಂಕಟೇಶ್',ವೆಂಕಟರಾಮಯ್ಯ',3',28',ಗಂಡು',',NAYAK',FARMER',NO'
ALQ2859742',ಕಮಲಮ್ಮ',ವೆಂಕಟರಾಯಪ್ಪ',3',55',ಹೆಣ್ಣು',',NAYAK',HOUSE -WIFE',NO'
ALQ2099901',ನಂದಿನಿ ಆರ್ ತಾಯಿಯ',ಗಂಗಮ್ಮ',',28',ಹೆಣ್ಣು',',AGASARU',GARMENTS',NO'
ALQ3136652',ರೇಣುಕಮ್ಮ',ಉಗ್ರಪ್ಪ',4',45',ಹೆಣ್ಣು',',VAKALIGA',KOOLI',NO'
ALQ1543768',ಲಕ್ಷ್ಮೀಪತಿ ಜಿ ಎಮ್',ಮಧೂಸೂಧನ್',4',34',ಗಂಡು',YES',VAKALIGA',POLICE',NO'
ALQ2182251',ಭಾಗ್ಯಲಕ್ಷ್ಮೀ ಜಿ ಎಮ್',ಮಲ್ಲಿಕಾರ್ಜುನಯ',4',29',ಹೆಣ್ಣು',YES',VAKALIGA',HOUSE -WIFE',NO'
ALQ2222990',ಹನುಮಂತರಾಜುಜಿಯು',ಉಗ್ರಪ್ಪ',4',27',ಗಂಡು',',VAKALIGA',GARMENTS',NO'
ALQ3201654',ಶೇತಾ ಎಂ ಐ',ಲಕ್ಷ್ಮೀಪತಿ ಜಿ ಎಂ',4',26',ಹೆಣ್ಣು',',VAKALIGA',HOUSE -WIFE',NO'
ALQ2859759',ಮಸೂಧನ',ಹನುಮಂತಪ್ಪ',4',60',ಗಂಡು',',VAKALIGA',FARMER',NO'
ALQ2859767',ಕಾಂತಲಕ್ಷ್ಮಮ್ಮ',ಮಧುಸೂಧನ',4',53',ಹೆಣ್ಣು',',VAKALIGA',HOUSE -WIFE',NO'
ALQ1543750',ಜೆ ಯುವರಾಜ್',ಜಿ ಎಲ್ ಜಯರಾಮ್',4',38',ಗಂಡು',YES',VAKALIGA',POLICE',NO'
ALQ1869536',ಅಶೋಕ ಎಂ',ಮಧುಸುದ ರೆಡ್ಡಿ',4',29',ಗಂಡು',YES',VAKALIGA',STUDENT',NO'
ALQ2859775',ಶಿವಮ್ಮ',ರಘುಪತಿ',5',54',ಹೆಣ್ಣು',',VAKALIGA',AGED',NO'
ALQ3184611',ಸುಮಲತಾಕೆ',ಪ್ರದೀಪ್ ಕುಮಾರ್',6',19',ಹೆಣ್ಣು',',VAKALIGA',HOUSE -WIFE',NO'
ALQ2859783',ಜಿ ಎಲ್ ಜಯರಾಂ',ಜಿ ಎಲ್ ಲಕ್ಷ್ಮ',6',77',ಗಂಡು',',VAKALIGA',HOUSE -WIFE',NO'
ALQ2859809',ಜಿ ಎಲ್ ಗೋಪಾಲರೆಡ್ಡಿ',ಲಕ್ಷ್ಮಯ್ಯಜಿ',6',68',ಗಂಡು',',VAKALIGA',FARMER=MEDICAL-SHOP',NO'
ALQ2859791',ಸರಸ್ವತಮ್ಮ',ಜಿ ಎಲ್ ಜಯರಾಂ',6',63',ಹೆಣ್ಣು',',VAKALIGA',AGED',NO'
ALQ2859817',ಮೇನಕಾ ಹೆಚ್ ಎನ್',ಗೋಪಾಲರೆಡ್ಡಿ ಜಿ ಎಲ್',6',49',ಹೆಣ್ಣು',',VAKALIGA',FARMER+MEDICAL-SHOP',NO'
ALQ2201135',ಪ್ರದೀಪ್ ಕುಮಾರ್ ಜಿ',ಗೋಪಾಲಕೃಷ್ಣಜಿ ಎಲ್',6',29',ಗಂಡು',',VAKALIGA',MEDICAL-SHOP',NO'
ALQ2859825',ಸರಸ್ವತಮ್ಮ',ನರಸಿಂಹಯ್ಯ',8',71',ಹೆಣ್ಣು',',NAYAK',AGED',NO'
ALQ2859833',ಸುವರ್ಣಮ್ಮ',ನಾಗರಾಜಪ್ಪ',9',50',ಹೆಣ್ಣು',',LINGAYATH',KOOLI',NO'
ALQ2336220',ಜಗನ್ನಾಥ ಜಿ ಎನ್',ನಾಗರಾಜಪ್ಪ',9',26',ಗಂಡು',',GOLLA',STUDENT',NO'
MVJ1967207',ನ್ಯಾತಮ್ಮ',ಗಂಗಯ್ಯ',10',85',ಹೆಣ್ಣು',',GOLLA',AGED',NO'
MVJ4441739',ಜಿ ನಂದೀಶ',ಜಿ ಎನ್ ಗಂಗಯ್ಯ',10',58',ಗಂಡು',',GOLLA',FOOD-MAKER-WORK-SMALL-SHOP',NO'
MVJ1966514',ಸಾವಿತ್ರಮ್ಮ',ಗಂಗಾಧರಪ್ಪ',10',50',ಹೆಣ್ಣು',',GOLLA',HOTEL',NO'
ALQ2859841',ಅಶ್ವತ್ಥಯ್ಯಜಿ',ಗಂಗಪ್ಪ',10',49',ಗಂಡು',',GOLLA',FARMER',NO'
ALQ2859858',ಅನುರಾಧ',ಜಿ ನಂದೀಶ',10',45',ಹೆಣ್ಣು',',GOLLA',HOUSE -WIFE',NO'
ALQ2464154',ಜೆ ಎನ್ ಮಂಜುನಾಥ',ಜಿ ನಂದೀಶ',10',24',ಗಂಡು',',GOLLA',TRUCK-DRIVER',NO'
ALQ3166329',ಸುಮ ಜಿ ಎನ್',ನಂದೀಶಪ್ಪ',10',23',ಹೆಣ್ಣು',',GOLLA',HOUSE -WIFE',NO'
ALQ2859866',ರಾಮಪ್ಪ',ರುದ್ರಪ್ಪ',11',60',ಗಂಡು',',GOLLA',HOUSE -WIFE',NO'
ALQ2859874',ಗೌರಮ್ಮ',ರಾಮಪ್ಪ',11',51',ಹೆಣ್ಣು',',GOLLA',HOUSE -WIFE',NO'
ALQ0047621',ಸುನಿತಾ',ಶಿವ ಕುಮಾರ್',11',35',ಹೆಣ್ಣು',',GOLLA',GARMENTS',NO'
ALQ0047605',ರುದ್ರಮ್ಮ ಇತರೆ ಸಂಬಂಧಿಯ',ರಾಮನ',11',33',ಹೆಣ್ಣು',',LINGAYATH',STUDENT',NO'
ALQ2859890',ಸಾಹೇಬಿ',ಕರೀಂಖಾನ್',12',63',ಹೆಣ್ಣು',',MUSLIM',KOOLI',NO'
MVJ1966910',ರಹಮತ್\u200c ಖಾನ್',ಕರೀಂಖಾನ್',12',38',ಗಂಡು',YES',MUSLIM',KOOLI',NO'
ALQ2223022',ರೀಹಾನ',ರಹಮತ್\u200c ಖಾನ್',12',31',ಹೆಣ್ಣು',',MUSLIM',',NO'
ALQ2859908',ಮಹದೇವಮ್ಮ',ಎಂ ಶಿವಣ್ಣ',13',65',ಹೆಣ್ಣು',',LINGAYATH',AGED',NO'
MVJ1965920',ಜಿ ಎಸ್ ವಿಜಯಕುಮಾರ್',ಎಂ ಶಿವಣ್ಣ',13',44',ಗಂಡು',',LINGAYATH',GOVT-TEACHER',NO'
ALQ2409134',ಕವಿತಾ ಹೆಚ್ ಎನ್',ಜಿ ಎಸ್ ವಿಜಯಕುಮಾರ್',13',29',ಹೆಣ್ಣು',',LINGAYATH',HOUSE -WIFE',NO'
ALQ2859916',ವಜೀರ್ ಖಾನ್',ಹುಸೇನ್ ಖಾನ್',14',69',ಗಂಡು',',MUSLIM',AGED',NO'
ALQ2859924',ಮಕಬುಲ್ ಬೀ',ವಜೀರ್ ಖಾನ್',14',64',ಹೆಣ್ಣು',',MUSLIM',AGED',NO'
ALQ2859932',ದಸ್ತಗಿರಿಖಾನ್',ವಜೀರ್ ಖಾನ್',14',47',ಗಂಡು',',MUSLIM',CORPAINTER',NO'
MVJ4441879',ಹುಸೇನ್ ಖಾನ್',ವಜಿರ್\u200cಖಾನ್',14',38',ಗಂಡು',',MUSLIM',KOOLI',NO'
ALQ0048470',ಷಫಾಯತ್ ಖಾನ್',ವಜೀರ್ ಖಾನ್',14',34',ಗಂಡು',',MUSLIM',ELECTRICAION',NO'
ALQ2536647',ಖಮರ್ ತಾಜ್ ಐ',ಹುಸೇನ್ ಖಾನ್',14',23',ಹೆಣ್ಣು',',MUSLIM',KOOLI',NO'
ALQ2859957',ಕ್ಯಾತುಂಬಿ',ಅಮೀರ್ ಸಾಬ್',15',70',ಹೆಣ್ಣು',',MUSLIM',HOUSE -WIFE',NO'
ALQ2859965',ಕಾಸಿಂಸಾಬಿ',ಅಮೀರ್ ಸಾಬಿ',15',50',ಗಂಡು',',MUSLIM',SMALL-SHOP',NO'
ALQ2981348',ರಾಬಿಯಾ',ಖಾಸಿಂ ಸಾಬಿ',15',34',ಹೆಣ್ಣು',',MUSLIM',HOUSE -WIFE',NO'
ALQ2859973',ಕೃಷ್ಣಪ್ಪ',ವೆಂಕಟಶಾಮಪ್ಪ',16',55',ಗಂಡು',',EDIGA',FARMER',NO'
ALQ2859981',ರಮಾದೇವಿ',ಕೃಷ್ಣಪ್ಪ',16',50',ಹೆಣ್ಣು',',EDIGA',GOVT-HOSPITEKL-PO1',NO'
ALQ1543800',ಶ್ರೀನಿವಾಸ',ವೆಂಕಟಶಾಮಪ್ಪ',16',44',ಗಂಡು',YES',EDIGA',PRIVATE JOB',NO'
ALQ2364859',ಲಕ್ಕಿ ಜಿ ಕೆ',ಕೃಷ್ಣಪ್ಪ',16',26',ಹೆಣ್ಣು',YES',EDIGA',POLICE',NO'
ALQ2997294',ಜಗದೀಶ ಜಿ ಕೆ',ಕೃಷ್ಣಪ್ಪ',16',22',ಗಂಡು',',EDIGA',STUDENT',NO'
ALQ2859999',ಗಂಗಪ್ಪ',ಈರನಾಗಪ್ಪ',17',75',ಗಂಡು',',EDIGA',KOOLI',NO'
ALQ2860005',ಗೌರಮ್ಮ',ಗಂಗಪ್ಪ',17',60',ಹೆಣ್ಣು',',EDIGA',KOOLI',NO'
MVJ1966464',ಜಿ ನಾಗರಾಜ್',ಗಂಗಪ್ಪ',17',40',ಗಂಡು',',EDIGA',GARMENTS',NO'
ALQ0048033',ಆರ್ ಲಲಿತಮ್ಮ',ನಾಗರಾಜುಜಿ',17',37',ಹೆಣ್ಣು',',EDIGA',GARMENTS',NO'
ALQ2860013',ರಾಮಾಂಜಿನಪ್ಪ',ಹನುಮಂತಪ್ಪ',18',60',ಗಂಡು',',KUMBA',KOOLI',NO'
ALQ2860021',ಜಯಲಕ್ಷ್ಮಮ್ಮ',ರಾಮಾಂಜಿನಪ್ಪ',18',53',ಹೆಣ್ಣು',',KUMBA',KOOLI',NO'
ALQ2182392',ವರಲಕ್ಷ್ಮಿ',ಆಶೋಕ್ ಕುಮಾರ ಜಿ ಆರ್',18',38',ಹೆಣ್ಣು',',KUMBA',GARMENTS',NO'
MVJ3613338',ಜಿ ಆರ್ ಅಶೋಕ್ ಕುಮಾರ್',ಜಿ ಹೆಚ್ ರಾಮಾಂಜಿನಪ್ಪ',18',37',ಗಂಡು',',KUMBA',GARMENTS',NO'
ALQ2333425',ಹನುಮಂತರಾಯಪ್ಪ ಜಿ ಆರ್',ರಾಮಾಂಜಿನಪ್ಪ',18',32',ಗಂಡು',',KUMBA',GARMENTS',NO'
ALQ2182038',ನಾಗೇಶ್ ಜಿ ಆರ್',ರಾಮಾಂಜಿನಪ್ಪ',18',28',ಗಂಡು',',KUMBA',HOUSE -WIFE',NO'
ALQ2860039',ಜಿ ಎಚ್ ಬಸವರಾಜು',ಹನುಮಂತಪ್ಪ',19',50',ಗಂಡು',',KUMBA',DAIRY WORKER',NO'
MVJ1967132',ಬಿ ಕೆ ಮಂಜುಳ',ಜಿ ಹೆಚ್ ಬಸವರಾಜ',19',40',ಹೆಣ್ಣು',',KUMBA',HOUSE -WIFE',NO'
ALQ2860054',ಮೈಲಾರಪ್ಪ ಎಲ್',ಲಿಂಗಪ್ಪ',20',64',ಗಂಡು',',SHETBALAJIGA',KOOLI',NO'
ALQ1543826',ಪದ್ಮಮ್ಮ',ಮೈಲಾರಪ್ಪ',20',50',ಹೆಣ್ಣು',',SHETBALAJIGA',FACTORY WORKER',NO'
ALQ2075984',ಜಿ ಎಂ ಗೀತಾ',ಮೈಲಾರಪ್ಪ',20',30',ಹೆಣ್ಣು',',SHETBALAJIGA',PVT-TEACHER',NO'
ALQ2398287',ನಿರಂಜನ್ ಜಿ ಎಮ್',ಮೈಲಾರಪ್ಪ',20',24',ಗಂಡು',',SHETBALAJIGA',FACTORY WORKER',NO'
ALQ2860062',ಮಲ್ಲಪ್ಪ',ಲಿಂಗಣ್ಣ',21',65',ಗಂಡು',',SHETBALAJIGA',AGED',NO'
ALQ1543834',ಲಿಂಗಮ್ಮ',ಮಲ್ಲಪ್ಪ',21',55',ಹೆಣ್ಣು',',SHETBALAJIGA',AGED',NO'
ALQ2860070',ಕೃಷ್ಣಪ್ಪ',ಲಿಂಗಪ್ಪ',21',50',ಗಂಡು',',SHETBALAJIGA',KOOLI',NO'
MVJ4441689',ಮೈಲಾರಪ್ಪ',ಮಲ್ಲಪ್ಪ',21',45',ಗಂಡು',',SHETBALAJIGA',AUTO-DRIVER',NO'
MVJ1965805',ನಾಗರಾಜ',ಮಲ್ಲಪ್ಪ',21',42',ಗಂಡು',',SHETBALAJIGA',PRIVATE JOB',NO'
MVJ3614237',ಶಾರದಮ್ಮ',ಮೈಲಾರಪ್ಪ',21',38',ಹೆಣ್ಣು',',SHETBALAJIGA',KOOLI',NO'
ALQ2997302',ಸುನಂದಮ್ಮ ಎಂಜಿ',ನಾಗರಾಜುಜಿ ಎಂ',21',32',ಹೆಣ್ಣು',',SHETBALAJIGA',HOUSE -WIFE',NO'
ALQ2337343',ಹುಸೇನ್ ಖಾನ್',ಪಕೃದ್ದೀನ್ ಖಾನ್',21',27',ಗಂಡು',',MUSLIM',KOOLI',NO'
ALQ2860096',ಫಕ್ರುದ್ದೀನ್',ಮಹಮದ್ ಯೂ',23',60',ಗಂಡು',',MUSLIM',KOOLI',NO'
ALQ0048637',ಸೈಯದ್\u200cಬಾಬು',ಪತೃದ್ಧಿನ್\u200cಸಾಬ್',3',39',ಗಂಡು',',MUSLIM',FACTORY WORKER',NO'
MVJ4201737',ಮಹಮದ್ ಯೂಸುಫ್',ಫಕೃದ್ದೀನ್',3',38',ಗಂಡು',',MUSLIM',KOOLI',NO'
ALQ2385557',ಎಫ್ ಜಾವೀದ್ ಖಾನ್',ಪಕೃದ್ದೀನ್ ಖಾನ್',23',33',ಗಂಡು',',MUSLIM',KOOLI',NO'
ALQ1543859',ಎಫ್ ಮುಬಾರತ್\u200cತಾಜ್',ಪಕೃದ್ದೀನ್',3',33',ಹೆಣ್ಣು',',MUSLIM',HOUSE -WIFE',NO'
ALQ0049007',ಎಸ್ ನಸೀನ್\u200cಬಾನು',ಸೈಯದ್\u200cಬಾಬ',3',32',ಹೆಣ್ಣು',',MUSLIM',HOUSE -WIFE',NO'
ALQ2386613',ಎಮ್ ಸಲ್ಮಾ',ಎಫ್ ಜಾವೀದ್ ಖಾನ್',3',27',ಹೆಣ್ಣು',',MUSLIM',GARMENTS',NO'
ALQ2075836',ಸುರಯ್ಯ ಬಾನು',ಮಹಮದ್',3',27',ಹೆಣ್ಣು',',MUSLIM',GARMENTS',NO'
ALQ2860104',ಹುಸೇನ್ ಬೀ',ಅನ್ವರ್ ಸಾಬ್',26',55',ಹೆಣ್ಣು',',MUSLIM',AGED',NO'
ALQ3118288',ಎ ಸುಬಾನ್',ಅನ್ವರ್ ಸಾಬ್',26',39',ಗಂಡು',',MUSLIM',PVT-CONDUTOR',NO'
ALQ3012929',ಶೇಕ್ ಮಹಮದ್',ಬಾಬು',27',32',ಗಂಡು',',MUSLIM',KOOLI',NO'
ALQ2509974',ನ್ಯಾಮತ್\u200c ಬೀ ಬಿ',ಬಷೀರ್ ಅಹಮದ',27',29',ಹೆಣ್ಣು',',MUSLIM',HOUSE -WIFE',NO'
ALQ2860120',ಷಾದದ್ ಬೀ',ಷೇಕ್ ರಸೂಲ್ ಸ',28',55',ಹೆಣ್ಣು',',MUSLIM',AGED',NO'
MVJ4442000',ಷೇಕ್ ಚಾಂದ್ ಬಾಷಾ',ಷೇಕ್ ರಸೂಲ್ ಸಾಬ್',28',42',ಗಂಡು',',MUSLIM',KOOLI',NO'
MVJ1966209',ಷೇಕ್ ಮಹಬೂಬ್',ಷೇಕ್ ರಸೂಲ್',28',37',ಗಂಡು',',MUSLIM',KOOLI',NO'
MVJ4442109',ಮುಬೀನ್\u200c ತಾಜ್',ಷೇಕ್ ಮಹಬೂಬ್',28',33',ಹೆಣ್ಣು',',MUSLIM',HOUSE -WIFE',NO'
ALQ2536639',ಶೇಕ್ ಶಫೀವುಲ್ಲಾ',ಶೇಕ್ ಅಮೀರ್\u200c',30',46',ಗಂಡು',',MUSLIM',UN-EMPOLYE',NO'
ALQ2860146',ಬಿಬೀಜಾನ್',ಈಸುದ್ ಖಾನ್',31',50',ಹೆಣ್ಣು',',MUSLIM',AGED',NO'
MVJ4442075',ಹುಸೇನ್\u200cಖಾನ್',ಇಸುಬ್ ಖಾನ್',31',35',ಗಂಡು',',MUSLIM',AUTO-DRIVER',NO'
ALQ2409043',ಫರಿದಾಬೀ',ಹುಸೇನ್ ಖಾನ್',31',35',ಹೆಣ್ಣು',',MUSLIM',HOUSE -WIFE',NO'
ALQ2222966',ಬಾಬಾಜಾನ್ ವಿ',ಯೂಸೂಫ್ ಸಾಬ',31',28',ಗಂಡು',',MUSLIM',AUTO-DSRIVER',NO'
ALQ2429132',ಮಹಬೂಬ್ ಸಾಬ್ ಯು',ಯೋಸಫ್ ಸಾ',31',26',ಗಂಡು',',MUSLIM',AUTO-DRIVER',NO'
ALQ3184421',ಸಿಮ್ರಾನ್',ಬಾಬಾಜಾನ್',31',21',ಹೆಣ್ಣು',',MUSLIM',HOUSE -WIFE',NO'
ALQ2860153',ಆಹಮದ್ ಖಾನ್',ನಜೀರ್ ಸಾಬ್',32',50',ಗಂಡು',',MUSLIM',AGED',NO'
ALQ2860161',ಅಫಿಜಾಭೀ',ಅಹಮದ್ ಖಾನ್',32',50',ಹೆಣ್ಣು',',MUSLIM',AGED',NO'
ALQ2339067',ಮಹಬೂಬ್ ಬಾಷಾ',ಸೈಯದ್ ಅಹಮದ್',32',26',ಗಂಡು',',MUSLIM',PANCHER-SHOP',NO'
ALQ2997310',ಬಾಬಾಜಾನ್ ಜಿ ಎಂ',ಮಹಮದ್ ಷೇಕ್',32',22',ಗಂಡು',',MUSLIM',KOOLI',NO'
ALQ2526093',ರಾಧಕೃಷ್ಣ',ಮುರಾರಪ್ಪ',33',70',ಗಂಡು',',DEATH',',NO'
ALQ1543867',ಮಾಧವರೆಡ್ಡಿ',ಹನುಮಂತರಾಯಪ',33',60',ಗಂಡು',',VAKALIGA',FARMER',NO'
ALQ1543875',ಚನ್ನಮ್ಮ',ಮಾಧವ ರೆಡ್ಡಿ',33',54',ಹೆಣ್ಣು',',VAKALIGA',HOUSE -WIFE',NO'
ALQ2860179',ಸುಜಾತಮ್ಮ',ಮಾಧವ ರೆಡ್ಡಿ',33',46',ಹೆಣ್ಣು',',VAKALIGA',HOUSE -WIFE',NO'
MVJ1967173',ರಾಜಕುಮಾರ್',ಮಾಧವರೆಡ್ಡಿ',33',38',ಗಂಡು',',VAKALIGA',FARMER',NO'
ALQ2182384',ಕಲ್ಪನಾ',ರಾಜ್ ಕುಮಾರ್',33',34',ಹೆಣ್ಣು',',VAKALIGA',HOUSE -WIFE',NO'
ALQ2860187',ಜಿ ವಿ ಗೋವಿಂದಪ್ಪ',ವೆಂಕಟಪ್ಪ',36',55',ಗಂಡು',',NAYAK',AGD',NO'
ALQ1543891',ಸುಜಾತ',ಬಸವರಾಜ್\u200c',36',38',ಹೆಣ್ಣು',',LINGAYATH',AGED',NO'
ALQ3067949',ವೆಂಕಟೇಶ್ ಪ್ರಸಾದ್',ಗೋವಿಂದಪ್ಪ',36',22',ಗಂಡು',',NAYAK',FACTORY WORKER',NO'
ALQ2860195',ಗಂಗಣ್ಣ',ಬಸವಯ್ಯ',37',75',ಗಂಡು',',LINGAYATH',AGED',NO'
ALQ2860203',ಶಿವಲಿಂಗಮ್ಮ',ಗಂಗಣ್ಣ',37',65',ಹೆಣ್ಣು',',LINGAYATH',AGED',NO'
ALQ2860211',ಜೆ ಬಸವರಾಜು',ಗಂಗಣ್ಣ',37',44',ಗಂಡು',',LINGAYATH',FACTORY WORKER',NO'
ALQ2860229',ಮೆಹಬೂಬ್ ಖಾನ್',ಹುಸೇನ್ ಖಾನ್',38',70',ಗಂಡು',',MUSLIM',SMALL-SHOP',NO'
ALQ2860237',ಅಭಿಬೀ',ಮೆಹಬೂಬ್ ಖಾನ್',38',55',ಹೆಣ್ಣು',',MUSLIM',SMALL-SHOP',NO'
ALQ2860245',ಮಮ್ರಾಜ್ ಬೀ',ಮೆಹಬೂಬ್ ಖಾನ್',38',53',ಹೆಣ್ಣು',',MUSLIM',HOUSE -WIFE',NO'
ALQ2860252',ಜಹೀರ ಖಾನ್',ಮೆಹಬೂಬ್ ಖಾ',38',46',ಗಂಡು',',MUSLIM',FARMER',NO'
ALQ1543909',ಸುರ್ವಶನ್ ಉನ್ನೀಸಾ',ಜುಹೇಶ್ ಖಾನ್',38',42',ಹೆಣ್ಣು',',MUSLIM',HOUSE -WIFE',NO'
ALQ0047985',ಜಿ ಎಂ ನಾಸಿರ್ ಖಾನ್',ಮೆಹಬೂಬ್ ಖಾನ',38',38',ಗಂಡು',',MUSLIM',CHIKEN-SHOP',NO'
ALQ2075794',ಜಿ ಎಂ ಮೃಗಶಿರ',ಬಾಬ್\u200cಜಾನ್',38',34',ಹೆಣ್ಣು',',MUSLIM',HOUSE -WIFE',NO'
ALQ2373710',ಮಾದರ್ ಸಾಬ್ ಗರಿ ರೀಹನ',ಜಬೀಉಲ್ಲಾಖಾನ್ ಜಿ ಎಂ',38',28',ಹೆಣ್ಣು',',MUSLIM',HOUSE -WIFE',NO'
ALQ2182046',ಜಬೀ ವುಲ್ಲಾ ಖಾನ್',ಮಹಬೂಬ್ ಖಾನ',38',27',ಗಂಡು',',MUSLIM',AUTO-DRIVER',NO'
ALQ2962603',ಸಬೀಯಾ ಬಾನುಜಿ ಎಮ್',ಮಹಬೂಬ್ ಖಾ',38',22',ಹೆಣ್ಣು',',MUSLIM',KOOLI',NO'
ALQ2860260',ಬಾಷಾಚಾಂದ್',ಫೀರೋಸಾಬ್',39',55',ಗಂಡು',',MUSLIM',KOOLI',NO'
ALQ2860278',ಸಾಭೀರಾಬೀ',ಚಾಂದ್ ಬಾಷಾ',39',50',ಹೆಣ್ಣು',',MUSLIM',KOOLI',NO'
ALQ3184447',ಹಾಯಿಷಾ ಭಾನು',ಚಾಂದ್ ಭಾಷಾ ಖಾನ್',39',32',ಹೆಣ್ಣು',',MUSLIM',KOOLI',NO'
ALQ3166501',ಅಯೂಬ್ ಬಾಷಾಜಿ ಸಿ',ಚಾಂದ್ ಬಾಷಾ',39',21',ಗಂಡು',',MUSLIM',KOOLI',NO'
ALQ2860302',ಫರೀದಾಭೀ',ಅಮೀರ್ ಖಾನ್',40',54',ಹೆಣ್ಣು',',MUSLIM',SMALL-SHOP',NO'
ALQ3126083',ಸುಭಾನುಎಸ್ ಬಿ',ಜರೀನ್ ತಾಜ್ ಜಿ',40',42',ಗಂಡು',',MUSLIM',GARE',NO'
ALQ2464188',ಜರೀನ್ ತಾಜ್ ಜಿ ಎ',ಅಮೀರ್ ಸಾಬ್',40',34',ಹೆಣ್ಣು',',MUSLIM',HOUSE -WIFE',NO'
ALQ2429090',ನಗೀನಾ',ನವೀದ್ ಖಾನ್',41',25',ಹೆಣ್ಣು',',MUSLIM',HOUSE -WIFE',NO'
ALQ2860310',ರಜಿಯಾಬೇಗಂ',ರಿಯಾಜ್ ಪಾಷಾ',42',57',ಹೆಣ್ಣು',',MUSLIM',AGED',NO'
MVJ1966597',ಷಬೀರ್ ಭಾಷಾ',ರಿಯಾಜ್ ಬಾಷಾ',42',36',ಗಂಡು',',MUSLIM',AGED',NO'
ALQ2182145',ಅಬ್ದುಲ್ ಮಜೀದ್',ರಿಯಾಜ್ ಪಾಷಾ',42',32',ಗಂಡು',',MUSLIM',MACHANIC',NO'
ALQ2076057',ಅಮೀರ್ ಹಂಜಾ',ರೀಯಾಜ್ ಭಾಷ',42',29',ಗಂಡು',',MUSLIM',FACTORY WORKER',NO'
ALQ0047498',ರಮೇಶ್ ಕುಮಾರ್ ಜಿ ಎಮ್',ಮಧುಸೂದನ್',4ಎ',31',ಗಂಡು',',VAKALIGA',FARMER',NO'
ALQ2429108',ರಮ್ಯಾಡಿ',ರಮೇಶ್ ಕುಮಾರ್',4ಎ',24',ಹೆಣ್ಣು',',VAKALIGA',HOUSE -WIFE',NO'
ALQ2429116',ನವನೀತ ಜಿಯು',ಉಗ್ರಪ್ಪ',4ಎ',24',ಗಂಡು',',VAKALIGA',GARMENTS',NO'
ALQ0048082',ಉಗ್ರಪ್ಪ',ಮುದ್ದಪ್ಪ',4ಎ',51',ಗಂಡು',',VAKALIGA',AGED',NO'
ALQ2860336',ಷಕೀಲಾ',ಅಮಾನ್ ಉಲ್ಲಾ ಖಾನ್',43',45',ಹೆಣ್ಣು',',MUSLIM',KOOLI',NO'
ALQ2860351',ಮೆಹಬೂಬ್ ಖಾನ್',ಬಾಜಿ ಸಾಬ್',45',55',ಗಂಡು',',MUSLIM',KOOLI',NO'
ALQ2860369',ಷಕೀರಬೇಗಂ',ಮೆಹಬೂಬ್ ಖಾನ್',45',47',ಹೆಣ್ಣು',',MUSLIM',KOOLI',NO'
ALQ2981298',ರಿಹಾನ ಬೇಗಂ',ರಫೀಉಲ್ಲಾಖಾನ್ ಜಿ ಎಂ',45',28',ಹೆಣ್ಣು',',MUSLIM',KOOLI',NO'
ALQ2182459',ಜಿ ಎಮ್ ರಫೀ ಉಲ್ಲಾ ಖಾನ್',ಮಹಬೂಬ್ ಖಾ',45',27',ಗಂಡು',',MUSLIM',KOOLI',NO'
ALQ2337947',ರಫೀಉಲ್ಲಾಖಾನ್ ಜಿ ಎಮ್',ಮಹಬೂಬ್ ಖಾನ್',45',27',ಗಂಡು',',MUSLIM',KOOLI',NO'
ALQ2860377',ರಹಮತ್ ಬೀ',ಷೇಕ್ ಅಬ್ದುಲ್',46',60',ಹೆಣ್ಣು',',MUSLIM',AGED',NO'
ALQ2860385',ಷೇಕ್\u200cಅಬ್ದುಲ್',ಷೇಕ್ ಅಮೀರ್\u200c',46',55',ಗಂಡು',',MUSLIM',AGED',NO'
ALQ0047134',ರಿಯಾಜ್ ಪಾಷಾ',ಷೇಕ್ ಅಬ್ದುಲ್',46',38',ಗಂಡು',',MUSLIM',TENT-HOUSE-WORK',NO'
ALQ1543917',ದಿಲ್\u200cಷಾದ್',ರಿಯಾಬ್ಬಾಷಾ',46',35',ಹೆಣ್ಣು',',MUSLIM',HOUSE -WIFE',NO'
ALQ0047183',ಪಯಾಜ್',ಷೇಕ್ ಅಬ್ದುಲ್',46',33',ಗಂಡು',YES',MUSLIM',MACHANIC',NO'
ALQ2199461',ಹಮೀದ್ ಬಾನು',ಫಯಾಜ್',46',31',ಹೆಣ್ಣು',',MUSLIM',HOUSE -WIFE',NO'
ALQ2182160',ನ್ಯಾಮತ್ ಸಾಬ್',ಶೇಕ್ ಅಬ್ದುಲ್ಲಾ',46',29',ಗಂಡು',',MUSLIM',KOOLI',NO'
ALQ2464170',ಆಯೇಷಾ',ನ್ಯಾಮತಸಾಬ್',46',25',ಹೆಣ್ಣು',',MUSLIM',HOUSE -WIFE',NO'
ALQ2860393',ಬತ್ತೀಲ್ ಭೀ',ನ್ಯಾಮತ್ ಖಾನ್',49',85',ಹೆಣ್ಣು',',MUSLIM',AGED',NO'
ALQ2860401',ರಿಯಾಜ್ ಖಾನ್',ನ್ಯಾಮತ್ ಖಾನ್',49',55',ಗಂಡು',',MUSLIM',GARE',NO'
ALQ2860419',ನಸೀಮಾ',ರಿಯಾಜ್ ಖಾನ್',49',50',ಹೆಣ್ಣು',',MUSLIM',HOUSE -WIFE',NO'
ALQ1869551',ಜಿ ಆರ್ ಭಕ್ಷಾ ಖಾನ್',ರಿಯಾಜ್ ಖಾನ್',49',30',ಗಂಡು',',MUSLIM',AUTO-DRIVER',NO'
ALQ2108488',ಇಮ್ರಾನ್ ಖಾನ್ ಜಿ ಆರ್',ರೀಯಜ್ ಖಾನ್',49',27',ಗಂಡು',',MUSLIM',FACTORY WORKER',NO'
ALQ2860427',ಬಡೇಸಾಬಿ',ಇಮಾಮ್ ಸಾಬಿ',50',85',ಗಂಡು',',MUSLIM',AGED',NO'
ALQ2860435',ಮಕ್ಕುಲ್ ಬೀ',ಬಡೇಸಾಬೀ',50',75',ಹೆಣ್ಣು',',DEATH',',NO'
ALQ2860443',ಹುಸೇನ್',ಬಡೇಸಾಬೀ',50',45',ಗಂಡು',YES',MUSLIM',PRIVATE JOB',NO'
ALQ2860450',ಮಹಬೂಬಿ',ಹುಸೇನ್',50',44',ಹೆಣ್ಣು',YE4S',MUSLIM',HOUSE -WIFE',NO'
ALQ2860476',ಚಾಂದ್ ಬಾಷಾ',ಬಡೇಸಾಬ್',52',55',ಗಂಡು',',MUSLIM',KOOLI',NO'
ALQ0047670',ಮೆಹಬೂಬೀ',ಚಾಂದ್ ಬಾಷಾ',52',47',ಹೆಣ್ಣು',',MUSLIM',KOOLI',NO'
ALQ2182277',ಬಿಬಿಜಾನ್',ಚಾಂದ್ ಬಾಷ',52',29',ಹೆಣ್ಣು',',MUSLIM',GARMENTS',NO'
ALQ2464212',ಫಾಹಿಮ ಸಿ',ಚಾಂದ್ ಬಾಷಾ',52',27',ಹೆಣ್ಣು',',MUSLIM',GARMENTS',NO'
ALQ3136009',ನಹೀಮ್ ತಾಜ್ ಜಿ ಸಿ',ಚಾಂದ್ ಭಾಷಾ',52',25',ಹೆಣ್ಣು',',MUSLIM',GARMENTS',NO'
ALQ3136611',ಮಹಮ್ಮದ್ ಸಾಧಿಕ್',ಚಾಂದಭಾಷ',52',21',ಗಂಡು',',MUSLIM',MEDICAL-SHOP-WORKL',NO'
ALQ0047191',ಪಾರ್ಥಸಾರಥಿ',ನರಸಪ್ಪ',53',60',ಗಂಡು',',BRAHMIN',FARMER',NO'
ALQ2860484',ಉಮಾದೇವಿ',ಪಾರ್ಥಸಾರಥಿ',53',53',ಹೆಣ್ಣು',',BRAHMIN',HOUSE -WIFE',NO'
ALQ0047290',ಜಿ ಪಿ ಯಶವಂತ್\u200cಕುಮಾರ್',ಪಾರ್ಥ ಸಾರಥಿ',53',33',ಗಂಡು',',BRAHMIN',PVT-TEACHER',NO'
ALQ2860492',ಎನ್ ವೆಂಕಟರಾಮಯ್ಯ',ನರಸಪ್ಪ',54',80',ಗಂಡು',',DEATH',',NO'
ALQ2860500',ಸುಬ್ಬಲಕ್ಷ್ಮಮ್ಮ',ಎನ್ ವೆಂಕಟರಾಮಯ್ಯ',54',65',ಹೆಣ್ಣು',',DEATH',',NO'
ALQ2860518',ರಾಘವೇಂದ್ರಪ್ರಸಾದ್',ಎನ್ ವೆಂಕಟರಾಮಯ್ಯ',54',47',ಗಂಡು',',BRAHMIN',FARMER',NO'
ALQ2860526',ವೆಂಕಟೇಶ್ ಪ್ರಸಾದ್',ಎನ್ ವೆಂಕಟರಾಮಯ್ಯ',54',45',ಗಂಡು',YES',BRAHMIN',POOJARI',NO'
MVJ1965862',ಶಾರದ',ರಾಘವೇಂದ್ರಪ್ರಸಾದ',54',41',ಹೆಣ್ಣು',',BRAHMIN',HOUSE -WIFE',NO'
ALQ1543941',ಮಂಜುಳ',ವೆಂಕಟೇಶ ಪ್ರಸಾದ್',54',39',ಹೆಣ್ಣು',YES',BRAHMIN',HOUSE -WIFE',NO'
ALQ3108065',ಜಿ ಆರ್ ನಾರಾಯಣ',ರಾಘವೇಂದ್ರಪ್ರಸಾದ್ ಜಿ ವಿ',54',20',ಗಂಡು',',BRAHMIN',GARMENTS',NO'
ALQ2860534',ಪಾತೀಮಾಭೀ',ಹುಸೇನ್ ಸಾಬ್',56',85',ಹೆಣ್ಣು',',MUSLIM',AGED',NO'
ALQ2860542',ನಾಗರಾಜಪ್ಪ',ಸುಬ್ಬರಾಯಪ್ಪ',57',70',ಗಂಡು',',NAYAK',GARE',NO'
ALQ2860559',ಅಂಜಿನಮ್ಮ',ನಾಗರಾಜಪ್ಪ',57',65',ಹೆಣ್ಣು',',NAYAK',HOUSE -WIFE',NO'
ALQ2860567',ರಾಜ್ ಕುಮಾರ್',ನಾಗರಾಜಪ್ಪ',57',47',ಗಂಡು',',NAYAK',FARMER',NO'
ALQ2860575',ಲಲಿತಮ್ಮ',ರಾಜಕುಮಾರ್',57',44',ಹೆಣ್ಣು',',NAYAK',HOUSE -WIFE',NO'
MVJ1966373',ಗಂಗಾಧರಪ್ಪ',ನಾಗರಾಜಪ್ಪ',57',42',ಗಂಡು',',NAYAK',GP-P1',NO'
MVJ1966019',ಜಿ ಎನ್ ಸುಬ್ರಹ್ಮಣ್ಯ',ನಾಗರಾಜಪ್ಪ',57',39',ಗಂಡು',',NAYAK',POLICE',NO'
MVJ4441937',ಪ್ರಮೀಳಮ್ಮ',ಗಂಗಾಧರ',57',37',ಹೆಣ್ಣು',',NAYAK',KOOLI',NO'
MVJ4442083',ಜಿ ಎನ್ ರವಿ',ನಾಗರಾಜು',57',35',ಗಂಡು',',NAYAK',WATER-MAN',NO'
ALQ2182442',ಶುಭಾ ಎಲ್ಆರ್',ಸುಬ್ರಮಣ್ಯ',57',34',ಹೆಣ್ಣು',',NAYAK',HOUSE -WIFE',NO'
ALQ2182418',ಸುನಿತ ಎನ್',ರವಿ ಜಿ ಎನ್',57',28',ಹೆಣ್ಣು',',NAYAK',HOUSE -WIFE',NO'
ALQ3107844',ಸುನಿಲ್ ಕುಮಾರ್ ಜಿ ಆರ್',ರಾಜಕುಮಾರ್',57',24',ಗಂಡು',',NAYAK',FARMER',NO'
ALQ2860583',ಆನಂದಪ್ಪ',ಬಸಪ್ಪ',59',53',ಗಂಡು',',LINGAYATH',SMALL-SHOP',NO'
ALQ2860591',ಗಂಗಮ್ಮ',ಆನಂದಪ್ಪ',59',49',ಹೆಣ್ಣು',',LINGAYATH',HOUSE -WIFE',NO'
ALQ3166303',ಭರತ್ ಕುಮಾರ್ ಜಿ ಎ',ಆನಂದಪ್ಪ',59',20',ಗಂಡು',',LINGAYATH',STUDENT',NO'
MVJ1966555',ಪಾಚಾಸಾಬೀ',ಇಮಾಮ್ ಸಾಬೀ',61',75',ಗಂಡು',',MUSLIM',AGED',NO'
ALQ2860609',ಪಾತೀಮಾಬೀ',ಪಾಚಾಸಾಭೀ',61',65',ಹೆಣ್ಣು',',MUSLIM',AGED',NO'
ALQ2110666',ಜಮೀದ್ ಪಾಷ',ರಸೂಲ್ ಸಾಬ್',61',41',ಗಂಡು',',MUSLIM',KOOLI',NO'
ALQ2429124',ಪಿ ಷಮೀನಾ ಬೇಗಂ',ರಹಮತ್ ಉಲ್ಲಾಖಾನ್',61',40',ಹೆಣ್ಣು',',MUSLIM',AGED',NO'
ALQ1869445',ಶೂರ್\u200c ಉಲ್ಲಾಖಾನ್',ಬುಡೇನ್ ಖಾನ್',62',55',ಗಂಡು',',MUSLIM',FARMER',NO'
ALQ2860617',ಮೆಹರೂವೀಸಾ',ಶೂನ್ನೂರ್ ಉಲ್ಲಾ ಖಾನ್',62',50',ಹೆಣ್ಣು',',MUSLIM',HOUSE -WIFE',NO'
MVJ1966480',ಇಮಾಮ್ ಖಾನ್',ಬುಡೇನ್ ಖಾನ್',63',60',ಗಂಡು',',MUSLIM',SMALL-SHOP',NO'
ALQ2860625',ಅಸ್ಮನ್ ಬೀ',ಇಮಾಮ್ ಖಾನ್',63',55',ಹೆಣ್ಣು',',MUSLIM',HOUSE -WIFE',NO'
MVJ1965631',ಸುಬಾನ್ ಉಲ್ಲಾಖಾನ್',ಇಮೊಮ್ ಖಾನ್',63',43',ಗಂಡು',',MUSLIM',SMALL-SHOP',NO'
ALQ2096485',ಅಕಿಲಾ ಖಾನಾಮ್',ಸುಭಾನ್ ಉಳ್ಳ ಖಾತೆ',63',26',ಹೆಣ್ಣು',',MUSLIM',HOUSE -WIFE',NO'
ALQ2860633',ಬಾಡೂಖಾನ್',ಬುಡೇನ್ ಖಾನ್',64',75',ಗಂಡು',',MUSLIM',AGED',NO'
ALQ2860641',ಹಾಜರಾಬೀ',ಬಾಷಾಖಾನ್',64',65',ಹೆಣ್ಣು',',MUSLIM',AGED',NO'
MVJ1965532',ಕರೀಮ್ ಖಾನ್',ಬಾಷಾಖಾನ್',64',40',ಗಂಡು',',MUSLIM',KOOLI',NO'
MVJ4441853',ರಹೀಂಖಾನ್',ಭಾಷಖಾನ್',64',38',ಗಂಡು',',MUSLIM',GOVT-TEACHER',NO'
ALQ0048884',ಸಲ್ಮಾಭಾನು',ಜಿ ಬಿ ಕರೀಂಖಾನ್',64',32',ಹೆಣ್ಣು',',MUSLIM',HOUSE -WIFE',NO'
ALQ2860658',ಅಶ್ವತ್ಥಪ್ಪ',ರುದ್ರಯ್ಯ',65',80',ಗಂಡು',',LINGAYATH',AGED',NO'
ALQ2860666',ಪ್ರಮೀಳಮ್ಮ',ಲೇಟ್ ಸಿದ್ದಪ್ಪ',65',47',ಹೆಣ್ಣು',',LINGAYATH',HOTEL',NO'
ALQ2860674',ಆರ್ ಎ ಶಂಕರಯ್ಯ',ಅಶ್ವತ್ಥಪ್ಪ',65',45',ಗಂಡು',',LINGAYATH',FACTORY WORKER',NO'
ALQ1543958',ಮಂಜುನಾಥ',ಅಶ್ವತ್ಥಪ್ಪ',65',44',ಗಂಡು',',LINGAYATH',HOTEL',NO'
ALQ1543966',ಸರಸ್ವತಮ್ಮ',ಆರ್ ಎ ಶಂಕರಯ',65',40',ಹೆಣ್ಣು',',LINGAYATH',GARMENTS',NO'
ALQ2860682',ರಾಮಣ್ಣ',ನರಸಿಂಹಯ್ಯ',66',50',ಗಂಡು',',VAKALIGA',KOOLI',NO'
ALQ2860690',ಚಂದ್ರಕಲಾ',ಲಕ್ಷ್ಮೀನರಸಪ್ಪ',66',45',ಹೆಣ್ಣು',',VAKALIGA',KOOLI',NO'
ALQ2860708',ಸರೋಜಮ್ಮ',ರಾಮಣ್ಣ',66',45',ಹೆಣ್ಣು',',VAKALIGA',KOOLI',NO'
ALQ3057544',ರಾಜುಜಿ ಆರ್',ರಾಮಣ್ಣ',66',21',ಗಂಡು',',VAKALIGA',STUDENT',NO'
ALQ3201647',ದಿಲೀಪ್ ಜಿ ಎಲ್',ಲೇಟ್ ಲಕ್ಷ್ಮೀನರಸಪ್ಪ',66',19',ಗಂಡು',',VAKALIGA',STUDENT',NO'
ALQ2860716',ನರಸಪ್ಪ',ಮುದ್ದಪ್ಪ',67',60',ಗಂಡು',',VAKALIGA',FARMER',NO'
ALQ2860724',ಶಾಂತಮ್ಮ',ನರಸಪ್ಪ',67',55',ಹೆಣ್ಣು',',VAKALIGA',HOUSE -WIFE',NO'
MVJ4441721',ಲಕ್ಷ್ಮೀಪ್ರಸಾದ್',ನರಸಪ್ಪ',67',35',ಗಂಡು',',VAKALIGA',GARMENTS',NO'
ALQ3001633',ಕೊಮಲ ಜಿ ಎನ್ ',LAKSHMIPRASADH N',67',34',ಹೆಣ್ಣು',',DEATH',',NO'
ALQ3031135',ಆಶಾಜೆ ಎನ್',ನವೀನ್ ಕುಮಾರ್ ಜಿ ಎನ್',67',26',ಹೆಣ್ಣು',',VAKALIGA',GARMENTS',NO'
ALQ2860732',ಎಚ್ ವಿ ಚಂದ್ರಶೇಖರಯ್ಯ',ವೀರಮಲ್ಲಯ್ಯ',68',60',ಗಂಡು',',LINGAYATH',ELECTRICAIO',NO'
ALQ2860740',ಶಾರದಮ್ಮ',ಎಚ್ ವಿ ಚಂದ್ರಶೇಖರಯ್ಯ',68',55',ಹೆಣ್ಣು',',LINGAYATH',HOUSE -WIFE',NO'
MVJ1967231',ಹೆಚ್ ಸಿ ಮಹೇಶ್ ಕುಮಾರ್',ಹೆಚ್ ವಿ ಚಂದ್ರಶೇಖರಯ್ಯ',68',38',ಗಂಡು',',LINGAYATH',KSRTC-CONDUTOR',NO'
ALQ2104966',ನಂದಿನಿ ಟಿ ಆರ್',ಮಹೇಶ್ ಕುಮಾರ್',68',28',ಹೆಣ್ಣು',',LINGAYATH',HOUSE -WIFE',NO'
ALQ2860757',ಗಂಗಣ್ಣ',ಮಲ್ಲಯ್ಯ',69',57',ಗಂಡು',',LINGAYATH',FARMER',NO'
ALQ2860765',ಪುಷ್ಪಲತಾ',ಗಂಗಣ್ಣ',69',54',ಹೆಣ್ಣು',',LINGAYATH',HOUSE -WIFE',NO'
ALQ0050021',ಜಿ ಮಹೇಶ',ಗಂಗಣ್ಣ',69',32',ಗಂಡು',',DEATH',',NO'
ALQ3126307',ಗೀತಾ ಎಮ್ ಎಸ್',ಜಿ ಮಹೇಶ',69',25',ಹೆಣ್ಣು',',LINGAYATH',HOME',NO'
ALQ1869452',ಚಂದ್ರಶೇಖರ್ ಜಿ ಆರ್',ರಾಮಯ್ಯ',71',47',ಗಂಡು',',NEGARU',POOJARI',NO'
MVJ3613981',ಚೌಡಮ್ಮ',ಜಿ ಆರ್ ಚಂದ್ರಶೇಖರ್',71',41',ಹೆಣ್ಣು',',NEGARU',HOUSE -WIFE',NO'
ALQ3108115',ನಿರಂಜನ ಜಿ ಸಿ',ಚಂದ್ರಶೇಖರ್ ಜಿ ಆರ್',71',21',ಗಂಡು',',NEGARU',STUDENT',NO'
ALQ3108032',ರಕ್ಷಿತ ಜಿ ಸಿ',ಚಂದ್ರಶೇಖರ್ ಜಿ ಆರ್',71',20',ಹೆಣ್ಣು',',LINGAYATH',KOOLI',NO'
ALQ2860773',ಗಂಗಾಧರಪ್ಪ',ಗಂಗಣ್ಣ',73',53',ಗಂಡು',',LINGAYATH',KOOLI',NO'
ALQ2860781',ಸೌಭಾಗ್ಯಮ್ಮ',ಗಂಗಾಧರಪ್ಪ',73',45',ಹೆಣ್ಣು',',LINGAYATH',KOOLI',NO'
ALQ2962587',ಪವನ್ ಕುಮಾರ್ ಜಿ',ಗಂಗಾಧರಪ್ಪ',73',22',ಗಂಡು',',LINGAYATH',FACTORY WORKER',NO'
ALQ2860799',ಶ್ಯಾಮಣ್ಣ',ಚೌಡಪ್ಪ',74',60',ಗಂಡು',',LINGAYATH',AGED',NO'
ALQ2860807',ಮಲ್ಲಮ್ಮ',ಶ್ಯಾಮಣ್ಣ',74',54',ಹೆಣ್ಣು',',LINGAYATH',AGED',NO'
ALQ2860815',ಪರಮೇಶ ಜಿ ಸಿ',ಚೌಡಪ್ಪ',74',49',ಗಂಡು',',LINGAYATH',FARMER',NO'
MVJ3613387',ವಿಶಾಲಾಕ್ಷಿ',ಪರಮೇಶ',74',41',ಹೆಣ್ಣು',',LINGAYATH',HOUSE -WIFE',NO'
MVJ4442232',ಶಿವಕುಮಾರ್ ಜಿ ಎಸ್',ಶ್ಯಾಮಣ',74',33',ಗಂಡು',',LINGAYATH',KOOLI',NO'
ALQ2076206',ಮಂಜುನಾಥ ಎಸ್',ಶಾಮಣ್ಣ',74',29',ಗಂಡು',',LINGAYATH',KOOLI',NO'
ALQ2557163',ಗೌಡರ ನಾಗಮ್ಮ',ಶಿವಕುಮಾರ್\u200c ಜಿ ಎಸ್',74',23',ಹೆಣ್ಣು',',LINGAYATH',HOUSE -WIFE',NO'
ALQ3031150',ಮಾನಸ ಜಿ ಪಿ',ಪರಮೇಶ ಜಿ ಸಿ',74',22',ಹೆಣ್ಣು',',LINGAYATH',HOUSE -WIFE',NO'
ALQ2860823',ವೀರಮ್ಮ',ವೀರಪ್ಪ',76',81',ಹೆಣ್ಣು',',KURUBA',AGED',NO'
ALQ2860831',ಅಶ್ವತ್ಥಮ್ಮ',ಮರಿಯಪ್ಪ',76',70',ಹೆಣ್ಣು',',KURUBA',AGED',NO'
ALQ2192821',ದೇವರಾಜ',ಈರಪ್ಪ',76',48',ಗಂಡು',',KURUBA',RAILWAY-DEPT',NO'
ALQ2860849',ಮಂಗಳಮ್ಮ',ಶ್ರೀನಿವಾಸ',76',45',ಹೆಣ್ಣು',YES',KURUBA',GARMENTS',NO'
ALQ0047514',ಮಂಜುಳ',ವೆಂಕಟೇಶ್',76',38',ಹೆಣ್ಣು',',KURUBA',HOUSE -WIFE',NO'
ALQ3201621',ನಾಗೇಶ್ ಜಿ ಎಸ್',ಲೇಟ್ ಶ್ರೀನಿವಾಸ',76',21',ಗಂಡು',',KURUBA',FACTORY WORKER',NO'
ALQ2962629',ಸರೋಜಮ್ಮ',ನರಸಿಂಹಮೂರ್ತಿ',77',61',ಹೆಣ್ಣು',',AGASARU',BANGAL-STORE',NO'
ALQ2962637',ಜಿ ಎನ್ ಪಾರ್ವತಿ',ನರಸಿಂಹಮೂರ್ತಿ ಹೆಚ್',77',44',ಹೆಣ್ಣು',',AGASARU',BANGAL-STORE',NO'
ALQ2962553',LAKSHMI GN',ಜಿ ಹೆಚ್ ನರಸಿಂಹಮೂರ್ತಿ',77',41',ಹೆಣ್ಣು',',AGASARU',BANGAL-STORE',NO'
ALQ2860872',ಜೆ ಡಿ ಈಶ್ವರಯ್ಯ',ದೊಡ್ಡನಾಗಪ್ಪ',78',80',ಗಂಡು',',LINGAYATH',SMALL-SHOP-POOJARI',NO'
ALQ2860880',ಗಂಗಮ್ಮ',ಜಿ ಡಿ ಈಶ್ವರಯ್ಯ',78',65',ಹೆಣ್ಣು',',LINGAYATH',HOUSE -WIFE',NO'
MVJ3614088',ಜೆ ಇಚಂದ್ರಶೇಖರ್',ಜಿ ಡಿ ಈಶ್ವರಯ್ಯ',78',46',ಗಂಡು',',LINGAYATH',FARMER',NO'
MVJ4441986',ಜಿ ಇ ಅನಿತಾ',ಈಶ್ವರಯ್ಯ ಜಿ ಡಿ',78',34',ಹೆಣ್ಣು',',LINGAYATH',GARMENTS',NO'
ALQ0047829',ಗೌರಮ್ಮ',ಜಿ ಡಿ ನಾಗಣ್ಣ',79',75',ಹೆಣ್ಣು',',LINGAYATH',AGED',NO'
ALQ2860898',ಜಿ ಎನ್ ಸುರೇಶ್',ಜಿ ಡಿ ನಾಗಣ್ಣ',79',49',ಗಂಡು',',LINGAYATH',POOJARI',NO'
MVJ4442034',ರತ್ನಮ್ಮ',ಸುರೇಶ್ ಜಿ ಎನ್',79',34',ಹೆಣ್ಣು',',LINGAYATH',HOUSE -WIFE',NO'
ALQ2860906',ಪುಟ್ಟನರಸಮ್ಮ',ಸಿದ್ದಗಂಗಪ್ಪ',81',65',ಹೆಣ್ಣು',',VAKALIGA',HOUSE -WIFE',NO'
MVJ1965896',ಉಗ್ರಪ್ಪ',ಸಿದ್ದಗಂಗಪ್ಪ',81',44',ಗಂಡು',',VAKALIGA',KOOLI',NO'
MVJ1966258',ನಾಗರತ್ನಮ್ಮ',ಉಗ್ರಪ್ಪ',81',40',ಹೆಣ್ಣು',',VAKALIGA',KOOLI',NO'
MVJ1966043',ನರಸಿಂಹರಾಜ್',ಸಿದ್ದಗಂಗಪ್ಪ',81',36',ಗಂಡು',',VAKALIGA',GARMENTS',NO'
ALQ2860914',ಪಾರ್ವತಮ್ಮ',ರುದ್ರೇಶಪ್ಪ',82',49',ಹೆಣ್ಣು',',LINGAYATH',SMALL-SHOP',NO'
ALQ2360501',ಪ್ರಕಾಶ್ ಜಿ ಇ',ಈಶ್ವರಪ್ಪ',82',43',ಗಂಡು',',LINGAYATH',GOVT-TEACHER',NO'
ALQ2182293',ಶರ್ಮಿಳಾ',ಎನ್ ಅರ್ ಷಣ್ಮುವ',82',33',ಹೆಣ್ಣು',',LINGAYATH',HOUSE -WIFE',NO'
MVJ1966175',ಗಂಗಮ್ಮ',ಅಶ್ವತ್ಥ ರೆಡ್ಡಿ',84',60',ಹೆಣ್ಣು',',LINGAYATH',HOUSE -WIFE',NO'
MVJ1965789',ಜಿ ಎ ಮಂಜುನಾಥ',ಅಶ್ವತ್ಥರೆಡ್ಡಿ',84',41',ಗಂಡು',',LINGAYATH',FARMER',NO'
ALQ0050393',ಅನುಸೂಯಮ್ಮ ಟಿ ಕೆ',ಜಿ ಎ ಮಂಜುನಾಥ',84',35',ಹೆಣ್ಣು',',LINGAYATH',HOUSE -WIFE',NO'
MVJ 1966670',ಚನ್ನಮ್ಮ',ಹನುಮಂತರಾಯ',85',73',ಹೆಣ್ಣು',',LINGAYATH',AGED',NO'
ALQ2860922',ರಾಮಕೃಷ್ಣಪ್ಪ',ಹನುಮಂತರಾಯಪ್ಪ',85',50',ಗಂಡು',',VAKALIGA',KOOLI',NO'
ALQ2860930',ನಂಜಮ್ಮ',ರಾಮಕೃಷ್ಣಪ್ಪ',85',45',ಹೆಣ್ಣು',',VAKALIGA',KOOLI',NO'
ALQ2860955',ಸುಶೀಲಮ್ಮ',ಜಿ ಎಚ್ ಚನ್ನಿಗರಾಯಪ್ಪ',86',55',ಹೆಣ್ಣು',',VAKALIGA',HOUSE -WIFE',NO'
MVJ1965763',ಜೆ ಸಿ ರಾಘವೇಂದ್ರ',ಚನ್ನಿಗರಾಯಪ್ಪ',86',40',ಗಂಡು',',VAKALIGA',FARMER',NO'
MVJ1965839',ಅರವಿಂದಕುಮಾರ್',ಚನ್ನಿಗರಾಯಪ್ಪ',86',37',ಗಂಡು',',VAKALIGA',FARMER',NO'
ALQ2536613',ಗಾಯಿತ್ರಿಸಿ ಜಿ',ಅರವಿಂದ ಕುಮಾರ',86',25',ಹೆಣ್ಣು',',VAKALIGA',HOUSE -WIFE',NO'
ALQ2860963',ಮಲ್ಲಿಕಾರ್ಜುನ',ಹನುಮಂತಪ್ಪ',87',55',ಗಂಡು',',VAKALIGA',KOOLI',NO'
ALQ2860971',ಅನುಸೂಯಮ್ಮ',ಮಲ್ಲಿಕಾರ್ಜುನ',87',50',ಹೆಣ್ಣು',',VAKALIGA',KOLLI',NO'
ALQ3136017',ಚೈತ್ರಜಿ ಎಮ್',ಮಲ್ಲಿಕಾರ್ಜುನಯ',87',27',ಹೆಣ್ಣು',',VAKALIGA',HEALTH-P',NO'
ALQ0047787',ಚನ್ನಿಗರಾಯಪ್ಪ',ಸುಬ್ಬರಾಯಪ್ಪ',88',68',ಗಂಡು',',VAKALIGA',FARMER',NO'
ALQ2860989',ರತ್ನಮ್ಮ',ಚನ್ನಿಗರಾಯಪ್ಪ',88',55',ಹೆಣ್ಣು',',VAKALIGA',HOUSE -WIFE',NO'
MVJ1966936',ಮಂಜುನಾಥ',ಜಿ ಹೆಚ್ ಚನ್ನಿಗರಾಯಪ್ಪ',88',42',ಗಂಡು',',VAKALIGA',FARMER',NO'
MVJ1965821',ಚಂದ್ರಶೇಖರ್',ಜಿ ಎಸ್ ಚನ್ನಿಗರಾಯಪ್ಪ',88',40',ಗಂಡು',',VAKALIGA',FARMER',NO'
MVJ1965995',ರಾಜ್ ಕುಮಾರ್',ಚನ್ನಿಗರಾಯಪ್ಪ',88',38',ಗಂಡು',',VAKALIGA',FARMER',NO'
ALQ0048116',ಟಿ ಹೆಚ್ ಅನಿತಲಕ್ಷ್ಮಿ',ಮಂಜುನಾಥ',88',33',ಹೆಣ್ಣು',',VAKALIGA',HOUSE -WIFE',NO'
ALQ2113470',ಚತುರ್ವೇದಿ ಪಿ ಬಿ',ಚಂದ್ರಶೇಖರ್',88',30',ಹೆಣ್ಣು',',VAKALIGA',HOUSE -WIFE',NO'
ALQ2409050',ಸುಮಲತಾ ಎಮ್ ಜಿ',ರಾಜಕುಮಾರ್',88',24',ಹೆಣ್ಣು',',VAKALIGA',HOUSE -WIFE',NO'
ALQ2860997',ಮೆಹಬೂಬ್ ಖಾನ್',ಜಫರ್ ಖಾನ್',89',75',ಗಂಡು',',MUSLIM',AGED',NO'
ALQ2861003',ಫಾತಿಮಾಬೀ',ಮೆಹಬೂಬ್ ಖಾನ್',89',65',ಹೆಣ್ಣು',',MUSLIM',AGED',NO'
ALQ2861011',ಅಬ್ದುಲ್ ಸುಭಾನ್',ಷೇಕ್ ಫಕ್ರುದ್ದೀನ್ ಸಾಬ್',89',50',ಗಂಡು',',MUSLIM',KOOLI',NO'
MVJ1965870',ಮುಬೀನ್ ತಾಜ್',ಅಬ್ದುಲ್ ಖಾನ್',89',46',ಹೆಣ್ಣು',',MUSLIM',KOOLI',NO'
ALQ1869460',ಹುಸೇನ್ ಖಾನ್',ಮಹಬೂಬ್ ಖಾನ್',89',41',ಗಂಡು',',MUSLIM',VEG-SELLER',NO'
MVJ1966365',ಫಕ್ರಲ್ಲಾಖಾನ್',ಮಹಬೂಬ್ ಖಾನ',89',37',ಗಂಡು',',MUSLIM',GARMENTS',NO'
ALQ0049049',ರಶೀದಾಬಿ',ಹುಸೇನ್\u200cಖಾನ್',89',33',ಹೆಣ್ಣು',',MUSLIM',HOUSE -WIFE',NO'
ALQ1869577',ಜಿ ಎಂ ದಸ್ತಗಿರಿಖಾನ್',ಮೆಹಬೂಬ್ ಖಾನ್',89',32',ಗಂಡು',',MUSLIM',CORPAINTER',NO'
ALQ3000437',ಸಲ್ಮಾ ಎ',ಪಕೃದ್ದೀನ್',89',28',ಹೆಣ್ಣು',',MUSLIM',HOUSE -WIFE',NO'
ALQ2337798',ಷಾಸೀಪ ಭಾಷಾಜಿ ಎ',ಅಬ್ದುಲ್ ಸುಭಾಷ',89',26',ಗಂಡು',',MUSLIM',KOOLI',NO'
ALQ2997336',ಅಪ್ಪರ್ ಬಾಷಾಜಿ ಎ',ಅಬ್ದುಲ್ ಸುಭಾನ್',89',22',ಗಂಡು',',MUSLIM',KOOLI',NO'
ALQ2861029',ರಮೀಜಾಬೀ',ಜಲೀಲ್ ಖಾನ್',90',70',ಹೆಣ್ಣು',',MUSLIM',AGED',NO'
MVJ3613379',ಮೌಲಾಖಾನ್ ಜಿ',ಜಲೀಲ್ ಖಾನ್',90',40',ಗಂಡು',',MUSLIM',GARMENTS',NO'
ALQ1544014',ರಫೀವುಲ್ಲಾ ಖಾನ್',ಜಲೀಲ್ ಖಾನ್',90',35',ಗಂಡು',',MUSLIM',GARMENTS',NO'
ALQ2215440',ನೂರ್ ಜಹಾನ್ ಎನ್',ಮೌಲಾನಾ ಖಾನ್',90',33',ಹೆಣ್ಣು',',MUSLIM',KOOLI',NO'
ALQ2861037',ಗಂಗಾಧರಯ್ಯ ಜಿ ಎನ್',ನರಸಪ್ಪ',93',47',ಗಂಡು',YES',VAKALIGA',PRIVATE JOB',NO'
ALQ2861045',ನರಸಪ್ಪ',ನರಸಿಂಹಯ್ಯ',94',63',ಗಂಡು',',NAYAK',FARMER',NO'
ALQ2861052',ಸಂಜೀವಮ್ಮ',ನರಸಪ್ಪ',94',54',ಹೆಣ್ಣು',',NAYAK',HOUSE -WIFE',NO'
ALQ2861060',ಕದಿರನರಸಿಂಹಯ್ಯ',ನರಸಿಂಹಯ್ಯ',95',70',ಗಂಡು',',NAYAK',KOOLI',NO'
ALQ1544022',ರಮೇಶ್',ಕದಿರಿ ನರಸಿಂಹಪ್ಪ',95',42',ಗಂಡು',',NAYAK',KOOLI',NO'
ALQ2861086',ಈಶ್ವರಪ್ಪ',ಘಾಟಿ ನಾರಾಯಣಪ್ಪ',96',50',ಗಂಡು',',NAYAK',KOOLI',NO'
ALQ2861094',ಶಿವಾನಂದ',ಚೌಡಪ್ಪ',97',53',ಗಂಡು',',LINGAYATH',GARMENTS',NO'
ALQ2861102',ಜಿ ಸಿ ಚನ್ನಮ್ಮ',ಶಿವಾನಂದ',97',45',ಹೆಣ್ಣು',',LINGAYATH',GARMENTS',NO'
ALQ2861110',ಜಿ ಎನ್ ಬಸವರಾಜು',ಜಿ ಡಿ ನಾಗಣ್ಣ',99',55',ಗಂಡು',',LINGAYATH',HOTEL',NO'
ALQ2861128',ರತ್ನಮ್ಮ',ಜಿ ಎನ್ ಬಸವರಾ',99',45',ಹೆಣ್ಣು',',LINGAYATH',HOTEL',NO'
ALQ0047845',ಸವಿತ ಜಿ ಬಿ',ಜಿ ಎನ್ ಬಸವರಾಜ್\u200c',99',32',ಹೆಣ್ಣು',',LINGAYATH',HOTEL',NO'
ALQ0047688',ಶಾರದಮ್ಮ',ಜಿ ಎಲ್ ನಂಜರೆಡ್ಡಿ',100',65',ಹೆಣ್ಣು',',LINGAYATH',AGED',NO'
ALQ2861136',ಜಿ ಎನ್ ರಾಮಚಂದ್ರ',ಜಿ ಎಲ್ ನಂಜರೆ',100',47',ಗಂಡು',',VAKALIGA',FARMER',NO'
MVJ1966340',ಜಯಲಕ್ಷ್ಮಿ',ಜಿ ಎನ್ ರಾಮಚಂದ್ರ',100',44',ಹೆಣ್ಣು',',VAKALIGA',HOUSE -WIFE',NO'
ALQ2981280',ಪುನೀತ್ ಕುಮಾರ್ ಜಿ ಆರ್',ರಾಮಚಂದ್ರ ಜಿ ಎನ್',100',22',ಗಂಡು',',VAKALIGA',STUDENT',NO'
ALQ3067899',ವೇಣುಗೋಪಾಲ ಜಿ ಆರ್',ರಾಮಚಂದ್ರ ಜಿ ಎ',100',22',ಗಂಡು',',VAKALIGA',FACTORY WORKER',NO'
ALQ2861151',ಕೆಂಪಣ್ಣ',ಅಡಿವಪ್ಪ',101',70',ಗಂಡು',',KURUBA',FARMER',NO'
ALQ2861169',ಪಾರ್ವತಮ್ಮ',ಕೆಂಪಣ್ಣ',101',60',ಹೆಣ್ಣು',',KURUBA',HOUSE -WIFE',NO'
ALQ1544063',ಜಿ ಕೆ ಬಾಲಕೃಷ್ಣ',ಕೆಂಪಣ್ಣ',101',43',ಗಂಡು',',KURUBA',FARMER',NO'
MVJ1967249',ಜಿ ಕೆ ದೇವರಾಜ್',ಕೆಂಪಣ್ಣ',101',39',ಗಂಡು',',KURUBA',FARMER',NO'
ALQ1544089',ಮಮತ ಎಂ',ಬಾಲಕೃಷ್ಣ ಜಿ ಕೆ',101',36',ಹೆಣ್ಣು',',KURUBA',HOUSE -WIFE',NO'
ALQ1869866',ಶೋಭಾ ಎಂ',ಜಿ ಕೆ ದೇವರಾಜು',101',30',ಹೆಣ್ಣು',',KURUBA',HOUSE -WIFE',NO'
ALQ2861177',ಜಿ ಎನ್ ಪದ್ಮನಾಭ',ಜಿ ನಂಜುಂಡಯ್ಯ',102',50',ಗಂಡು',',VAKALIGA',FARMER',NO'
ALQ1544097',ಎ ಆರ್ ಮಂಜುನಾಥ್ ತಾಯಿಯ',ನಂಜಮ್ಮ',102',40',ಗಂಡು',YES',VAKALIGA',PRIVATE JOB',NO'
MVJ1965722',ಎ ಆರ್ ಭಾನುಪ್ರಕಾಶ್',ರಾಮಕೃಷ್ಣಯ್ಯ',102',39',ಗಂಡು',YES',VAKALIGA',PRIVATE JOB',NO'
ALQ1869585',ಜಿ ಹೆಚ್ ಗೋವರ್ದನ',ಜಿ ಎನ್ ಹರಿಕುಮಾರ್',102',29',ಗಂಡು',YES',GOLLA',PRIVATE JOB',NO'
MVJ1966092',ಲಕ್ಷ್ಮಮ್ಮ',ಅಶ್ವತ್ಥಪ್ಪ',10ಸಿ',39',ಹೆಣ್ಣು',',GOLLA',HOUSE -WIFE',NO'
ALQ1869791',ಪ್ರೇಮಕುಮಾರಿ ಬಿ',ಜಿ ಇ ಪ್ರಕಾಶ್',10',45',ಹೆಣ್ಣು',YES',VAKALIGA',HOUSE -WIFE',NO'
ALQ2861193',ಜೆ ಎಲ್ ಜಗದೀಶ್',ಲಕ್ಷ್ಮಯ್ಯ',104',54',ಗಂಡು',YES',VAKALIGA',SMALL-,SHOP'
ALQ2861201',ಟಿ ಜಿ ವಿಜಯಲಕ್ಷ್ಮಿ',ಜಿ ಎಲ್ ಜಗದೀಶ್',104',46',ಹೆಣ್ಣು',YES',VAKALIGA',HOUSE -WIFE',NO'
ALQ2861219',ಸುಬ್ಬಮ್ಮ',ಅಶ್ವತ್ಥಪ್ಪ',105',65',ಹೆಣ್ಣು',',VAKALIGA',AGED',NO'
ALQ2861227',ಆಶ್ವತ್ಥನಾರಾಯಣ',ಅಶ್ವತ್ಥಪ್ಪ',105',46',ಗಂಡು',',NAYAK',GARE',NO'
MVJ1966613',ಸರೋಜಮ್ಮ',ಅಶ್ವತ್ಥನಾರಾಯಣ',105',40',ಹೆಣ್ಣು',',NAYAK',SCHOOL-FOOD-MAKER',NO'
ALQ2997344',ಪವಿತ್ರ ಜಿ ಎ',ಅಶ್ವತ್ಥನಾರಾಯಣ ',105',25',ಹೆಣ್ಣು',',NAYAK',HOUSE -WIFE',NO'
ALQ3118304',ಅನಿತ ಜಿ ಎ',ಅಶ್ವತ್ಥನಾರಾಯಣ',105',20',ಹೆಣ್ಣು',',NAYAK',HOUSE -WIFE',NO'
ALQ2861235',ಜಿ ಗಂಗಾಧರಪ್ಪ',ವೆಂಕಟಪ್ಪ',106',70',ಗಂಡು',',NAYAK',AGED',NO'
ALQ2861243',ನರಸಮ್ಮ',ಜಿ ಗಂಗಾಧರಪ್ಪ',106',63',ಹೆಣ್ಣು',',NAYAK',AGED',NO'
ALQ2861250',ಜಿ ಗೋವರ್ಧನ್ ನಾಯಕ್',ಜಿ ಗಂಗಾಧರಪ್ಪ',106',44',ಗಂಡು',',NAYAK',FACTORY WORKER',NO'
MVJ1965649',ನರೇಂದ್ರನಾಯಕ್',ಗಂಗಾಧರಪ್ಪ',106',38',ಗಂಡು',',NAYAK',FACTORY WORKER',NO'
MVJ4441655',ಜಿ ಗಾಯಿತ್ರಿ',ಜಿ ಗೋವರ್ದನ',106',38',ಹೆಣ್ಣು',',NAYAK',GARMENTS',NO'
ALQ2861268',ಅಮಾನ್ಉಲ್ಲಾಖಾನ್',ಪೀರೂಖಾನ್',107',65',ಗಂಡು',',MUSLIM',AGED',NO'
ALQ2861276',KATHYAMBHI',ಅಮಾನ್ ಉಲ್ಲಾಖಾನ್',107',55',ಹೆಣ್ಣು',',MUSLIM',AGED',NO'
ALQ2861284',ತಾಜಾಬಾಷಾ',ಅಮಾನ್ ಉಲ್ಲಾಖಾನ್',107',47',ಗಂಡು',',MUSLIM',VEG-SELLER',NO'
MVJ1966357',ಸುಭಾನ್ ಖಾನ್',ಆಮಾನ್ಉಲ್ಲಾಖಾನ್',107',42',ಗಂಡು',',MUSLIM',GARE',NO'
MVJ1966852',ಮೌಲಾಖಾನ್',ಅಮಾನುಲ್ಲಾಖಾನ್',107',39',ಗಂಡು',',MUSLIM',AUTO-DRIVER',NO'
MVJ1966662',ಷಾಹಿನ್\u200c ತಾಜ್',ತಾಜ್ ಭಾಷಾ',107',38',ಹೆಣ್ಣು',',MUSLIM',HOUSE -WIFE',NO'
ALQ0047373',ಆಯಿಷ ಬಾನು',ಸುಬಾನ್ ಖಾನ್',107',33',ಹೆಣ್ಣು',',MUSLIM',HOUSE -WIFE',NO'
ALQ2075844',ಮುಬಾರಕ್ ಬಿ',ತಾಜ್ ಬಾಷಾ',107',30',ಹೆಣ್ಣು',',MUSLIM',HOUSE -WIFE',NO'
ALQ2353324',ಶಾಜಿಯಾಬಾನು',ಮೌಲಾಖಾನ್',107',27',ಹೆಣ್ಣು',',MUSLIM',HOUSE -WIFE',NO'
ALQ2861300',ಸಾಹೇರಾಬೀಬೀ',ಬಹದ್ದೂರ್ ಖಾನ್',108',63',ಹೆಣ್ಣು',',MUSLIM',AGEDE',NO'
MVJ3614013',ಜಹ್ರಾಬೀ',ಬಹದ್ದೂರ್ ಖಾನ್',108',52',ಹೆಣ್ಣು',',MUSLIM',AGED',NO'
ALQ2354959',ಹುಲ್ದಾರ್ ಬಿ ತಾಯಿಯ',ಜಹ್ರಾಬಿ',108',42',ಹೆಣ್ಣು',',MUSLIM',AGED',NO'
ALQ0047142',ಜಿ ಬಿ ಹಯಾದ ಖಾನ',ಬಹದ್ದೂರ ಖಾನ',108',39',ಗಂಡು',YES',MUSLIM',CHAPAL-SHOP',NO'
ALQ2105245',ಹುಸೇನ್ ಎಸ್',ಶಮೀಉಲ್ಲಾಖಾನ್',108',38',ಗಂಡು',YES',MUSLIM',CHAPAL-SHOP',NO'
MVJ1967041',ಷಬನಾಬಾನು',ಹಯಾದಖಾನ್',108',37',ಹೆಣ್ಣು',',MUSLIM',HOUSE -WIFE',NO'
ALQ2110443',ಶಭಾನ',ಬಹದೂರ್ಷ',108',32',ಹೆಣ್ಣು',',MUSLIM',HOUSE -WIFE',NO'
ALQ2223030',ಸಲ್ಮಾ ಎ',ಹಯಾದ್ ಖಾನ್',108',27',ಹೆಣ್ಣು',',MUSLIM',STUDENT',NO'
ALQ3218369',ರೆಹಮಾನ್ ಖಾನ್ ಜಿ ಬಿ',ಜಿ ಬಿ ಹಯಾದ್ ಖಾನ್',108',19',ಗಂಡು',',MUSLIM',GUJARI',NO'
ALQ2861318',ಮೆಹಬೂಬೀ',ಮಹಮದ್ ಖಾನ್',109',67',ಹೆಣ್ಣು',',MUSLIM',AGED',NO'
ALQ2861334',ಕರೀಂಖಾನ್',ಮಹಮದ್ ಖಾನ್',110',53',ಗಂಡು',',MUSLIM',CHIKEN-SHOP',NO'
ALQ2861342',ಸಾಹೇರಾಬಾನು',ಕರೀಂಖಾನ್',110',45',ಹೆಣ್ಣು',',MUSLIM',CHIKEN-SHOP',NO'
ALQ2182319',ಸಲ್ಮಾನ ಖಾನ್ ಜಿಕೆ',ಕರೀಂ ಕಾನ್',110',27',ಗಂಡು',',MUSLIM',FACTORY WORKER',NO'
ALQ3067956',ಸಲೀಮ್ ಖಾನ್ ಜಿ ಕೆ',ಕರೀಮ್ ಖಾನ್',110',27',ಗಂಡು',',',CHIKEN-SHOP',NO'
ALQ3212156',ಸಲ್ಮಾಖಾನಂ ಎ ಆರ್',ಸಲ್ಮಾನ್ ಖಾನ್ ಜಿ',110',21',ಹೆಣ್ಣು',',',HOUSE -WIFE',NO'
ALQ2861359',ಜಾಹೇದಾಖಾನ್',ಹುಸೇನ್ ಖಾನ್',112',47',ಗಂಡು',',',HOUSE -WIFE',NO'
MVJ4441762',ಜಿ ಹೆಚ್ ಮುಸ್ತಕ್ ಖಾನ್',ಜಿ ಹೆಚ್ ಹುಸೇನ್\u200cಖಾನ್',112',35',ಗಂಡು',',',GUJARI',NO'
ALQ2555852',ಎನ್ ರಜಿಯಾ ಸುಲ್ತಾನ',ಜಿ ಹೆಚ್ ಮುಸ್ತಕ್ ಖಾನ್',112',24',ಹೆಣ್ಣು',',',HOUSE -WIFE',NO'
MVJ1966324',ನಂಜಪ್ಪ',ಗಂಗಯ್ಯ',11ಎ',63',ಗಂಡು',',',GOLLA',NO'
MVJ1966316',ವೆಂಕಟಲಕ್ಷ್ಮಮ್ಮ',ನಂಜಪ್ಪ',11ಎ',53',ಹೆಣ್ಣು',',',HOUSE -WIFE',NO'
ALQ2075943',ಉಮಾದೇವಿ ಎಂ ಎನ್',ನಂಜಪ್ಪ',11ಎ',31',ಹೆಣ್ಣು',',GOLLA',GARMENTS',NO'
ALQ0047332',ನೈರುಂಬಿ',ಹುಸೇನ್ ಖಾನ್',113',65',ಹೆಣ್ಣು',',MUSLIM',HOUSE -WIFE',NO'
MVJ1966217',ಅಬ್ದುಲ್ ಖಲೀಲ್',ಮಹಮದ್ ಹುಸೇ',113',64',ಗಂಡು',',MUSLIM',KOOLI',NO'
ALQ2509982',ಹುಸೇನ್ ಖಾನ್',ಹುಸೇನ್ ಸಾಬ್',113',61',ಗಂಡು',',',KOOLI',NO'
MVJ1966431',ಸಬಿಯಾಖಾನಂ',ಅಬ್ದುಲ್ ಕಲೀಲ್',113',53',ಹೆಣ್ಣು',',',HOUSE -WIFE',NO'
ALQ3057593',ಪ್ಯಾರಿಮಾ',ಮಹಬೂಬ್ ಬಾಷ',113',37',ಹೆಣ್ಣು',',',HOUSE -WIFE',NO'
ALQ2464162',ಗುಲಾಬ್',ಅಕ್ಷರು',113',35',ಹೆಣ್ಣು',',',HOUSE -WIFE',NO'
ALQ2861367',ಶಿವಗಂಗಮ್ಮ',ನರಸಪ್ಪ',114',53',ಹೆಣ್ಣು',',DEATH',',NO'
ALQ2182236',ಮಂಜು',ಮಹದೇವನಾಯಕ',114',28',ಗಂಡು',',VAKALIGA',FARMER',NO'
MVJ1966266',ಜೈನಂಬಿ',ಸಾಬುಸಾಬೀ',115',65',ಹೆಣ್ಣು',',VAKALIGA',AGED',NO'
ALQ2182012',ಸನವುಲ್ಲಾಖಾನ್',ಬಾಷ ಖಾನ್',116',62',ಗಂಡು',',MUSLIM',FACTORY WORKER',NO'
MVJ4442174',ಲತೀಫ್',ಸನವುಲ್ಲಾಖಾನ್',116',31',ಗಂಡು',',MUSLIM',FACTORY WORKER',NO'
ALQ1544162',ಜಿ ಎ ಸಾದಿಕ್ ಉಲ್ಲಾಖಾನ್',ಅಲ್ಲಾಬಾಷಾಖಾನ್',116',31',ಗಂಡು',',',GARE',NO'
ALQ2182400',ಶರೀಫ್',ಸನವುಲ್ಲಾಖಾನ್',116',30',ಗಂಡು',',',KOOLI',NO'
MVJ3613536',ಭಕ್ಷಖಾನ್',ಬಾಷಾಖಾನ್',117',60',ಗಂಡು',',',SMALL-SHOP',NO'
ALQ0048801',ಬೇಬಿಜಾನ್',ಭಕ್ಷಖಾನ್',117',49',ಹೆಣ್ಣು',',',SMALL-SHOP',NO'
MVJ1967033',ಮಹಬೂಬ್ ಖಾನ್',ಭಕ್ಷಖಾನ್',117',38',ಗಂಡು',',',KOOLI',NO'
ALQ1869593',ಭಾಷಾಖಾನ್',ಭಕ್ಷಖಾನ್',117',36',ಗಂಡು',',',GUJIRI',NO'
MVJ4441705',ಜಬಿವುಲ್ಲಾಖಾನ್',ಭಕ್ಷಾಸಾಬ್',117',34',ಗಂಡು',',',GARE',NO'
ALQ1869874',ನಗೀನಾ ಖಾನಂ',ಭಾಷಾಜಾನ್',117',34',ಹೆಣ್ಣು',',',HOUSE -WIFE',NO'
MHR',ನಗೀನಾ ಬಾನು',ಮಹಬೂಬ್ ಖಾನ್',117',30',ಹೆಣ್ಣು',',',HOUSE -WIFE',NO'
ALQ2182061',ರಫಿ ಉಲ್ಲಾ ಖಾನ್ ಜಿ ಬಿ',ಭಕ್ಷಾ ಖಾನ್',117',26',ಗಂಡು',',',KOOLI',NO'
ALQ2509941',ಸೈಫುಲ್ಲಾ ಖಾನ್ ಜಿಬಿ',ಬಕ್ಷಖಾನ್',117',24',ಗಂಡು',',',KOOLI',NO'
ALQ3067881',ಅತಾವುಲ್ಲಾ ಖಾನ್ ಜಿಬಿ',ಭಕ್ಷಾಸಾಬ್',117',23',ಗಂಡು',',',KOOLI',NO'
ALQ3057551',ಷಭಾನ ಎಸ್',ರಫೀಉಲ್ಲಾಖಾನ್',117',22',ಹೆಣ್ಣು',',',HOUSE -WIFE',NO'
ALQ0047407',ಗಿರಿಜಮ್ಮ',ಶಿವಣ್ಣ',118',49',ಹೆಣ್ಣು',',LINGAYATH',AGED',NO'
MVJ3613445',ನಟರಾಜ್ ಎಸ್',ಶಿವಣ್ಣ',118',40',ಗಂಡು',',',GARMENTS',NO'
ALQ2557155',ನಂದಿನಿ ಕೆ ಎನ್',ಮಲ್ಲೇಶ',118',24',ಹೆಣ್ಣು',',',GARMENTS',NO'
ALQ2861383',ಗಂಗಮ್ಮ',ರಾಮಕೃಷ್ಣಪ್ಪ',119',63',ಹೆಣ್ಣು',',SADRU',FARMER',NO'
ALQ2861391',ಜಿ ಆರ್ ಪ್ರಕಾಶ್',ರಾಮಕೃಷ್ಣಪ್ಪ',119',47',ಗಂಡು',',SADRU',FARMER',NO'
MVJ1966993',ಸುರೇಖಾ',ಪ್ರಕಾಶ್ ಜಿ ಆರ್',119',38',ಹೆಣ್ಣು',',SADRU',HOUSE -WIFE',NO'
ALQ2076131',ಸಿ ಆರ್ ನವೀನ್ ಕುಮಾರ್',ಸಿ ಪಿ ರಾಜೇಂದ್ರಪ್ರಸಾದ್',119',30',ಗಂಡು',',SADRU',FARMER',NO'
ALQ2555829',ಲಾವಣ್ಯ ಆರ್',ರಾಜೇಂದ್ರ ಪ್ರಸಾದ',119',23',ಹೆಣ್ಣು',',SADRU',HOUSE -WIFE',NO'
ALQ0047506',ತ್ರಿನೇತ್ರ ಜಿ ಎಂ',ಮಲ್ಲಪ್ಪ',12/1',32',ಹೆಣ್ಣು',',SHETBALAJIGA',GARMENTS',NO'
ALQ3001641',ಅಶ್ವಿನಿ ಹೆಚ್ ಎಲ್',ತ್ರಿನೇತ್ರ ಜಿ ಎಂ',12/1',32',ಹೆಣ್ಣು',',',HOUSE -WIFE',NO'
ALQ2861409',ರಾಜಣ್ಣ',ಎಂ ಸುಬ್ಬರಾಯಪ್ಪ',122',51',ಗಂಡು',',VAKALIGA',FARMER',NO'
MVJ1966068',ಅನಸೂಯಮ್ಮ',ರಾಜಣ್ಣ',122',46',ಹೆಣ್ಣು',',',HOUSE -WIFE',NO'
ALQ2981306',ಲಕ್ಷ್ಮೀ ಜಿ ಆರ್',ರಾಜಣ್ಣ ಜಿ ಎಸ್',122',23',ಹೆಣ್ಣು',',',HOUSE -WIFE',NO'
ALQ2861417',ನಾಗರತ್ನಮ್ಮ',ಚೆನ್ನಕೇಶವಪ್ಪ',13',60',ಹೆಣ್ಣು',',',HOUSE -WIFE',NO'
MVJ1966126',ಬಿ ಮಂಜುನಾಥ ಇತರೆ ಸಂಬಂಧಿಯ',ನಾಗರತ್ನಮ್ಮ',13',47',ಗಂಡು',',',FARMER',NO'
MVJ196607',ಚಂದ್ರಕಳಾ',ಮಂಜುನಾಥ',13',36',ಹೆಣ್ಣು',',',HOUSE -WIFE',NO'
ALQ2861425',ಗಂಗಮ್ಮ',ಕರಿಬಸಣ್ಣ',124',82',ಹೆಣ್ಣು',',LINGAYATH',AGED',NO'
ALQ2861433',ಲಕ್ಷ್ಮಮ್ಮ',ನರಸಪ್ಪ',126',75',ಹೆಣ್ಣು',',DEATH',',NO'
ALQ0049098',ಜಿ ಎನ್ ಶ್ರೀನಾಥ್',ನರಸಪ್ಪ',126',50',ಗಂಡು',',VAKALIGA',HOTEL',NO'
MVJ1966860',ಲಕ್ಷ್ಮೀನರಸಿಂಹಯ್ಯ',ನರಸಪ್ಪ',126',46',ಗಂಡು',',VAKALIGA',GARMENTS',NO'
MVJ1966241',ಪ್ರೇಮಕಲಾ',ಲಕ್ಷ್ಮೀನರಸಿಂಹಯ್ಯ',126',41',ಹೆಣ್ಣು',',',GARMENTS',NO'
ALQ2409191',ವಿ ಶಶಿಕಲ',ಶ್ರೀನಾಥ ಜಿ ಎನ್',126',29',ಹೆಣ್ಣು',',',HOTEL',NO'
ALQ2861458',ಸಾವಿತ್ರಮ್ಮ',ಲಕ್ಷ್ಮೀನರಸಿಂಹಯ್ಯ',127',66',ಹೆಣ್ಣು',',',HOUSE -WIFE',NO'
MVJ3613544',ಜಿ ಎಲ್ ಕೋಮಲ',ಹರೀಶ್ ಎಮ್',127',40',ಹೆಣ್ಣು',',',PVT-LAWYER',NO'
ALQ0047704',ಜಿ ಎಲ್ ನವೀನ್\u200cಕುಮಾರ್',ಲಕ್ಷ್ಮೀನರಸಿಂಹಯ್ಯ',127',35',ಗಂಡು',',',FACTORY WORKER',NO'
ALQ2076040',ಜಿ ಎಸ್ ಶ್ರೀನಿವಾಸ ತಾಯಿಯ',ಓಬಳಮ್ಮ',128',30',ಗಂಡು',',NAYAK',AUTO-DRIVER',NO'
ALQ2978930',ಹೆಚ್ ಅನಿತ',ಜಿ ಎಸ್ ಶ್ರೀನಿವಾಸ',128',23',ಹೆಣ್ಣು',',',HOUSE -WIFE',NO'
ALQ2861466',ಶಾರದಮ್ಮ',ರಾಮಯ್ಯ',129',65',ಹೆಣ್ಣು',',SADRU',AGED',NO'
ALQ2861474',ಜಿ ಆರ್ ಉಮೇಶ್',ರಾಮಯ್ಯ',129',51',ಗಂಡು',',SADRU',KOOLI',NO'
MVJ1966381',ಶುಭ',ಉಮೇಶ್',129',42',ಹೆಣ್ಣು',',SADRU',HOUSE -WIFE',NO'
ALQ2337236',ಸೈಯದ್ ಅಹಮದ್',ಮಹಬೂಬ್ ಪಾಷ',129',32',ಗಂಡು',',MUSLIM',PANCHER-SHOP',NO'
ALQ2861482',ಕೆಂಪಣ್ಣ',ನರಸಿಂಹಯ್ಯ',130',70',ಗಂಡು',',AGASARU',HOME',YES'
ALQ2861508',ಪ್ರಭಾಕರ',ಕೆಂಪಣ್ಣ',130',47',ಗಂಡು',',AGASARU',TEMPO-DRIVER',NO'
ALQ2409209',ಎಜ್ಯೋತಿ',ಜಿ ಕೆ ಪ್ರಭಾಕರ',130',36',ಹೆಣ್ಣು',',',HOUSE -WIFE',NO'
ALQ2861516',ಸುಶೀಲಮ್ಮ',ಪ್ರಕಾಶ್',131',55',ಹೆಣ್ಣು',',LINGAYATH',HOUSE -WIFE',NO'
MVJ1966811',ಲೋಕೇಶ್',ಪ್ರಕಾಶ್',131',39',ಗಂಡು',YES',LINGAYATH',PROVISION-STORE',NO'
ALQ2345221',ಚಂದ್ರಕಳ ವಿ ಸಿ',ಲೋಕೇಶ್',131',33',ಹೆಣ್ಣು',YES',LINGAYATH',PROVISION-STORE',NO'
ALQ2861524',ರಾಮಪ್ಪ',ಪಾಪಣ್ಣ',132',55',ಗಂಡು',',LINGAYATH',',NO'
ALQ2861532',ನಂಜಮ್ಮ',ರಾಮಪ್ಪ',132',50',ಹೆಣ್ಣು',',NAYAK',KOOLI',NO'
ALQ2861540',ನಂಜುಂಡಪ್ಪ',ಪಾಪಣ್ಣ',132',45',ಗಂಡು',',NAYAK',KOOLI',NO'
ALQ2861557',ಜಯಮ್ಮ',ನಂಜುಂಡಪ್ಪ',132',45',ಹೆಣ್ಣು',',NAYAK',KOOLI',NO'
ALQ2330827',ಮಾಜಾನ್ ಎಮ್',ಮಹಬೂಬ್ ಬಾಷ',132',29',ಹೆಣ್ಣು',',MUSLIM',HOUSE -WIFE',NO'
ALQ2861565',ನರಸಿಂಹಪ್ಪ',ಅಂಜಿನಪ್ಪ',133',65',ಗಂಡು',',NAYAK',KOOLI',NO'
ALQ2861573',ನಂಜಮ್ಮ',ನರಸಿಂಹಪ್ಪ',133',60',ಹೆಣ್ಣು',',NAYAK',KOOLI',NO'
MVJ4441838',ನರಸಿಂಹ ಮೂರ್ತಿ ಜಿ ಎನ್',ನರಸಿಂಹಪ್ಪ',133',26',ಗಂಡು',',NAYAK',KOOLI',NO'
ALQ2357911',ಚೌಡಮ್ಮ',ನರಸಿಂಹಪ್ಪ',133',25',ಹೆಣ್ಣು',',NAYAK',KOOLI',NO'
ALQ2861581',ಗಂಗಾಧರಪ್ಪ',ನರಸಿಂಹಯ್ಯ',135',70',ಗಂಡು',',AGASARU',TAILORE',NO'
ALQ2861607',ಗಂಗಮ್ಮ',ನಂಜಪ್ಪ',137',65',ಹೆಣ್ಣು',YES',NAYAK',KOOLI',NO'
ALQ2192813',ಏ ನಂಜಪ್ಪ',ಪೂಜಾರಿ ಸೋಮಯ್ಯ',137',59',ಗಂಡು',YES',NAYAK',KOOLI',NO'
ALQ2861599',ಸೋಮಯ್ಯ',ಸೋಮಯ್ಯ',139',75',ಗಂಡು',',NAYAK',FARMER',NO'
ALQ2135762',ರಾಮಚಂದ್ರಪ್ಪ',ಸೋಮಯ್ಯ',139',44',ಗಂಡು',',NAYAK',FARMER',NO'
ALQ1544220',ಗೌರಮ್ಮ',ಜಿ ಎಸ್ ರಾಮಚಂದ್ರ',139',41',ಹೆಣ್ಣು',',NAYAK',KOOLI',NO'
MVJ1967272',ರಮೇಶ್',ಸೋಮಯ್ಯ',139',37',ಗಂಡು',',NAYAK',FARMER',NO'
MVJ1965698',ಕೆ ಟಿ ಅನುಸೂಯಮ್ಮ',ಜಿ ಎ ಮಂಜುನಾಥ',139',36',ಹೆಣ್ಣು',',VAKALIGA',HOUSE -WIFE',NO'
ALQ2409076',ಅನಿತ ಟಿ ಎಚ್',ರಮೇಶ',139',24',ಹೆಣ್ಣು',',NAYAK',HOUSE -WIFE',NO'
ALQ2861615',ಜಯಮ್ಮ',ಹನುಮಯ್ಯ',140',65',ಹೆಣ್ಣು',',VAKALIGA',AGED',NO'
MHR',ಸಂಜೀವರೆಡ್ಡಿ',ಹನುಮಯ್ಯ',140',49',ಗಂಡು',',',FACTORY WORKER',NO'
ALQ2861623',ರಾಮಚಂದ್ರ',ಹನುಮಯ್ಯ',140',45',ಗಂಡು',',',FARMER',NO'
ALQ2076149',ಜಿ ಹೆಚ್ ಶ್ರೀನಾಥ್',ಲೇಟ್ ಹನುಮಯ',140',43',ಗಂಡು',',',TEMPO-DRIVER',NO'
ALQ1544246',ಅನಸೂಯಮ್ಮ',ಸಂಜೀವರೆಡ್ಡಿ',140',39',ಹೆಣ್ಣು',',',HOUSE -WIFE',NO'
ALQ2363216',ನಾಗರತ್ನ ಟಿ',ರಾಮಚಂದ್ರ',140',38',ಹೆಣ್ಣು',',',HOUSE -WIFE',NO'
ALQ2075851',ಎನ್ ಭವ್ಯ',ಶ್ರೀನಾಥ್ ಜಿ ಹೆಚ್',140',32',ಹೆಣ್ಣು',',',HOUSE -WIFE',NO'
ALQ2861631',ಚೌಡಪ್ಪ',ಲಕ್ಷ್ಮಯ್ಯ',141',70',ಗಂಡು',',BAJANTHRI',FARMER+SHOP',NO'
ALQ2861649',ತೋಳಸಮ್ಮ',ಚೌಡಪ್ಪ',141',59',ಹೆಣ್ಣು',',BAJANTHRI',HOUSE -WIFE',NO'
MVJ1965672',ಜಿ ಸಿ ಅನಿಲ್ ಕುಮಾರ್',ಚೌಡಪ್ಪ',141',38',ಗಂಡು',',BAJANTHRI',SHOP',NO'
MVJ1966050',ರಮೇಶ್ ಜಿ ಸಿ',ಚೌಡಪ್ಪ',141',37',ಗಂಡು',',BAJANTHRI',SHOP',NO'
ALQ0048488',ಸಿಜಿ ಸುದಾಮಣಿ',ಅನಿಲ್\u200cಕುಮಾರ ಜಿ ಸಿ',141',34',ಹೆಣ್ಣು',',BAJANTHRI',HOUSE -WIFE',NO'
ALQ2117091',ಗಿರಿಜ ಕೆ ಎಸ್',ರಮೇಶ ಜಿ ಸಿ',141',30',ಹೆಣ್ಣು',',BAJANTHRI',HOUSE -WIFE',NO'
ALQ2861656',ಅಮೀರ ಖಾನ್',ಪೀರೂಖಾನ್',142',75',ಗಂಡು',',MUSLIM',KOOLI',NO'
ALQ2861664',ಅವಾಭೀ',ಅಮೀರ್ ಖಾನ್',142',65',ಹೆಣ್ಣು',',',KOOLI',NO'
ALQ2861672',ಅರೀಫ್\u200cಉಲ್ಲಾಖಾನ್',ಅಮೀರ್ ಖಾನ್',142',49',ಗಂಡು',',',KOOLI',NO'
ALQ2861680',ಮೌಲ್ಲಾಖಾನ್',ಅಮೀರ್ ಖಾನ್',142',44',ಗಂಡು',',',BMTC-DRIVER',NO'
MVJ1965706',ಭಕ್ತರ್ ಖಾನ್',ಅಮೀರ್ ಖಾನ್',142',42',ಗಂಡು',',',KOOLI',NO'
MVJ3613262',ಎ ಫ್ಯಾರುಲ್ಲಾಖಾನ್',ಅಮಿರಖಾನ್',142',41',ಗಂಡು',',DEATH',',NO'
MVJ1965912',ಎ ರಹಮತ್\u200c ಖಾನ್',ಅಮಿರಖಾನ್',142',39',ಗಂಡು',YES',MUSLIM',FACTORY WORKER',NO'
MVJ4442018',ಬಿಬೀಜಾನ್',ಅರಿಫ್\u200cಉಲ್ಲಾಖಾನ್',142',35',ಹೆಣ್ಣು',YES',',HOUSE -WIFE',NO'
ALQ2385433',ಬಿಬಿಜಾನ್',ಮೌಲಾ ಖಾನ್',142',28',ಹೆಣ್ಣು',',',HOUSE -WIFE',NO'
ALQ2861714',ಜಯರಾಮ',ನರಸಿಂಹಯ್ಯ',143',45',ಗಂಡು',',NAYAK',AUTO-DRIVER',NO'
MVJ4441663',ಕುಮಾರ',ನರಸಿಂಹಪ್ಪ',143',43',ಗಂಡು',',NAYAK',T-D',NO'
ALQ1544253',ಗಂಗರತ್ನಮ್ಮ ಎಮ್ ಹೆಚ್',ಜಯರಾಮ',143',41',ಹೆಣ್ಣು',',',GARMENTS',NO'
MVJ4441796',ಪದ್ಮಾವತಿ',ಕುಮಾರ',143',35',ಹೆಣ್ಣು',',',KOOLI',NO'
MVJ4441697',ಜಿ ಎನ್ ರಘು',ನರಸಿಂಹಯ್ಯ',143',34',ಗಂಡು',',',KOOLI',NO'
ALQ3201639',ಗಜೇದ್ರ ಜಿ ಜೆ',ಜಯರಾಮ್',143',19',ಗಂಡು',',',STUDENT',NO'
MVJ 1966498',ಗಂಗಮ್ಮ',ವೆಂಕಟರೋಣಪ್ಪ',144',84',ಹೆಣ್ಣು',',AGASARU',AGED',NO'
MVJ1966506',ನರ್ಮದಾ',ಅಂಜಿನಪ್ಪ',144',49',ಹೆಣ್ಣು',',AGASARU',AGED',NO'
ALQ1544279',ಗಂಗಮ್ಮ',ರಾಮಚಂದ್ರಪ್ಪ',144',49',ಹೆಣ್ಣು',',BAJANTHRI',AGED',NO'
ALQ0049148',ವೆಂಕಟೇಶ ಎ',ಅಂಜಿನಪ್ಪ',144',33',ಗಂಡು',',AGASARU',GARMENTS',NO'
ALQ1869882',ಎನ್ ಸಂದ್ಯಾ',ವೆಂಕಟೇಶ್',144',32',ಹೆಣ್ಣು',',AGASARU',GARMENTS',NO'
ALQ1544287',ಷಭಾನ್ ಸಾಬ್',ಅಮೀರ್ ಸಾಬೀ',146',53',ಗಂಡು',',MUSLIM',KOOLI',NO'
MVJ3613767',ಚೂಟಿಮಾ',ಷಬಾನ್ ಸಾಬ್',146',45',ಹೆಣ್ಣು',',MUSLIM',HOUSE -WIFE',NO'
MVJ4441887',ಷಕ್ನಯಾಬ್ಬಾಷಾ',ಷಬಾತ್\u200cಸಾಬ್',146',37',ಗಂಡು',',MUSLIM',GUJIRI',NO'
ALQ0048330',ಶಕೀಲಾ ಬಾನು',ಜಿ ಎಂ ನಸೀರ್ ಖಾನ',146',33',ಹೆಣ್ಣು',',MUSLIM',HOUSE -WIFE',NO'
ALQ1869635',ಯಾಸ್ಮಿನ್',ಷಕ್ ನಯಾಜ್ ಭಾಷಾ',146',32',ಹೆಣ್ಣು',',MUSLIM',HOUSE -WIFE',NO'
MVJ1966688',ರಾಮರೆಡ್ಡಿ ಇತರೆ ಸಂಬಂಧಿಯ',ಚನ್ನಿಗರಾಯಪ್ಪ',147',58',ಗಂಡು',YES',VAKALIGA',NOT-IN-VILLAFGE',NO'
MVJ3614195',ಚನ್ನಮ್ಮ',ರಾಮರೆಡ್ಡಿ',147',55',ಹೆಣ್ಣು',YES',VAKALIGA',NOT-IN-VILLAGE',NO'
ALQ2861763',ರಾಮಚಂದ್ರಜಿಸಿ',ಚನ್ನಿಗರಾಯಪ್ಪ',147',52',ಗಂಡು',',VAKALIGA',CONTRACTER',NO'
ALQ2861771',ಜೆ ಎನ್ ಗೋವಿಂದರಾಜು ಶೆಟ್ಟಿ',ಶೋ ನಂಜುಂಡಯ',148',60',ಗಂಡು',',VAISHYA',SMALL-SHOP',NO'
ALQ2861789',ಶಕುಂತಲಮ್ಮ',ಜಿ ಎನ್ ಗೋವಿಂದರಾಜು ಶೆಟ್ಟಿ',148',55',ಹೆಣ್ಣು',',VAISHYA',COIN SHOP',NO'
ALQ0048447',ಜಿ ಹರೀಶ್ ಕುಮಾರ್',ಜಿ ಎನ್ ಗೋವಿಂದಯ್ಯ ಶೆಟ್ಟಿ',148',33',ಗಂಡು',',VAISHYA',COIN SHOP',NO'
ALQ2861797',ಇಬ್ರಾಯಿಂಮ್ ಖಾನ್',ಫೀರೂಖಾನ್',149',70',ಗಂಡು',',MUSLIM',KOOLI',NO'
ALQ2861805',ಖುಷೀದ್ ಬೀ',ಇಬ್ರಾಯಿಂ ಖಾನ್',149',65',ಹೆಣ್ಣು',',MUSLIM',KOOLI',NO'
ALQ2861813',ಇಸ್ಲಯಿಲ್ ಖಾನ್',ಇಬ್ರಾಯಿಂ ಖಾನೆ',149',45',ಗಂಡು',',MUSLIM',FACTORY WORKER',NO'
ALQ0047100',ಹಸಿನಾಬಾನು',ಇಸಮೇಲ್ಖಾನ್',149',45',ಹೆಣ್ಣು',',MUSLIM',HOUSE -WIFE',NO'
ALQ2861821',ಅಜೀಖಾನ್',ಪೀರೂಖಾನ್',150',65',ಗಂಡು',',MUSLIM',COIN SHOP',NO'
ALQ2861839',ಅಶಾಬೀ',ಅಜೀಖಾನ್',150',63',ಹೆಣ್ಣು',',MUSLIM',HOUSE -WIFE',NO'
ALQ2861847',ಇಮಾಮ್ ಖಾನ್',ಹುಸೇನ್ ಸಾಬ್',151',70',ಗಂಡು',',MUSLIM',AGED',NO'
ALQ3012911',ಅಬ್ದುಲ್ ಸಿರಾಜ್',ಅಬ್ದುಲ್ ಸತ್ತಾರ್',151',55',ಗಂಡು',',MUSLIM',FACTORY WORKER',NO'
ALQ0048850',ಬಷೀರ ಖಾನ್',ಇಮಾಮ್ ಖಾನ್',151',46',ಗಂಡು',',MUSLIM',FACTORY WORKER',NO'
ALQ0047415',ನ್ಯಾಮತಬೀ',ಬಷೀರ್ ಅಹಮದ್',151',42',ಹೆಣ್ಣು',',MUSLIM',HOUSE -WIFE',NO'
MVJ1372739',ಸುಭಾನ್ ಉಲ್ಲಾಖಾನ್',ಹಿಮೊಮ್ ಖಾನ್',151',40',ಗಂಡು',',MUSLIM',FACTORY WORKER',NO'
MVJ4441861',ರಹಮತ್\u200cಖಾನ್',ಇಮಾನ್ ಖಾನ್',151',38',ಗಂಡು',',MUSLIM',FACTORY WORKER',NO'
ALQ2075927',ಎ ತಾಸೀಂ ಬಾನು',ಸುಬಾನ್ ವುಲ್ಲಖಾದ್',151',33',ಹೆಣ್ಣು',',MUSLIM',HOUSE -WIFE',NO'
ALQ1869643',ಸಲ್ಮಾ',ರಹಮತ್\u200c ಖಾನ್',151',30',ಹೆಣ್ಣು',',MUSLIM',HOUSE -WIFE',NO'
ALQ3012937',ಸಫಿಯಾ ಬೇಗಂ ಎಸ್',ರಿಯಾಜ್ ಪಾಷ',151',26',ಹೆಣ್ಣು',',MUSLIM',HOUSE -WIFE',NO'
ALQ3012945',ಸಮೀನಾ ಬೇಗಂ ಎಸ್',ಅಬ್ದುಲ್ ಸಿರಾಜ್',151',24',ಹೆಣ್ಣು',',MUSLIM',GARMENTS',NO'
ALQ2861870',ಹುಸೇನ್ ಬೀ',ಅಬ್ದುಲ್ ಖಾನ್',152',70',ಹೆಣ್ಣು',',MUSLIM',HOUSE -WIFE',NO'
ALQ2861862',ಅಬ್ದುಲ್ ಹಜೀಜ್',ಹುಸೇನ್ ಖಾನ್',152',65',ಗಂಡು',',MUSLIM',GARE',NO'
ALQ0048280',ಸುಭಾನ್ ಖಾನ್',ಅಬ್ದುಲ್ಲಾ ಖಾನ್',152',37',ಗಂಡು',',MUSLIM',DRIVER',NO'
ALQ0047571',ಜರೀನ್ ತಾಜ್',ಸುಭಾನ್ ಖಾನ್',152',31',ಹೆಣ್ಣು',',MUSLIM',HOUSE -WIFE',NO'
ALQ2861888',ಸಾಕಮ್ಮ',ಗಂಗಾಧರಪ್ಪ',153',75',ಹೆಣ್ಣು',',BAJANTHRI',AGED',NO'
ALQ2135721',ಸುಬ್ರಮಣ್ಯ',ಗಂಗಾಧರಪ್ಪ',153',50',ಗಂಡು',',BAJANTHRI',FACTORY WORKER',NO'
ALQ2861896',ನಾಗರಾಜ್',ಗಂಗಾಧರಪ್ಪ',153',45',ಗಂಡು',',BAJANTHRI',TEACHER',NO'
ALQ2135747',ಪ್ರಮೀಳಮ್ಮ',ಸುಬ್ರಮಣ್ಯ',153',45',ಹೆಣ್ಣು',',BAJANTHRI',GARMENTS',NO'
ALQ1544345',ಜಿ ವಿ ಅಮೃತ',ಜಿ ನಾಗರಾಜು',153',33',ಹೆಣ್ಣು',',BAJANTHRI',GARMENTS',NO'
ALQ2861904',ರಾಮಚಂದ್ರಪ್ಪ',ಚಿಕ್ಕಪ್ಪಯ್ಯ',154',50',ಗಂಡು',',BAJANTHRI',DAIRY WORKER',NO'
ALQ2861912',ಗಂಗರಾಜಮ್ಮ',ರಾಮಚಂದ್ರಪ್ಪ',154',48',ಹೆಣ್ಣು',',BAJANTHRI',KOOLI',NO'
MVJ4441754',ಗಂಗಮ್ಮ',ರಾಜಣ್ಣ',154',47',ಹೆಣ್ಣು',',DHOBI',COIN SHOP',NO'
ALQ2103596',ಪ್ರಶಾಂತ ಜಿ ಆರ್',ರಾಮ ಚಂದ್ರಪ್ಪ',154',30',ಗಂಡು',',BAJANTHRI',CUTTING SHOP',NO'
ALQ2100725',ಕವಿಷಕುಮಾರ್ ಜಿ ಆರ್',ರಾಮಚಂದ್ರಪ್ಪ',154',28',ಗಂಡು',',BAJANTHRI',CUTTING SHOP',NO'
ALQ2101970',ಸಂತೋಷ ಜಿ ಆರ್',ರಾಜಣ್ಣ',154',26',ಗಂಡು',',DHOBI',FACTORY WORKER',NO'
ALQ2536605',ನವಿತ ಎ',ರವಿಶ್ ಕುಮಾರ್ ಜಿ ಆರ್',154',26',ಹೆಣ್ಣು',',DHOBI',HOUSE -WIFE',NO'
ALQ2861920',ಲಕ್ಷ್ಮೀಕಾಂತಪ್ಪ',ಚನ್ನಯ್ಯ',157',70',ಗಂಡು',',VAKALIGA',FARMER',NO'
ALQ2861938',ಚನ್ನಮ್ಮ',ಲಕ್ಷ್ಮೀಕಾಂತಪ್ಪ',157',57',ಹೆಣ್ಣು',',VAKALIGA',FARMER',NO'
ALQ1544352',ನರಸಿಂಹಮೂರ್ತಿ',ಲಕ್ಷ್ಮೀಕಾಂತಪ್ಪ',157',44',ಗಂಡು',',VAKALIGA',DRIVER',NO'
ALQ1869650',ಜಿ ಕೆ ನರಸಿಂಹಮೂರ್ತಿ',ಕಾಂತಪ್ಪ',157',32',ಗಂಡು',',VAKALIGA',GARMENTS',NO'
ALQ1869478',ಗಂಗಾಧರಯ್ಯ',ಗಂಗಯ್ಯ',164',53',ಗಂಡು',',GOLRU',HOTEL',NO'
ALQ2182152',ಉಮೇಶ್ ಜಿ',ಗಂಗಾಧರಪ್ಪ',164',27',ಗಂಡು',',GOLRU',GARMENTS',NO'
ALQ2862134',ಸೋಮಶಂಕರಪ್ಪ',ಚಿಕ್ಕಪ್ಪಯ್ಯ',165',53',ಗಂಡು',',BAJANTHRI',FARMER',NO'
ALQ2862050',ಗಂಗರತ್ನಮ್ಮ',ಸೋಮಶಂಕರಪ್ಪ',165',47',ಹೆಣ್ಣು',',BAJANTHRI',KOOLI',NO'
ALQ3067915',ಸೌಮ್ಯಜಿ ಎಸ್',ಸೋಮಶೇಖರ',165',28',ಹೆಣ್ಣು',',BAJANTHRI',GARMENTS',NO'
ALQ2862142',ಪಾಪಮ್ಮ',ಮುರಾರಪ್ಪ',168',90',ಹೆಣ್ಣು',',VAKALIGA',AGED',NO'
ALQ2862084',ಅನಸೂಯಮ್ಮ',ಜಯರಾಮರೆಡ್ಡಿ',168',55',ಹೆಣ್ಣು',',VAKALIGA',HOUSE -WIFE',NO'
ALQ2862126',ಪುಟ್ಟನರಸಮ್ಮ',ಡಿ ನರಶೀಯಪ್ಪ',170',90',ಹೆಣ್ಣು',',VAKALIGA',AGED',NO'
ALQ2862043',ಕೃಷ್ಣಾರೆಡ್ಡಿ',ಡಿ ನರಶೀಯಪ್ಪ',170',60',ಗಂಡು',',VAKALIGA',COIN SHOP',NO'
ALQ2862068',ಗಂಗಮ್ಮ',ಕೃಷ್ಣಾರೆಡ್ಡಿ',170',50',ಹೆಣ್ಣು',',VAKALIGA',HOUSE -WIFE',NO'
ALQ0047126',ಜಿ ಕೆ ನಟೇಶ್',ಕೃಷ್ಣಪ್ಪ',170',33',ಗಂಡು',',VAKALIGA',KOOLI',NO'
ALQ3218567',ಅಶ್ವಿನಿ ಬಿ ಎಸ್',ಜಿ ಕೆ ನಟೇಶ್',170',24',ಹೆಣ್ಣು',',VAKALIGA',HOUSE -WIFE',NO'
ALQ2862159',ಲಕ್ಷ್ಮೀನರಸಮ್ಮ',ಲಕ್ಷ್ಮೀಕಾಂತಪ್ಪ',172',48',ಹೆಣ್ಣು',',VAKALIGA',KOOLI',NO'
ALQ2499812',ಬಿಂದುಕೆ',ನರಸಿಂಹಮೂರ್ತಿ',172',23',ಹೆಣ್ಣು',',VAKALIGA',HOUSE -WIFE',NO'
ALQ1544386',ನಾರಾಯಣಪ್ಪ',ಅಶ್ವತ್ಥಪ್ಪ',174',60',ಗಂಡು',',NAYAK',KOOLI',NO'
ALQ2862027',ರಾಧಮ್ಮ',ನಾರಾಯಣಪ್ಪ',174',49',ಹೆಣ್ಣು',',NAYAK',KOOLI',NO'
ALQ1544402',ವಿಜಯಕುಮಾರ್',ಜಿ ಪಿ ಗಂಗಾಧರಪ್ಪ',174',34',ಗಂಡು',',LINGAYATH',CONDUCTOR',NO'
ALQ2215465',ನವೀನ್ ಕುಮಾರ್ ಜಿ ಎನ್',ನಾರಾಯಣಪ್ಪ',174',26',ಗಂಡು',',VAKALIGA',STUDENT',NO'
ALQ2862092',ಬಸವರಾಜಪ್ಪ',ಬೈಲಪ್ಪ',175',60',ಗಂಡು',',LINGAYATH',FARMER',NO'
ALQ2862019',ಲಕ್ಷ್ಮಿದೇವಮ್ಮ',ಬಸವರಾಜಪ್ಪ',175',53',ಹೆಣ್ಣು',',LINGAYATH',HOUSE -WIFE',NO'
ALQ0047589',ಕೆ ಮಂಜುಳ',ನಂಜುಂಡಪ್ಪ',178',40',ಹೆಣ್ಣು',',LINGAYATH',HOUSE -WIFE',NO'
ALQ2862175',ಸಾವಿತ್ರಮ್ಮ',ಬಸವರಾಜ',179',53',ಹೆಣ್ಣು',',LINGAYATH',KOOLI',NO'
ALQ1544436',ಚಂದ್ರಶೇಖರ ಜಿಬಿ',ಬಸವರಾಜ್\u200c',179',36',ಗಂಡು',',LINGAYATH',KOOLI',NO'
ALQ3108081',ಶೈಲಜಾಡಿ ಎಸ್',ಚಂದ್ರಶೇಖರ್ ಜಿ',179',21',ಹೆಣ್ಣು',',LINGAYATH',GARMENTS',NO'
ALQ2862118',ಚನ್ನಿಗರಾಯಚಾರಿ',ಚನ್ನಗಂಗಪ್ಪಚಾರಿ',181',55',ಗಂಡು',',ACHARI',KOOLI',NO'
ALQ2862167',ಲಕ್ಷ್ಮಮ್ಮ',ಲಕ್ಷ್ಮಯ್ಯ',184',59',ಹೆಣ್ಣು',',ACHARI',KOOLI',NO'
ALQ2862076',ಮುನಿರಾಜ',ಲಕ್ಷ್ಮಯ್ಯ',184',44',ಗಂಡು',',ACHARI',KOOLI',NO'
ALQ2359156',ಸುಬ್ರಮಣ್ಯ ತಾಯಿಯ',ಲಕ್ಷ್ಮಮ್ಮ',184',39',ಗಂಡು',',DHOBI',KOOLI',NO'
ALQ0048124',ಮಂಜಮ್ಮ ಸಿ ಆರ್',ಮುನಿರಾಜು',184',37',ಹೆಣ್ಣು',',DHOBI',KOOLI',NO'
ALQ0047746',ಶ್ರೀರಾಮಯ್ಯ ಜಿ ಎಲ್',ಲಕ್ಷ್ಮಯ್ಯ',184',37',ಗಂಡು',',DHOBI',GARMENTS',NO'
ALQ2075893',ನಿರ್ಮಲ',ಶ್ರೀರಾಮ್',184',30',ಹೆಣ್ಣು',',DHOBI',GARMENTS',NO'
ALQ0048256',ಅಶ್ವತ್ಥಪ್ಪ',ಜಿ ಎಂ ನರಸಿಂಹ',185',47',ಗಂಡು',',DHOBI',FACTORY WORKER',NO'
ALQ2862100',ಪುಟ್ಟಹನುಮಕ್ಕ',ಪುಟ್ಟಪ್ಪ',192',73',ಹೆಣ್ಣು',',DHOBI',AGED',NO'
ALQ2098812',ಜಿ ಪಿ ಸುಬ್ರಮಣ್ಯಂ',ಪುಟ್ಟಪ್ಪ',192',41',ಗಂಡು',',DHOBI',FACTORY WORKER',NO'
ALQ1869684',ಅಲ್ತಾಪ್\u200c ಜಿ ಹೆಚ್',ಹುಸೇನ್ ಖಾನ್',192',29',ಗಂಡು',',MUSLIM',KOOLI',NO'
ALQ3166287',ವಿದ್ಯಾಶ್ರೀ ಜಿ ಎಸ್',ಜಿ ಪಿ ಸುಬ್ರಮಣ್ಯ',192',21',ಹೆಣ್ಣು',',DHOBI',STUDENT',NO'
ALQ2861946',ಕೇಶವರೆಡ್ಡಿ',ಚೌಡಪ್ಪ',197',67',ಗಂಡು',',DHOBI',FARMER',NO'
ALQ2861953',ಚನ್ನಮ್ಮ',ಕೇಶವ ರೆಡ್ಡಿ',197',55',ಹೆಣ್ಣು',',DHOBI',HOUSE -WIFE',NO'
MVJ1965771',ಕೆ ಸುನೀಲ್',ಕೇಶವರೆಡ್ಡಿ',197',37',ಗಂಡು',',DHOBI',FARMER',NO'
MVJ4442166',ರಜಿನ್ ಜಿ ಕೆ',ಕೇಶವರೆಡ್ಡಿ',197',35',ಗಂಡು',',VAKALIGA',FARMER',NO'
ALQ0047308',ಕೆ ದೀಪು',ಕೇಶವರೆಡ್ಡಿ',197',33',ಗಂಡು',',VAKALIGA',FARMER',NO'
ALQ2075935',ಹೆಚ್ ಪವಿತ್ರ',ಸುನೀಲ್',197',30',ಹೆಣ್ಣು',',VAKALIGA',FARMER',NO'
ALQ3067907',ಗೀತಾ ಬಿ ಕೆ',ಕೆದೀಪು',197',25',ಹೆಣ್ಣು',',VAKALIGA',HOUSE -WIFE',NO'
ALQ2536589',ಹರ್ಷಿತ ಎಸ್ ಕಲ್ಲೂರಪ್ಪ',ರಜಿನ್ ಜಿ ಕೆ',197',24',ಹೆಣ್ಣು',',VAKALIGA',HOUSE -WIFE',NO'
ALQ2861961',ಕಲ್ಲೂರಪ್ಪ',ನಂಜಪ್ಪ',218',70',ಗಂಡು',',VAKALIGA',KOOLI',NO'
ALQ2861987',ಗಂಗಮ್ಮ',ಕಲ್ಲೂರಪ್ಪ',218',55',ಹೆಣ್ಣು',',VAKALIGA',KOOLI',NO'
ALQ2861979',ಬಾಲಕೃಷ್ಣ',ಕಲ್ಲೂರಪ್ಪ',218',45',ಗಂಡು',',DEATH',',NO'
ALQ2337368',ಸವಿತ',ಬಾಲಕೃಷ್ಣ',218',36',: ಹೆಣ್ಣು',',VAKALIGA',GARMENTS',NO'
ALQ2862001',ಅಲ್ಲಬಕ್ಷ',ಪೀರೂರ ಖಾನ್',228',54',ಗಂಡು',',MUSLIM',KOOLI',NO'
ALQ2861995',ಅಮೀನಾಬೀ',ಅಲ್ಲಾಬಕ್ಷ',228',46',ಹೆಣ್ಣು',',MUSLIM',HOUSE -WIFE',NO'
MVJ4442042',ರಹೀಂಖಾನ್',ಅಲ್ಲಾಬಕ್ಸ್',228',33',ಗಂಡು',',MUSLIM',FACTORY WORKER',NO'
ALQ2106672',ನುಶ್ರತ ಜರೀನ',ರಹೀಮ್ ಖಾನ್',228',31',ಹೆಣ್ಣು',',MUSLIM',HOUSE -WIFE',NO'
ALQ0048389',ಎ ಮಹಬೂಬ್ ಖಾನ್',ಅಲ್ಲಾಬಕ್ಷ',228',31',ಗಂಡು',',MUSLIM',FACTORY WORKER',NO'
ALQ2215432',ಗೌಸ್ ಪೀರ್ ಖಾನ್ ಜಿ ಎ',ಅಲ್ಲಾಭಕ್ಷಾ ಖಾನ್',228',26',ಗಂಡು',',MUSLIM',FACTORY WORKER',NO'
ALQ3184389',ಬೀಬಿ ಸುಮಯ',ಎ ಮಹಬೂಬ್ ಖಾನ್',228',19',ಹೆಣ್ಣು',',MUSLIM',HOUSE -WIFE',NO'
MVJ1966167',ಶಂಕರಾಚಾರಿ',ಜಿ ಸಿ ಚನ್ನಾಚಾರಿ',248',50',ಗಂಡು',YES',ACHARI',FACTORY WORKER',NO'
MVJ4441770',ಶಿವನಂದಚಾರಿ',ಜಿ ಸಿ ಚನ್ನಾಚಾರಿ',248',45',ಗಂಡು',YES',ACHARI',FACTORY WORKER',NO'
ALQ3001625',ಎಂ ರತ್ನಮ್ಮ',ಶಿವನಂದಾಚಾರಿ',248',33',ಹೆಣ್ಣು',YES',ACHARI',HOUSE -WIFE',NO'
ALQ2336618',ಗೋಪಾಲ ಜಿ',ವೇಂಕಟಪ್ಪ',268',65',ಗಂಡು',',NAYAK',AGED',NO'
ALQ1545003',ಬಸವರಾಜುಜಿ ಬಿ',ಲೇ ಬಸಪ್ಪ',304',69',ಗಂಡು',',LINGAYATH',AGED',NO'
ALQ1545011',ಬಸಮ್ಮ',ಬಸಣ್ಣ',304',69',ಹೆಣ್ಣು',',LINGAYATH',AGED',NO'
ALQ2862035',ಜಯಮ್ಮ',ಸೋಮಶೇಖರಯ್ಯ',313',46',ಹೆಣ್ಣು',',LINGAYATH',HOUSE -WIFE',NO'
ALQ2347771',ಮಧುಸೂದರ್\u200c ಜಿ ಎಸ್ ತಾಯಿಯ',ಜಯಮ್ಮ',313',26',ಗಂಡು',',NAYAK',DRIVER',NO'
ALQ3031143',ಭರತ್ ಕುಮಾರ್ ಜಿ ಎಸ್',ಸೋಮಶೇಖರ್',313',23',ಗಂಡು',',NAYAK',FLOWER',NO'
ALQ3057577',ಭಾರ್ಗವಿ ಜಿ ಎ',ಮಧುಸೂದನ್ ಜಿ ಎನ್',313',23',ಹೆಣ್ಣು',',NAYAK',HOUSE -WIFE',NO'
ALQ1545102',ನಂಜಪ್ಪ',ಜಿ ಎನ್ ಗಂಗಯ',315',56',ಗಂಡು',',GLORU',AGED',NO'
MVJ3614120',ಶ್ರೀರಾಮಯ್ಯ',ಸೊಣ್ಣಪ್ಪ',316',74',ಗಂಡು',',VAKALIGA',FARMER',NO'
MVJ3614112',ಶಾರದಮ್ಮ',ಶ್ರೀರಾಮಯ್ಯ',316',65',ಹೆಣ್ಣು',',VAKALIGA',HOUSE -WIFE',NO'
MVJ1966332',ಭೈರೇಗೌಡ',ಶ್ರೀರಾಮಯ್ಯ',316',46',ಗಂಡು',',VAKALIGA',FARMER',NO'
ALQ2223113',ಸುಮಿತ್ರ ಎಮ್ ವಿ',ಬೈರೇಗೌಡ',316',44',ಹೆಣ್ಣು',',VAKALIGA',HOUSE -WIFE',NO'
ALQ0047977',ಮಂಜುನಾಥ ಡಿ ಎಸ್',ಶ್ರೀರಾಮಯ್ಯ',316',41',ಗಂಡು',',VAKALIGA',FARMER',NO'
MVJ1966548',ಡಿ ಎಸ್ ರವಿಶಂಕರ್',ಶ್ರೀರಾಮಯ್ಯ',316',39',ಗಂಡು',',VAKALIGA',FARMER',NO'
ALQ2864239',ಮಾಧವರೆಡ್ಡಿ',ಮುರಾರಪ್ಪ',319',62',ಗಂಡು',',VAKALIGA',KOOLI',NO'
ALQ2215499',ಅಶಾರಾಣಿ ಕೆ',ಪ್ರದೀಪ್ ಜಿ ಎಮ್',319',34',ಹೆಣ್ಣು',',VAKALIGA',HOUSE -WIFE',NO'
ALQ0048157',ಜೆ ಎಮ್ ಪ್ರದೀಪ್',ಮಾಧವ ರೆಡ್ಡಿ',319',34',ಗಂಡು',',VAKALIGA',FACTORY WORKER',NO'
MVJ1965623',ಖಲೀಲ್ ಸಾಬ್',ಉಸೇನ್ ಸಾಬ್',320',53',ಗಂಡು',',MUSLIM',BUSINESS',NO'
ALQ2076123',ಜಿ ಕೆ ಕಲೀಮುಲ್ಲಾ',ಕಲೀಲ್ ಸಾಬ್',320',30',ಗಂಡು',',MUSLIM',BUSINESS',NO'
ALQ3126059',ಶಬಾನ ಬಿ',ಕಲೀಮುಲ್ಲಾ',320',25',ಹೆಣ್ಣು',',MUSLIM',HOUSE -WIFE',NO'
MVJ1965680',ರಸೂಲ್ ಬೀ',ಖಲೀಲ್\u200cಸಾಬ್',329',48',ಹೆಣ್ಣು',',MUSLIM',HOUSE -WIFE',NO'
ALQ2981330',ಸಾಬೀಯಾ ಬೇಗಂ ಪಿ',ಸೈಯದ್ ನಜಿಮುದ್ದೀನ್',52ಎ',31',ಹೆಣ್ಣು',',MUSLIM',HOUSE -WIFE',NO'
MVJ4441978',ಮಲಿನ್\u200cತಾಜ್',ಇಮಾಂಬಾಷಾ',52 ಎ',60',ಹೆಣ್ಣು',',MUSLIM',KOOLI',NO'
MVJ4442216',ಇಮಾಮ್ಬಾಷ',ಬಡೇಸಾಬ್',52 ಎ',58',ಗಂಡು',',MUSLIM',BUSINESS',NO'
MVJ4441960',ಸೈಯದ್ ನಜೀಮುಧಿನ್',ಇಮಾಂಬಾಷಾ',52 ಎ',33',ಗಂಡು',',MUSLIM',BUSINESS',NO'
MVJ1967215',ಸುಬಾನ್ ಸಾಬ್',ಸೈದೂಸಾಬ್',55ಬಿ',48',ಗಂಡು',',MUSLIM',BUSINESS',NO'
MVJ4442216',ನಗೀನಾ',ಸುಭಾನ್ ಸಾಬ್',55ಬಿ',43',ಹೆಣ್ಣು',',MUSLIM',HOUSE -WIFE',NO'
ALQ2981322',ಮೊಹಸೀನ ಜಿ ಎಸ್',ಸುಭಾನ್ ಸಾಬ್',55ಬಿ',22',ಹೆಣ್ಣು',',MUSLIM',HOUSE -WIFE',NO'
ALQ3184256',ತಸೀನಾ ಜಿ ಎಸ್',ಸುಭಾನ್ ಸಾಬ್',55ಬಿ',19',ಹೆಣ್ಣು',',MUSLIM',HOUSE -WIFE',NO'
ALQ1869957',ಚಾಂದ್ ಭಾಷ',ಅಬ್ದುಲ್ ಖಾನ್',555',29',ಗಂಡು',',MUSLIM',BUSINESS',NO'
ALQ2409985',ಸಲ್ಮಾ ಖಾನೂಮ್',ಚಾಂದ್ ಬಾಷ',555',25',ಹೆಣ್ಣು',',MUSLIM',HOUSE -WIFE',NO'
MVJ1966225',ಬಾಷಾಸಾಬ್',ಸೈಯದ್ ಉಸ್ಮಾನ ಸಾಬ್',64A',67',ಗಂಡು',',DEATH',',NO'
MVJ1966969',ಪ್ರಮೀಳ',ಮಂಜುನಾಥ',65ಬಿ',38',ಹೆಣ್ಣು',',LINGAYATH',HOTEL',NO'
ALQ1869973',ಸಿಲಕ್ಷ್ಮಯ್ಯ',ಕೊಂಡಪ್ಪ',679',83',ಗಂಡು',',DHOBI',AGED',NO'
ALQ1869965',ಶಾರದ ಸಿ',ಸಿಲಕ್ಷ್ಮಯ್ಯ',679',72',ಹೆಣ್ಣು',',DHOBI',AGED',NO'
ALQ2076065',ಸಿ ಎಲ್ ರವಿಚಂದ್ರ',ಲಕ್ಷ್ಮಯ್ಯ',679',46',ಗಂಡು',YES',DHOBI',PRIVATE JOB',NO'
ALQ2435055',ಜ್ಯೋತಿ',ಶ್ರೀಹರಿನಾಥ ಸಿ ಎಲೆ',679',45',ಹೆಣ್ಣು',',DHOBI',AGED',NO'
ALQ2464071',ಷಮ್ಮುಖ ಪೃಥ್ವಿ ಸಿ ಎಸ್',ಶ್ರೀನಿವಾಸ ರಾವ್',679',30',ಗಂಡು',',DHOBI',KOOLI',NO'
MVJ1966183',ವಿಜಯಲಕ್ಷ್ಮೀ',ಮಲ್ಲಣ್ಣ',73ಎ',53',ಹೆಣ್ಣು',',KURUBA',GARMENTS',NO'
MVJ1966712',ಮಲ್ಲಣ್ಣ',ದೇವೇಂದ್ರಪ್ಪ',73ಎ',49',ಗಂಡು',',KURUBA',DOCTOR',NO'
ALQ2997328',ಧನರಾಜ್',ಮಲ್ಲಣ್ಣ',73ಎ',22',ಗಂಡು',',KURUBA',FACTORY WORKER',NO'
ALQ1543982',ವಂಕಟೇಶ್',ಈರಪ್ಪ',74ಎ',3',ಗಂಡು',',VAKALIGA',KOOLI',NO'
ALQ2962645',ವಿನಯ್ ಜಿ ವಿ',ವೆಂಕಟೇಶ್',74 ಎ',30',ಗಂಡು',',NAYAK',KOOLI',NO'
MVJ1965730',ಶಿವಕುಮಾರ್',ಆದಿಮೂರ್ತಪ್ಪ',78ಎ',53',ಗಂಡು',',LINGAYATH',KOOLI',NO'
MVJ4441911',ಶಾರದಮ್ಮ',ಶಿವಕುಮಾರ್',78 ಎ',35',ಹೆಣ್ಣು',',LINGAYATH',KOOLI',NO'
MVJ1965987',ಗಂಗಾಧರಪ್ಪ',ಮಲ್ಲಣ್ಣ',79ಎ',68',ಗಂಡು',',LINGAYATH',HOTEL',NO'
MVJ1966654',ಸುಶೀಲಮ್ಮ',ಗಂಗಾಧರಪ್ಪ',79ಎ',48',ಹೆಣ್ಣು',',LINGAYATH',HOUSE -WIFE',NO'
ALQ3067923',ಮನೋಜ್ ಹೆಚ್ ಜಿ',ಗಂಗಾಧರಪ್ಪ',79 ಎ',23',ಗಂಡು',',LINGAYATH',DRIVER',NO'
ALQ3118296',ಆಯಿಷಾ',ದಸ್ತಗಿರಿ ಖಾನ್ ಜಿ ಎಮ್',89',22',ಹೆಣ್ಣು',',MUSLIM',HOUSE -WIFE',NO'
ALQ2192839',ರುಕ್ಕಾನಂದರೆಡ್ಡಿ',ನಂಜುಂಡಪ್ಪ',102ಎ',57',ಗಂಡು',YES',REDDY',FACTORY WORKER',NO'
ALQ1544113',ಜಿ ಎನ್ ಸುಧಾಮಣಿ',ರುಹ್ಮಾನಂದರೆಡ್ಡಿ',102ಎ',54',ಹೆಣ್ಣು',',VAKALIGA',HOUSE -WIFE',NO'
ALQ2962652',ಚಂದ್ರಶೇಖರ ರೆಡ್ಡಿ',ರುಕ್ಕಾನಂದರೆಡ್ಡಿ',102 ಎ',26',ಗಂಡು',',VAKALIGA',FARMER',NO'
ALQ0049460',ಸಿ ಟಿ ಸುಗುಣ',ಜಿ ಸಿ ರಾಘವೇಂದ್ರ',1088',32',ಹೆಣ್ಣು',',VAKALIGA',FARMER',NO'
ALQ1545219',ಜಿ ಎಸ್ ಮಲ್ಲೇಶಯ್ಯ',ಶಿವಣ್ಣ',1090',32',ಗಂಡು',',LINGAYATH',KOOLI',NO'
ALQ0049130',ಸತೀಶ',ಚಿಕ್ಕಪ್ಪಯ್ಯ',1091',36',ಗಂಡು',',BAJANTHRI',FACTORY WORKER',NO'
ALQ1545227',ಲಕ್ಷ್ಮೀದೇವಮ್ಮ',ಸತೀಶ',1092',36',ಹೆಣ್ಣು',',BAJANTHRI',KOOLI',NO'
ALQ1545235',ಜೆ ಸಿ ಪ್ರಕಾಶ್',ಚಿಕ್ಕಪ್ಪಯ್ಯ',1093',44',ಗಂಡು',',BAJANTHRI',FACTORY WORKER',NO'
ALQ1545243',ರಾಧಮ್ಮ',ಜಿ ಸಿ ಪ್ರಕಾಶ್',1094',36',ಹೆಣ್ಣು',',BAJANTHRI',GARMENTS',NO'
ALQ1545276',ಜಿಯಾಉಲ್ಲಾಖಾನ್',ಕರೀಂಖಾನ್',1097',32',ಗಂಡು',',MUSLIM',ELECTRICAN',NO'
ALQ0054726',ನವೀನ್\u200cಕುಮಾರ್ ಜಿ ಎನ್',ನರಸಪ್ಪ',1098',32',ಗಂಡು',',VAKALIGA',GARMENTS',NO'
ALQ0048066',ನರಸಿಂಹಮೂರ್ತಿ ಜಿ ಎನ್',ನರಸಪ್ಪ',1099',32',ಗಂಡು',',NAYAK',FARMER',NO'
ALQ0064436',ಷಣ್ಮುಕ ಎನ್ ಅರ್',ರುದ್ರೇಶ್',1103',32',ಗಂಡು',',LINGAYATH',KSRTC CONDUCTOR',NO'
ALQ2429140',ಎನ್ ಪ್ರಭಾಮಣಿ',ಜಿ ಸಿ ರಾಮಚಂದ್ರ',ಸಿ 147',44',ಹೆಣ್ಣು',',BAJANTHRI',HOUSE -WIFE',NO'
ALQ0048314',ಶಬುಲ್ಲ',ಯಾಸಿನ್',448/113',35',ಹೆಣ್ಣು',',MUSLIM',HOUSE -WIFE',NO'
ALQ3201589',UMA GA',ASHWATAIAH G',10',19',ಹೆಣ್ಣು',',GOLRU',FACTORY WORKER',NO'
ALQ3201597',MAHESH MK ',KRISHNAPPA',21',19',ಗಂಡು',',GOLRU',FACTORY WORKER',NO'
ALQ3201605',ASHOK GU ',UGRAPPA',81',19',ಗಂಡು',',REDDY',STUDENT',NO'
ALQ3201571',ANUSH KUMAR',RAMACHANDRA',140',19',ಗಂಡು',',VAKALIGA',STUDENT',NO'
ALQ2862332',PARVATHAMMA ',CHINNIGARAYACHARI',181',49',ಹೆಣ್ಣು',',ACHARI',HOUSE -WIFE',NO'
ALQ2435048',SRIHARINATHA CL',C LAKSHMAIAH',679',49',ಗಂಡು',',DHOBI',FARMER',NO'
,ROJJA GA',ASHWATHANARAYANA',105',18',ಹೆಣ್ಣು',',NAYAK',STUDENT',NO'
,GP GANGADARAIAH',PUTTAPPA',00',66',ಗಂಡು',',VAKALIGA',FACTORY WORKER',NO'
,SHABASH ARSHAD',ARSHAD',00',19',ಗಂಡು',',MUSLIM',KOOLI',NO'