ALQ3181617',ಮಮತ ಕೆ',ನರೇಂದ್ರಸಿ ಎನ್',62',19',ಹೆಣ್ಣು',',GOLLA',TEMPMEL-WORK',NO'
ALQ0625483',A ಶಾಂತಮ್ಮ',ಅಶ್ವತ್ಥಪ್ಪ',0',30',ಹೆಣ್ಣು',',GOLLA',FARMER',NO'
ALQ2149912',ಗಂಗರತ್ನಮ್ಮ ಸಿ ಹೆಚ್',ಹನುಮಪ್ಪ',0',26',ಹೆಣ್ಣು',YES',SC',MARRIED',NO'
ALQ2972693',ಶ್ರೀನಿವಾಸಪ್ಪ',ನಂಜುಂಡಪ್ಪ',0',45',ಗಂಡು',',AGASARU',FARMER',NO'
ALQ3010428',ಜ್ಯೋತಿ',ನಾರಾಯಣಸ್ವಾಮಿ',0',32',ಹೆಣ್ಣು',',SC',GARMENTS',NO'
ALQ3010063',ಜೆ ಶಾರದ',ಆನಂದ ಸಿ',0',27',ಹೆಣ್ಣು',YES',SC',PRIVATE JOB',NO'
ALQ2479798',ಜಯಕೃಷ್ಣ ಸಿ ಎನ್',ನಾರಾಯಣಪ್ಪ',0',26',ಗಂಡು',',GOLLA',AUTO-DRIVER',NO'
ALQ3224870',ಮಂಜುಳಾ ಎನ್',ನರಸಿಂಹಮೂರ್ತಿ',0',25',ಹೆಣ್ಣು',YES',GOLLA',MARRIED',NO'
ALQ3227030',ಹಾರೀಕ ಡೀ',ಲಕ್ಷ್ಮೀಪತಿ ಸೀ ಎ',0',23',ಹೆಣ್ಣು',',GOLLA',HOUSE -WIFE',NO'
ALQ3224938',ವಿಜಯ್ ಕುಮಾರ್',ವಿಶ್ವನಾಥ',0',19',ಗಂಡು',',GOLLA',FARMER',NO'
ALQ3224490',ಗಜಲಕ್ಷ್ಮಿ ಸೀ ಎನ್',ನರಸಿಂಹಮೂರ್ತಿ',0',19',ಹೆಣ್ಣು',YES',GOLLA',MAARRIED',NO'
ALQ2360592',ವಿರಾಧಕೃಷ್ಣಯ್ಯ',ವೆಂಕಟರಮಣಪ್ಪ',1',60',ಗಂಡು',YES',SHETBALAJIGA',AGED',NO'
ALQ1611847',ವೆಂಕಟಸ್ವಾಮಿ',ಟಿ ವೆಂಕಟರವಣಪ್ಪ',1',59',ಗಂಡು',',SHETBALAJIGA',FARMER',NO'
ALQ0625707',ಜಯಮ್ಮ',ವೆಂಕಟಸ್ವಾಮಿ',1',52',ಹೆಣ್ಣು',',SHETBALAJIGA',HOUSE -WIFE',NO'
ALQ1611854',ವಿ ಶ್ರೀನಿವಾಸ',ವೆಂಕಟಸ್ವಾಮಿ',1',33',ಗಂಡು',YES',SHETBALAJIGA',BUSINESS',NO'
ALQ1877380',ಸಿ ಎನ್ ಮಂಜುಳ',ಸುರೇಶ್ ಸಿ ಎ',',34',ಹೆಣ್ಣು',YES',GOLLA',HOUSE -WIFE',NO'
ALQ1877406',ಸಿ ವಿ ಗಾಯಿತ್ರಿಮ್ಮ',ವೆಂಕಟರತ್ನಯ್ಯ',2',30',ಹೆಣ್ಣು',',SHETBALAJIGA',HOUSE -WIFE',NO'
ALQ3114279',ಲಕಿ ಪತಿ ಸಿ ವಿ',ವೆಂಕಟರತ್ನಯ್ಯ',2',20',ಗಂಡು',',SHETBALAJIGA',STUDENT',NO'
ALQ0625582',ವೆಂಕಟರತ್ನಯ್ಯ',ಟೈಲರ್ ವೆಂಕಟರವಣಪ್ಪ',2',74',ಗಂಡು',',SHETBALAJIGA',FARMER',NO'
ALQ0625640',ಲಕ್ಷ್ಮೀದೇವಮ್ಮ',ಎನ್ ವೆಂಕಟರತ್ನ',2',59',ಹೆಣ್ಣು',',SHETBALAJIGA',HOUSE -WIFE',NO'
MVJ2374155',ಆನಂದಕುಮಾರ್',ವೆಂಕಟರತ್ನಯ್ಯ',2',40',ಗಂಡು',YES',SHETBALAJIGA',AAUTO-DRIVER',NO'
ALQ2093615',ಸವಿತಾಜೆ',ಆನಂದಕುಮಾರ್',2',38',ಹೆಣ್ಣು',YES',SHETBALAJIGA',HOUSE -WIFE',NO'
ALQ2504793',ರಂಗನಾಥ ಸಿ',ಚಲಪತಿ',3',23',ಗಂಡು',',SHETBALAJIGA',FARMER',NO'
ALQ1611862',ವೆಂಕಟಚಲಪತಿ',ಗೋವಿಂದಪ್ಪ',3',56',ಗಂಡು',',SHETBALAJIGA',FARMER',NO'
ALQ1611870',ಭಾಗ್ಯಮ್ಮ',ವೆಂಕಟಚಲಪತಿ',3',50',ಹೆಣ್ಣು',',DEATH',',NO'
ALQ3227055',ನಾಗರಾಜು',ಅಜ್ಜಪ್ಪ',',49',ಗಂಡು',',NAYAK',MESTHRI',NO'
ALQ3224532',ಲಕ್ಷ್ಮೀದೇವಿ ಎ',ಗಂಗಾಧರ ಪಿ',0',20',ಹೆಣ್ಣು',',',',NO'
ALQ2565778',ಹರೀಶ್ ಡಿ ಸಿ',ಡಿ ಚಿಕ್ಕಪ್ಪಯ್ಯ',4',39',ಗಂಡು',',SHETBALAJIGA',KOOLI',NO'
ALQ1877463',ಶಾರದಮ್ಮ',ಡಿ ಸಿ ಹರೀಶ್',4',34',ಹೆಣ್ಣು',',SHETBALAJIGA',FACTORY WORKER',NO'
ALQ0625301',ರವಿಕುಮಾರ್ ಸಿ ಎಸ್',ಶ್ರೀನಿವಾಸಮೂರ್ತಿ',4',32',ಗಂಡು',',SHETBALAJIGA',TRUCK-DRIVEER',NO'
ALQ0625798',ಶ್ರೀನಿವಾಸಮೂರ್ತಿ',ಗೋವಿಂದಪ್ಪ',4',58',ಗಂಡು',',SHETBALAJIGA',FARMER',NO'
ALQ3041555',ಮಂಜುಳ ಎಸ್',ಬೊಮ್ಮರಾಜು',4',51',ಹೆಣ್ಣು',YES',GOLLA',TAILOREE',NO'
ALQ3041563',ಸಿ ಬಿ ನವೀನ್ ಕುಮಾರ್',ಬೊಮ್ಮರಾಜು',4',32',ಗಂಡು',YES',GOLLA',PRIVATE JOB',NO'
ALQ2341329',ಜೆರೂಪ',ಸಿ ಎನ್ ಮಂಜುನಾಥ',4',29',ಹೆಣ್ಣು',',',',NO'
ALQ2215887',ಲಲಿತಮ್ಮ ಸಿ ಎಮ್',ರವಿಕುಮಾರ್ ಸಿ ಎಸ್',4',28',ಹೆಣ್ಣು',',GOLLA',HOUSE -WIFE',NO'
ALQ2103497',ಗಾಯತ್ರಿಸಿ ಎಸ್',ಸುಧಾಕರ್',5',28',ಹೆಣ್ಣು',',AGASARU',HOUSE -WIFE',NO'
ALQ2114130',ಸಿಎಸ್ ಮಂಜುನಾಥ',ಶ್ರೀನಿವಾಸಪ್ಪ',5',27',ಗಂಡು',',AGASARU',TRUCK-DRIVE5R',NO'
ALQ1611896',ಲಕ್ಷ್ಮಮ್ಮ',ವೆಂಕಟಸ್ವಾಮಿ',5',74',ಹೆಣ್ಣು',',AGASARU',AGED',NO'
ALQ1611904',ಶಾರದಮ್ಮ',ಶ್ರೀನಿವಾಸ',5',51',ಹೆಣ್ಣು',',AGASARU',FACTORY WORKER',NO'
ALQ1611912',ಸುನಂದಮ್ಮ',ನರಸಿಂಹ ಮೂರ್ತಿ',5',44',ಹೆಣ್ಣು',',AGASARU',FACTORY WORKER',NO'
MVJ4288734',ಮಂಜುಳ',ನರಸಿಂಹಮೂರ್ತಿ',5',40',ಹೆಣ್ಣು',YES',AGASARU',GARMENTS',NO'
ALQ2215879',ಗಾಯತ್ರಿಜಿ',ಮಂಜುನಾಥ ಸಿ ಎಸ್',5',28',ಹೆಣ್ಣು',',AGASARU',HOUSE -WIFE',NO'
ALQ0626069',ಸೀನಪ್ಪ',ಚಿಕ್ಕವೆಂಕಟರಾಯಪ್ಪ',6',80',ಗಂಡು',',DEATH',',NO'
ALQ0626184',ಗಂಗಮ್ಮ',ಸೀನಪ್ಪ',6',70',ಹೆಣ್ಣು',',AGASARU',SELF EMPLOYED',NO'
ALQ0625905',ಭಾಗ್ಯಮ್ಮ',ಚಿಕ್ಕವೆಂಕಟರಾಯತ',6',45',ಹೆಣ್ಣು',YES',AGASARU',KOOLI',NO'
MVJ4289310',ಜಯಲಕ್ಷ್ಮಮ್ಮ',ಸುಬ್ರಮಣಿ',6',39',ಹೆಣ್ಣು',',AGASARU',HOUSE -WIFE',NO'
ALQ3113412',ವೆಂಕಟೇಶ',ಸುಬ್ರಮಣ್ಯ',6',22',ಗಂಡು',',AGASARU',FORMING',NO'
ALQ2566610',ಸಿ ಕೆ ವಿಮಲಮ್ಮ',ಸಿ ಓ ಕೃಷ್ಣಪ್ಪ',8',24',ಹೆಣ್ಣು',YES',AGASARU',MARRIED',NO'
ALQ1611987',ಜಯಮ್ಮ',ಓಬಳಪ್ಪ',8',69',ಹೆಣ್ಣು',',AGASARU',AGED',NO'
ALQ1611995',ರತ್ನಮ್ಮ',ಕೃಷ್ಣಪ್ಪ',8',45',ಹೆಣ್ಣು',',AGASARU',HOUSE -WIFE',NO'
MVJ4288700',ಕೃಷ್ಣಪ್ಪ',ಓಬಳಪ್ಪ',8',45',ಗಂಡು',',AGASARU',FARMER',NO'
MVJ4288650',ಸಿ ಓ ನಾಗೇಶ್',ಓಬಳಪ್ಪ',8',34',ಗಂಡು',',AGASARU',FARMER',NO'
ALQ3052792',ಉಷಾ ವಿ',ವಿ ವಿ ಶ್ರೀನಿವಾಸ್',8',27',ಹೆಣ್ಣು',',AGASARU',HOUSE -WIFE',NO'
ALQ3056165',ಹರೀಶ',ಕೃಷ್ಣಪ್ಪ',8',23',ಗಂಡು',',AGASARU',UNEMPLOYE',NO'
ALQ3052800',ರಾಧಿಕಾ ಆರ್',ವೆಂಕಟೇಶ್',8',22',ಹೆಣ್ಣು',',',',NO'
ALQ2215903',ಗಾಯತ್ರಿಸಿ ಎಸ್',ಸುಧಾಕರ್',9',29',ಹೆಣ್ಣು',',AGASARU',HOUSE -WIFE',NO'
ALQ1612019',ನಾರಾಯಣಮ್ಮ',ನಾರಾಯಣಪ್ಪ',9',79',ಹೆಣ್ಣು',',AGASARU',AGED',NO'
ALQ2972719',ನಾಗರತ್ನಮ್ಮ',ಶ್ರೀನಿವಾಸಪ್ಪ',9',47',ಹೆಣ್ಣು',',AGASARU',FORMING',NO'
ALQ2114858',ಸುಧಾಕರ್ ಎನ್',ನರಸಿಂಹಮೂರ್ತಿ',9',36',ಗಂಡು',',AGASARU',TRUCK-DRIVER',NO'
ALQ3001476',ವೈ ಎನ್ ಗಾಯಿತ್ರಿ',ಸಿ ಎಸ್ ಗಜೇಂದ್ರಕುಮಾರ್',9',27',ಹೆಣ್ಣು',',AGASARU',HOUSE -WIFE',NO'
ALQ3001484',ಗಜೇಂದ್ರಕುಮಾರ್',ಶ್ರೀನಿವಾಸಪ್ಪ',9',26',ಗಂಡು',',AGASARU',CAAR-DRIVER',NO'
ALQ1612035',ರಾಮಕೃಷ್ಣಪ್ಪ',ಓಬಳಪ್ಪ',10',56',ಗಂಡು',',AGASARU',FARMER',NO'
ALQ1612043',ಗಂಗರಾಜಮ್ಮ',ರಾಮಕೃಷ್ಣಪ್ಪ',10',52',ಹೆಣ್ಣು',',AGASARU',HOUSE -WIFE',NO'
ALQ2149896',ಸುರೇಶ್ ಸಿ ಆರ್',ರಾಮಕೃಷ್ಣಪ್ಪ',10',26',ಗಂಡು',',AGASARU',FACTORY WORKER',NO'
ALQ2420503',ವೆಂಕಟೇಶ ಸಿ ಆರ್',ರಾಮಕೃಷ್ಣಪ್ಪ',10',24',ಗಂಡು',',AGASARU',FACTORY WORKER',NO'
ALQ3153715',ನಳಿನ ಸಿ ಎನ್',ನರಸಪ್ಪ',11',20',ಹೆಣ್ಣು',',GOLLA',HOUSE -WIFE',NO'
ALQ3196235',ನಿವೇದಿತಾ ಸಿಎಂ',ಲೇ ಮುನಿರಾಜು',11',20',ಹೆಣ್ಣು',YES',GOLLA',GARMENTS',NO'
MVJ4288783',ಗಂಗಾಧರಪ್ಪ',ಓಬಳಪ್ಪ',12',71',ಗಂಡು',',DEATH',',NO'
ALQ2093656',ಲಕ್ಷ್ಮೀ ಸಿಜಿ',ಮಂಜಣ್ಣ ಟಿ',12',34',ಹೆಣ್ಣು',',AGASARU',KOOLI',NO'
ALQ1612092',ಲಕ್ಷ್ಮಮ್ಮ',ರಾಮಯ್ಯ',13',79',ಹೆಣ್ಣು',',GOLLA',AGED',NO'
ALQ1612100',ನರಸಮ್ಮ',ಮಲ್ಲಪ್ಪ',13',44',ಹೆಣ್ಣು',',GOLLA',KOOLI',NO'
MVJ2372605',ಆರ್ ನಾಗರಾಜ',ರಾಮಯ್ಯ',13',41',ಗಂಡು',',GOLLA',TEMPO-DRIVER',NO'
MVJ2372969',ಸುಜಾತ',ಪಾಪಣ್ಮ',13',36',ಹೆಣ್ಣು',',GOLLA',KOOLI',NO'
ALQ1612126',ಶಾಂತಮ್ಮಸಿ ಎನ್',ಆರ್ ನಾಗರಾಜ್',13',30',ಹೆಣ್ಣು',',GOLLA',SMLL-SHOP-ANGANAVADI-FOOD-MAKER',NO'
ALQ1612134',ಪುಟ್ಟನರಸಮ್ಮ',ಚಿನ್ನಸ್ವಾಮಿ',14',74',ಹೆಣ್ಣು',',GOLLA',AGED',NO'
MVJ2372696',ರಂಗಮ್ಮ',ದೊಡ್ಡಾರಪ್ಪ',14',42',ಹೆಣ್ಣು',',GOLLA',HOUSE -WIFE',NO'
ALQ2972669',ಗುರುಮೂರ್ತಿ ಗೌಡ ಸಿಡಿ',ದೊಡ್ಡಾರಪ್ಪ',14',22',ಗಂಡು',',GOLLA',TRUCK-DRIVER',NO'
ALQ3181559',ವಿನೋದ್ ಕುಮಾರ್',ದೊಡ್ಡಯರ್ರಪ್ಪ',14',19',ಗಂಡು',',GOLLA',DRIVER',NO'
ALQ1612183',ಜಯಲಕ್ಷ್ಮಮ್ಮ',ಸಿ ಕೆ ರಾಮೇಗೌಡ',',66',ಹೆಣ್ಣು',',GOLLA',AGED',NO'
ALQ1612191',ಕಾಂತರಾಜು',ಸಿ ಕೆ ರಾಮೇಗೌಡ',16',46',ಗಂಡು',',GOLLA',FARMER',NO'
ALQ1612209',ಗಂಗರತ್ನಮ್ಮ',ಕಾಂತರಾಜು',16',40',ಹೆಣ್ಣು',',GOLLA',HOUSE -WIFE',NO'
ALQ3113826',ಲುಂಬಿನಿಶ್ ಯಾದವ್ ಎಸ್',ಶಾಮಣ್ಣ ಎನ್',16',22',ಗಂಡು',',GOLLA',',NO'
ALQ1612225',ಮುನಿನರಸಮ್ಮ',ನಡುಪಣ್ಣಯ್ಯ',18',74',ಹೆಣ್ಣು',',GOLLA',AGED',NO'
ALQ1612233',ಸಿ ಎನ್ ಮುನಿರಾಜು',ನಡುಪಣ್ಣಯ್ಯ',18',46',ಗಂಡು',',GOLLA',FARMER',NO'
MVJ4288775',ಸಿ ಎನ್ ಚಿನ್ನೇಗೌಡ',ನಡುಪಣ್ಣಯ್ಯ',18',42',ಗಂಡು',',GOLLA',BMTC-MACHAANIC',NO'
MVJ2372985',ಸಿ ಎನ್ ಶಂಕರಪ್ಪ',ನಡುಪಣ್ಣಯ್ಯ',18',40',ಗಂಡು',',GOLLA',KSSRTC-CONDUTOR',NO'
MVJ4288817',ಭಾಗ್ಯಮ್ಮ',ಸಿ ಎನ್ ಮುನಿರಾಶ',18',35',ಹೆಣ್ಣು',',GOLLA',HOUSE -WIFE',NO'
ALQ3224953',ರಾಧಮ್ಮ',ರಾಮಾಂಜಿನಪ್ಪ',18',31',ಹೆಣ್ಣು',',GOLLA',HOUSE -WIFE',NO'
ALQ2093714',ಮಂಜುಳ',ಚಿನ್ನೇಗೌಡ',18',28',ಹೆಣ್ಣು',',GOLLA',HOUSE -WIFE',NO'
ALQ3144953',ವಿನೋದ್',ಮುನಿಯಪ್ಪ',18',20',ಗಂಡು',YES',SC',PROVISION-STORE-WORK',NO'
ALQ0625889',ಮಲ್ಲಯ್ಯ',ಮೈಲಾರಪ್ಪ',19',69',ಗಂಡು',',GOLLA',FARMER',NO'
MVJ4288957',ಅಶ್ವಥಮ್ಮ',ಚಿಕ್ಕನಡುಪಣ್ಣಯ್ಯ',19',68',ಹೆಣ್ಣು',',GOLLA',HOME',NO'
MVJ4288965',ಲಕ್ಷ್ಮೀದೇವಮ್ಮ',ಮಲ್ಲಯ್ಯ',19',60',ಹೆಣ್ಣು',',GOLLA',HOUSE -WIFE',NO'
ALQ1612241',ಅಪ್ಪಯ್ಯಪ್ಪ',ಮೈಲಾರಪ್ಪ',19',59',ಗಂಡು',',GOLLA',FARMER',NO'
MVJ2374478',ರಮೇಶ',ಮಲ್ಲಯ್ಯ',19',40',ಗಂಡು',',GOLLA',FARMER',NO'
MVJ2373322',ಸಿ ಎಂ ನಾಗರಾಜು',ಮಲ್ಲಯ್ಯ',19',39',ಗಂಡು',',GOLLA',FARMER',NO'
ALQ1612258',ಲೀಲಾವತಿ',ರಮೇಶ್',19',35',ಹೆಣ್ಣು',YES',GOLLA',HOUSE -WIFE',NO'
ALQ0625491',ಕೃಷ್ಣಪ್ಪ ಸಿ ತಾಯಿಯ',ಅಶ್ವತಮ್ಮ',19',32',ಗಂಡು',',GOLLA',FARMER',NO'
ALQ2329068',ಬಿ ಮಮತ',ನಾಗರಾಜು ಸಿ ಎಮ',19',30',ಹೆಣ್ಣು',',GOLLA',HOUSE -WIFE',NO'
ALQ3113305',ಜಯಲಕ್ಷ್ಮಮ್ಮ',ನರಸಿಂಹಮೂರ್ತಿ',19',21',ಹೆಣ್ಣು',',DELETED',',NO'
ALQ1612274',ಲಕ್ಷ್ಮೀನರಸಿಂಹಪ್ಪ',ನರಸಿಂಹಯ್ಯ',20',74',ಗಂಡು',',GOLLA',FARMER',NO'
ALQ1612282',ನರಸಮ್ಮ',ಲಕ್ಷ್ಮೀನರಸಿಂಹಪ್ಪ',20',63',ಹೆಣ್ಣು',',GOLLA',HOUSE -WIFE',NO'
ALQ1613405',ಸಿಎಲ್ ನಾಗರಾಜು',ಲಕ್ಷ್ಮಿ ನರಸಪ್ಪ',20',39',ಗಂಡು',YES',GOLLA',GARMENTS',NO'
ALQ2148161',ಮಧು',ನಾಗರಾಜ್ ಸಿ ಎಲ್',20',34',ಹೆಣ್ಣು',YES',GOLLA',GARMENTS',NO'
ALQ0625392',ಮುನಿರಾಜು ಸಿ ಎಲ್',ಲಕ್ಷ್ಮಿ ನರಸಪ್ಪ',20',32',ಗಂಡು',',GOLLA',FARMER',NO'
ALQ2117679',ಸಿ ಎಲ್ ಲಕ್ಷ್ಮೀಪತಿ',ಲಕ್ಷ್ಮೀನರಸಪ್ಪ',20',27',ಗಂಡು',',GOLLA',FACTORY WORKER',NO'
ALQ3144938',ಲಕ್ಷ್ಮೀ ಸಿ ಎಲ್',ಲಕ್ಷ್ಮೀನರಸಪ್ಪ',20',23',ಹೆಣ್ಣು',',GOLLA',HOUSE -WIFE',NO'
ALQ1612308',ನರಸಿಂಹಮೂರ್ತಿ',ನರಸಿಂಹಪ್ಪ',21',46',ಗಂಡು',',GOLLA',FARMER',NO'
ALQ0626051',ಮಂಜುಳ',ನರಸಿಂಹಮೂರ್ತಿ',21',37',ಹೆಣ್ಣು',',GOLLA',HOUSE -WIFE',NO'
MVJ4288825',ಸಿ ಕೆ ಗಂಗರತ್ನಮ್ಮ',ಕೆಂಪಣ್ಣ',22',35',ಹೆಣ್ಣು',',GOLLA',FORMING',NO'
ALQ2093607',ನಾರಾಯಣಸ್ವಾಮಿ ಸಿ ಕೆ',ಕೃಷ್ಣಪ್ಪ',22',29',ಗಂಡು',',GOLLA',TRUCK-DRIVER',NO'
ALQ1612340',ಚಿಕ್ಕವೀರತಿಪ್ಪಯ್ಯ',ವೀರತಿಪ್ಪಯ್ಯ',3',58',ಗಂಡು',',GOLLA',FORMING',NO'
ALQ0625558',ಸಿ ವೆಂಕಟಲಕ್ಷ್ಮಮ್ಮ',ಚಿಕ್ಕವೀರತಿಪ್ಪಯ್ಯ',23',30',ಹೆಣ್ಣು',',GOLLA',HOME',NO'
ALQ2093557',ವೀರೇಶ್ ಬಾಬು',ಚಿಕ್ಕವೀರತಿಪ್ಪಯ್ಯ',23',29',ಗಂಡು',',GOLLA',KOOLI',NO'
ALQ3056157',ಶಕುಂತಕ ಎನ್',ವೀರೇಶ್ ಬಾಬು',3',27',ಹೆಣ್ಣು',',GOLLA',KOOLI',NO'
ALQ1612365',ಸಿ ಎಂ ನಾರಾಯಣಪ್ಪ',ಮೈಲಾರಪ್ಪ',25',51',ಗಂಡು',',GOLLA',FARMER',NO'
MVJ2374445',ಮಂಜುಳ',ಸಿ ಎಂ ನಾರಾಯಣಪ್ಪ',25',40',ಹೆಣ್ಣು',',GOLLA',HOUSE -WIFE',NO'
ALQ3213576',ಅಮೃತ ಸಿ ಎಂ',ನಾರಾಯಣಪ್ಪ ಸಿ ಎಂ',25',19',ಹೆಣ್ಣು',',GOLLA',HOME',NO'
ALQ1612381',ಚಿನ್ನಾಯಪ್ಪ',ವೀರತಿಪ್ಪಯ್ಯ',26',54',ಗಂಡು',',GOLLA',FARMER',NO'
ALQ1612399',ರತ್ನಮ್ಮ',ಚಿನ್ನಾಯಪ್ಪ',26',53',ಹೆಣ್ಣು',',GOLLA',ANGANAVDI-HELPER',NO'
ALQ2113157',ಸಿ ಗೋಪಿ',ಚಿನ್ನಯಪ್ಪ',26',27',ಗಂಡು',',GOLLA',GARMENTS',NO'
ALQ0626093',ನಾರಾಯಣಪ್ಪ',ಯಿತಿಪ್ಪಯ್ಯ',28',51',ಗಂಡು',',GOLLA',FARMER',NO'
ALQ1612415',ಸಿ ರಘುಪತಿ',ಯಿತಿಪ್ಪಯ್ಯ',28',45',ಗಂಡು',',GOLLA',FARMER',NO'
ALQ1612431',ಶಾಂತಮ್ಮ',ನಾರಾಯಣಪ್ಪ',28',44',ಹೆಣ್ಣು',',GOLLA',HOUSE -WIFE',NO'
ALQ1612423',ಹನುಮಕ್ಕ',ಯಿತಿಪ್ಪಯ್ಯ',28',44',ಹೆಣ್ಣು',',GOLLA',HOUSE -WIFE',NO'
ALQ2566636',ಮಂಜುಳ',ರಘುಪತಿ',28',30',ಹೆಣ್ಣು',',GOLLA',HOUSE -WIFE',NO'
ALQ3044104',ಶೋಭ ಸಿ ಹೆಚ್',ಹನುಮಪ್ಪ',28',21',ಹೆಣ್ಣು',',SC',KOOLI',NO'
ALQ1612464',ಸಿ ಜಿ ರಾಮಚಂದ್ರಪ್ಪ',ಗೋಪಾಲಸ್ವಾಮಿ ಗೌಡ',29',66',ಗಂಡು',',GOLLA',FARMER',NO'
ALQ1612472',ಮುನಿವೆಂಕಟಮ್ಮ',ಸಿ ಜಿ ರಾಮಚಂದ್ರ',29',50',ಹೆಣ್ಣು',',GOLLA',HOUSE -WIFE',NO'
MVJ2374460',ಸಿ ವೆಂಕಟೇಶ್',ಸಿ ಜಿ ರಾಮಚಂದ್ರಪ್ಪ',29',40',ಗಂಡು',YES',GOLLA',SECURITY',NO'
MVJ4288981',ಸಿ ಕೃಷ್ಣರಾಜು',ಸಿ ಜಿ ರಾಮಚಂದ್ರಪ್ಪ',9',34',ಗಂಡು',',GOLLA',TRUCK-DRVER',NO'
ALQ2093573',ಆಶಾ ಎಂ',ಸಿ ವೆಂಕಟೇಶ್',29',32',ಹೆಣ್ಣು',YES',GOLLA',HOUSE -WIFE',NO'
ALQ1612498',ಸತ್ಯನಾರಾಯಣಗೌಡ',ಜಿ ಗೋಪಾಲಸ್ವಾಮಿ ಗೌಡ',31',76',ಗಂಡು',',GOLLA',FARMER',NO'
ALQ1612506',ಭಾಗ್ಯಮ್ಮ',ಸತ್ಯನಾರಾಯಣ ಗೌಡ',31',64',ಹೆಣ್ಣು',',GOLLA',HOUSE -WIFE',NO'
MVJ3421096',ಆನಂದ್',ಸತ್ಯನಾರಾಯಣ',31',42',ಗಂಡು',YES',GOLLA',PRIVATE JOB',NO'
MVJ4212932',ಎನ್ ಮಂಜುಳ',ಸಿ ಎಸ್ ಆನಂದ',31',33',ಹೆಣ್ಣು',YES',GOLLA',HOUSE -WIFE',NO'
ALQ0625855',ವಿಮಲಮ್ಮ',ಸಿ ಜಿ ರಾಮಕೃಷ್ಣಪ್ಪ',32',66',ಹೆಣ್ಣು',',GOLLA',SMALL-SHOP',NO'
ALQ2093664',ನರಸಿಂಹಮೂರ್ತಿ',ಯರ್ರಪ್ಪ',32',45',ಗಂಡು',',DEATH',',NO'
ALQ2118883',ಲೀಲಾವತಿ ಸಿ ಆರ್',ನರಸಿಂಹಮೂರ್ತಿ',32',40',ಹೆಣ್ಣು',',GOLLA',SMALL-SHOP',NO'
MVJ2374510',ಆರ್ ಮಂಜುನಾಥ',ಸಿ ಜಿ ರಾಮಕೃಷ್ಣಪ್ಪ',32',37',ಗಂಡು',',GOLLA',FORMING',NO'
ALQ1612522',ಸಿ ಆರ್ ದಯಾನಂದ',ಸಿ ಜಿ ರಾಮಕೃಷ್ಣಪ್ಪ',32',34',ಗಂಡು',',GOLLA',FACTORY WORKER',NO'
ALQ2093821',ಮುತ್ತುಲಕ್ಷ್ಮಿ ಎಸ್',ಆರ್ ಮಂಜುನಾಥ',32',29',ಹೆಣ್ಣು',',GOLLA',FORMING',NO'
ALQ2566156',ಜ್ಯೋತಿ ವೈ ಎಸ್',ದಯಾನಂದ ಸಿ ಆರ್',32',24',ಹೆಣ್ಣು',',GOLLA',HOUSE -WIFE',NO'
ALQ1612530',ಸಿ ಮುನಿಸ್ವಾಮಿ',ಓಬಳಪ್ಪ',33',59',ಗಂಡು',',AGASARU',FARMER',NO'
ALQ1612548',ಲಕ್ಷ್ಮೀದೇವಮ್ಮ',ಸಿ ಮುನಿಸ್ವಾಮಿ',33',52',ಹೆಣ್ಣು',',AGASARU',HOUSE -WIFE',NO'
ALQ0625319',ಮಂಜುನಾಥ ಸಿಎಂ',ಮುನಿಸ್ವಾಮಿ',33',30',ಗಂಡು',',AGASARU',FACTORY WORKER',NO'
ALQ2566396',ಸಿಎಂರೋಜ',ಮಂಜುನಾಥ',33',23',ಹೆಣ್ಣು',',AGASARU',FACTORY WORKER',NO'
ALQ1612589',ಚೌಡಮ್ಮ',ನಂಜುಂಡಪ್ಪ',35',82',ಹೆಣ್ಣು',',GOLLA',AGED',NO'
ALQ1612597',ಯಿತಿಪ್ಪಯ್ಯ',ನಂಜುಂಡಪ್ಪ',35',54',ಗಂಡು',',GOLLA',FARMER',NO'
ALQ1612605',ಸುಶೀಲಮ್ಮ',ಯರ್ರತಿಪ್ಪಯ್ಯ',35',48',ಹೆಣ್ಣು',',GOLLA',HOUSE -WIFE',NO'
ALQ1612621',ಚಿಕ್ಕಪ್ಪಯ್ಯ',ಚಿಕ್ಕವೀರತಿಪ್ಪಯ್ಯ',36',59',ಗಂಡು',',GOLLA',FARMER',NO'
ALQ1612647',ಚಿನ್ನಮ್ಮಯ್ಯ',ಚಿಕ್ಕವೀರತಿಪ್ಪಯ್ಯ',36',44',ಹೆಣ್ಣು',',GOLLA',KOOLI',NO'
MVJ2374304',ಲಕ್ಷ್ಮೀದೇವಮ್ಮ',ಚಿಕ್ಕಪ್ಪಯ್ಯ',36',41',ಹೆಣ್ಣು',',GOLLA',KOOLI',NO'
ALQ1612654',ಸಿಎ ಸುರೇಶ',ಅಪ್ಪಯ್ಯಸ್ವಾಮಿ',37',42',ಗಂಡು',YES',GOLLA',POLICE',NO'
ALQ3114204',ವಿದ್ಯಾರಾಣಿ ಸಿ ಎಸ್',ಶ್ರೀನಿವಾಸಪ್ಪ',37',20',ಹೆಣ್ಣು',YES',AGASARU',MARRIED',NO'
ALQ1612746',ಸಿ ಜಿ ಚಿನ್ನಸ್ವಾಮಿ',ಗುರುಮೂರ್ತಿಗೆ',38',66',ಗಂಡು',YES',GOLLA',RE-BAANK-MANAGER',NO'
ALQ1612753',ರಾಧಾಮಣಿ ಎಸ್ ಆರ್',ಸಿಜಿ ಚಿನ್ನಸ್ವಾಮಿ',38',56',ಹೆಣ್ಣು',YES',GOLLA',HOUSE -WIFE',NO'
ALQ1612779',ಸಿಜಿ ರಾಮಸ್ವಾಮಿ',ಗುರುಮೂರ್ತಿಗೌಡ',38',52',ಗಂಡು',YES',GOLLA',ENIGINNER',NO'
ALQ1612696',ಸಿ ಜಿ ಜಗನ್ನಾಥ',ಸಿ ಗುರುಮೂರ್ತಿ ಗೌಡ',38',52',ಗಂಡು',',GOLLA',FARMER',NO'
ALQ1612712',ಸಿ ಜಿ ಮಂಜುನಾಥ',ಸಿ ಗುರುಮೂರ್ತಿ ಗೌಡ',38',46',ಗಂಡು',YES',GOLLA',TRUCK-DRIVER',NO'
MVJ2374494',ಪುಷ್ಟಾ',ಸಿ ಜಿ ಜಗನ್ನಾಥ್',38',43',ಹೆಣ್ಣು',',GOLLA',HOUSE -WIFE',NO'
ALQ1612738',ಎಂ ಮೀನಾಕ್ಷಿ',ಸಿ ಜಿ ರಾಮಸ್ವಾಮಿ',38',43',ಹೆಣ್ಣು',YES',GOLLA',HOUSE -WIFE',NO'
ALQ1612720',ಎಂ ಸಿ ರಾಧ',ಸಿ ಜಿ ಮಂಜುನಾಥ',38',37',ಹೆಣ್ಣು',YES',GOLLA',HOUSE -WIFE',NO'
ALQ1612761',ಮಾನಸ ಜೆ ಸಿ',ಸಿಜಿ ಚಿನ್ನಸ್ವಮಿ',38',33',ಹೆಣ್ಣು',YES',GOLLA',HOUSE -WIFE',NO'
ALQ1612795',ಸಿ ಆರ್ ವೆಂಕಟಾಚಲಪತಿ',ರಾಮಯ್ಯ',39',54',ಗಂಡು',',GOLLA',FARMER',NO'
ALQ1612803',ಶಾಂತಮ್ಮ',ಸಿ ಆರ್ ವೆಂಕಟಾಚಲಪತಿ',39',51',ಹೆಣ್ಣು',',GOLLA',HOUSE -WIFE',NO'
ALQ1612811',ರಾಮಕೃಷ್ಣಪ್ಪ',ಸಿದ್ದಪ್ಪ',39',40',ಗಂಡು',YES',GOLLA',FLOWER-MANDI',NO'
MVJ2374197',ಸಿ ವಿ ವಿನೋದ್ ಕುಮಾರ್',ಸಿ ಆರ್ ವೆಂಕಟಾಚಲಪತಿ',39',36',ಗಂಡು',YES',GOLLA',PRIVATE JOB',NO'
ALQ0625327',ನವೀನ್ ಕುಮಾರ್ ಸಿ ವಿ',ವೆಂಕಟಾಚಲಪತಿ ಸಿ ಆರ್',39',33',ಗಂಡು',',GOLLA',FACTORY WORKER',NO'
ALQ2378206',ಮಂಜುಳ ಜಿ ಎಮ್',ಸಿ ವಿ ನವೀನ್ ಕುಮಾರ್',39',29',ಹೆಣ್ಣು',',GOLLA',HOUSE -WIFE',NO'
ALQ2566099',ಲಕ್ಷ್ಮೀ ಎಂ',ವಿನೋದ್ ಕುಮಾರ',39',28',ಹೆಣ್ಣು',YES',GOLLA',NOT-IN-VILLAEG',NO'
ALQ1612829',ಸಿದ್ದಮ್ಮ',ಮುನಿಯಪ್ಪ',40',89',ಹೆಣ್ಣು',',GOLLA',AGED',NO'
ALQ1612837',ಸುಶೀಲಮ್ಮ',ಲಕ್ಷ್ಮೀನಾರಾಯಣ',40',52',ಹೆಣ್ಣು',',GOLLA',HOUSE -WIFE',NO'
ALQ2347995',ಅನಿತ ಲಕ್ಷ್ಮೀ',ಮಂಜುನಾಥ್',40',33',ಹೆಣ್ಣು',',GOLLA',HOUSE -WIFE',NO'
ALQ2471001',ಸಿ ಆರ್ ಗೋವರ್ದನ್',ವೈ ರಾಮಕೃಷ್ಣಯ್ಯ',40',25',ಗಂಡು',',GOLLA',PRIVATE JOB',NO'
ALQ3113479',ಮಮತ ಎ',ಬಾಬುಸಿ ಎಂ',40',22',ಹೆಣ್ಣು',',GOLLA',GARMENTS',NO'
ALQ1612886',ಮೋಟಪ್ಪ',ಯಿತಿಪ್ಪಯ್ಯ',41',89',ಗಂಡು',',GOLLA',AGED',NO'
ALQ1612894',ಬೊಮ್ಮಕ್ಕ',ಮೊಟಪ್ಪ',41',79',ಹೆಣ್ಣು',',GOLLA',AGED',NO'
MVJ2372761',ಸಿ ಎಮ್ ಮಂಜುನಾಥ',ಮೋಟಪ್ಪ',41',43',ಗಂಡು',',GOLLA',BMTC-DRIVER',NO'
MVJ2373264',ಶ್ರೀನಿವಾಸ',ಮೋಟಪ್ಪ',2 : 41',40',ಗಂಡು',',GOLLA',FARMER',NO'
MVJ2374262',ಲಲಿತಮ್ಮ',ವಿಶ್ವನಾಥ',41',40',ಹೆಣ್ಣು',',GOLLA',HOUSE -WIFE',NO'
ALQ1611839',ಭಾಗ್ಯಮ್ಮ',ಶ್ರೀನಿವಾಸ',41',32',ಹೆಣ್ಣು',',GOLLA',HOUSE -WIFE',NO'
ALQ3113529',ನವೀನ್ ಕುಮಾರ್ ಸಿ',ಚಲಪತಿ',: 41',20',ಗಂಡು',',GOLLA',OWN-TRUCK',NO'
MVJ4289203',ಗಂಗಮ್ಮ',ಯಿತಿಪ್ಪಯ್ಯ',43',75',ಹೆಣ್ಣು',',DEATH',',NO'
MVJ4288742',ಸಿದ್ದಗಂಗಮ್ಮ',ರಂಗಪ್ಪ',43',43',ಹೆಣ್ಣು',',GOLLA',KOOLI',NO'
MVJ2372910',ಮಾಲತಿ',ನರಸಪ್ಪ',43',41',ಹೆಣ್ಣು',',GOLLA',FORMING',NO'
ALQ0625665',ಲಕ್ಷ್ಮಮ್ಮ',ಗಂಗಾಧರಪ್ಪ',43',37',ಹೆಣ್ಣು',',GOLLA',FORMING',NO'
ALQ3010097',ಜ್ಯೋತಿ ಆರ್',ರಂಗಪ್ಪ',43',26',ಹೆಣ್ಣು',',GOLLA',HOME',YES'
ALQ3196169',ಶೈಲಜ ಸಿ ವಿ',ವೀರತಿಪ್ಪಯ್ಯ',43',22',ಹೆಣ್ಣು',',GOLLA',STUDENT',NO'
ALQ3114774',ಶಶಿ ಕುಮಾರ್ ಸಿ ಆರ್',ರಂಗಪ್ಪ',43',20',ಗಂಡು',',DEATH',',NO'
ALQ3196201',ಚೈತ್ರಸಿ ವಿ',ವೀರತಿಪ್ಪಯ್ಯ',43',19',ಹೆಣ್ಣು',',',',NO'
MVJ2372944',ನಾರಾಯಣಮ್ಮ',ಮುನಿಶಾಮಪ್ಪ',44',84',ಹೆಣ್ಣು',',DEATH',',NO'
MVJ2372886',ಯಶೋಧಮ್ಮ',ಸಿ ಎಂ ನರಸಿಂಹ ಮೂರ್ತಿ',44',46',ಹೆಣ್ಣು',',GOLLA',HOUSE -WIFE',NO'
MVJ2374007',ಸಿ ಎಂ ನಾಗರಾಜ',ಮುನಿಶಾಮಪ್ಪ',44',45',ಗಂಡು',',GOLLA',CAB-DRIVER',NO'
ALQ0625335',ಟಿ ಡಿ ಮಂಜುಳಾ',ಸಿ ಎಂ ನಾಗರಾಜ',44',34',ಹೆಣ್ಣು',',GOLLA',KOOLI',NO'
ALQ2566602',ಲಕ್ಷ್ಮೀಪತಿ ಸಿ ಎನ್',ನರಸಿಂಹಮೂರ್ತಿ ಸಿ',44',23',ಗಂಡು',YES',GOLLA',ENGINNER',NO'
ALQ3113842',ಕಾರ್ತಿಕ ಸಿ ಎನ್',ನರಸಿಂಹಮೂರ್ತಿ ಎಂ',44',20',ಗಂಡು',YES',GOLLA',POLICE',NO'
MVJ2373272',ನರಸಯ್ಯ',ನರಸಿಂಹಯ್ಯ',45',56',ಗಂಡು',',GOLLA',SECURITY',NO'
ALQ1612944',ಜಯಮ್ಮ',ಸಿ ಎನ್ ನರಸಯ್ಯ',45',46',ಹೆಣ್ಣು',',GOLLA',HOUSE -WIFE',NO'
MVJ2373041',ಕೆ ಎನ್ ಭಾಗ್ಯಮ್ಮ',ಪಾಪಣ್ಮ',45',38',ಹೆಣ್ಣು',',GOLLA',KOOLI',NO'
ALQ2149797',ನವೀನ್ ಬಾಬು ಸಿ ಎನ್',ನರಸಯ್ಯ',45',27',ಗಂಡು',',GOLLA',LAWYER',NO'
ALQ2566644',ನವೀನ್ ಬಾಬು ಸಿ ಎನ್',ನರಸಯ್ಯಸಿ ಎನ್',45',27',ಗಂಡು',',REPATED',',NO'
ALQ2565786',ನರಸಿಂಹಮೂರ್ತಿ ಸಿ ಎನ್',ನರಸಯ್ಯ',45',24',ಗಂಡು',',GOLLA',FARMER',NO'
ALQ2566065',ಲಲಿತಮ್ಮ',ನಾರಾಯಣಸ್ವಾಮಿ',46',75',ಹೆಣ್ಣು',YES',GOLLA',FORMING',NO'
MVJ2373744',ನಾರಾಯಣಸ್ವಾಮಿ ಎನ್',ನರಸಿಂಹಯ್ಯ',46',62',ಗಂಡು',YES',GOLLA',REPOTER',NO'
ALQ2504801',ಸರೋಜಮ್ಮ',ನರಸೀಯಪ್ಪಸಿ ಎನ್',46',52',ಹೆಣ್ಣು',YES',GOLLA',HOUSE -WIFE',NO'
ALQ2566107',ಗಾಯಿತ್ರಿಮ್ಮ',ನಾರಾಯಣಸ್ವಾಮಿ',46',49',ಹೆಣ್ಣು',YES',GOLLA',FORMING',NO'
ALQ2093797',ಎನ್ ಶೋಭಾರಾಣಿ',ಎನ್ ನಾರಾಯಣಸ್ವಾಮಿ',46',34',ಹೆಣ್ಣು',YES',GOLLA',',NO'
ALQ2093805',ಎನ್ ಸೌಮ್ಯ ರಾಣಿ',ಎನ್ ನಾರಾಯಣಸ್ವಾಮಿ',46',32',ಹೆಣ್ಣು',YES',GOLLA',',NO'
ALQ2093813',ಸಂಧ್ಯಾರಾಣಿ ಎನ್',ಎನ್ ನಾರಾಯಣಸ್ವಾಮಿ',46',29',ಹೆಣ್ಣು',YES',GOLLA',',NO'
ALQ2504819',ಲೋಕೇಶ್ ಬಾಬುಸಿ ಎನ್',ನರಸೀಯಪ್ಪಸಿ ಎನ್',46',26',ಗಂಡು',',GOLLA',UNEMPLOYED',NO'
ALQ2504785',ನರಸಿಂಹಮೂರ್ತಿ ಸಿ ಎಸ್',ಶ್ರೀನಿವಾಸಪ್ಪ',46',24',ಗಂಡು',',GOLLA',PRIVATE JOB',NO'
ALQ2504843',ನರಸೀಯಪ್ಪ ಸಿ ಎನ್',ನರಸಿಂಹಯ್ಯ',46',23',ಗಂಡು',',GOLLA',FARMER',NO'
ALQ1612969',ಚಿಕ್ಕಕದಿರಮ್ಮ',ಸಂಜೀವಪ್ಪ',47',69',ಹೆಣ್ಣು',',GOLLA',HOUSE -WIFE',NO'
ALQ1612977',ಶೀನಪ್ಪ',ಸಂಜೀವಪ್ಪ',47',50',ಗಂಡು',',GOLLA',FARMER',NO'
ALQ1612993',ರಂಗನಾಥ',ಸಂಜೀವಪ್ಪ',47',45',ಗಂಡು',',DEATH',',NO'
ALQ1612985',ರಂಗಮ್ಮ',ಸೀನಪ್ಪ',47',45',ಹೆಣ್ಣು',',GOLLA',',NO'
MVJ2374395',ರಾಧಮ್ಮ',ರಂಗನಾಥ',47',39',ಹೆಣ್ಣು',',GOLLA',KOOLI',NO'
ALQ3113982',ಲೋಕೇಶ್ ಸಿ ಎನ್',ನರಸಿಂಹಮೂರ್ತಿ',47',21',ಗಂಡು',',GOLLA',PRIVATE JOB',NO'
ALQ1613017',ನರಸಿಂಹಮೂರ್ತಿ',ಪಾಪಣ್ಣ',48',45',ಗಂಡು',',GOLLA',SMALL-SHOP',NO'
ALQ3181526',ಶಿವ',ಸಾಮಭೋಜಿರಾವ',48',39',ಗಂಡು',',PENDDING',AAYURVEDIK-DOCUTOR',NO'
ALQ0625806',ಎಲ್ ಲಕ್ಷ್ಮೀನರಸಮ್ಮ',ಸಿ ಪಿ ನರಸಿಂಹಮೂರ್ತಿ',48',36',ಹೆಣ್ಣು',',GOLLA',SMALL-SHOP',NO'
ALQ3181625',ಶಿವಾನಿ',ಶಿವ',48',33',ಹೆಣ್ಣು',',PENDING',HOUSE -WIFE',NO'
ALQ3113610',ವಿಶಾಲ್ ಕುಮಾರ್ ಸಿ ಜಿ',ಗಂಗಾಧರಪ್ಪ',48',20',ಗಂಡು',',GOLLA',STUDENT',NO'
ALQ1613058',ವಿಜಯಮ್ಮ',ಅಶ್ವಥಪ್ಪ',49',54',ಹೆಣ್ಣು',',GOLLA',KOOLI-',NO'
ALQ1613066',ಸಿ ಎ ನಾರಾಯಣಸ್ವಾಮಿ',ಅಶ್ವತಪ್ಪ',49',32',ಗಂಡು',',GOLLA',SECURITY',NO'
ALQ3113495',ನಾಗಮಣಿ',ನಾರಾಯಣಸ್ವಾಮಿ',49',26',ಹೆಣ್ಣು',',GOLLA',HOUSE -WIFE',NO'
ALQ2565745',ನವೀನ್ ಕುಮಾರ್ ಸಿ ಎ',ಅಶ್ವತ್ಥಪ್ಪ',49',3',ಗಂಡು',',GOLLA',SMALL-SHOP',NO'
ALQ1613082',ಬೊಮ್ಮಕ್ಕ',ಅಕ್ಕುಲಪ್ಪ',51',89',ಹೆಣ್ಣು',',DEATH',',NO'
ALQ1613090',ವೀರತಿಪ್ಪಯ್ಯ',ಅಕ್ಕುಲಪ್ಪ',51',54',ಗಂಡು',',GOLLA',FARMER',NO'
ALQ1613108',ರಮೇಶ',ಅಕ್ಕುಲಪ್ಪ',51',45',ಗಂಡು',',GOLLA',FARMER',NO'
MVJ2374171',ಗಾಯಿತ್ರಮ್ಮ',ವೀರತಿಪ್ಪಯ್ಯ',51',41',ಹೆಣ್ಣು',',GOLLA',SMALL-SHOP',NO'
MVJ2374072',ಮಂಜಳ',ರಮೇಶ',51',37',ಹೆಣ್ಣು',',GOLLA',FARMER',NO'
ALQ1613124',ಚೌಡಪ್ಪ',ಮುಕ್ಕುಡಪ್ಪ',52',79',ಗಂಡು',',GOLLA',AGED',NO'
ALQ1613132',ರಂಗಮ್ಮ',ಚೌಡಪ್ಪ',52',72',ಹೆಣ್ಣು',',GOLLA',AGED',NO'
ALQ0626168',ಅಶ್ವಥನಾರಾಯಣ',ಚೌಡಪ್ಪ',52',42',ಗಂಡು',',GOLLA',FARMER',NO'
MVJ2373496',ಲಲಿತಮ್ಮ',ವೀರತಿಪ್ಪಯ್ಯ',52',39',ಹೆಣ್ಣು',',GOLLA',DAIRY WORKER',NO'
MVJ2373488',ಮಂಜುಳಮ್ಮ',ಅಶ್ವಥ ನಾರಾಯಣ',52',39',ಹೆಣ್ಣು',',GOLLA',HOUSE -WIFE',NO'
ALQ1611920',ಶ್ರೀನಿವಾಸ',ವೆಂಕಟಸ್ವಾಮಿ',5ಎ',54',ಗಂಡು',',AGASARU',FARMER',NO'
ALQ0625418',ನರಸಿಂಹಮೂರ್ತಿ',ವೆಂಕಟಸ್ವಾಮಿ',5ಬಿ',34',ಗಂಡು',',AGASARU',TRUCK-DRIVER',NO'
ALQ1613157',ಸುಬ್ಬೇಗೌಡ',ಮುಕ್ಕುಡಪ್ಪ',53',59',ಗಂಡು',',GOLLA',SMALL-SHOP',NO'
ALQ1613165',ರಂಗಮ್ಮ',ಸುಬ್ಬೇಗೌಡ',53',48',ಹೆಣ್ಣು',',GOLLA',HOUSE -WIFE',NO'
ALQ2093599',ಸಿ ಎಸ್ ಮುನಿರಾಜು',ಸುಬ್ಬೇಗೌಡ',53',29',ಗಂಡು',',GOLLA',GARMENTS',NO'
ALQ3001450',ಮಂಜುಳ ಹೆಚ್',ಮುನಿರಾಜು ಸಿ ಎಸ್',53',26',ಹೆಣ್ಣು',',GOLLA',HOUSE -WIFE',NO'
ALQ1613173',ತಿಪ್ಪಕ್ಕ',ಚಿಕ್ಕನರಸಿಂಹಯ್ಯ',54',84',ಹೆಣ್ಣು',',GOLLA',AGED\\',NO'
MVJ4288692',ನಂಜೇಗೌಡ',ಚಿಕ್ಕನರಸಿಂಹಯ್ಯ',54',46',ಗಂಡು',',GOLLA',SECURITY',NO'
ALQ2471019',ಜಯಲಕ್ಷ್ಮೀ',ನಂಜೇಗೌಡ',54',36',ಹೆಣ್ಣು',',GOLLA',HOUSE -WIFE',NO'
ALQ2471035',ನಾಗವೇಣಿ ಸಿ ಕೆ',ಕೃಷ್ಣಪ್ಪ',54',24',ಹೆಣ್ಣು',YES',GOLLA',NOT-IN-VILLAGE',NO'
ALQ0625780',ಜಯಮ್ಮ',ಚಿಕ್ಕಗುರುಮಣ್ಣ',55',54',ಹೆಣ್ಣು',',GOLLA',FORMING',NO'
ALQ0625533',ಗಾಯಿತ್ರಮ್ಮ',ಚಿಕ್ಕನರಸಿಂಹಯ್ಯ ಎನ್',55',31',ಹೆಣ್ಣು',',GOLLA',HOUSE -WIFE',NO'
ALQ2117216',ಸಿ ಜಿ ಮಂಜುನಾಥ',ಚಿಕ್ಕಾಗುರುಮಣ್ಣ',55',27',ಗಂಡು',',GOLLA',TRUCK-DRIVER',NO'
ALQ1613181',ಯಿತಿಪ್ಪೆಗೌಡ',ಯಿತಿಪ್ಪಯ್ಯ',56',74',ಗಂಡು',',DEATH',',NO'
ALQ1613199',ರಾಮಾಂಜಿನಮ್ಮ',ಯಿತಿಪ್ಪೆ ಗೌಡ',56',64',ಹೆಣ್ಣು',',GOLLA',SMALL-SHOP',NO'
ALQ1613207',ವಿಜಯಕುಮಾರ್',ಯಿತಿಪ್ಪೆಗೌಡ',56',44',ಗಂಡು',',DEATH',',NO'
MVJ2374148',ವೈ ರವಿಕುಮಾರ್',ಯರ್ರತಿಪ್ಪೇಗೌಡ',56',40',ಗಂಡು',',GOLLA',SMALL-SHOP',NO'
ALQ2093789',ಲಕ್ಷ್ಮೀದೇವಿ',ವಿಜಯಕುಮಾರ್',56',32',ಹೆಣ್ಣು',',GOLLA',KOOLI',NO'
ALQ2972750',ರೂಪ',ರವಿ ಕುಮಾರ್',56',30',ಹೆಣ್ಣು',',GOLLA',HOUSE -WIFE',NO'
ALQ1613215',ಲಕ್ಷ್ಮೀನರಸಪ್ಪ',ನರಸಿಂಹಯ್ಯ',57',66',ಗಂಡು',',GOLLA',FARMER',NO'
ALQ1613231',ಅಕ್ಕಾಯಮ್ಮ',ಲಕ್ಷ್ಮೀನರಸಪ್ಪ',57',54',ಹೆಣ್ಣು',',GOLLA',HOUSE -WIFE',NO'
ALQ1613249',ಚಿಕ್ಕಮ್ಮಯ್ಯ',ನಂಜೇ ಗೌಡ',58',69',ಹೆಣ್ಣು',',GOLLA',FORMING',NO'
MVJ2374585',ಸಿ ಎನ್ ಚಿನ್ನಸ್ವಾಮಿ',ನಂಜೇಗೌಡ',58',41',ಗಂಡು',YES',GOLLA',LAAWYER',NO'
ALQ0625756',ತಿಮ್ಮಕ್ಕ',ಸಿ ಎನ್ ನರಸಿಂಹ ಮೂರ್ತಿ',59',56',ಹೆಣ್ಣು',',GOLLA',FORMING',NO'
MVJ2372811',ಸಿ ವಿ ರವಿಕುಮಾರ್',ಸಿ ಎನ್ ನರಸಿಂಹಮೂರ್ತಿ',59',36',ಗಂಡು',',GOLLA',FARMER',NO'
ALQ0625350',ಸಿ ಎನ್ ಪಾಪಣ್ಣ',ಸಿ ಎನ್ ನರಸಿಂಹಮೂರ್ತಿ',59',33',ಗಂಡು',',GOLLA',AUTO-DRIVER',NO'
ALQ2374817',ವಮ್ ಇಂದ್ರಮ್ಮ',ರವಿ ಕುಮಾರ್',59',29',ಹೆಣ್ಣು',',GOLLA',HOUSE -WIFE',NO'
MVJ2373587',ನರಸಿಂಹಮೂರ್ತಿ',ಲಕ್ಷ್ಮೀನರಸಪ್ಪ',60',39',ಗಂಡು',',GOLLA',KOOLI',NO'
MVJ2373520',ನಾಗೇಶ್\u200c ಸಿ ಎಲ್',ಲಕ್ಷ್ಮೀನರಸಪ್ಪ',60',36',ಗಂಡು',',GOLLA',FARMER',NO'
ALQ2148187',ಕೆ ಸಿ ಸುಮಾ',',60',29',ಹೆಣ್ಣು',',GOLLA',HOUSE -WIFE',NO'
ALQ2566149',ಪವಿತ್ರ ಕೆ ವಿ',ನಾಗೇಶ',60',25',ಹೆಣ್ಣು',',GOLLA',HOUSE -WIFE',NO'
ALQ1613314',ಕೆ ಎನ್ ನರಸಿಂಹ ಮೂರ್ತಿ',ನರಸಿಂಹಯ್ಯ',61',59',ಗಂಡು',',GOLLA',FARMER',NO'
ALQ1613322',ಅಶ್ವಥಮ್ಮ',ಸಿ ಎನ್ ನರಸಿಂಹ ಮೂರ್ತಿ',61',54',ಹೆಣ್ಣು',',GOLLA',HOUSE -WIFE',NO'
ALQ2566370',ನಯನ ಸಿ ಎನ್',ನರಸಿಂಹಮೂರ್ತಿ',61',25',ಹೆಣ್ಣು',YES',GOLLA',MARRIED',NO'
ALQ3056140',ಬಾಲಕೃಷ್ಣ ಸಿ ಎನ್',ನರಸಿಂಹಮೂರ್ತಿ',61',22',ಗಂಡು',',GOLLA',STUDENT',NO'
ALQ1613330',ಎನ್ ನರಸಿಂಹಯ್ಯ',ನರಸಿಂಹಯ್ಯ',62',62',ಗಂಡು',',GOLLA',AGED',NO'
MVJ2374429',ಸಿ ಎನ್ ಶಿವಕುಮಾರ್',ಎನ್ ನರಸಿಂಹಯ',62',37',ಗಂಡು',',GOLLA',KOOLI',NO'
ALQ1613348',ಸುಮಾದೇವಿ',ಸಿ ಎನ್ ಶಿವಕುಮಾ',62',35',ಹೆಣ್ಣು',',GOLLA',KOOLI',NO'
ALQ1613363',ಸಿ ಎನ್ ಮಂಜುನಾಥ',ಎನ್ ನರಸಿಂಹಯ್ಯ',62',35',ಗಂಡು',YES',GOLLA',PRIVATE JOB',NO'
ALQ1613355',ನರೇಂದ್ರ ಸಿ ಎನ್',ನರಸಿಂಹಯ್ಯ ಎನ್',62',32',ಗಂಡು',YES',GOLLA',TEMPEL-WORK',NO'
ALQ0626010',ಚಿಕ್ಕವೆಂಕಟರಾಯಪ್ಪ',ಶೀನಪ್ಪ',6ಎ',48',ಗಂಡು',',AGASARU',KSRTC-DEPO-HELPER',NO'
ALQ1611938',ಸುಬ್ರಹ್ಮಣ್ಯ',ಶೀನಪ್ಪ',6ಬಿ',42',ಗಂಡು',',AGASARU',FARMER',NO'
ALQ1613371',ಲಕ್ಷ್ಮೀನರಸಪ್ಪ',ನರಸಿಂಹಯ್ಯ',63',56',ಗಂಡು',',GOLLA',FARMER',NO'
ALQ1613389',ಸಾವಿತ್ರಮ್ಮ',ಲಕ್ಷ್ಮೀನರಸಪ್ಪ',63',53',ಹೆಣ್ಣು',',GOLLA',FORMING',NO'
ALQ1613397',ನಾಗರಾಜ್ ಸಿ ಎಲ್',ಲಕ್ಷ್ಮೀನರಸಪ್ಪ',63',31',ಗಂಡು',',GOLLA',FORMING',NO'
ALQ1613421',ಮುನಿರತ್ನಮ್ಮ',ಚಲಪತಿ',64',46',ಹೆಣ್ಣು',',GOLLA',AGED',NO'
ALQ0625996',ನಾರಾಯಣಮ್ಮ',ನರಸಪ್ಪ ಆರ್',66',70',ಹೆಣ್ಣು',',GOLLA',AGED',NO'
MVJ2373850',ನಾರಾಯಣಮ್ಮ',ನರಸಿಂಹಮೂರ್ತಿ',66',43',ಹೆಣ್ಣು',',GOLLA',KOOLI',NO'
ALQ2149847',ಶಿಲ್ಪ ಸಿ ಎಲ್',ಲಕ್ಷ್ಮೀನರಸಪ್ಪ',66',26',ಹೆಣ್ಣು',YES',GOLLA',MARRIED',NO'
ALQ3153897',ಶಶಿಕುಮಾರ್ ಸಿ ಎನ್',ನರಸಿಂಹಮೂರ್ತಿ',66',21',ಗಂಡು',YES',GOLLA',BEEAKARY-WORK',NO'
ALQ3113628',ನಿಶಾಂತ್ ಸಿ ಎಸ್',ಶ್ರೀನಿವಾಸ',66',20',ಗಂಡು',',GOLLA',FARMER',NO'
ALQ0626119',ಅಶ್ವಥಮ್ಮ',ಅರಸಪ್ಪ',67',67',ಹೆಣ್ಣು',',GOLLA',FORMING',NO'
MVJ4288684',ಸಿ ಎ ಪ್ರಸನ್ನಕುಮಾರ್',ಲೇ ಅರಸಪ್ಪ',67',35',ಗಂಡು',',GOLLA',TRUCK-DRIVER',NO'
ALQ2093581',ಸಿ ಎ ಲಕ್ಷ್ಮೀಪತಿ ',ಅಶ್ವಥಮ್ಮ',67',29',ಗಂಡು',',GOLLA',KOOLI',NO'
ALQ2148153',ಶಿವಕುಮಾರ್',ಅಶ್ವತಮ್ಮ',67',27',ಗಂಡು',',GOLLA',TRUCK-DRIVER',NO'
ALQ1613454',ರಾಮಾಂಜಿನಮ್ಮ',ದೊಡ್ಡನರಸಿಂಹಯ',68',79',ಹೆಣ್ಣು',',GOLLA',AGED',NO'
ALQ1613462',ನ್ಯಾತಪ್ಪ',ದೊಡ್ಡನರಸಿಂಹಯ್ಯ',68',42',ಗಂಡು',',GOLLA',KOOLI',NO'
ALQ0625525',ನಾಗಲಕ್ಷ್ಮಿ',ಸ್ವಾತಪ್ಪ',68',33',ಹೆಣ್ಣು',',GOLLA',HOUSE -WIFE',NO'
ALQ2148179',ಸಿದ್ದಗಂಗಮ್ಮ',ಅಶ್ವತಮ್ಮ',68',31',ಹೆಣ್ಣು',YES',GOLLA',MARRIED',NO'
ALQ1613488',ಪಾಪಣ್ಣ',ನ್ಯಾತಯ್ಯ',69',82',ಗಂಡು',',GOLLA',AAGD',NO'
MVJ2373694',ಗಂಗಮ್ಮ',ಲಕ್ಷ್ಮೀನರಸಪ್ಪ',69',49',ಹೆಣ್ಣು',',GOLLA',KOOLI',NO'
MVJ2373512',ನರಸಿಂಹಮೂರ್ತಿ',ಪಾಪಣ್ಣ',69',40',ಗಂಡು',',GOLLA',KOOLI',NO'
MVJ2373801',ನಾಗರತ್ನಮ್ಮ',ಸಿ ಪಿ ನರಸಿಂಹಮೂರ್ತಿ',69',36',ಹೆಣ್ಣು',',GOLLA',HOUSE -WIFE',NO'
ALQ2149789',ನಾಗವೇಣಿ',ಲಕ್ಷ್ಮೀನರಸಪ್ಪ',69',26',ಹೆಣ್ಣು',YES',GOLLA',MARRIED',NO'
ALQ2566388',ಗಜೇಂದ್ರ ಸಿ ಆರ್',ರಂಗಧಾಮಪ್ಪ',69',24',ಗಂಡು',',GOLLA',PRIVATE JOB',NO'
ALQ1613496',ರಂಗಧಾಮಪ್ಪ',ಗಂಗಪ್ಪ',70',50',ಗಂಡು',',GOLLA',KOOLI',NO'
ALQ0626028',ಅನುಸೂಯಮ್ಮ',ರಂಗಧಾಮಪ್ಪ',70',34',ಹೆಣ್ಣು',',GOLLA',KOOLI',NO'
ALQ1613504',ನಾರಾಯಣಮ್ಮ',ಅಶ್ವಥಪ್ಪ',71',64',ಹೆಣ್ಣು',',GOLLA',FORMONG',NO'
ALQ0625673',ನಾಗರಾಜಪ್ಪ',ಆರ್ ರಾಮಕೃಷ್ಣಪ್ಪ',71',37',ಗಂಡು',',GOLLA',KOOLI',NO'
ALQ0625475',ರಂಗಮ್ಮ',ನಾಗರಾಜಪ್ಪ',71',36',ಹೆಣ್ಣು',',GOLLA',KOOLI',NO'
MVJ4289062',ಸಿ ಎನ್ ನರಸಿಂಹ ಮೂರ್ತಿ',ಆರ್ ನರಸಿಂಹಪ್ಪ',72',61',ಗಂಡು',',GOLLA',FORMING',NO'
ALQ0625541',ಚಂದ್ರಿಕಾ',ಸಿ ಎನ್ ನರಸಿಂಹಮೂರ್ತಿ',72',51',ಹೆಣ್ಣು',',GOLLA',KOOLI',NO'
ALQ0625442',ಲಕ್ಷ್ಮಿ ಸಿ ಎನ್',ಸಿ ಎನ್ ಚಂದ್ರ',72',31',ಹೆಣ್ಣು',',GOLLA',KOOLI',NO'
ALQ2103893',ಅನಿತಾ ಸಿ ಎನ್',ನರಸಿಂಹಮೂರ್ತಿ',72',28',ಹೆಣ್ಣು',YES',GOLLA',MARRIE',NO'
ALQ3001518',ಲಕ್ಷ್ಮೀಪತಿ ಎನ್',ಸಿ ಎನ್ ನರಸಿಂಹಮೂರ್ತಿ',72',24',ಗಂಡು',YES',GOLLA',PRIVATE JOB',NO'
ALQ0626143',ಬಾಬುವಿ',ವೆಂಕಟ ಸ್ವಾಮಿ',7',32',ಗಂಡು',YES',SHETBALAJIGA',PRIVATE JOB',NO'
ALQ1613512',ನರಸೇಗೌಡ',ನರಸಿಂಹಪ್ಪ',73',49',ಗಂಡು',',GOLLA',FARMER',NO'
ALQ1613520',ಲಕ್ಷ್ಮೀನರಸಮ್ಮ',ನರಸೇಗೌಡ',73',46',ಹೆಣ್ಣು',',GOLLA',HOUSE -WIFE',NO'
ALQ2113330',ಸಿಎನ್ ನವೀನಕುಮಾರ್',ನರಸೇಗೌಡ',73',27',ಗಂಡು',',GOLLA',TRUCK-DRIVER',NO'
ALQ2471027',ಶೈಲಜ ಸಿ ಎನ್',ನರಸೇಗೌಡ',73',24',ಹೆಣ್ಣು',YES',GOLLA',MARRIED',NO'
ALQ1613538',ನಾರಾಯಣಪ್ಪ',ಬೊಮ್ಮಯ್ಯ',74',67',ಗಂಡು',',GOLLA',FARMER',NO'
ALQ1613546',ಮುನಿರತ್ನಮ್ಮ',ನಾರಾಯಣಪ್ಪ',74',57',ಹೆಣ್ಣು',',GOLLA',HOUSE -WIFE',NO'
MVJ3420817',ಶಿವರಾಜ್ ಸಿ ಎನ್',ನಾರಾಯಣಪ್ಪ',74',36',ಗಂಡು',',GOLLA',PVT-BUS-DRIVER',NO'
ALQ1613561',ಲಕ್ಷ್ಮೀ ದೇವಮ್ಮ',ಶಿವರಾಜ್',74',32',ಹೆಣ್ಣು',',GOLLA',HOUSE -WIFE',NO'
ALQ1613553',ಸಿ ಎನ್ ಮುನೇಂದ್ರಕುಮಾರ್',ನಾರಾಯಣಪ್ಪ',74',30',ಗಂಡು',',GOLLA',FARMER',NO'
ALQ2149854',ಹೆಚ್ ಪವಿತ್ರ',ಎನ್ ಮುನೇಂದ್ರ ಕುಮಾರ್',74',29',ಹೆಣ್ಣು',',GOLLA',HOUSE -WIFE',NO'
ALQ2149862',ಬೊಮ್ಮರಾಜು ಸಿ ಎನ್',ನಾರಾಯಣಪ್ಪ',74',26',ಗಂಡು',',GOLLA',PAAINTER-MESTHRI\\',NO'
ALQ3166923',ಸೌಮ್ಯ',ಬೊಮ್ಮರಾಜು',74',20',ಹೆಣ್ಣು',',GOLLA',HOUSE -WIFE',NO'
ALQ1613579',ನಾರಾಯಣಪ್ಪ',ಮುಕ್ಕುಡಪ್ಪ',75',62',ಗಂಡು',',GOLLA',FORMING',NO'
ALQ1613587',ರತ್ನಮ್ಮ',ನಾರಾಯಣಪ್ಪ',75',57',ಹೆಣ್ಣು',',GOLLA',FARMER',NO'
ALQ2093623',ಎನ್ ಶ್ರೀನಿವಾಸ',ನರಸಪ್ಪ',75',40',ಗಂಡು',YES',GOLLA',KOOLI',NO'
ALQ2093631',ಎನ್ ಲಕ್ಷ್ಮೀದೇವಮ್ಮ',ಶ್ರೀನಿವಾಸ',75',34',ಹೆಣ್ಣು',YES',GOLLA',KOOLI',NO'
ALQ1613595',ಎನ್ ರಾಮಚಂದ್ರ',ನಾರಾಯಣಪ್ಪ',75',33',ಗಂಡು',',GOLLA',TRUCK-DRIVER',NO'
ALQ1613603',ಸಿ ಎಲ್ ಲಕ್ಷ್ಮಿತ ಪತಿ',ನಾರಾಯಣಪ್ಪ',75',30',ಗಂಡು',YES',GOLLA',TRUCK-DRIVEER',NO'
MVJ3420569',ಎನ್ ಲಕ್ಷ್ಮೀನರಸಪ್ಪ',ಸಿ ನರಸಯ್ಯ',76',76',ಗಂಡು',',GOLLA',RE-TACHER',NO'
MVJ2374536',ಸಿ ಎನ್ ಬೈಯಮ್ಮ',ಎನ್ ಲಕ್ಷ್ಮೀನರಸಪ್ಪ',76',63',ಹೆಣ್ಣು',',GOLLA',HOUSE -WIFE',NO'
MVJ2374502',ಸಿ ಎಲ್ ವೇಣುಗೋಪಾಲ',ಎನ್ ಲಕ್ಷ್ಮೀನರಸನ',76',45',ಗಂಡು',YES',GOLLA',GOVT-TEACHER',NO'
MVJ4289005',ಸಿ ಎಲ್ ಯಶೋಧರ',ಎನ್ ಲಕ್ಷ್ಮೀನರಸ',76',39',ಗಂಡು',YES',GOLLA',ENGINNER',NO'
ALQ1877430',ಅರ್ಚನ ಟಿ ಎನ್',ಸಿ ಎಲ್ ವೇಣುಗೋಪಾಲ',76',35',ಹೆಣ್ಣು',YES',GOLLA',HOUSE -WIFE',NO'
ALQ0625400',ಸಿ ಎಲ್ ಸುಧೀಂದ್ರ',ಎನ್ ಲಕ್ಷ್ಮಿನರಸಪ್ಪ',76',32',ಗಂಡು',',GOLLA',HOME',YES'
ALQ3113487',ಸಾವಿತ್ರಾ ಪಾಟೀಲ',ಸಿ ಎಲ್ ಯಶೋಧ',76',30',ಹೆಣ್ಣು',YES',GOLLA',HOUSE -WIFE',NO'
ALQ2149821',ಸುಷ್ಮಸಿ ಎಲ್',ಲಕ್ಷ್ಮೀನರಸಪ್ಪ',76',26',ಹೆಣ್ಣು',YES',GOLLA',STUDENT',NO'
ALQ1613611',ನರಸಿಂಹಮೂರ್ತಿ',ನರಸಿಂಹಪ್ಪ',77',77',ಗಂಡು',',GOLLA',FARMER',NO'
ALQ1613629',ನರಸಮ್ಮ',ನರಸಿಂಹ ಮೂರ್ತಿ',77',71',ಹೆಣ್ಣು',',GOLLA',HOUSE -WIFE',NO'
ALQ0070292',ಲಕ್ಷ್ಮೀಕಾಂತ',ನರಸಿಂಹ ಮೂರ್ತಿ',77',39',ಗಂಡು',',GOLLA',TRUCK-DRIVER',NO'
ALQ1877448',ಶಶಿಕಲಾ ಜಿ ಹೆಚ್',ಲಕ್ಷ್ಮೀಕಾಂತ್',77',37',ಹೆಣ್ಣು',',GOLLA',HOUSE -WIFE',NO'
MVJ2372746',ಚಿಕ್ಕನರಸಿಂಹಯ್ಯ ಎನ್',ನರಸಿಂಹಮೂರ್ತಿ',77',36',ಗಂಡು',',GOLLA',TRUCK-DRIVER',NO'
MVJ4288890',ಸಿ ಎನ್ ಮಂಜುನಾಥ್',ನರಸಿಂಹಮೂರ್ತಿ ಸಿ ಎನ್',77',34',ಗಂಡು',',GOLLA',FARMER',NO'
ALQ2093763',ಸಿ ಎನ್ ನವೀನ್ ಕುಮಾರ್',ಸಿ ಎನ್ ನರಸಿಂಹಮೂರ್ತಿ',77',29',ಗಂಡು',',GOLLA',FARMER',NO'
ALQ2378602',ಚಂದ್ರಶೇಖರ್ ಸಿ',ಚಿಕ್ಕವೀರತಿಪ್ಪಯ್ಯ',77',26',ಗಂಡು',',GOLLA',PRIVATE JOB',NO'
MVJ4289120',ಲಕ್ಷ್ಮೀದೇವಮ್ಮ',ಚಿಕ್ಕಮುತ್ತಪ್ಪ',78',35',ಹೆಣ್ಣು',',GOLLA',HOUSE -WIFE',NO'
MVJ2373330',ಪುಟ್ಟಪ್ಪ',ನರಸಿಂಹಪ್ಪ',79',52',ಗಂಡು',',GOLLA',FARMER',NO'
ALQ1613652',ಪಾಪಕ್ಕ',ಪುಟ್ಟಪ್ಪ',79',50',ಹೆಣ್ಣು',',DEATH',',NO'
ALQ1613660',ನಾಗಲಕ್ಷ್ಮಮ್ಮ',ಪಾಪಣ್ಣ',79',41',ಹೆಣ್ಣು',',GOLLA',FARMER',NO'
MVJ4288916',ಸಿ ಪಿ ಕೃಷ್ಣಮೂರ್ತಿ',ಸಿ ಎನ್ ಪುಟ್ಟಪ್ಪ',79',35',ಗಂಡು',YES',GOLLA',GARMENTS',NO'
ALQ3113834',ಮುತ್ತೇಗೌಡ ಪಿ',ಪಾಪಣ್ಣ',79',20',ಗಂಡು',',DEATH',',NO'
ALQ1613678',ಮುತ್ತನರಸಮ್ಮ',ಯಿತಿಪ್ಪಯ್ಯ',80',64',ಹೆಣ್ಣು',',GOLLA',FARMER',NO'
ALQ0625749',ವಿಜಯ್ ಕುಮಾರ್ ಸಿ ವೈ',ಯಿತಿಪ್ಪಯ್ಯ',80',30',ಗಂಡು',',GOLLA',KOOLI',NO'
ALQ2149904',ನರಸೇಗೌಡ',ಯರ್ರತಿಪ್ಪಯ್ಯ',80',25',ಗಂಡು',',GOLLA',KOOLI',NO'
ALQ1613694',ನಾರಾಯಣಮ್ಮ',ಸಿ ವಿ ಮುನಿಯಪ್ಪ',81',54',ಹೆಣ್ಣು',',GOLLA',FARMER',NO'
ALQ0625426',ಸಿ ಎಂ ನರಸಿಂಹಮೂರ್ತಿ',ಸಿ ವಿ ಮುನಿಯಪ್ಪ',81',33',ಗಂಡು',',GOLLA',FARMER',NO'
ALQ1613710',ನರಸಮ್ಮ',ರಾಮಕೃಷ್ಣಪ್ಪ',82',56',ಹೆಣ್ಣು',',DEATH',',NO'
ALQ1613751',ಗಂಗರತ್ನಮ್ಮ',ನಾರಾಯಣಪ್ಪ',83',51',ಹೆಣ್ಣು',',GOLLA',HOME',NO'
ALQ2093755',ಸಿ ಎನ್ ಆನಂದ',ನಾರಾಯಣಪ್ಪ ಸಿ',83',29',ಗಂಡು',YES',GOLLA',PRIVATE JOB',NO'
ALQ2149839',ಮಂಜುನಾಥ ಎನ್',ನಾರಾಯಣಪ್ಪ',83',26',ಗಂಡು',',GOLLA',PRIVATE JOB',NO'
MVJ2373983',ಸರೋಜಮ್ಮ',ಚಿಕ್ಕಮುನಿಯಪ್ಪ',84',45',ಹೆಣ್ಣು',',GOLLA',KOOLI',NO'
MVJ2373728',ಮುನಿಯಮ್ಮ',ಆನಂದಪ್ಪ',84',40',ಹೆಣ್ಣು',',GOLLA',FORMING',NO'
ALQ1613785',ಲಕ್ಷ್ಮೀನರಸಮ್ಮ',ದೊಡ್ಡ ಓಬಳಪ್ಪ',85',64',ಹೆಣ್ಣು',',SC',FORMING',NO'
ALQ1613793',ಮುನಿಯಪ್ಪ',ಓಬಳಪ್ಪ',85',56',ಗಂಡು',',DEATH',',NO'
ALQ1613801',ಆಂಜಿನಮ್ಮ',ಮುನಿಯಪ್ಪ',85',49',ಹೆಣ್ಣು',',SC',FORMING',NO'
MVJ4288791',ರತ್ನಮ್ಮ',ನಾರಾಯಣಪ್ಪ',85',42',ಹೆಣ್ಣು',',SC',HOUSE -WIFE',NO'
MVJ2373025',ಗಂಗರತ್ನಮ್ಮ',ರಮೇಶ್',85',36',ಹೆಣ್ಣು',',SC',HOUSE -WIFE',NO'
ALQ2149805',ಶಾರದಮ್ಮ ಸಿ ಓ',ಓಬಳಪ್ಪ',85',26',ಹೆಣ್ಣು',',SC',STUDENT',NO'
ALQ3114790',ಮಂಜುನಾಥ ಸಿಎಂ',ಮುನಿಯಪ್ಪ',85',24',ಗಂಡು',',SC',SECURITY',NO'
ALQ1613835',ಓಬಳಮ್ಮ',ಹನುಮಂತಪ್ಪ',86',89',ಹೆಣ್ಣು',',SC',AGED',NO'
ALQ1613843',ಕದಿರಪ್ಪ',ಹನುಮಂತಪ್ಪ',86',64',ಗಂಡು',',SC',FARMER',NO'
ALQ1613850',ಲಕ್ಷ್ಮಮ್ಮ',ಕದಿರಪ್ಪ',86',53',ಹೆಣ್ಣು',',SC',HOUSE -WIFE',NO'
ALQ2112548',ಮಂಜುನಾಥ ಕೆ',ಕಾಧಿರಪ್ಪ',86',27',ಗಂಡು',',SC',CORPAINTER',NO'
ALQ3001468',ರವಿಕುಮಾರ್ ಕೆ',ಕದಿರಪ್ಪ',86',25',ಗಂಡು',',SC',SECURITY',NO'
ALQ3153889',ಶಿಲ್ಪಾ',ಮಂಜುನಾಥ',86',24',ಹೆಣ್ಣು',',SC',HOUSE -WIFE',NO'
MVJ2374551',ನರಸಪ್ಪ',ರಾಮಪ್ಪ',87',68',ಗಂಡು',',SC',AGED',NO'
ALQ3010436',ನಡುಪಣ್ಣ ಸಿ ಆರ್',ರಾಮಯ್ಯ',87',67',ಗಂಡು',YES',SC',PRIVATE JOB',NO'
MVJ2373058',ರಮೇಶ್',ನರಸಪ್ಪ',87',40',ಗಂಡು',',SC',FARMER',NO'
MVJ2373033',ಮದ್ದೂರಮ್ಮ',ಓಬಳಪ್ಪ',87',39',ಹೆಣ್ಣು',',SC',AGED',NO'
ALQ0626176',ಗಂಗಮ್ಮ',ಮೂಸಪ್ಪ',88',69',ಹೆಣ್ಣು',',SC',FORMING',NO'
ALQ0625509',ಎಂ ಮುನಿರಾಜು',ಮೂಸಪ್ಪ',88',32',ಗಂಡು',',SC',PVT-TEAACHER',NO'
MVJ3420296',ನಾರಾಯಣಮ್ಮ',ಓಬಳಪ್ಪ',89',74',ಹೆಣ್ಣು',',SC',AGD',NO'
ALQ1613892',ಹೊನ್ನಮ್ಮ',ಗಂಗಪ್ಪ',90',64',ಹೆಣ್ಣು',',SC',FORMING',NO'
ALQ0625608',ಓಭಳೇಶ್',ಮದ್ದೂರಪ್ಪ',90',38',ಗಂಡು',',SC',TRUCK-DRIVER',NO'
MVJ4289161',ಜಿ ಮುನಿರಾಜು',ಗಂಗಪ್ಪ',90',35',ಗಂಡು',',SC',KOOLI',NO'
ALQ0625731',ಮಂಜುಳಾ',ಜಿ ಮುನಿರಾಜು',90',32',ಹೆಣ್ಣು',',SC',KOOLI',NO'
ALQ1877356',ವಿಮಲಮ್ಮ',ಓಬಳೇಶಪ್ಪ',90',31',ಹೆಣ್ಣು',',SC',KOOLI',NO'
ALQ2566081',ನಾರಾಯಣಸ್ವಾಮಿ',ಗಂಗಪ್ಪ',90',24',ಗಂಡು',YES',SC',2-MACHAANIC',YES'
ALQ1613918',ಓಬಳಮ್ಮ',ಹನುಮಂತಪ್ಪ',91',84',ಹೆಣ್ಣು',',SC',FORMING',NO'
ALQ3067261',ಸಿ ಆರ್ ರಾಮಯ್ಯ',ಅಂಜಿನಪ್ಪ',91',64',ಗಂಡು',',DEATH',',NO'
ALQ3213519',ನಾಗಮಣಿ ಎಂ',ಲೇಟ್ ರಾಮಾಂಜಿನಪ್ಪ',91',24',ಹೆಣ್ಣು',',',',NO'
ALQ2566628',ಕೆಎಲ್ ಗಾಯಿತ್ರಿ',ಗಂಗರಾಜು',92',24',ಹೆಣ್ಣು',',',',NO'
ALQ1613959',ಮುನಿಯಪ್ಪ',ಅಪ್ಪಯ್ಯಪ್ಪ',93',50',ಗಂಡು',',SC',FARMER',NO'
ALQ3010394',ರವಿಕುಮಾರ್\u200c ಜಿ ಎ',ಅಂಜಿನಪ್ಪ',93',29',ಗಂಡು',YES',SC',NOT-IN-VILLAGE',NO'
ALQ2111029',ಸಿ ಎಮ್ ಲಲಿತ',ರವಿಕುಮಾರ್ ಜಿ ಎ',93',27',ಹೆಣ್ಣು',',SC',KOOLI',NO'
ALQ1613975',ಮುನಿಯಪ್ಪ',ಕಾಟಪ್ಪ',94',52',ಗಂಡು',',SC',FARMER',NO'
ALQ1613983',ನರಸಮ್ಮ',ಮುನಿಯಪ್ಪ',94',46',ಹೆಣ್ಣು',',SC',HOUSE -WIFE',NO'
ALQ2359735',ಮೋಹನ್ ಸಿ ಎಮ್',ಮುನಿಯಪ್ಪ',94',27',ಗಂಡು',',SC',KOOLI',NO'
ALQ3001492',ಅನುಶಿತ ಎಂ',ಮೋಹನ್ ಸಿ ಎಂ',94',26',ಹೆಣ್ಣು',',SC',KOOLI',NO'
ALQ1613991',ಕೃಷ್ಣಪ್ಪ',ಅಪ್ಪಯ್ಯಪ್ಪ',95',48',ಗಂಡು',',SC',KOOLI',NO'
ALQ1614007',ನಾಗಮ್ಮ',ಕೃಷ್ಣಪ್ಪ',95',46',ಹೆಣ್ಣು',',SC',HOUSE -WIFE',NO'
ALQ3114543',ಗೀತ',ನಾಗೇಶ್',95',25',ಹೆಣ್ಣು',YES',SC',',NO'
ALQ3113578',ಮುನಿರಾಜು ಸಿ ಕೆ',ಕೃಷ್ಣಪ್ಪ',95',23',ಗಂಡು',',SC',FARMER',NO'
ALQ3114436',ಗೀತಾ ಸಿ ಕೆ',ಕೃಷ್ಣಪ್ಪ',95',21',ಹೆಣ್ಣು',',REPETED',',NO'
ALQ1614015',ನಾರಾಯಣಪ್ಪ',ಕಾಟಪ್ಪ',96',50',ಗಂಡು',',SC',FARMER',NO'
ALQ1614023',ನರಸಮ್ಮ',ನಾರಾಯಣಪ್ಪ',96',47',ಹೆಣ್ಣು',',SC',HOUSE -WIFE',NO'
ALQ2359834',ಮುನಿಓಬಳಪ್ಪ',ನಾರಾಯಣಪ್ಪ',96',34',ಗಂಡು',',SC',KOOLI',NO'
ALQ3010071',ಸಿ ಎಮ್ ಸುಧಾ',ಮುನಿ ಓಬಳಪ್ಪ',96',24',ಹೆಣ್ಣು',',SC',HOUSE -WIFE',NO'
ALQ1614056',ನ್ಯಾತಮ್ಮ',ಕುಂಟಪ್ಪ',100',89',ಹೆಣ್ಣು',',SC',AGED',NO'
ALQ1614064',ನರಸಿಂಹಮೂರ್ತಿ',ಕುಂಟಪ್ಪ',100',48',ಗಂಡು',',SC',FARMER',NO'
ALQ1614072',ರಂಗಪ್ಪ',ಕುಂಟಪ್ಪ',100',46',ಗಂಡು',',SC',FARMER',NO'
ALQ0625616',ಅನಸೂಯಮ್ಮ',ರಂಗಪ್ಪ',100',41',ಹೆಣ್ಣು',',SC',HOUSE -WIFE',NO'
ALQ0625657',ಶೋಭಾ',ನರಸಿಂಹಮೂರ್ತಿ',100',40',ಹೆಣ್ಣು',',SC',HOUSE -WIFE',NO'
ALQ3113958',ನಾರಾಯಣಸ್ವಾಮಿ ಸಿ ಎನ್',ನರಸಿಂಹಮೂರ್ತಿ',100',20',ಗಂಡು',',SC',GARMENTS',NO'
ALQ3114501',ಸಾಗರ್\u200c ಸಿ ಆರ್',ರಂಗಪ್ಪ',100',20',ಗಂಡು',YES',SC',',NO'
ALQ1614080',ರಾಮಪ್ಪ',ದೇಖಪ್ಪ',101',84',ಗಂಡು',',SC',AGED',NO'
ALQ1614098',ಮುತ್ತಕ್ಕ',ರಾಮಪ್ಪ',101',79',ಹೆಣ್ಣು',',SC',AGED',NO'
ALQ1614106',ಲಕ್ಷ್ಮಮ್ಮ',ಲಕ್ಷ್ಮೀನರಸಪ್ಪ',101',47',ಹೆಣ್ಣು',',SC',KOOLI',NO'
ALQ1614148',ಓಬಮ್ಮ',ಓಬಳಪ್ಪ',102',74',ಹೆಣ್ಣು',',DEATH',',NO'
ALQ1614155',ನಾರಾಯಣಮ್ಮ',ಹೋಬಳಪ್ಪ',102',54',ಹೆಣ್ಣು',',SC',KOOLI',NO'
ALQ2566651',ಶಿವಕುಮಾರ್ ಸಿಒ',ಒಬಳಪ್ಪ',102',26',ಗಂಡು',',SC',GARMENTS',NO'
ALQ1614189',ನಾರಾಯಣಮ್ಮ',ಮುನಿಯಪ್ಪ',103',47',ಹೆಣ್ಣು',',SC',FARMER',NO'
ALQ1614197',ಸಿ ಓ ಗಂಗರಾಜು',ಓಬಳಪ್ಪ',103',33',ಗಂಡು',',SC',FARMER',NO'
ALQ2477636',ಲಕ್ಕಿ ಎಂ',ಗಂಗರಾಜು',103',27',ಹೆಣ್ಣು',',SC',HOUSE -WIFE',NO'
ALQ1614213',ಮುನಿನರಸಮ್ಮ',ಚಿಕ್ಕಬಿಡ್ಡಪ್ಪ',104',74',ಹೆಣ್ಣು',',SC',AGED',NO'
ALQ0069427',ಪಿಳ್ಳಪ್ಪ',ಚಿಕ್ಕಬಿಡ್ಡಪ್ಪ',104',45',ಗಂಡು',YES',SC',FARMER',NO'
MVJ2372688',ನಾಗೇಶ್',ಚಿಕ್ಕಬಡ್ಡಪ್ಪ',104',39',ಗಂಡು',',DEATH',',NO'
MVJ4289179',ಸರೋಜಮ್ಮ',ನಾಗೇಶ್',104',35',ಹೆಣ್ಣು',',SC',KOOLI',NO'
ALQ3213568',ಪ್ರೇಮ ಸಿ ಪಿ',ಪಿಳ್ಳಪ್ಪ',104',19',ಹೆಣ್ಣು',YES',SC',STUDENT',NO'
ALQ1614262',ಗಂಗಮ್ಮ',ರಾಮಾಂಜಿನಪ್ಪ',105',40',ಹೆಣ್ಣು',',SC',KOOLI',NO'
ALQ2377505',ಓಬಳೇಶಪ್ಪ',ರಾಮಾಂಜಿನಪ್ಪ',105',29',ಗಂಡು',',SC',KOOLI',NO'
ALQ1614270',ಹೋಬಳಪ್ಪ',ದೊಡ್ಡಮದ್ದೂರಪ್ಪ',106',69',ಗಂಡು',',DEATH',',NO'
ALQ1614288',ಮುನಿಯಮ್ಮ',ಓಭಳಪ್ಪ',106',64',ಹೆಣ್ಣು',',SC',AGED',NO'
ALQ3213543',ನರಸಿಂಹಮೂರ್ತಿ ಸಿ ಆರ್',ರಾಮಾಂಜಿನಪ್ಪ',106',25',ಗಂಡು',YES',SC',GARMENTS',NO'
ALQ0625947',ದಾಸಮ್ಮ',ರಾಮಪ್ಪ',107',72',ಹೆಣ್ಣು',',SC',AGED',NO'
ALQ1614296',ನಾರಾಯಣಮ್ಮ',ಹೋಬಳಪ್ಪ',107',50',ಹೆಣ್ಣು',',SC',KOOLI',NO'
MVJ4289260',ಗಂಗಪ್ಪ',ರಾಮಪ್ಪ',107',40',ಗಂಡು',',SC',FARMER',NO'
MVJ4289245',ಗಂಗಮ್ಮ',ಗಂಗಪ್ಪ',107',36',ಹೆಣ್ಣು',',SC',HOUSE -WIFE',NO'
MVJ4289096',ಸಿ ಅರ್ ಮುನಿಯಪ್ಪ',ರಾಮಪ್ಪ',107',3',ಗಂಡು',',SC',FARMER',NO'
ALQ3113511',ಸುಮಿತ್ರಸಿ ಎಂ',ಮುನಿಯಪ್ಪ',107',20',ಹೆಣ್ಣು',',SC',GARMENTS',NO'
ALQ1614312',ಮುನಿಯಪ್ಪ',ಬುಡ್ಡಪ್ಪ',108',94',ಗಂಡು',',DEATH',',NO'
ALQ1614338',ರತ್ನಮ್ಮ',ಓಬಳಪ್ಪ',108',49',ಹೆಣ್ಣು',',SC',FARMER',NO'
ALQ3010410',ಗಂಗರಾಜು',ಮುನಿಯಪ್ಪ',108',42',ಗಂಡು',YES',',',NO'
ALQ3113404',ಸತೀಶ ಸಿಒ',ಓಬಳಪ್ಪ',108',24',ಗಂಡು',',SC',GARMENTS',NO'
ALQ3067279',ಓಂ ಪ್ರಕಾಶ್',ಗಂಗರಾಜು',108',22',ಗಂಡು',',',',NO'
ALQ3113933',ರೂಪ ಸಿಒ',ಓಬಳಪ್ಪ',108',20',ಹೆಣ್ಣು',YES',',',NO'
ALQ1614361',ಹೋಬಳಮ್ಮ',ಪಿಳ್ಳಪ್ಪ',109',69',ಹೆಣ್ಣು',',SC',AGED',NO'
ALQ2093730',ನಾರಾಯಣಪ್ಪ',ಪಿಳ್ಳಪ್ಪ',109',38',ಗಂಡು',',SC',KOOLI',NO'
ALQ2093748',ನಾರಾಯಣಮ್ಮ',ನಾರಾಯಣಪ್ಪ',109',33',ಹೆಣ್ಣು',',SC',GARMENTS',NO'
ALQ1614379',ಸಿ ಪಿ ಮಂಜುನಾಥ್',ಪಿಳ್ಳಪ್ಪ',109',33',ಗಂಡು',',SC',HOTEL WORK',NO'
ALQ0626085',ಪೂಜಮ್ಮ',ಓಬಳಪ್ಪ',109',31',ಹೆಣ್ಣು',',SC',FARMER',NO'
ALQ1614387',ಗಂಗರತ್ನಮ್ಮ',ಪಿಳ್ಳಪ್ಪ',109',30',ಹೆಣ್ಣು',YES',',',NO'
ALQ3010105',ಸಿ ದೇವಿ',ಮುನಿಯಪ್ಪ ಸಿ ಆರ',109',28',: ಹೆಣ್ಣು',',',',NO'
ALQ3113503',ಧನಲಕ್ಷ್ಮೀ ವಿ',ಮಂಜುನಾಥ ಸಿ ಪಿ',109',24',ಹೆಣ್ಣು',YES',',',NO'
ALQ2972768',ಶಿಲ್ಪ ಸಿ ಪಿ',ಪಿಳ್ಳಪ್ಪ',109',24',ಹೆಣ್ಣು',',SC',STUDENT',NO'
ALQ0625822',ಹನುಮಪ್ಪ',ದೊಡ್ಡಚೆನ್ನಪ್ಪ',110',56',ಗಂಡು',',SC',KOOLI',NO'
ALQ0625624',ಯಲ್ಲಮ್ಮ',ಹನುಮಂತಪ್ಪ',110',35',ಹೆಣ್ಣು',',SC',KOOLI',NO'
ALQ3213972',ಮಂಜುನಾತ ಸಿ ಹೆಚ್',ಹನುಮಂತಪ್ಪ ತಂದ',110',24',ಗಂಡು',',SC',STUDENT',NO'
ALQ3181591',ಮಂಜುನಾಥ ಸಿ ಹೆಚ್',ಹನುಮಂತಪ್ಪ',110',19',ಗಂಡು',',REPETED',',NO'
ALQ1614411',ರೂಪಮ್ಮ',ಹೋಬಳಪ್ಪ',111',46',ಹೆಣ್ಣು',',SC',KOOLI',NO'
ALQ2335131',ಎಂ ಶಶಿ ಕುಮಾರ್',ಮುನಿಓಬಳಪ್ಪ',111',27',ಗಂಡು',',SC',KOOLI',NO'
ALQ2354629',ರತ್ನಮ್ಮ',ಅಪ್ಪಾಯಪ್ಪ',111',26',ಹೆಣ್ಣು',',SC',KOOLI',NO'
ALQ0625988',ನಾರಾಯಣಪ್ಪ',ಅಪ್ಪಯ್ಯಪ್ಪ',112',44',ಗಂಡು',',SC',KOOLI',NO'
ALQ0625954',ಮುನಿಯಮ್ಮ',ನಾರಾಯಣಪ್ಪ',112',33',ಹೆಣ್ಣು',',DEATH',',NO'
ALQ1877422',ಸಿ ಎನ್ ಮುನಿರಾಜು',ನಾರಾಯಣಪ್ಪ',112',29',ಗಂಡು',',SC',KOOLI',NO'
ALQ2149870',ಮಂಜುಳಮ್ಮ ಸಿ ಎನ್',ನಾರಾಯಣಪ್ಪ',112',26',ಹೆಣ್ಣು',YES',',',NO'
ALQ1612076',ನರಸಪ್ಪ',ತೆಂ ನಾರಾಯಣಪ',11ಬಿ',49',ಗಂಡು',',GOLLA',FARMER',NO'
MVJ2372712',ನಾಗರತ್ನಮ್ಮ',ನರಸಪ್ಪ',11ಬಿ',43',ಹೆಣ್ಣು',',GOLLA',HOUSE -WIFE',NO'
ALQ3067253',ಗೋಪಿ ಸಿ ಎನ್',ನರಸಪ್ಪ',11ಬಿ',23',ಗಂಡು',',GOLLA',FACTORY WORKER',NO'
ALQ3213535',ನರಸಿಂಹಮೂರ್ತಿ ಸಿ ಎನ್',ನರಸಪ್ಪ',11ಬಿ',22',ಗಂಡು',',GOLLA',PRIVATE JOB',NO'
MVJ2372845',ಸಿ ಎನ್ ಮಂಜುನಾಥ',ತೆ ನಾರಾಯಣಪ್ಪ',11ಸಿ',43',ಗಂಡು',',GOLLA',SECURITY',NO'
MVJ2372860',ಲಕ್ಷ್ಮೀದೇವಮ್ಮ',ಸಿ ಎನ್ ಮಂಜುನಾಥ',11ಸಿ',42',ಹೆಣ್ಣು',',GOLLA',KURI',NO'
ALQ2972727',ಮೋಹನ್ ಕುಮಾರ್ ಸಿಎಂ',ಮಂಜುನಾಥ',11ಸಿ',22',ಗಂಡು',',GOLLA',LARY DRIVER',NO'
ALQ1614437',ಚಿಕ್ಕಹನುಮಂತಪ್ಪ',ಅಂಜಿನಪ್ಪ',113',69',ಗಂಡು',',SC',KOOLI',NO'
MVJ4288973',ಸತ್ಯನಾರಾಯಣಮ್ಮ',ಚಿಕ್ಕಹನುಮಂತಪ್ಪ',113',65',ಹೆಣ್ಣು',',SC',HOUSE -WIFE',NO'
ALQ1614445',ಆನಂದ ಸಿ',ಚಿಕ್ಕಹನುಮಂತಪ್ಪ',113',31',ಗಂಡು',YES',SC',PRIVATE JOB',NO'
ALQ3010089',ಗಂಗರಾಜು ಸಿ',ಚಿಕ್ಕ ಹನುಮಂತ',113',28',ಗಂಡು',YES',SC',KOOLI',NO'
ALQ3114766',ನಾರಾಯಣಮ್ಮ ಜಿ ಸಿ',ಗಂಗರಾಜುಸಿ',113',26',ಹೆಣ್ಣು',YES',',',NO'
ALQ1614452',ದೊಡ್ಡಮುನಿಯಮ್ಮ',ಕಾಟಪ್ಪ',114',89',ಹೆಣ್ಣು',',SC',AGED',NO'
MVJ3421047',ರಮೇಶ',ಕಾಟಪ್ಪ',114',39',ಗಂಡು',',SC',SECURITY',NO'
ALQ2093771',ಯಶೋಧಮ್ಮ',ರಮೇಶ',114',34',ಹೆಣ್ಣು',',SC',KOOLI',NO'
ALQ0625970',ಆಂಜಿನಮ್ಮ',ಚೆನ್ನಪ್ಪ',115',60',ಹೆಣ್ಣು',',SC',AGED',NO'
ALQ1614460',ಪಿಆಂಜಿನಪ್ಪ',ಚಿನ್ನಪ್ಪ',115',48',ಗಂಡು',',SC',KOOLI',NO'
ALQ1614486',ಅಶ್ವಥಮ್ಮ',ರಾಮಾಂಜಿನಪ್ಪ',115',46',ಹೆಣ್ಣು',YES',',',NO'
ALQ1614478',ಹೋಬಮ್ಮ',ಪಿಳ್ಳಾಂಜಿನಪ್ಪ',115',44',ಹೆಣ್ಣು',',SC',FARMER',NO'
ALQ0625962',ಗಂಗಮ್ಮ',ಚೆನ್ನಪ್ಪ',115',39',ಹೆಣ್ಣು',',SC',HOME',NO'
ALQ1614494',ಹೋಬಳಮ್ಮ',ರಾಮಪ್ಪ',116',93',ಹೆಣ್ಣು',',DEATH',',NO'
ALQ3010386',ನಾರಾಯಣಸ್ವಾಮಿ',ಓಬಳೇಶಪ್ಪ',116',39',ಗಂಡು',',SC',KOOLI',NO'
ALQ2149813',ದೇವರಾಜು ಸಿ ಓ',ಓಬಳೇಶಪ್ಪ',116',26',ಗಂಡು',',SC',WATER MAN',NO'
ALQ3010402',ಪುಷ್ಪ',ದೇವರಾಜು',116',23',ಹೆಣ್ಣು',',SC',HOUSE -WIFE',NO'
ALQ1614510',ಪಿಳ್ಳಾಅಂಜನಪ್ಪ',ರಾಮಪ್ಪ',117',54',ಗಂಡು',',SC',FARMER',NO'
ALQ1614528',ವೆಂಕಟಮ್ಮ',ಪಿಳ್ಳಾಅಂಜನಪ್ಪ',117',48',ಹೆಣ್ಣು',',SC',KOOLI',NO'
ALQ3001500',ಗಂಗಾಧರ ಪಿ',ಪಿಳ್ಳಅಂಜಿನಪ್ಪ',',26',ಗಂಡು',',SC',GARMENTS',NO'
ALQ3114816',ಸಿ ಪಿ ಮುನಿರಾಜ',ಪಿಳ್ಳಾಂಜಿನಪ್ಪ',117',21',ಗಂಡು',',SC',GARMENTS',NO'
ALQ1614536',ಗುಲಾಬಪ್ಪ',ಗುಂಡಪ್ಪ',118',89',ಗಂಡು',',DEATH',',NO'
ALQ1614544',ನರಸಮ್ಮ',ಗುಲಾಬಪ್ಪ',118',84',ಹೆಣ್ಣು',',DEATH',',NO'
ALQ1614551',ಪಿಳ್ಳಪ್ಪ',ಗುಲಾಬಪ್ಪ',118',50',ಗಂಡು',',SC',FARMER',NO'
ALQ1614569',ಹೋಬಳಮ್ಮ',ಪಿಳ್ಳಪ್ಪ',118',46',ಹೆಣ್ಣು',',SC',FARMER',NO'
ALQ3056124',ಪ್ರಕಾಶ ಸಿ ಪಿ',ಪಿಳ್ಳಪ್ಪ',118',22',ಗಂಡು',',SC',GARMENTS',NO'
MVJ2374130',ಲಕ್ಷ್ಮೀನರಸಮ್ಮ',ಚಿಕ್ಕಗುರುಮಣ್ಣ',120',62',ಹೆಣ್ಣು',',GOLLA',AGED',NO'
MVJ2373108',ನರಸಮ್ಮ',ಹನುಮಯ್ಯ',121',81',ಹೆಣ್ಣು',',GOLLA',AGED',NO'
MVJ2372852',ರಾಮಾಂಜಿನಮ್ಮ',ಮೈಲಾರಪ್ಪ',126',42',ಹೆಣ್ಣು',',SC',KOOLI',NO'
ALQ2149888',ಚಂದ್ರಶೇಖರ್ ಜಿ ಟಿ',ತಿಮ್ಮಪ್ಪ',126',26',ಗಂಡು',',SC',KOOLI',NO'
ALQ3113396',ಶಶಿಕಲಾ ಪಿ',ಚಂದ್ರಶೇಖರ',126',23',ಹೆಣ್ಣು',',SC',HOUSE -WIFE',NO'
ALQ1612118',ಮಲ್ಲಪ್ಪ',ರಾಮಯ್ಯ',13ಎ',49',ಗಂಡು',',GOLLA',KOOLI',NO'
ALQ3114550',ವಿನೋದ್ ಯಾದವ್ ಸಿ ಎಂ',ಮಲ್ಲಪ್ಪ',13ಎ',24',ಗಂಡು',',GOLLA',CHECKEN SHOP',NO'
MVJ2373793',ಪಾಪಣ್ಣ',ರಾಮಯ್ಯ',13ಬಿ',39',ಗಂಡು',YES',GOLLA',SECURITY',NO'
ALQ2375913',ಜಯರಾಮ ಪಿ',ಪಿಳ್ಳಪ್ಪ',136',26',ಗಂಡು',',SC',PRIVATE JOB',NO'
ALQ1612142',ಅಶ್ವಥಮ್ಮ',ನರಸಪ್ಪ',14ಎ',54',ಹೆಣ್ಣು',',GOLLA',FORMING',NO'
ALQ3044096',ಅಂಬಿಕ ಸಿ ಎನ್',ನಾರಾಯಣಪ್ಪ',143',23',ಹೆಣ್ಣು',',',',NO'
ALQ3181633',ಸುಜಾತ',ಸಿ ಕೃಷ್ಣರಾಜು',145',27',ಹೆಣ್ಣು',',GOLLA',FARMER',NO'
ALQ3056132',ಸುರೇಶ್ ಸಿ ಎನ್',ನಾರಾಯಣಪ್ಪ',172',21',ಗಂಡು',',SC',GARMENTS',NO'
ALQ1612266',ವಿಶ್ವನಾಥ',ಮೋಟಪ್ಪ',19ಬಿ',46',ಗಂಡು',',GOLLA',FARMER',NO'
MVJ2373686',ಲಕ್ಷ್ಮೀನರಸಮ್ಮ',ಚಿಕ್ಕನಂಜಪ್ಪ',3ಬಿ',64',ಹೆಣ್ಣು',',GOLLA',FARMER',NO'
ALQ2565752',ವಾಣಿ',ವಸಂತ್ ಕುಮಾರ್',3ಬಿ',24',ಹೆಣ್ಣು',',GOLLA',HOME',NO'
ALQ1612571',ಗಂಗಮ್ಮ',ಆದಿ ನಾರಾಯಣ',34ಎ',54',ಹೆಣ್ಣು',',AGASARU',FORMING',NO'
ALQ2098143',ಸಿ ಎನ್ ವೀಣ',ಸಿ ಏ ನಾರಾಯಣಸ್ವಾಮಿ',37',27',ಹೆಣ್ಣು',YES',GOLLA',MAARRIED',NO'
ALQ2379105',ವಿನಯ್ ಕುಮಾರ್ ಯಾದವ',ನಾರಾಯಣಸ್ವಾಮಿ',37ಎ',25',ಗಂಡು',',GOLLA',POLICE',NO'
MVJ2373785',ಸಿ ಎ ಕೃಷ್ಣಪ್ಪ',ಅಪ್ಪಯ್ಯಸ್ವಾಮಿ',37ಬಿ',54',ಗಂಡು',',GOLLA',KOOLI',NO'
MVJ2373777',ಪ್ರೇಮಾವತಿ',ಸಿ ಎ ಕೃಷ್ಣಪ್ಪ',37ಬಿ',40',ಹೆಣ್ಣು',',GOLLA',HOUSE -WIFE',NO'
ALQ3114568',ವಿವೇಕ್ ಸಿಕೆ',ಕೃಷ್ಣಪ್ಪ',37ಬಿ',20',ಗಂಡು',',GOLLA',PRIVATE JOB',NO'
ALQ0625897',ಸಿ ಎ ಚಿನ್ನಸ್ವಾಮಿ',ಅಪ್ಪಯ್ಯಸ್ವಾಮಿ',37ಸಿ',51',ಗಂಡು',',GOLLA',KOOLI',NO'
ALQ1877471',ಮಂಜುಳ',ಸಿ ಎ ಚಿನ್ನಸ್ವಾಮಿ',37 ಸಿ',45',ಹೆಣ್ಣು',',GOLLA',KOOLI',NO'
MVJ2373868',ಬಿ ಎನ್ ಭಾಗ್ಯಮ್ಮ',ಸಿ ಎ ಮುನಿರಾಜು',37ಡಿ',38',ಹೆಣ್ಣು',YES',GOLLA',BRTEE',NO'
ALQ3067287',ಮುಸಿಲಯ್ಯ ವೈ',ಯರ್ರತಿಪ್ಪಯ್ಯ',400',64',ಗಂಡು',YES',GOLLA',GOVT-TEACHER',NO'
MVJ2373314',ಮುತ್ತಪ್ಪ',ಯಿತಿಪ್ಪಯ್ಯ',40ಬಿ',89',ಗಂಡು',',GOLLA',FARMER',NO'
ALQ2479780',ಅಕ್ಕಯಮ್ಮ',ಲೇಟ್ ಚಿನ್ನಣ್ಣ',40ಬಿ',66',ಹೆಣ್ಣು',',GOLLA',KOOLI',NO'
ALQ1612878',ನರಸಮ್ಮ',ಮುತ್ತಪ್ಪ',40ಬಿ',49',ಹೆಣ್ಣು',',GOLLA',HOUSE -WIFE',NO'
ALQ2479772',ಕುಮಾರ ಸ್ವಾಮಿ',ಚಿನ್ನಣ್ಣ',40ಬಿ',36',ಗಂಡು',',GOLLA',AUTO-DRIVER',NO'
ALQ1877414',ಸಿ ಎಂ ಬಾಬು',ಮುತ್ತಪ್ಪ',40ಬಿ',30',ಗಂಡು',YES',GOLLA',FLOWER-MARKET',NO'
ALQ2479806',ಉಮಾದೇವಿ',ಕುಮಾರ್',40ಬಿ',26',ಹೆಣ್ಣು',',GOLLA',HOUSE -WIFE',NO'
ALQ1612860',ಲಕ್ಷ್ಮೀನಾರಾಯಣ',ಯಿತಿಪ್ಪಯ್ಯ',40ಸಿ',56',ಗಂಡು',',GOLLA',FARMER',NO'
ALQ2504769',ಮಮತ ಎಲ್',ಲಕ್ಷ್ಮೀನಾರಾಯಣಪ್ಪ',40 ಸಿ',27',ಹೆಣ್ಣು',YES',GOLLA',MRRIED',NO'
ALQ2513349',ಬೊಮ್ಮರಾಜುಸಿ ಎಲ್',ಲಕ್ಷ್ಮೀನಾರಾಯಣ',40 ಸಿ',25',ಗಂಡು',',GOLLA',HOME',YEES'
ALQ2972644',ಸುರೇಶ್ ಬಾಬುಸಿ ಎಲ್',ಲಕ್ಷ್ಮೀನಾರಾಯಣಪ್ಪ',40ಸಿ',22',ಗಂಡು',',GOLLA',PRIVATE JOB',NO'
ALQ1612845',ರಾಮಕೃಷ್ಣಯ್ಯ ವೈ',ಯಿತಿಪ್ಪಯ್ಯ',40ಡಿ',51',ಗಂಡು',',GOLLA',FARMER',NO'
ALQ1612852',ಮುನಿಲಕ್ಷ್ಮಮ್ಮ',ರಾಮಕೃಷ್ಣಯ್ಯ ವೈ',40ಡಿ',46',ಹೆಣ್ಣು',',GOLLA',HOUSE -WIFE',NO'
ALQ1612902',ಚಲಪತಿ',ಮೊಟಪ್ಪ',41ಎ',48',ಗಂಡು',',GOLLA',FARMER',NO'
MVJ2374312',ಗಂಗಮ್ಮ',ಚಲಪತಿ',41ಎ',41',ಹೆಣ್ಣು',',GOLLA',HOUSE -WIFE',NO'
MVJ2374254',ವೀರತಿಪ್ಪಯ್ಯ',ಯಿತಿಪ್ಪಯ್ಯ',43ಬಿ',49',ಗಂಡು',',GOLLA',FARMER',NO'
MVJ2373991',ರಾಧಮ್ಮ',ವೀರತಿಪ್ಪಯ್ಯ',43ಬಿ',41',ಹೆಣ್ಣು',',GOLLA',HOUSE -WIFE',NO'
ALQ1612936',ನರಸಪ್ಪ',ತಿಪ್ಪಯ್ಯ',43ಸಿ',46',ಗಂಡು',',GOLLA',FARMER',NO'
ALQ3114493',ಯಶೋಧ ಸಿ ಎನ್',ನರಸೇಗೌಡ',43ಸಿ',20',ಹೆಣ್ಣು',YES',GOLLA',MARRIEED',NO'
MVJ2374239',ಗಂಗಾಧರಪ್ಪ',ಯಿತಿಪ್ಪಯ್ಯ',43ಈ',43',ಗಂಡು',',GOLLA',FARMER',NO'
ALQ0625590',ಸಿ ಎಂ ನರಸಿಂಹ ಮೂರ್ತಿ',ಮುನಿಶಾಮಪ್ಪ',44ಎ',52',ಗಂಡು',',GOLLA',FARMER',NO'
ALQ2148146',ಪವನಕುಮಾರ್ ಸಿ ಎನ್',ನರಸಿಂಹಮೂರ್ತಿ',44',28',ಗಂಡು',YES',GOLLA',POLICE',NO'
ALQ1612951',ಪಾಪಣ್ಣ',ನರಸಿಂಹಪ್ಪ',45ಎ',46',ಗಂಡು',',GOLLA',FARMER',NO'
MVJ4288874',ಗಂಗಾಧರಯ್ಯ',ಪಾಪಣ್ಣ',48ಎ',51',ಗಂಡು',',GOLLA',SMAALL-SHOP',NO'
ALQ0626044',ವಿಜಯಮ್ಮ',ಗಂಗಾಧರಪ್ಪ',48ಎ',44',ಹೆಣ್ಣು',',GOLLA',HOUSE -WIFE',NO'
ALQ2504835',ಮೀನಾಕ್ಷಿಯಾದವ್ ಸಿಜಿ',ಗಂಗಾಧರಪ್ಪ',48ಎ',23',ಹೆಣ್ಣು',YES',GOLLA',PRIVATE JOB',NO'
ALQ1613033',ವಿಶ್ವನಾಥ',ಪಾಪಣ್ಣ',48ಬಿ',47',ಗಂಡು',',GOLLA',FARMER',NO'
MVJ2374346',ನರಸಮ್ಮ',ವಿಶ್ವನಾಥ',48ಬಿ',43',ಹೆಣ್ಣು',',GOLLA',HOUSE -WIFE',NO'
ALQ3001443',ರವಿ ಕುಮಾರ್ ಸಿ ವಿ',ವಿಶ್ವನಾಥ',48ಬಿ',23',ಗಂಡು',',GOLLA',PRIVATE JOB',NO'
ALQ1613140',ವೀರತಿಪ್ಪಯ್ಯ',ಚೌಡಪ್ಪ',52ಎ',46',ಗಂಡು',',GOLLA',DAIRY WORKER',NO'
ALQ3113677',ಸಿ ಎಂ ನಂದಿನಿ',ಮಂಜುನಾಥ',58 1',21',ಹೆಣ್ಣು',',GOLLA',STUDENT',NO'
ALQ1613256',ಇಂದ್ರಮ್ಮ',ಲೇಟ್ ಮಂಜುನಾಥ',58ಎ',44',ಹೆಣ್ಣು',',GOLLA',FARMER',NO'
ALQ0625632',ಸಿ ಎನ್ ನರಸಿಂಹ ಮೂರ್ತಿ',ನರಸಿಂಹಯ್ಯ',59ಎ',65',ಗಂಡು',',GOLLA',FARMER',NO'
ALQ1613306',ಮುತ್ತಕ್ಕ',ಲಕ್ಷ್ಮೀನರಸಪ್ಪ',60ಎ',64',ಹೆಣ್ಣು',',GOLLA',AGED',NO'
ALQ0625913',ಲಕ್ಷ್ಮೀನರಸಪ್ಪ',ನರಸಪ್ಪ ಆರ್',66ಎ',54',ಗಂಡು',',GOLLA',FORMING',NO'
ALQ0625939',ಲಕ್ಷ್ಮಮ್ಮ',ಲಕ್ಷ್ಮೀನರಸಪ್ಪ',66ಎ',49',ಹೆಣ್ಣು',',GOLLA',KOOLI',NO'
ALQ2972701',ರಂಗನಾಥ ಸಿ ಎಲ್',ಲಕ್ಷ್ಮೀನರಸಪ್ಪ',66ಎ',22',ಗಂಡು',',GOLLA',PRIVATE JOB',NO'
ALQ0625921',ಶ್ರೀನಿವಾಸ',ನರಸಪ್ಪ ಆರ್',66ಬಿ',55',ಗಂಡು',',GOLLA',KOOLI',NO'
ALQ0626036',ನರಸಮ್ಮ',ಶ್ರೀನಿವಾಸ',66ಬಿ',46',ಹೆಣ್ಣು',',GOLLA',KOOLI',NO'
ALQ3010113',ಸ್ವಪ್ನ ಎಸ್',ಶ್ರೀನಿವಾಸ',66ಬಿ',24',ಹೆಣ್ಣು',YEES',GOLLA',MAARRIED',NO'
ALQ1613439',ನರಸಿಂಹಮೂರ್ತಿ',ನರಸಪ್ಪ ಆರ್',66ಸಿ',44',ಗಂಡು',',GOLLA',KOOLI',NO'
MVJ4289336',ಮುತ್ತಪ್ಪ',ದೊಡ್ಡನರಸಿಂಹಯ',68ಎ',50',ಗಂಡು',',GOLLA',KOOLI',NO'
MVJ4289344',ಲಕ್ಷ್ಮೀದೇವಮ್ಮ',ಮುತ್ತಪ್ಪ',68ಎ',38',ಹೆಣ್ಣು',',GOLLA',KOOLI',NO'
ALQ3114402',ಸಿಎಂ ನಾಗೇಶ್',ಮುತ್ತಪ್ಪ',68 ಎ',20',ಗಂಡು',YES',GOLLA',PRIVATE JOB',NO'
ALQ1613470',ನರಸಪ್ಪ',ದೊಡ್ಡನರಸಿಂಹಯ',68ಬಿ',49',ಗಂಡು',',GOLLA',KOOLI',NO'
MVJ4288726',ಮಂಜುಳ',ನರಸಪ್ಪ',68ಬಿ',37',ಹೆಣ್ಣು',',GOLLA',KOOLI',NO'
ALQ0626101',ಲಕ್ಷ್ಮೀನರಸಪ್ಪ',ಪಾಪಣ್ಣ',69ಎ',54',ಗಂಡು',',GOLLA',KOOLI',NO'
ALQ2103588',ಯಶೋಧಮ್ಮ ಸಿ ಎಲ್',ಲಕ್ಷ್ಮೀನರಸಪ್ಪ',69',27',ಹೆಣ್ಣು',YES',GOLLA',MAARRIED',NO'
ALQ2504777',ಯಶೋಧರ ಸಿ ಎಲ್',ಲಕ್ಷ್ಮೀನರಸಪ್ಪ',69 ಎ',23',ಗಂಡು',',GOLLA',UNEMPLOYE',NO'
MVJ2373769',ಗೌರಮ್ಮ',ನರಸೇಗೌಡ',78ಎ',41',ಹೆಣ್ಣು',',GOLLA',KOOLI',NO'
ALQ3153905',ವರಲಕ್ಷ್ಮೀ',ಸಿದ್ದರಾಜುಜಿ ಆರ್',78',21',ಹೆಣ್ಣು',',GOLLA',HOUSE -WIFE',NO'
MVJ4288767',ಚಿಕ್ಕಮುತ್ತಪ್ಪ',ನರಸಿಂಹಯ್ಯ',78ಬಿ',48',ಗಂಡು',',GOLLA',KOOLI',NO'
MVJ3421161',ಪಾಪಣ್ಣ',ನರಸಿಂಹಯ್ಯ',79ಎ',52',ಗಂಡು',',GOLLA',SECURITY',NO'
MVJ2373710',ಆನಂದಪ್ಪ',ಓಬನ್ನ',84ಎ',47',ಗಂಡು',',GOLLA',FORMING',NO'
ALQ1613819',ದೊಡ್ಡಓಬಳಪ್ಪ',ಓಬಳಪ್ಪ',85ಎ',69',ಗಂಡು',',SC',FORMING',NO'
ALQ2093565',ರಾಮಾಂಜಿನಮ್ಮಸಿ ಓ',ಓಬಳಪ್ಪ',85 ಎ',29',ಹೆಣ್ಣು',YES',SC',MARRIED',NO'
ALQ2102051',ಸಿ ಒ ನಾಗವೇಣಿ',ದೊಡ್ಡಓಬಲ್ಲಪ್ಪ',85',27',ಹೆಣ್ಣು',YES',SC',MAARRIED',NO'
ALQ3114485',ಗಂಗರತ್ನಮ್ಮ',ಓಬಳಪ್ಪ',85ಎ',20',ಹೆಣ್ಣು',',SC',HOME',NO'
MVJ4289047',ಸಿ ಒ ಮುನಿರಾಜು',ಓಬಳಪ್ಪ',85 ಎ',34',ಗಂಡು',YES',SC',FACTORY WORKER',NO'
ALQ1613827',ನಾರಾಯಣಪ್ಪ',ಓಬಳಪ್ಪ',85ಸಿ',42',ಗಂಡು',',SC',FARMER',NO'
ALQ1613926',ಆಂಜಿನಮ್ಮ',ಮುನಿಯಪ್ಪ',91ಎ',51',ಹೆಣ್ಣು',',SC',FORMING',NO'
MVJ2374569',ರಾಮಾಂಜಿನಪ್ಪ',ಅಪ್ಪಯ್ಯಪ್ಪ',92ಎ',53',ಗಂಡು',',SC',KOOLI',NO'
ALQ1613942',ಹನುಮಕ್ಕ',ರಾಮಾಂಜಿನಪ್ಪ',92ಎ',48',ಹೆಣ್ಣು',',SC',KOOLI',NO'
ALQ3011996',ಗಂಗರಾಜುಸಿ ಆರ್',ರಾಮಾಂಜಿನಪ್ಪ',92ಎ',26',ಗಂಡು',',SC',KOOLI',NO'
ALQ3167442',ರಂಜಿತ',ರಂಗಪ್ಪ',9711',23',ಹೆಣ್ಣು',',SC',',NO'
ALQ1614114',ಲಕ್ಷ್ಮೀನರಸಪ್ಪ',ರಾಮಪ್ಪ',101ಎ',54',ಗಂಡು',',SC',FARMER',NO'
ALQ3011988',ರಘು ಸಿ ಎಲ್',ಲಕ್ಷ್ಮೀನರಸಪ್ಪ',101ಎ',24',ಗಂಡು',',SC',KOOLI',NO'
ALQ3114808',ಶಶಿಕಲಾ ಸಿ ಎಲ್',ಲಕ್ಷ್ಮೀನರಸಪ್ಪ',101ಎ',21',ಹೆಣ್ಣು',',SC',GARMENTS',NO'
ALQ1614122',ಲಕ್ಷ್ಮೀದೇವಮ್ಮ',ದೊಡ್ಡಓಬಳಪ್ಪ',101ಬಿ',43',ಹೆಣ್ಣು',',SC',KOOLI',NO'
ALQ1614163',ಹೋಬಳಪ್ಪ',ಕಾಟಪ್ಪ',102ಎ',64',ಗಂಡು',',SC',KOOLI',NO'
ALQ2093706',ಸಿ ಒ ಮಂಜುನಾಥ',ಓಬಳಪ್ಪ',102 ಎ',29',ಗಂಡು',',SC',KOOLI',NO'
ALQ1614205',ಮುನಿಯಪ್ಪ',ಹೋಬಳಾಪ್ಪ',103ಎ',54',ಗಂಡು',',SC',KOOLI',NO'
ALQ2504827',ಓಬಳಪ್ಪ',ಓಬಳಪ್ಪ',103ಎ',44',ಗಂಡು',',SC',FORMING',NO'
ALQ3114782',ಶೈಲಜಾಸಿ ಎಂ',ಮುನಿಯಪ್ಪ',103ಎ',21',ಹೆಣ್ಣು',YES',SC',MARRIED',NO'
ALQ1614221',ಮುನಿಯಪ್ಪ',ಚಿಕ್ಕಬಿಡ್ಡಪ್ಪ',104ಎ',54',ಗಂಡು',',SC',KOOLI',NO'
ALQ2566131',ಸುನೀಲ್ ಎಮ್',ಮುನಿಯಪ್ಪ',104ಎ',25',ಗಂಡು',',SC',FACTORY WORKER',NO'
ALQ3113941',ನವೀನ್ ಕುಮಾರ್',ಮುನಿಯಪ್ಪ',104ಎ',20',ಗಂಡು',',SC',ELECTRICATION',YES'
ALQ3153913',ನವೀನ್ ಕುಮಾರ ಸಿ ಎಮ್',ಮುನಿಯಪ್ಪ',104',21',ಗಂಡು',',REPATED',',NO'
ALQ1614239',ಗಂಗರತ್ನಮ್ಮ',ಮುನಿಯಪ್ಪ',104ಬಿ',48',ಹೆಣ್ಣು',',SC',KOOLI',NO'
MVJ2373926',ಜಯಲಕ್ಷ್ಮಮ್ಮ',ಪಿಳ್ಳಪ್ಪ',104ಬಿ',43',ಹೆಣ್ಣು',',SC',KOOLI',NO'
ALQ1614304',ಹೋಬಳಪ್ಪ',ರಾಮಪ್ಪ',107ಎ',56',ಗಂಡು',',SC',KOOLI',NO'
ALQ1614346',ಹೋಬಳಪ್ಪ',ಮುನಿಯಪ್ಪ',108ಎ',53',ಗಂಡು',',SC',KOOLI',NO'
ALQ2420479',ಗಜೇಂದ್ರಸಿಓ',ಓಬಳಪ್ಪ',108',24',ಗಂಡು',',SC',KOOLI',NO'
ALQ2109726',ಸಿಓ ನವೀನ್',ಓಬಲ್ಲಪ್ಪ',108',27',ಗಂಡು',',SC',KOOLI',NO'
ALQ1614395',ಓಬಳಪ್ಪ',ಪಿಳ್ಳಪ್ಪ',109ಎ',54',ಗಂಡು',',SC',KOOLI',NO'
MVJ2373736',ಸುಬ್ರಮಣಿ',ಪಿಳ್ಳಪ್ಪ',109ಬಿ',41',ಗಂಡು',',SC',KOOLI',NO'
MVJ2373579',ಓಬಳಮ್ಮ',ಸುಬ್ರಮಣಿ',109ಬಿ',38',ಹೆಣ್ಣು',',SC',KOOLI',NO'
ALQ1614429',ಹೋಬಳಪ್ಪ',ಅಪ್ಪಯ್ಯಪ್ಪ',111ಎ',50',ಗಂಡು',',SC',KOOLI',NO'
ALQ3213527',ಆಶಾಡಿ',ದೇವರಾಜುಸಿ ಓ',111 ಎ',24',ಹೆಣ್ಣು',',SC',HOUSE -WIFE',NO'
ALQ2566057',ದೇವರಾಜುಸಿ ಓ',ಓಬಳಪ್ಪ',111ಎ',23',ಗಂಡು',',SC',TRUCK-DRIVER',NO'
ALQ3044112',ಆರತಿ',ಸಂತೋಷ್ ಕುಮಾ',111ಎ',22',ಹೆಣ್ಣು',',SC',HOUSE -WIFE',NO'
ALQ3044088',ಸಂತೋಷ್ ಕುಮಾರ್ ಸಿಒ',ಓಬಳಪ್ಪ',111ಎ',21',ಗಂಡು',',SC',KOOLI',NO'
ALQ0625343',ಸಿ ಓ ಆಂಜಿನಪ್ಪ',ಓಬಳಪ್ಪ',116ಎ',34',ಗಂಡು',YES',SC',KOOLI',NO'
ALQ2093698',ಸಿ ಒ ರಮೇಶ್',ಓಬಳೇಶಪ್ಪ',116 ಎ',29',ಗಂಡು',',SC',GARMENTS',NO'
ALQ2566164',ಸುಶೀಲ',ಸಿ ಓ ರಮೇಶ್',116ಎ',25',ಹೆಣ್ಣು',',SC',GARMENTS',NO'
ALQ2565760',ಮಂಜುಳ ಎಚ್ ಸಿ',ನಾಗೇಶ್',116ಎ',23',ಹೆಣ್ಣು',',',',NO'
ALQ3242500',ನಿವೇದಿತ ಸಿ ಎನ್',ನರಸಪ್ಪ',0',18',ಗಂಡು',',SC',STUDENT',NO'
ALQ3247467',ಹರೀಶ ಸಿ ಓ',ಓಬಳಪ್ಪ',118',19',ಗಂಡು',',SC',GARMENTS',NO'
ALQ3247475',ಪ್ರಭಾವತಿ ಸಿ ಪಿ',ಪಿಳ್ಳಪ್ಪ',118',19',ಹೆಣ್ಣು',',SC',GARMENTS',NO'
ALQ3255205',ANUSH C P',PILLAPPA',0',20',ಹೆಣ್ಣು',YES',SC',MARRIED',NO'
ALQ3261930',AJJAPPA',RANGAPPA',#',74',ಗಂಡು',',NAYAK',KOOLI',NO'
ALQ3261955',HONNAMMA',NAGARAJU',#',37',ಹೆಣ್ಣು',',NAYAK',HOUSE -WIFE',NO'
ALQ3261963',KEMPLAMMA',AJJAPPA',#',66',ಹೆಣ್ಣು',',NAYAK',HOUSE -WIFE',NO'
ALQ3262185',NANDINI C M',GURUMURTHY',#',19',ಹೆಣ್ಣು',',GOLLA',HOUSE -WIFE',NO'
ALQ3262292',ARAVIND C R',RANGANATH C R',#00',18',ಗಂಡು',',GOLLA',STUDENT',NO'
ALQ3270014',NANDINI C M',MANJUNATH',0',21',ಹೆಣ್ಣು',',',','