ALQ2092120',ಲಕ್ಷ್ಮೀನರಸಮ್ಮ',ರಾಮಕೃಷ್ಣರೆಡ್ಡಿ',0',55',ಹೆಣ್ಣು',',VAKALIGA',HOUSE -WIFE',NO'
ALQ2337616',ಶೇಖರ್ ಸಿ',ಚನ್ನಬಸಪ್ಪ',0',28',ಗಂಡು',YES',LINGAYATH',PRIVATE JOB',NO'
ALQ2511848',ಇಂದಿರಮ್ಮ ಬಿ',ಎಂ ವಿ ಕಾಂತರಾಜ',0',44',ಹೆಣ್ಣು',YES',LINGAYATH',HOUSE -WIFE',NO'
ALQ2565737',ಸುಖನ್ಯ',ಪ್ರಕಾಶ್ ಎಮ್ ಎಸ್',0',38',ಹೆಣ್ಣು',',LINGAYATH',HOUSE -WIFE',NO'
ALQ2092062',ನಂಜುಂಡ ರೆಡ್ಡಿ',ರಾಮಕೃಷ್ಣರೆಡ್ಡಿ',0',35',ಗಂಡು',',VAKALIGA',FARMER',NO'
ALQ2092054',ಮಂಜುನಾಥ ರೆಡ್ಡಿ ',ರಾಮಕೃಷ್ಣರೆಡ್ಡಿ',0',30',ಗಂಡು',',VAKALIGA',TRUCK-DRIVER',NO'
ALQ3111564',ಲಕಿ ನಾರಾಯಣ ಕೆ',ಕಾಕಣ್ಣ',0',27',ಗಂಡು',YES',KURUBA',PRIVATE JOB',NO'
ALQ2566453',ಎಲ್ ನಾಗವೇಣಿ',ನಂಜುಂಡರೆಡ್ಡಿ',0',25',ಹೆಣ್ಣು',',VAKALIGA',HOUSE -WIFE',NO'
ALQ2415925',ಪವಿತ್ರ',ಚಂದ್ರಶೇಖರ್ ಎವ ಆರ್',0',25',ಹೆಣ್ಣು',',LINGAYATH',HOUSE -WIFE',NO'
ALQ2418721',ಗುರುರಾಜಶೇಖರ ',',0',24',ಗಂಡು',',DELETED',',NO'
ALQ2962397',ಲಕ್ಷ್ಮೀದೇವಿ ಎನ್',ನರಸಿಂಹಪ್ಪ',0',24',ಹೆಣ್ಣು',',',',NO'
ALQ2511855',ಎಂ ವಿ ಕಾಂತರಾಜು',ಲೇಟ್ ವೀರಭದ್ರತ',0',23',ಗಂಡು',YES',LINGAYATH',AUTO-DRIVER',NO'
ALQ3075728',ಹಮಂತ್ ಕುಮಾರ್ ಕೆ',ಕೃಷ್ಣಾರೆಡ್ಡಿ',0',22',ಗಂಡು',',',',NO'
ALQ3112588',ಸೌಂದರ್ಯ',ಗಂಗಾಧರಪ್ಪ',0',22',ಹೆಣ್ಣು',',LINGAYATH',HOUSE -WIFE',NO'
ALQ3111861',ಮುನಿರಾಜು',ಲಿಂಗಪ್ಪ',0',22',ಗಂಡು',',SHETBALAJIGA',PRIVATE JOB',NO'
ALQ3111853',ವೀಣಾ ಹೆಚ್ ಬಿ',ಸೋಮಶೇಖರ್',0',21',ಹೆಣ್ಣು',YES',LINGAYATH',HOUSE -WIFE',NO'
ALQ3111879',ಯತೀಶ್ ಆರ್',ರಂಗಪ್ಪ',0',20',ಗಂಡು',',KURUBA',STUDENT',NO'
ALQ3111911',ದೀಪು',ವೆಂಕಟೇಶಪ್ಪ',0',20',ಹೆಣ್ಣು',YES',GOLLA',HOUSE -WIFE',NO'
ALQ2291383',ಸರು: ವಿನೋದ್ ಕುಮಾರ್ ಎ',ಆನಂದಪ್ಪ ಎಮ್',1',25',ಗಂಡು',',GOLLA',FACTORY WORKER',NO'
ALQ0068676',ಬೊಮ್ಮರಾಜು',ಅಕ್ಕೇಲಪ್ಪ',1',75',ಗಂಡು',',GOLLA',AGED',NO'
ALQ2945061',ಆನಂದ',ಬೊಮ್ಮರಾಜು',1',47',ಗಂಡು',',GOLLA',FARMER',NO'
ALQ0068734',ನಾರಾಯಣಮ್ಮ',ಆನಂದ',1',44',ಹೆಣ್ಣು',',GOLLA',HOUSE -WIFE',NO'
ALQ2996304',ಲಕ್ಕಿಕಾಂತ ಲಕ್ಷ್ಮೀ',ಆನಂದಪ್ಪ',1',22',ಗಂಡು',',GOLLA',FACTORY WORKER',NO'
ALQ3035797',ವಿಜಯ್ ಕುಮಾರ್',ಆನಂದ',1',21',ಗಂಡು',',GOLLA',FACTORY WORKER',NO'
ALQ1876770',ಆಶಾರಾಣಿ',ಉಮೇಶ್',',30',ಹೆಣ್ಣು',YES',LINGAYATH',HOUSE -WIFE',NO'
ALQ2150159',ಎಂ ಆರ್ ಲೋಕೇಶ',ರಂಗದಾಮಪ್ಪ',2',26',ಗಂಡು',',NAYAK',FARMER',NO'
ALQ1876655',ರಂಗಧಾಮಪ್ಪ',ದೊಡ್ಡರಂಗಧಾಮ',2',65',ಗಂಡು',',NAYAK',FARMER',NO'
ALQ0068668',ನಾಗಮ್ಮ',ರಂಗಧಾಮಪ್ಪ',2',47',ಹೆಣ್ಣು',',NAYAK',HOUSE -WIFE',NO'
MVJ4125100',ಎಂ ಅರ್ ರಮೇಶ್ ತಾಯಿಯ',ಸುಬ್ಬಮ್ಮ',2',43',ಗಂಡು',',NAYAK',FARMER',NO'
ALQ2477198',ಪದ್ಮಾವತಿ',ಎಂ ಆರ್ ಲೋಕೇಶ',2',26',ಹೆಣ್ಣು',',NAYAK',FARMER',NO'
ALQ1602879',ರತ್ನಮ್ಮ',ನರಸಿಂಹಮೂರ್ತಿ',3',47',ಹೆಣ್ಣು',',NAYAK',ANGANAAVAADI-FOOD-MAKER',NO'
ALQ3140969',ಮಾಲಾ ತಾಯಿಯ',ರತ್ನಮ್ಮ',3',20',ಹೆಣ್ಣು',YES',NAYAK',STUDENT',NO'
ALQ2091999',ಮಂಜುಳ ಎಂ ವಿ',ಶ್ರೀ ಶ್ರೀನಿವಾಸ್',5',34',ಹೆಣ್ಣು',',GOLLA',FACTORY WORKER',NO'
ALQ2092096',ಮಮತ ಎಸ್',ಶಿವಣ್ಣ',5',29',ಹೆಣ್ಣು',YES',LINGAYATH',HOUSE -WIFE',NO'
MVJ4125159',ಈರಣ್ಣ',ರಾಜೇಗೌಡ',5',55',ಗಂಡು',',GOLLA',FARMER',NO'
ALQ1602887',ರತ್ನಮ್ಮ',ಈರಣ್ಣ',5',50',ಹೆಣ್ಣು',',GOLLA',HOUSE -WIFE',NO'
MVJ4125167',ನಾರಾಯಣಮ್ಮ',ರಾಜಣ್ಣ',5',45',ಹೆಣ್ಣು',',GOLLA',HOUSE -WIFE',NO'
MVJ4125019',ಆರ್ ಶ್ರೀನಿವಾಸ',ರಾಜಣ್ಣ',5',35',ಗಂಡು',',GOLLA',FARMER',NO'
MVJ4124954',ಈ ಮಂಜುನಾಥ',ಈರಣ್ಣ',5',34',ಗಂಡು',YES',GOLLA',FACTORY WORKER',NO'
ALQ3141967',ಸುಜಾತ',ಮಂಜುನಾಥ',5',21',ಹೆಣ್ಣು',YES',GOLLA',HOUSE -WIFE',NO'
ALQ3141322',ಸುಧಾಕರ ಎಮ್ ಇ',ಈರಣ್ಣ',5',21',ಗಂಡು',',GOLLA',STUDENT',NO'
ALQ0069468',ಚಿನ್ನಕ್ಕ',ನಾರಾಯಣಪ್ಪ',6',70',ಹೆಣ್ಣು',',GOLLA',AGED',NO'
ALQ2975266',ಜಾನಕಿ',ಸಂಜಯ್ ಕುಮಾರ್',6',49',ಹೆಣ್ಣು',',GOLLA',',NO'
ALQ1602895',ಕೃಷ್ಣಪ್ಪ',ನಾರಾಯಣಪ್ಪ',6',48',ಗಂಡು',',GOLLA',FARMER',NO'
MVJ1674282',ಲಕ್ಷ್ಮೀದೇವಮ್ಮ',ಕೃಷ್ಣಮೂರ್ತಿ',6',43',ಹೆಣ್ಣು',',GOLLA',HOUSE -WIFE',NO'
MVJ4125589',ಡಿ ಎಸ್ ಪುಷ್ಪ',ರಂಗನಾಥ',6',36',ಹೆಣ್ಣು',',GOLLA',',NO'
ALQ3141884',ಪ್ರಭಾಕರ ಎಮ್ ಕೆ',ಕೃಷ್ಣಪ್ಪ',6',22',ಗಂಡು',YES',GOLLA',',NO'
ALQ2150233',ಭಾಗ್ಯಮ್ಮ ಆರ್',ರಾಜಕುಮಾರ್',7',29',ಹೆಣ್ಣು',',GOLLA',PRIVATE JOB',NO'
ALQ2945079',ಆಂಜನಮ್ಮ',ತಮ್ಮಯ್ಯ',7',61',ಹೆಣ್ಣು',',GOLLA',FARMER',NO'
ALQ2945087',ಸುಂದರಯ್ಯ',ತಮ್ಮಯ್ಯ',7',44',ಗಂಡು',',GOLLA',PRIVATE JOB',NO'
MVJ1674753',ರಾಜ್\u200cಕುಮಾರ್',ತಿಮ್ಮಯ್ಯ',7',38',ಗಂಡು',',GOLLA',AUTO-DRIVER',YES'
MVJ4124871',ಲಕ್ಷ್ಮಮ್ಮ',ಸುಂದರಯ್ಯ',7',38',ಹೆಣ್ಣು',',GOLLA',HOUSE -WIFE',YES'
ALQ3167277',ಸಂದೇಶ ಡಿ ಎನ್',ನರಸಿಂಹಮೂರ್ತಿ',7',22',ಗಂಡು',',GOLLA',',NO'
MVJ1674464',ಮಂಜಣ್ಣ ಎಂಕೆ',ಕೃಷ್ಣಪ್ಪ',8',36',ಗಂಡು',',LINGAYATH',FARMER',NO'
ALQ1602903',ಬಿ ನಳಿನಾಕ್ಷಿ',ಎಂ ಕೆ ಮಂಜಣ್ಣ',8',35',ಹೆಣ್ಣು',',LINGAYATH',FACTORY WORKER',NO'
ALQ3155488',ಶ್ರೀಕಾಂತ್',ವೆಂಕಟೇಶ್',9',21',ಗಂಡು',YES',KURUBA',FANICE-COMPNY',NO'
ALQ1602911',ಮಂಗಳಮ್ಮ',ಪುಟ್ಟಮಲ್ಲಯ್ಯ',10',63',ಹೆಣ್ಣು',',LINGAYATH',AGED',NO'
ALQ1602929',ಗಂಗಾಧರಯ್ಯ',ಪುಟ್ಟಮಲ್ಲಯ್ಯ',10',44',ಗಂಡು',',LINGAYATH',HOME',YES'
ALQ2945095',ತಿಮ್ಮಪ್ಪ',ತಿಪ್ಪಯ್ಯ',11',70',ಗಂಡು',',',',NO'
ALQ1602945',ನಂಜುಂದಪ್ಪ',ತಿಮ್ಮಪ್ಪ',11',40',ಗಂಡು',',LINGAYATH',FARMER',NO'
ALQ1602952',ಎಂ ಟಿ ರಾಜಣ್ಣ',ತಿಮ್ಮಪ್ಪ',11',34',ಗಂಡು',',LINGAYATH',AUTO-DRIVER',NO'
ALQ1602960',ಎಂ ಅರ್ ಹೇಮಾವತಿ',ಎಂ ಟಿ ನಂಜುಂಡಪ್ಪ',11',34',ಹೆಣ್ಣು',',LINGAYATH',FARMER',NO'
ALQ2418523',ಗಾಯಿತ್ರಿ ಬಿ',ಎಮ್ ಟಿ ರಾಜಣ್ಣ',11',26',ಹೆಣ್ಣು',',LINGAYATH',HOUSE -WIFE',NO'
ALQ0069435',ಹನುಮಕ್ಕ',ಚಿಕ್ಕಎಲ್ಲಪ್ಪ',12',70',ಹೆಣ್ಣು',',KURUBA',KOOLI',NO'
ALQ1602978',ರೇಣುಕಾದಾಸ್',ಚಿಕ್ಕಲ್ಲಪ್ಪ',12',50',ಗಂಡು',',KURUBA',PRIVATE JOB',NO'
MVJ1673581',ಚಂದ್ರ',ಚಿಕ್ಕ ಎಲ್ಲಪ್ಪ',12',43',ಗಂಡು',',KURUBA',FARMER',NO'
MVJ1673573',ಲಕಿ ದೇವಿ',ಚಂದ್ರ',12',38',ಹೆಣ್ಣು',',KURUBA',HOUSE -WIFE',NO'
MVJ1673532',ಗಂಗಾಧರ ಎಂ ಸಿ ಜಿ',ಚಿಕ್ಕ ಎಲ್ಲಪ್ಪ',12',36',ಗಂಡು',',KURUBA',FARMER',NO'
MVJ4206843',ಸಿ ಗಂಗಪ್ಪ',ಚಿಕ್ಕ ಎಲ್ಲಪ್ಪ',12',34',ಗಂಡು',',KURUBA',FACTORY WORKER',NO'
ALQ2350825',ಸುನೀತ',ಗಂಗಪ್ಪ',12',27',ಹೆಣ್ಣು',',KURUBA',ANGANAVADI-HELPER',NO'
ALQ2477180',ಕೆ ಅಂಜಲಿ ದೇವಿ',ಗಂಗಾಧರ ಎಂಸಿ',12',24',ಹೆಣ್ಣು',',KURUBA',HOUSE -WIFE',NO'
ALQ3196847',ಸತೀಶ್',ಚಂದ್ರಪ್ಪ',12',19',ಗಂಡು',',KURUBA',FORMING',NO'
ALQ3196862',ರಘುಕುಮಾರ್ ಆರ್',ರೇಣುಕಾದಾಸ',12',19',ಗಂಡು',',KURUBA',STUDENT',NO'
ALQ2216034',ಗೀತಾ ಪಿ',ಮಲ್ಲಿಕಾರ್ಜುನ',13',33',ಗಂಡು',',KURUBA',',NO'
ALQ3196748',ಮಂಜುಳಾ',ನವೀನ್ ಕುಮಾರ್ ಗಂಡ',15',26',ಹೆಣ್ಣು',',KURUBA',',NO'
ALQ2418622',ಮಹೇಶ ಕೆ',ಕೆಂಪಯ್ಯ',15',25',ಗಂಡು',',KURUBA',',NO'
ALQ1876663',ಆರ್ ಸಿ ನಂಜಂಡಪ್ಪ',ಚನ್ನಬಸಪ್ಪ',17',60',ಗಂಡು',',LINGAYATH',FARMER',NO'
ALQ1602994',ಪಾರ್ವತಮ್ಮ',ನಂಜುಂಡಪ್ಪ',17',50',ಹೆಣ್ಣು',',LINGAYATH',HOUSE -WIFE',NO'
ALQ2216208',ಪ್ರಸನ್ನ ಕುಮಾರ್ ಎನ್',ನಂಜುಂಡಪ್ಪ',17',27',ಗಂಡು',',LINGAYATH',FACTORY WORKER',NO'
ALQ1603000',ರಂಗಪ್ಪ',ರಂಗಪ್ಪ',18',70',ಗಂಡು',',LINGAYATH',FARMER',NO'
ALQ1603018',ಗಿರಿಜಮ್ಮ',ರಂಗಪ್ಪ',18',62',ಹೆಣ್ಣು',',LINGAYATH',HOUSE -WIFE',NO'
MVJ4125027',ಆರ್\u200c ಮಂಜುನಾಥ್',ರಂಗಪ್ಪ',18',36',ಗಂಡು',YES',LINGAYATH',PRIVATE JOB',NO'
ALQ1603026',ಎಂ ಆರ್ ನಾಗರಾಜು',ರಂಗಪ್ಪ',18',36',ಗಂಡು',',LINGAYATH',ELECTRICATION',NO'
MVJ1673508',ಅಶ್ವತ್ಥಕುಮಾರ್ ಎಂ ಆರ್',ರಂಗಪ್ಪ',18',36',ಗಂಡು',',LINGAYATH',WATER-MAN',NO'
ALQ2092039',ಮೇಘನ ಇತರೆ ಸಂಬಂಧಿಯ',ರಂಗಪ್ಪ',18',32',ಹೆಣ್ಣು',YES',LINGAYATH',HOUSE -WIFE',NO'
ALQ2092021',ನಿರ್ಮಲ',ಅಶ್ವತ್ಥ ಕುಮಾರ್',18',31',ಹೆಣ್ಣು',',LINGAYATH',HOUSE -WIFE',NO'
ALQ0070532',ಪಾರ್ವತಮ್ಮ',ಸುಂದರಪ್ಪ',19',57',ಹೆಣ್ಣು',',LINGAYATH',FARMER',NO'
ALQ2119964',ಮಂಜುಳಮ್ಮ',ನರಸಿಂಹಮೂರ್ತಿ',19',30',ಹೆಣ್ಣು',',',',NO'
ALQ2092013',ಪ್ರಸನ್ನ ಕುಮಾರ್ ಎಂ ಎಸ್ ತಾಯಿಯ',ಪಾರ್ವತಮ್ಮ',19',29',ಗಂಡು',YES',LINGAYATH',VEGITBELS-SELLER',NO'
ALQ2291409',ಸುನಿತ ಪಿ ಜಿ',ನಾಗರಾಜು ಎಮ್ ಅರ್',19',28',ಹೆಣ್ಣು',YES',LINGAYATH',PRIVATE JOB',NO'
ALQ3150448',ಪೂಜಾ ಎಂ',ಪ್ರಸನ್ನ ಕುಮಾರ್ ಎಮ್ ಎಸ್',19',22',ಹೆಣ್ಣು',YES',LINGAYATH',HOUSE -WIFE',NO'
ALQ1876671',ಎಮ್ ಆರ್ ಬಸಪ್ಪ',ರಂಗಪ್ಪ',20',75',ಗಂಡು',',LINGAYATH',FARMER',NO'
ALQ0070110',ಗೌರಮ್ಮ',ಬಸಪ್ಪ',20',68',ಹೆಣ್ಣು',',LINGAYATH',HOUSE -WIFE',NO'
ALQ0070136',ರಮೇಶ',ಬಸಪ್ಪ',20',45',ಗಂಡು',',LINGAYATH',FARMER',NO'
ALQ1603059',ರಾಜಣ್ಣ',ಬಸಪ್ಪ',20',45',ಗಂಡು',',LINGAYATH',T-D',NO'
MVJ4124897',ಶಶಿಕಲಾ',ರಾಜಣ್ಣ',20',39',ಹೆಣ್ಣು',',LINGAYATH',HOUSE -WIFE',NO'
MVJ1674456',ಸುರೇಶ ಎಂಬಿ',ಬಸಪ್ಪ ಎಂ ಆರ್',20',37',ಗಂಡು',YES',LINGAYATH',PRIVATE JOB',NO'
ALQ2092047',ವಿಜಯಲಕ್ಷ್ಮಿ ಎಸ್',ಸುರೇಶ್ ಎಂ ಬಿ',20',33',ಹೆಣ್ಣು',YES',LINGAYATH',HOUSE -WIFE',NO'
ALQ1603745',ಮಂಜುಳ',ಎಂ ಆರ್ ರಮೇಶ್',20',32',ಹೆಣ್ಣು',',',',NO'
ALQ1876689',ಪಾರ್ವತಮ್ಮ',ಶಿವಲಿಂಗಯ್ಯ',21',60',ಹೆಣ್ಣು',',LINGAYATH',HOUSE -WIFE',NO'
MVJ1673763',ಮಹೇಶ ಎಮ್ ಎಸ್',ಎಂ ಎಲ್ ಶಿವಲಿಂಗಯ್ಯ',21',40',ಗಂಡು',YES',LINGAYATH',TEMPO-DRIVER',NO'
ALQ1603075',ಉಮಾದೇವಿ',ಎಂ ಎಸ್ ಮಹೇಶ್',21',37',ಹೆಣ್ಣು',YES',LINGAYATH',HOUSE -WIFE',NO'
ALQ2216083',ಕಾವ್ಯ ಎನ್',ನಾರಾಯಣಪ್ಪ',21',26',ಹೆಣ್ಣು',',',',NO'
ALQ1603083',ಎಮ್ ಬಿ ಮಲ್ಲಿಕಾರ್ಜುನಯ್ಯ',ಬುಳ್ಳಪ್ಪ',22',70',ಗಂಡು',',LINGAYATH',FARMER',NO'
ALQ0069179',ಗಂಗಾಬಿಕೆ ಕೆ ಬಿ',ಮಲ್ಲಿಕಾರ್ಜುನಯ',22',60',ಹೆಣ್ಣು',',LINGAYATH',HOUSE -WIFE',NO'
ALQ1603109',ಚೆನ್ನಮ್ಮಯ್ಯ',ನರಸಿಂಹಪ್ಪ',22',34',ಹೆಣ್ಣು',',',',NO'
ALQ1603091',ಎಂ ಶಿವಕುಮಾರ್',ಎಂ ಬಿ ಮಲ್ಲಿಕಾರ್ಜುನಯ್ಯ',22',32',ಗಂಡು',',LINGAYATH',FACTORY WORKER',NO'
ALQ1603117',ನರಸಿಂಹಪ್ಪ',ದೊಡ್ಡರಂಗಪ್ಪ',22',30',ಗಂಡು',',',',NO'
ALQ2091932',ಲೋಕೇಶ್ ಎಂ',ಮಲ್ಲಿಕಾರ್ಜುನಯ್ಯ ಎಂಬಿ',22',29',ಗಂಡು',',LINGAYATH',FACTORY WORKER',NO'
ALQ2291490',ಎಮ್ ಭವ್ಯ',ಮಲ್ಲಿಕಾರ್ಜುನಯ್ಯ',22',25',ಹೆಣ್ಣು',YES',LINGAYATH',HOUSE -WIFE',NO'
ALQ3035763',ಮಂಜುಳ ಎಂ',ಎಂ ಬಿ ಮಲ್ಲಿಕಾರ್ಜುನಯ್ಯ',22',21',ಹೆಣ್ಣು',YES',LINGAYATH',HOUSE -WIFE',NO'
MVJ3412921',ಭಾರತಿ',ರಮೇಶ',2ಎ',40',ಹೆಣ್ಣು',',NAYAK',FARMER',NO'
ALQ2945111',ಮೈಲಾರಪ್ಪ',ಲಿಂಗಪ್ಪ',23',55',ಗಂಡು',',LINGAYATH',AGED',NO'
ALQ2945129',ಗಿರಿಜಮ್ಮ',ಮೈಲಾರಪ್ಪ',23',51',ಹೆಣ್ಣು',',LINGAYATH',KOOLI',NO'
ALQ2216091',ಸತೀಶ್ ಎಮ್',ಮೈಲಾರಪ್ಪ',23',29',ಗಂಡು',',LINGAYATH',FARMER',NO'
ALQ2291508',ಸಂತೋಷ ಕುಮಾರ್ ಎಮ್',ಮೈಲಾರಪ್ಪ',23',25',ಗಂಡು',YES',LINGAYATH',FACTORY WORKER',NO'
ALQ1603125',ಚಂದ್ರಶೇಖರಯ್ಯ ಇತರೆ ಸಂಬಂಧಿಯ',ನಂಜಪ್ಪ',24',57',ಗಂಡು',',LINGAYATH',',YES'
ALQ1603141',ಸುಶೀಲಮ್ಮ',ನಾಗರಾಜು',24',32',ಹೆಣ್ಣು',',',',NO'
ALQ1603133',ಆರ್ ನರಸಿಂಹಮೂರ್ತಿ',ರಾಮಕೃಷ್ಣಪ್ಪ',24',30',ಗಂಡು',',',',NO'
ALQ3196813',ಎನ್ ಆರ್ ಶಿಲ್ಪಾ',ಆರ್ ಗೀರಿಶ್',24',23',ಹೆಣ್ಣು',',',',NO'
ALQ2945137',ನಂಜಮ್ಮ',ವೀರಭದ್ರಯ್ಯ',25',70',ಹೆಣ್ಣು',',',',NO'
ALQ2091973',ರುದ್ರಾಣಮ್ಮ ',ನಂಜಮ್ಮ',25',45',ಹೆಣ್ಣು',YES',LINGAYATH',PRIVATE JOB',NO'
ALQ1603158',ಎಂ ವಿ ಸೋಮಶೇಖರ್',ವೀರಭದ್ರಯ್ಯ',25',39',ಗಂಡು',YES',LINGAYATH',PRIVATE JOB',NO'
ALQ0032755',ತಿರುಮಲೇಶ',ರಂಗಸ್ವಾಮಿ',25',32',ಗಂಡು',',',',NO'
ALQ1603166',ಮಲ್ಲಪ್ಪ',ಮಲ್ಲಪ್ಪ',26',75',ಗಂಡು',',LINGAYATH',FARMER',NO'
ALQ1876697',ಗಂಗಮ್ಮ',ಮಲ್ಲಪ್ಪ',26',65',ಹೆಣ್ಣು',',LINGAYATH',HOUSE -WIFE',NO'
ALQ0069518',ದಿನೇಶ್ ಎಂ',ಮಲ್ಲಪ್ಪ ಎಂ',26',41',ಗಂಡು',',LINGAYATH',FARMER',NO'
MVJ1675024',ಎಂ ಎನ್ ಲಕ್ಕೇಗೌಡ',ನಾರಾಯಣಪ್ಪ',26',41',ಗಂಡು',',GOLLA',FARMER',NO'
MVJ1674589',ರಂಗಮ್ಮ',ಎಂ ಎನ್ ಲಕ್ಕೆಗೌಡ',26',38',ಹೆಣ್ಣು',',GOLLA',PRIVATE JOB',NO'
ALQ2092104',ಗಂಗಮ್ಮ ವಿ ಎ',ದಿನೇಶ್ ಎಂ',26',38',ಹೆಣ್ಣು',',LINGAYATH',FARMER',NO'
ALQ1876705',ನಂಜಪ್ಪ',ವೀರಣ್ಣ',27',73',ಗಂಡು',',DEATH',',NO'
ALQ2945145',ನಂಜಮ್ಮ',ನಂಜಪ್ಪ',27',60',ಹೆಣ್ಣು',',LINGAYATH',KOOLI',NO'
ALQ1603174',ವಿರೂಪಾಕ್ಷಯ್ಯ',ನಂಜಪ್ಪ',27',45',ಗಂಡು',',LINGAYATH',FARMER',NO'
MVJ1674837',ನಾಗರತ್ನಮ್ಮ',ವಿರೂಪಾಕ್ಷಯ್ಯ',27',40',ಹೆಣ್ಣು',',LINGAYATH',HOUSE -WIFE',NO'
ALQ1603190',ಲಕ್ಷಮ್ಮ ಎನ್ ',ಮಾರ್ಕಂಡೇಯ',28',53',ಹೆಣ್ಣು',',LINGAYATH',ANGANAVADI-TEACHER',NO'
ALQ2091924',ಜಗದೀಶ್ ಎಂ ',ಲಲಿತಮ್ಮ',28',28',ಗಂಡು',',LINGAYATH',FARMER',NO'
ALQ3181567',ಲಕಿ ವಿ',ಜಗದೀಶ',28',19',ಹೆಣ್ಣು',',LINGAYATH',HOUSE -WIFE',NO'
ALQ2996320',ಎನ್  ಎನ್ ಇರೋಜಮ್ಮ',ಗಂಗರಾಜು',29',26',ಹೆಣ್ಣು',',',',NO'
ALQ1603208',ಕಾಳಮ್ಮ',ಗಂಗಾಧರಯ್ಯ',30',68',ಹೆಣ್ಣು',',LINGAYATH',AGED',NO'
MVJ4124947',ವೀರಭದ್ರಯ್ಯ',ಎಂ ಎನ್ ಗಂಗಾಧರಯ್ಯ',30',38',ಗಂಡು',YES',LINGAYATH',PRIVATE JOB',NO'
ALQ2216075',ಲಾವಣ್ಯ ಬಿ ಎಮ್',ವೀರಭದ್ರಯ್ಯ',30',28',ಹೆಣ್ಣು',YES',LINGAYATH',HOUSE -WIFE',NO'
ALQ0069138',ಶಿವಮ್ಮ',ಸೋಮಯ್ಯ',31',67',ಹೆಣ್ಣು',',LINGAYATH',AGED',NO'
ALQ1603216',ಸೋಮಶೇಖರಯ್ಯ',ಸೋಮಯ್ಯ',31',48',ಗಂಡು',',LINGAYATH',KOOLI',NO'
MVJ1674944',ಪ್ರಕಾಶ',ಸೋಮಯ್ಯ',31',42',ಗಂಡು',',LINGAYATH',FARMER',NO'
MVJ4125605',ಮಂಜುಳ',ಸೋಮಶೇಖರ',31',41',ಹೆಣ್ಣು',',LINGAYATH',HOUSE -WIFE',NO'
ALQ3196888',ಅನಂದ್ ಕುಮಾರ್ ಡಿ',ದೇವರಾಜ್',31',20',ಗಂಡು',',',',NO'
ALQ0069450',ಮಂಗಳಮ್ಮ',ಸೋಮಶೇಖರಯ',32',55',ಹೆಣ್ಣು',',LINGAYATH',FARMER',NO'
MVJ1673516',ಗೌರಿಶಂಕರ್ ಎಂ ಎಸ್',ಎಂ ಎನ್ ಸೋಮಶೇಖರಯ್ಯ',32',38',ಗಂಡು',YES',LINGAYATH',PRIVATE JOB',NO'
MVJ1673615',ಗಂಗಾಧರ ಎಮ್ ಎಸ್',ಎಂ ಎನ್ ಸೋಮಶೇಖರಯ್ಯ',32',36',ಗಂಡು',YES',LINGAYATH',PRIVATE JOB',NO'
ALQ2150217',ಶಿಲ್ಪ',ಗುರುರಾಜ ಶೇಖರಯ್ಯ',32',36',ಹೆಣ್ಣು',',LINGAYATH',KOOLI',NO'
ALQ2092088',ಭಾರತಿ ಹೆಚ್ ಎಂ',ಗೌರಿಶಂಕರ್ ಎಂ ಎಸ್',32',33',ಹೆಣ್ಣು',YES',LINGAYATH',HOUSE -WIFE',NO'
ALQ2996296',ನಾಗರಾಜ ಎಸ್',ಸೋಮಶೇಖರಯ',32',25',ಗಂಡು',',LINGAYATH',FACTORY WORKER',NO'
ALQ2415917',ಕುಷೆನ್ ಎಸ್',ಸೋಮಶೇಖರಂ ಎಮ್ ಎನ್',32',24',ಗಂಡು',',LINGAYATH',UN-EMPLOYE',NO'
ALQ3150265',ವಿದ್ಯಾಶ್ರೀ',ಕುಷನ್ ಎನ್',32',23',ಹೆಣ್ಣು',',LINGAYATH',HOUSE -WIFE',NO'
ALQ0069237',ನೀಲಕಂಠಯ್ಯ',ಸೋಮಶೇಖರಯ',33',53',ಗಂಡು',',LINGAYATH',FARMER',NO'
ALQ0069211',ಶಾಂತಮ್ಮ',ನೀಲಕಂಠಯ್ಯ',33',48',ಹೆಣ್ಣು',',LINGAYATH',FACTORY WORKER',NO'
ALQ2962405',ಯತೀಶ್ ಎಂ ಎನ್',ನೀಲಕಂಠಯ್ಯ',33',31',ಗಂಡು',YES',LINGAYATH',PRIVATE JOB',NO'
ALQ2291474',ಮೋಹನ್ ಕುಮಾರ್ ಎಮ್ ಎನ್',ನೀಲಕಂಠಯ್ಯ',33',25',ಗಂಡು',YES',LINGAYATH',PRIVATE JOB',NO'
ALQ3035771',ಸತೀಶ ಎಂ ಎನ್',ನೀಲಕಂಠಯ್ಯ',33',21',ಗಂಡು',YESS',LINGAYATH',PRIVATE JOB',NO'
MVJ1673912',ಪ್ರಕಾಶ ಎಂ ಎಲ್',ಲಿಂಗಪ್ಪ',34',60',ಗಂಡು',',LINGAYATH',FARMER',NO'
MVJ4124905',ಸರೋಜಮ್ಮ',ರಾಜಣ್ಣ',34',60',ಹೆಣ್ಣು',',LINGAYATH',KOOLI',NO'
ALQ2945152',ಶಾರದಮ್ಮ',ಪ್ರಕಾಶ',34',53',ಹೆಣ್ಣು',',LINGAYATH',KOOLI',NO'
ALQ2216059',ವೀರೇಂದ್ರ ಪಿ',ಪ್ರಕಾಶಪ್ಪ',34',26',ಗಂಡು',',LINGAYATH',KOOLI',NO'
ALQ2566263',ಬಾನುಚಂದ್ರ',ಪ್ರಕಾಶ್',34',24',ಗಂಡು',YES',LINGAYATH',PRIVATE JOB',NO'
ALQ2945160',ತಿಮ್ಮಕ್ಕ',ರಂಗಪ್ಪ',35',73',ಹೆಣ್ಣು',',GOLLA',KOOLI',NO'
ALQ1603265',ಜಿ ರವಿ',ಗಂಗಪ್ಪ',35',31',ಗಂಡು',',',',NO'
ALQ2945178',ಮರಿಯಪ್ಪ',ವೆಂಕಟಪ್ಪ',36',68',ಗಂಡು',',GOLLA',AGED',NO'
MVJ3412343',ಪಾಪಮ್ಮ',ಮರಿಯಪ್ಪ',36',57',ಹೆಣ್ಣು',',GOLLA',AGED',NO'
MVJ4125399',ಎಂ ವೆಂಕಟೇಶಯ್ಯ',ಮರಿಯಪ್ಪ',36',55',ಗಂಡು',',GOLA',DAIRY WORKER',NO'
MVJ4125928',ಗಂಗಮ್ಮ',ಎಂ ವೆಂಕಟೇಶಯ್ಯ',36',50',ಹೆಣ್ಣು',',GOLLA',HOUSE -WIFE',NO'
ALQ1603273',ಚಿಕ್ಕರಂಗಪ್ಪ',ವೆಂಕಟಪ್ಪ',37',70',ಗಂಡು',',DEATH',',NO'
MVJ3412228',ಗೋಪಾಲಪ್ಪ',ಮರಿಯಪ್ಪ',37',47',ಗಂಡು',',GOLLA',FARMER',NO'
MVJ3412210',ವಿಜಯಮ್ಮ',ಗೋಪಾಲ',37',44',ಹೆಣ್ಣು',',GOLLA',HOUSE -WIFE',NO'
ALQ2415909',ರವಿಕುಮಾರ ಜಿ',ಗೋಪಾಲ',37',24',ಗಂಡು',',GOLLA',FARMER',NO'
ALQ3196771',ಲಕ್ಷ್ಮೀ ಆರ್',ಜೆ ರವಿಕುಮಾರ್',37',20',ಹೆಣ್ಣು',',GOLLA',HOUSE -WIFE',NO'
ALQ1603281',ರಂಗಪ್ಪ',ವೆಂಕಟಪ್ಪ',38',80',ಗಂಡು',',GOLLA',AGED',NO'
ALQ2945186',ಲಕ್ಷ್ಮಮ್ಮ',ರಂಗಪ್ಪ',38',60',ಹೆಣ್ಣು',',GOLLA',AGED',NO'
MVJ3412319',ಮಂಜುನಾಥ',ರಂಗಪ್ಪ',38',44',ಗಂಡು',',GOLLA',FARMER',NO'
MVJ4125282',ಪ್ರಮಿಳಮ್ಮ',ಮಂಜುನಾಥ',38',35',ಹೆಣ್ಣು',',GOLLA',HOUSE -WIFE',NO'
ALQ0069807',ಕೊಡಿಮಲ್ಲೇಶಪ್ಪ',ಅಡವಪ್ಪ',39',50',ಗಂಡು',',KURUBA',FARMER',NO'
ALQ1876713',ಸರೋಜಮ್ಮ',ಕೊಡಿಮಲ್ಲೇಶಪ್ಪ',39',47',ಹೆಣ್ಣು',',KURUBA',HOUSE -WIFE',NO'
ALQ1603299',ನಂಜಪ್ಪ',ಅಡವಪ್ಪ',39',44',ಗಂಡು',',KURUBA',FORMING',YES'
ALQ1603307',ಸೌಭಾಗ್ಯಮ್ಮ',ನಂಜಪ್ಪ',39',38',ಹೆಣ್ಣು',',KURUBA',KOOLI',NO'
ALQ2962389',ಆಶಾ',ಕೋಡಿ ಮಲ್ಲೇಶಪ್ಪ',39',22',ಹೆಣ್ಣು',',KURUBA',STUDENT',NO'
ALQ3065414',ಅರುಣ್ ಕುಮಾರ್',ಕೋಡಿಮಲ್ಲೇಶ',39',22',ಗಂಡು',',KURUBA',STUDENT',NO'
ALQ2945202',ಸರ್ವಮಂಗಳ',ಗಂಗಾಧರಯ್ಯ',40',68',ಹೆಣ್ಣು',',LINGAYATH',AGED',NO'
MVJ1675032',ಎಮ್ ಜಿ ಸೋಮಣ್ಣ',ಗಂಗಾಧರಯ್ಯ',40',50',ಗಂಡು',',LINGAYATH',UN-EMPOLYE',NO'
ALQ2945210',ಎಮ್ ಜಿ ಉಮಾಶಂಕರ',ಗಂಗಾಧರಯ್ಯ',40',45',ಗಂಡು',',LINGAYATH',FACTORY WORKER',NO'
MVJ1674951',ಪರಮೇಶ್ ಎಂಜಿ',ಗಂಗಾಧರಯ್ಯ',40',44',ಗಂಡು',',LINGAYATH',FACTORY WORKER',NO'
MVJ4125662',ಎಂ ಜಿ ಚಂದ್ರಶೇಖರ',ಎಂ ಎಸ್ 1 ಗಂಗಾಧರಯ್ಯ',40',40',ಗಂಡು',',LINGAYATH',FORMING',NO'
ALQ0032870',ತ್ರಿವೇಣಮ್ಮ',ಪರಮಶೇಖರ',40',37',ಹೆಣ್ಣು',',LINGAYATH',HOUSE -WIFE',NO'
MVJ4125712',ಮಂಜುಳ',ಎಂ ಜಿ ಉಮಾಶಂಕ',40',35',ಹೆಣ್ಣು',',LINGAYATH',HOUSE -WIFE',NO'
ALQ1603315',ಗಂಗಮ್ಮ',ಚಂದ್ರಶೇಖರಯ್ಯ',41',60',ಹೆಣ್ಣು',',LINGAYATH',AGED',NO'
MVJ1674308',ಬಸವರಾಜು ಎಂ ಸಿ ತಾಯಿಯ',ಗಂಗಮ್ಮ',41',41',ಗಂಡು',',LINGAYATH',FARMER',NO'
MVJ1674746',ವಿಶ್ವನಾಥ ತಾಯಿಯ',ಗಂಗಮ್ಮ',41',38',ಗಂಡು',',LINGAYATH',GP-MEMBER',NO'
MVJ1673524',ಶ್ರೀಕಂಠಯ್ಯ ಎಂಸಿ',ಚಂದ್ರಶೇಖರಯ್ಯ',41',36',ಗಂಡು',',LINGAYATH',FARMER',NO'
ALQ0032797',ಎಂ ಸಿ ಜಗದೀಶ',ಚಂದ್ರಶೇಖರಯ್ಯ',41',33',ಗಂಡು',',LINGAYATH',FARMER',NO'
ALQ1603323',ಬಿ ಎಸ್\u200c ಶಶಿಕಲಾ',ಎಂ ಸಿ ಬಸವರಾಜ',41',31',ಹೆಣ್ಣು',',LINGAYATH',HOUSE -WIFE',NO'
ALQ2216042',ಆಶಾಜಿ',ಶ್ರೀಕಂಠಯ್ಯ ಎಮ್ ಸಿ',41',28',ಹೆಣ್ಣು',',LINGAYATH',HOUSE -WIFE',NO'
ALQ2565653',ಪವಿತ್ರ',ವಿಶ್ವನಾಥ',41',26',ಹೆಣ್ಣು',',LINGAYATH',HOUSE -WIFE',NO'
ALQ3065422',ಕಾಕಣ್ಣ ಎಂಜಿ',ಗಂಗಪ್ಪ',42',60',ಗಂಡು',',KURUBA',FARMER',NO'
ALQ1876721',ಎಮ್ ಜಿ ಪರಶುರಾಮ',ಗಂಗಪ್ಪ',42',56',ಗಂಡು',',KURUBA',FARMER',NO'
ALQ3065356',ಕಾಂತಮ್ಮ',ಕಾಕಣ್ಣ',42',51',ಹೆಣ್ಣು',',KURUBA',HOUSE -WIFE',NO'
ALQ2184893',ಲಕ್ಷ್ಮಮ್ಮ',ಪರಶುರಾಮ',42',45',ಹೆಣ್ಣು',',KURUBA',HOUSE -WIFE',NO'
ALQ0069229',ಚಂದ್ರಕಲಾ',ಡಿ ವಿ ಸಿದ್ದಪ್ಪ',42',43',ಹೆಣ್ಣು',',KURUBA',',NO'
ALQ3058286',ಮಧುಸೂದನ ಕೆ',ಕಾಕಣ್ಣ ಎಂಜಿ',42',32',ಗಂಡು',YES',KURUBA',PRIVATE JOB',NO'
ALQ1603364',ಎಸ್ ರುದ್ರೇಶ್',ಶಿವಪ್ಪ',42',31',ಗಂಡು',',',',NO'
ALQ2150167',ಕರುಣಾ ಸಾಗರ ಪಿ',ಪರಶುರಾಮ',42',26',ಗಂಡು',YES',KURUBA',PRIVATE JOB',NO'
ALQ2962413',ತೇಜವತಿ',ಪರಶುರಾಮಯ್ಯ',42',23',ಹೆಣ್ಣು',YES',KURUBA',HOUSE -WIFE',NO'
ALQ2945228',ರಾಮಣ್ಣ',ಯಲ್ಲಪ್ಪ',43',70',ಗಂಡು',',KURUBA',AGED',NO'
MVJ1674621',ಚಿಕ್ಕಹನುಮಕ್ಕ',ರಾಮಣ್ಣ',43',63',ಹೆಣ್ಣು',',KURUBA',AGED',NO'
ALQ1603372',ಎಂ ಆರ್ ಕಾಂತರಾಜ್',ರಾಮಣ್ಣ',43',34',ಗಂಡು',',KURUBA',FARMER',NO'
ALQ0069799',ಮಲ್ಲೇಶ್',ರಾಮಣ್ಣ',43',30',ಗಂಡು',',KURUBA',HOUSE -WIFE',NO'
ALQ2261279',ಕೆ ಪದ್ಮಾವತಿ',ಎಮ್ ಆರ್ ಕಾಂತರಾಜ್',43',28',ಹೆಣ್ಣು',',KURUBA',HOUSE -WIFE',NO'
ALQ3196797',ಎಚ್ ದಿವ್ಯಾ',ಮಲ್ಲೇಶ',43',19',ಹೆಣ್ಣು',',KURUBA',HOUSE -WIFE',NO'
ALQ2945236',ಎಮ್ ಬಿ ನಾಗರಾಜಯ್ಯ',ಬುಳ್ಳಪ್ಪ',44',63',ಗಂಡು',',LINGAYATH',FARMER',NO'
ALQ1876739',ಜಯಮ್ಮ',ನಾಗರಾಜಯ್ಯ',44',56',ಹೆಣ್ಣು',',LINGAYATH',HOUSE -WIFE',NO'
ALQ0069385',ನಂಜುಂಡಪ್ಪ',ಲಿಂಗಪ್ಪ',45',70',ಗಂಡು',',SHETBALAJIGA',SMLL-SHOP',NO'
ALQ2945244',ಲಿಂಗಮ್ಮ',ನಂಜುಂಡಪ್ಪ',45',65',ಹೆಣ್ಣು',',SHETBALAJIGA',HOUSE -WIFE',NO'
ALQ1603380',ಶಿವಕುಮಾರ್',ನಂಜುಂಡಪ್ಪ',45',45',ಗಂಡು',',SHETBALAJIGA',FARMER',NO'
MVJ1674654',ಗಂಗಮ್ಮ',ಲೇಟ್ ನಂದೀಶಪ್ಪ',45',43',ಹೆಣ್ಣು',',SHETBALAJIGA',HOUSE -WIFE',NO'
ALQ1603398',ಧನಂಜಯ',ನಂಜುಂಡಪ್ಪ',45',39',ಗಂಡು',',SHETBALAJIGA',FARMER',NO'
MVJ4125209',ಗೀತಮ್ಮ',ಶಿವಕುಮಾರ್',45',36',ಹೆಣ್ಣು',',SHETBALAJIGA',HOUSE -WIFE',NO'
ALQ2216067',ಕೆದೇವಿ',ಕೃಷ್ಣಮೂರ್ತಿ',45',27',ಹೆಣ್ಣು',',',',NO'
ALQ2357036',ಪುಷ್ಪ ಕೆ',ಕೃಷ್ಣಮೂರ್ತಿ',45',25',ಹೆಣ್ಣು',',',',NO'
ALQ2565877',ಮಂಜುನಾಥ ಎನ್',ನಂದೀಶ',45',25',ಗಂಡು',',SHETBALAJIGA',FARMER',NO'
ALQ2092138',ತಿಮ್ಮಪ್ಪ',ಮಾದಪ್ಪ',46',45',ಗಂಡು',',',',NO'
ALQ3150216',ಗಂಗಾದೇವಿ',ಸುರೇಶ ಟಿ',46',21',ಹೆಣ್ಣು',',',',NO'
ALQ0068577',ರತ್ನಮ್ಮ',ಪುಟ್ಟರಾಜು',47',45',ಹೆಣ್ಣು',',LINGAYATH',FARMER',NO'
MVJ1673482',ಪಾಪೇಗೌಡ ಎಂ ಎಸ್',ಶ್ರೀರಾಮಪ್ಪ',47',43',ಗಂಡು',YES',GOLLA',PRIVATE JOB',NO'
MVJ4125530',ಚಂದ್ರಕಲಾ',ವೆಂಕಟೇಶಪ್ಪ',47',42',ಹೆಣ್ಣು',',GOLLA',KOOLI',NO'
ALQ1603406',ವೆಂಕಟೇಶಪ್ಪ ',',47',41',ಗಂಡು',',',FARMER',NO'
MVJ1673649',ಸುಮಂಗಳ',ಪಾಪೇಗೌಡ',47',40',ಹೆಣ್ಣು',YES',GOLLA',HOUSE -WIFE',NO'
ALQ2418598',ಕವಿತ ಎ ತಾಯಿಯ',ಕಮಲಮ್ಮ',47',38',ಹೆಣ್ಣು',YES',GOLLA',HOUSE -WIFE',NO'
ALQ2975126',ಡಿ ಮಂಜುಳ',ಪಾಪೇಗೌಡ ಎಂ ಎಸ್',47',33',ಹೆಣ್ಣು',YES',GOLLA',PRIVATE JOB',NO'
ALQ2962421',ದಿನೇಶ ವಿ',ವೆಂಕಟೇಶಪ್ಪ',47',22',ಗಂಡು',',',AUTO-DRIVER',NO'
ALQ1603414',ಪುಟ್ಟಪ್ಪ',ವೆಂಕಟಪ್ಪ',48',65',ಗಂಡು',',SHETBALAJIGA',FARMER',NO'
ALQ2945251',ರತ್ನಮ್ಮ',ಪುಟ್ಟಪ್ಪ',48',60',ಹೆಣ್ಣು',',',HOUSE -WIFE',NO'
ALQ1603430',ರಂಗಧಾಮಯ್ಯ',ಮುನಿಯಪ್ಪ',48',45',ಹೆಣ್ಣು',YES',GOLLA',FACTORY WORKER',NO'
ALQ1603422',ರವಿಕುಮಾರ್',ಪುಟ್ಟಪ್ಪ',48',41',ಗಂಡು',',SHETBALAJIGA',FARMER',NO'
MVJ3412954',ಅನುಸೂಯಮ್ಮ',ರಂಗಧಾಮಯ್ಯ',48',39',ಹೆಣ್ಣು',YES',GOOLA',HOUSE -WIFE',NO'
MVJ4125316',ಎಂ ಪಿ ಕೃಷ್ಣಪ್ಪ',ಪುಟ್ಟಪ್ಪ',48',35',ಗಂಡು',YES',SHETBALAJIGA',NOT-IN-VILLAGE',NO'
ALQ1603448',ಯಶೋಧಮ್ಮ ಎಮ್',ರವಿಕುಮಾರ',48',34',ಹೆಣ್ಣು',',SHETBALAJIGA',FARMER',NO'
MVJ4125357',ಡಿ ಎಂ ಆನಂದಕುಮಾರ್',ಮುನಿಯಪ್ಪ',48',33',ಗಂಡು',',',',NO'
ALQ3035789',ಕೃಷ್ಣಪ್ಪ',ರಂಗಧಾಮಯ್ಯ',48',22',ಗಂಡು',YES',GOLLA',FACTORY WORKER',NO'
ALQ1603455',ನಡುಪಣ್ಣ',ತಿಪ್ಪಯ್ಯ',49',56',ಗಂಡು',',GOLLA',FARMER',NO'
ALQ1603463',ಲಕ್ಷ್ಮಮ್ಮ',ನಡುಪಣ್ಣ',49',48',ಹೆಣ್ಣು',',GOLLA',HOUSE -WIFE',NO'
ALQ2100501',ಶ್ರೀನಾಥ್',ನಡುಪಣ್ಣ',49',28',ಗಂಡು',',GOLLA',FARMER',NO'
ALQ2101749',ಎನ್ ವಿಜಯ ಕುಮಾರ್',ನಡುಪಣ್ಣ',49',27',ಗಂಡು',',GOLLA',FARMER',NO'
ALQ3065406',ನೇತ್ರಾವತಿ ಎನ್',ಶ್ರೀನಾಥ',49',23',ಹೆಣ್ಣು',',GOLLA',HOUSE -WIFE',NO'
ALQ2945269',ಪಾಪಣ್ಣ',ತಿಪ್ಪಯ್ಯ',50',50',ಗಂಡು',',GOLLA',FARMER',NO'
MVJ1674647',ಸಿದ್ದಮ್ಮ',ಪಾಪಣ್ಣ',50',45',ಹೆಣ್ಣು',',GOLLA',HOUSE -WIFE',NO'
ALQ2945277',ಆದಮ್ಮ',ಚಿನ್ನಪ್ಪಯ್ಯ',51',70',ಹೆಣ್ಣು',',SHETBALAJIGA',AGED',NO'
ALQ1603471',ಮೈಲಾರಿ',ಚಿನ್ನಪ್ಪಯ್ಯ',51',50',ಗಂಡು',',SHETBALAJIGA',FARMER',NO'
MVJ1674639',ಪಾರ್ವತಮ್ಮ',ಮೈಲಾರಿ',51',45',ಹೆಣ್ಣು',',SHETBALAJIGA',HOUSE -WIFE',NO'
ALQ2945285',ನಾಗರಾಜ',ಚಿನ್ನಪ್ಪಯ್ಯ',52',51',ಗಂಡು',',SHETBALAJIGA',FARMER',NO'
ALQ2945293',ನಾಗಮ್ಮ',ನಾಗರಾಜ',52',45',ಹೆಣ್ಣು',',SHETBALAJIGA',HOUSE -WIFE',NO'
ALQ2566289',ರಾಮಾಂಜಿನಯ್ಯ',ನಾಗರಾಜಪ್ಪ',52',27',ಗಂಡು',',SHETBALAJIGA',FARMER',NO'
ALQ2434215',ನವೀನ್ ಕುಮಾರ್ ಎನ್',ನಾಗರಾಜ',52',24',ಗಂಡು',',SHETBALAJIGA',FARMER',NO'
ALQ2945301',ಲಕ್ಷ್ಮಮ್ಮ',ಲಿಂಗಪ್ಪ',53',48',ಹೆಣ್ಣು',',SHETBALAJIGA',KOOLI',NO'
ALQ1876747',ಗಂಗಾಧರ',ನಾರಾಯಣಪ್ಪ',54',50',ಗಂಡು',',GOLLA',FARMER',NO'
MVJ1674795',ಕೆ ಅರುಣಮ್ಮ',ಗಂಗಾಧರ',54',38',ಹೆಣ್ಣು',',GOLLA',HOUSE -WIFE',NO'
ALQ2116143',ಯಶೋದಾ',ಎಮ್ ಜಿ ಮಂಜುನಾಥ್',54',31',ಹೆಣ್ಣು',',GOLLA',FARMER',NO'
ALQ2150134',ಜಿ ಎನ್ ನೀಲಮ್ಮ',ಎಂ ಜಿ ಈರೇಗೌಡ',54',27',ಹೆಣ್ಣು',',GOLLA',HOUSE -WIFE',NO'
ALQ1603497',ಪಾರ್ವತಮ್ಮ',ಚೆನ್ನವೀರಪ್ಪ',55',55',ಹೆಣ್ಣು',',LINGAYATH',KOOLI',NO'
ALQ0069195',ದೊಡ್ಡರಾಜಪ್ಪ',ವೀರೇಗೌಡ',56',85',ಗಂಡು',',DEATH',',NO'
ALQ0069658',ವೆಂಕಟಮ್ಮ',ದೊಡ್ಡರಾಜಪ್ಪ',56',78',ಹೆಣ್ಣು',',GOLLA',AGED',NO'
MVJ4125126',ಎಂ ಅರ್ ಗೋಪಾಲಪ್ಪ',ದೊಡ್ಡರಾಜಪ್ಪ',56',45',ಗಂಡು',',GOLLA',PRIVATE JOB',NO'
MVJ4125134',ಅಶ್ವತ್ಥಮ್ಮ',ಎಂ ಅರ್ ಗೋಪಾಲಪ್ಪ',56',39',ಹೆಣ್ಣು',',GOLLA',HOUSE -WIFE',NO'
ALQ2996312',ವಿನೋದ್ ಕುಮಾರ್ ಜಿ',ಗೋಪಾಲಯ್ಯ',56',23',ಗಂಡು',',GOLLA',FISH-SHOP',NO'
ALQ3196904',ರಂಜಿತ',ರಾಜಣ್ಣ',56',19',ಹೆಣ್ಣು',',LINGAYATH',STUDENT',NO'
ALQ1603505',ನಾಗರಾಜಪ್ಪ',ದೊಡ್ಡರಾಜಪ್ಪ',57',54',ಗಂಡು',',GOLLA',FARMER',NO'
ALQ2945319',ನರಸಮ್ಮ',ನಾಗರಾಜ',57',48',ಹೆಣ್ಣು',',GOLLA',HOUSE -WIFE',NO'
ALQ2184869',ರಾಮಕೃಷ್ಣಪ್ಪ',ನಾಗರಾಜಪ್ಪ',57',31',ಗಂಡು',',GOLLA',PRIVATE JOB',NO'
ALQ2566248',ಭಾಗ್ಯಲಕ್ಷ್ಮೀ ಆರ್',ರಾಮಕೃಷ್ಣ ಎನ್',57',24',ಹೆಣ್ಣು',',GOLLA',HOUSE -WIFE',NO'
ALQ3111937',ಮಲ್ಲಿಕಾರ್ಜುನ',ಲೇಟ್ ಸಿದ್ದಲಿಂಗಪ್ಪ',58',64',ಗಂಡು',',LINGAYATH',KOOLI',NO'
ALQ0069393',ಶಿವಣ್ಣ',ಚಿಕ್ಕಣ್ಣ',59',63',ಗಂಡು',',LINGAYATH',FARMER',NO'
ALQ0069401',ಭಾಗ್ಯಮ್ಮ',ಶಿವಣ್ಣ',59',55',ಹೆಣ್ಣು',',LINGAYATH',HOUSE -WIFE',NO'
ALQ0032730',ಪ್ರೇಮಕುಮಾರಿ',ಶಿವಣ್ಣ',59',31',ಹೆಣ್ಣು',YES',LINGAYATH',HOUSE -WIFE',NO'
ALQ0069419',ಪ್ರೇಮಕುಮಾರಿ',ಶಿವಣ್ಣ',59',30',ಹೆಣ್ಣು',',REPATED',',NO'
ALQ2198976',ಶ್ರೀಧರ ಎಮ್ ಎಸ್',ಶಿವಣ್ಣ',59',27',ಗಂಡು',YES',LINGAYATH',PRIVATE JOB',NO'
ALQ2945327',ಎಮ್ ವಿ ರಂಗಪ್ಪ',ವೆಂಕಟಪ್ಪ',60',83',ಗಂಡು',',LINGAYATH',FARMER',NO'
ALQ2945335',ಭಾಗ್ಯಮ್ಮ',ರಂಗಪ್ಪ',60',60',ಹೆಣ್ಣು',',LINGAYATH',HOUSE -WIFE',NO'
ALQ0032912',ನೇತ್ರಾವತಿ',ಎಂ ವಿ ರಂಗಪ್ಪ',60',31',ಹೆಣ್ಣು',YES',LINGAYATH',HOUSE -WIFE',NO'
ALQ0069369',ಸಾವಿತ್ರಮ್ಮ',ವೆಂಕಟೇಶ',60',30',ಹೆಣ್ಣು',',GOLLA',FARMER',NO'
ALQ2477172',ರಮ್ಯ ಎಸ್',ಪುಟ್ಟರಾಜು ಆರ್',60',25',ಹೆಣ್ಣು',',LINGAYATH',HOUSE -WIFE',NO'
ALQ1603539',ವೆಂಕಟರವಣಪ್ಪ ',',61',63',ಗಂಡು',',DELETED',',NO'
MVJ4124889',ನಂಜಮ್ಮ',ಶಿವಣ್ಣ',61',60',ಹೆಣ್ಣು',',LINGAYATH',AGED',NO'
ALQ1603547',ಶ್ರೀನಿವಾಸ',ವೆಂಕಟರವಣಪ್ಪ',61',46',ಗಂಡು',YES',GOLLA',FACTORY WORKER',NO'
MVJ4125472',ರಾಜಣ್ಣ ತಾಯಿಯ',ನಂಜಮ್ಮ',61',43',ಗಂಡು',',LINGAYATH',FARMER',NO'
ALQ1603554',ವಿ ಉಮಾದೇವಿ',ವೆಂಕಟರವಣಪ್ಪ',61',40',ಹೆಣ್ಣು',',LINGAYATH',SMALL-SHOP',NO'
ALQ2091940',ನಂಜುಂಡಪ್ಪ ',ಉಮಾದೇವಿ',61',40',ಗಂಡು',YES',LINGAYATH',FACTORY WORKER',NO'
ALQ2092112',ತೇಜಸ್ವಿನಿ',ಶ್ರೀನಿವಾಸ',61',40',ಹೆಣ್ಣು',YES',LINGAYATH',HOUSE -WIFE',NO'
MVJ4125464',ರಾಧಮ್ಮ',ರಾಜಣ್ಣ',61',37',ಹೆಣ್ಣು',',LINGAYATH',FARMER',NO'
MVJ4125563',ಗಂಗಮ್ಮ',ನಂಜುಂಡಪ್ಪ',55',84',ಹೆಣ್ಣು',',LINGAYATH',AGED',NO'
ALQ2092005',ಶಿವಶಂಕರ ಎಂ ಸಿ',ಚೆನ್ನವೀರಪ್ಪ',63',29',ಗಂಡು',',LINGAYATH',TEA-SHOP',NO'
ALQ1603562',ಶ್ರೀರಾಮಪ್ಪ',ನಾಗಪ್ಪ',64',60',ಗಂಡು',',GOLLA',FARMER',NO'
ALQ1603570',ಸಿದ್ದಮ್ಮ',ಶ್ರೀರಾಮಪ್ಪ',64',53',ಹೆಣ್ಣು',',GOLLA',HOUSE -WIFE',NO'
ALQ0069526',ವೆಂಕಟೇಶ್ ಟಿ ಎಸ್',ಶ್ರೀರಾಮಪ್ಪ',64',42',ಗಂಡು',',GOLLA',FARMER',NO'
MVJ1674936',ರಂಗಪ್ಪ',ಶ್ರೀರಾಮಪ್ಪ',64',38',ಗಂಡು',YES',GOLLA',FACTORY WORKER',NO'
ALQ2945350',ನರಸಿಂಹಪ್ಪ',ವೆಂಕಟಪ್ಪ',65',63',ಗಂಡು',',SHETBALAJIGA',FARMER',NO'
ALQ2945368',ಗಂಗಮ್ಮ',ನರಸಿಂಹಪ್ಪ',65',55',ಹೆಣ್ಣು',',SHETBALAJIGA',FARMER',NO'
ALQ1603588',ಎನ್ ಪ್ರೇಮ',ನರಸಿಂಹಪ್ಪ',65',38',ಹೆಣ್ಣು',',SHETBALAJIGA',FACTORY WORKER',NO'
MVJ1674241',ಕೃಷ್ಣಪ್ಪ ಎಂ ಎನ್',ನರಸಿಂಹಪ್ಪ',65',38',ಗಂಡು',',SHETBALAJIGA',FARMER',NO'
MVJ4125431',ಲಕ್ಷ್ಮಮ್ಮ',ಎಂ ಎನ್ ಕೃಷ್ಣಪ್ಪ',65',35',ಹೆಣ್ಣು',',SHETBALAJIGA',FARMER',NO'
ALQ2945376',ಎಮ್ ಸಿ ಶಿವಕುಮಾರ',ಚನ್ನಬಸಪ್ಪ',66',53',ಗಂಡು',',DELETED',',NO'
MVJ4125894',ಎಮ್ ಸಿ ಗಂಗಾಧರ',ಚೆನ್ನಬಸಪ್ಪ',66',50',ಗಂಡು',',LINGAYATH',SHEEP-FARMING',NO'
ALQ2945384',ಮೇನಕ',ಶಿವಕುಮಾರ',66',46',ಹೆಣ್ಣು',',LINGAYATH',FARMER',NO'
ALQ1603596',ಮಂಜುನಾಥ',ಚನ್ನಬಸಪ್ಪ',66',44',ಗಂಡು',',LINGAYATH',PRIVATE JOB',NO'
MVJ1674761',ರೇಣುಕ',ಎಮ್ ಸಿ ಗಂಗಾಧರ',66',44',ಹೆಣ್ಣು',',LINGAYATH',HOUSE -WIFE',NO'
MVJ1674787',ನಿರ್ಮಲ',ಮಂಜುನಾಥ',66',39',ಹೆಣ್ಣು',',LINGAYATH',FARMER',NO'
ALQ2291482',ಸಂದೀಪ್ ಎಸ್',ಎಮ್ ಸಿ ಶಿವಕುಮಾರ್',66',25',ಗಂಡು',',LINGAYATH',PRIVATE JOB',NO'
ALQ2566255',ಭವ್ಯ ಎಸ್',ಶಿವಕುಮಾರ್ ಎಮ್',66',24',ಹೆಣ್ಣು',',LINGAYATH',PRIVATE JOB',NO'
ALQ2566297',ಕಿರಣ್ ಜಿ',ಗಂಗಾಧರಪ್ಪ',66',23',ಗಂಡು',',LINGAYATH',FACTORY WORKER',NO'
ALQ2945392',ತಿಮ್ಮಪ್ಪ',ಸಕ್ಕರಪ್ಪ',67',70',ಗಂಡು',',LINGAYATH',FARMER',NO'
ALQ2945400',ಪಾರ್ವತಮ್ಮ ',',67',56',ಹೆಣ್ಣು',',DELETED',',NO'
ALQ1603612',ಪರಮಶಿವಯ್ಯ',ತಿಮ್ಮಪ್ಪ',67',40',ಗಂಡು',YES',LINGAYATH',FACTORY WORKER',NO'
MVJ4206678',ಎಂ ಟಿ ನಾಗಭೂಷಣ',ಎಂ ಎಸ್ ತಿಮ್ಮ',67',36',ಗಂಡು',YES',LINGAYATH',PRIVATE JOB',NO'
ALQ2434223',ಕವಿತ ಸಿ ಎಸ್',ಪರಮಶಿವಯ್ಯ',67',27',ಹೆಣ್ಣು',',LINGAYATH',HOUSE -WIFE',NO'
ALQ2565885',ಸ್ವಾತಿ ಎಸ್',ನಾಗಭೂಷಣ',67',24',ಹೆಣ್ಣು',YES',LINGAYATH',HOUSE -WIFE',NO'
ALQ1603638',ನಾಗಪ್ಪ',ಸಕ್ಕರಪ್ಪ',68',56',ಗಂಡು',',LINGAYATH',FARMER',NO'
ALQ1603646',ಭಾಗ್ಯಮ್ಮ',ನಾಗಪ್ಪ',68',48',ಹೆಣ್ಣು',',LINGAYATH',FARMER',NO'
ALQ2108959',ಎನ್ ಹರೀಶ್',ನಾಗರಾಜು',68',28',ಗಂಡು',',LINGAYATH',FARMER',NO'
ALQ2996288',ಪುಟ್ಟರಾಜ ಎಂ ಎನ್',ನಾಗರಾಜಪ್ಪ',68',27',ಗಂಡು',',LINGAYATH',FARMER',NO'
ALQ2945418',ಕುಮಾರಪ್ಪ',ಸಕ್ಕರಪ್ಪ',69',57',ಗಂಡು',',LINGAYATH',FARMER',NO'
ALQ1603653',ಜಯಮ್ಮ',ಕುಮಾರಪ್ಪ',69',48',ಹೆಣ್ಣು',',LINGAYATH',HOUSE -WIFE',NO'
ALQ2418549',ರಾಜೇಶ್ ಎಮ್ ಕೆ',ಕುಮಾರಪ್ಪ',69',34',ಗಂಡು',',LINGAYATH',FARMER',NO'
ALQ1603679',ರತ್ನಮ್ಮ',ಪುಟ್ಟರಾಜು',69',30',ಹೆಣ್ಣು',',LINGAYATH',FARMER',NO'
ALQ2418531',ಹೆಚ್ ಜಿ ಸುಜಾತ',ಎಮ್ ಕೆರಾಜೇಶ',69',28',ಹೆಣ್ಣು',',LINGAYATH',HOUSE -WIFE',NO'
ALQ2119998',ನಂಜಪ್ಪ',ಹನುಮಪ್ಪ',70',54',ಗಂಡು',',',',NO'
ALQ1603695',ಗಂಗಮ್ಮ',ನಂಜಪ್ಪ',70',47',ಹೆಣ್ಣು',',',',NO'
MVJ1673920',ಗಂಗಮ್ಮ',ಅಶ್ವತ್ಥಪ್ಪ',70',42',ಹೆಣ್ಣು',',SHETBALAJIGA',KOOLI',NO'
ALQ0069039',ನಮೀನ್\u200cಕುಮಾರ್',ಗಂಗಾಧರಪ್ಪ',70',30',ಗಂಡು',',',',NO'
ALQ3142064',ನಿರ್ಮಲ ತಾಯಿಯ',ಗಂಗಮ್ಮ',70',23',ಹೆಣ್ಣು',YES',SHETBALAJIGA',HOUSE -WIFE',NO'
ALQ3112612',ನರಸಿಂಹಮೂರ್ತಿ ಎ',ಅಶ್ವತ್ಥಪ್ಪ',70',20',ಗಂಡು',',SHETBALAJIGA',KOOLI',NO'
MVJ4125274',ಲಕ್ಷ್ಮಮ್ಮ',ಗೋವಿಂದರೆಡ್ಡಿ',71',80',ಹೆಣ್ಣು',',VAKALIGA',AGED',NO'
MVJ1674340',ಜೆ ನರಸಿಂಹರೆಡ್ಡಿ ಜಿ',ಗೋವಿಂದರೆಡ್ಡಿ',71',54',ಗಂಡು',',VAKALIGA',FARMER',NO'
ALQ2418556',ಸಾವಿತ್ರಮ್ಮ',ನರಸಿಂಹರೆಡ್ಡಿ ಜಿ',71',53',ಹೆಣ್ಣು',',VAKALIGA',FARMER',NO'
ALQ2418564',ಟಿ ಎನ್ ನವೀನ್',ನರಸಿಂಹರೆಡ್ಡಿ',71',30',ಗಂಡು',',VAKALIGA',FARMER',NO'
ALQ3065398',ಸಂಧ್ಯಾವಿ',ಟಿ ಎನ್ ನವೀನ್',71',24',ಹೆಣ್ಣು',',VAKALIGA',FARMER',NO'
ALQ1876788',ಗಂಗಾಧರ ಎಂ ಟಿ',ಯಕ್ರತಿಪ್ಪಯ್ಯ',121',31',ಗಂಡು',YES',GOLLA',FACTORY WORKER',NO'
MVJ4124913',ರಂಗಪ್ಪ',ಚಿಕ್ಕ ಎಲ್ಲಪ್ಪ',12ಎ',45',ಗಂಡು',',KURUBA',PRIVATE JOB',NO'
MVJ1673631',ಸುಜಾತ ಕೆ',ರಂಗಪ್ಪ',12ಎ',42',ಹೆಣ್ಣು',',KUMBA',PRIVATE JOB',NO'
MVJ1674985',ರುದ್ರಪ್ಪ',ನಂಜುಂಡಪ್ಪ',12ಬಿ',65',ಗಂಡು',',LINGAYATH',FARMER',NO'
MVJ1674597',ಪಾರ್ವತಮ್ಮ',ರುದ್ರಪ್ಪ',12ಬೀ',48',ಹೆಣ್ಣು',',LINGAYATH',FARMER',NO'
MVJ1674829',ಚಂದ್ರಶೇಖರ್ ಎಂ ಅರ್',ರುದ್ರಪ್ಪ',12ಬಿ',38',ಗಂಡು',',LINGAYATH',FARMER',NO'
ALQ1603729',ಗೀತಮ್ಮ',ದನಂಜಯ',157',32',ಹೆಣ್ಣು',YES',SHETBALAJIGA',HOUSE -WIFE',NO'
ALQ1876762',ಗಂಗಾಧರ ಎನ್',ನರಸಿಂಹಯ್ಯ',221',31',ಗಂಡು',',SHETBALAJIGA',FARMER',NO'
ALQ2216109',ಬೃಂದಾದೇವಿ ಬಿ ಎ',ಗಂಗಾಧರ ಎನ್',221',28',ಹೆಣ್ಣು',',SHETBALAJIGA',HOUSE -WIFE',NO'
MVJ4125001',ಎಂಜಿ ಈರೇಗೌಡ',ಎಂ ಗೋಪಾಲಪ್ಪ',248',36',ಗಂಡು',',GOLLA',FARMER',NO'
ALQ1603737',ಗೌರಮ್ಮ',ಬಾಬು',319',40',ಹೆಣ್ಣು',',',',NO'
ALQ1603232',ಎಂ ಎಸ್ ಸೋಮಶೇಖರಯ್ಯ',ಸೋಮಣ್ಣ',32ಎ',63',ಗಂಡು',',LINGAYATH',FARMER',NO'
ALQ1603240',ಪ್ರಮೀಳಮ್ಮ',ಎಂ ಎಸ್ ಸೋಮಶೇಖರಯ್ಯ',32ಎ',56',ಹೆಣ್ಣು',',LINGAYATH',HOUSE -WIFE',NO'
ALQ0032771',ಯತಿಪ್ಪಯ್ಯ',ತಿಪ್ಪಯ್ಯ',38ಎ',78',ಗಂಡು',',DELETED',',NO'
MVJ4125407',ಪುಟ್ಟನರಸಮ್ಮ',ಯಿತಿಪ್ಪಯ್ಯ',38ಎ',74',ಹೆಣ್ಣು',',GOLLA',AGED',NO'
MVJ4125043',ರತ್ನಮ್ಮ',ಯಿತಿಪ್ಪಯ್ಯ',38ಎ',39',ಹೆಣ್ಣು',',GOLLA',KOOLI',NO'
ALQ2091981',ಬಾಲರಾಜು ಇತರೆ ಸಂಬಂಧಿಯ',ರತ್ನಮ್',38 ಎ',40',ಗಂಡು',',GOLLA',KOOLI',NO'
ALQ3216777',ಹೈಮಲತ ಆರ್',ಮಧೂಸೂದನ ಕೆ',42',22',ಹೆಣ್ಣು',',',',NO'
MVJ1674324',ಕಮಲಮ್ಮ',ಅಶ್ವತ್ಥಪ್ಪ',47ಬಿ',43',ಹೆಣ್ಣು',YES',GOLLA',PRIVATE JOB',NO'
MVJ1673565',ಚಿಕ್ಕಮೈಲಕ್ಕ',ಗೋಪಾಲಪ್ಪ',54ಎ',63',ಹೆಣ್ಣು',',GOLLA',AGED',NO'
MVJ1674001',ಮಂಜುನಾಥ ಎಮ್ ಜಿ',ಗೋಪಾಲಪ್ಪ',54ಎ',44',ಗಂಡು',',GOLLA',FARMER',NO'
MVJ1674738',ಮಲ್ಲೇಶ್ ಎಸ್',ಶ್ರೀರಾಮಪ್ಪ',64',35',ಗಂಡು',YES',GOLLA',CAR-DRIVER',NO'
MVJ4124962',ಗಂಗಮ್ಮ',ಶೇಟಪ್ಪ',66ಎ',67',ಹೆಣ್ಣು',',LINGAYATH',AGED',NO'
MVJ1674258',ಸೋಮಣ್ಣ',ಶೆಟ್ಟಪ್ಪ',66ಎ',50',ಗಂಡು',',LINGAYATH',FARMER',NO'
MVJ4125092',ನಾಗರಾಜ',ಶೇಟ್ಟಪ್ಪ',66ಎ',45',ಗಂಡು',',LINGAYATH',FARMER',NO'
MVJ4124970',ಮಂಜುಳ',ಸೋಮಣ್ಣ',66ಎ',37',ಹೆಣ್ಣು',',LINGAYATH',HOUSE -WIFE',NO'
ALQ1603604',ಸಿ ಅನಿತ',ನಾಗರಾಜು',66ಎ',35',ಹೆಣ್ಣು',',LINGAYATH',HOUSE -WIFE',NO'
ALQ2962447',ಶಶಿಕುಮಾರ್ ಎಸ್',ಸೋಮಣ್ಣ',66ಎ',22',ಗಂಡು',',LINGAYATH',FARMER',NO'
ALQ3136777',ಶಿಲ್ಪ ಕೆ ಆರ್',ಡಿ ಎಂ ಆನಂದ್ ಕುಮಾರ್',0',22',ಹೆಣ್ಣು',',',','
ALQ1547199',ಲೋಕೇಶ್',ನಂಜುಂಡಪ್ಪ',0',33',ಗಂಡು',',',','
ALQ3112646',ಸುಗುಣ',ಗಂಗರಾಜು',0',31',ಹೆಣ್ಣು',',',','
ALQ2092203',ನಾಗಮಣಿ ಎಸ್',ರಮೇಶ್',0',29',ಹೆಣ್ಣು',',',','
ALQ2092385',ರಾಜು',ರಂಗಸ್ವಾಮಿ',0',28',ಗಂಡು',',',','
ALQ3224516',ರಾಕೇಶ್',ಗಂಗಾಧರಪ್ಪ',0',22',ಗಂಡು',',',','
ALQ3224961',ಮನೋಹರ ಡೀ ಜಿ',ಗಂಗರಾಜು',0',19',ಗಂಡು',',',','
ALQ3065372',ಎಂ ಆಶಾ',ರಾಜು',1',23',ಹೆಣ್ಣು',',',','
MVJ4125365',ಶ್ರೀರಂಗಚಾರ್',ನಾರಾಯಣಸ್ವಾಮ್',2',65',ಗಂಡು',',',','
MVJ4125720',ಗಜಲಕ್ಷ್ಮಮ್ಮ',ಶ್ರೀರಂಗಚಾರ್',2',53',ಹೆಣ್ಣು',',',','
MVJ2374270',ಚೆಲುವರಾಜು',ಶ್ರೀರಂಗಚಾರ್',2',36',ಗಂಡು',',',','
MVJ4125951',ಅನಿಲ್ ಕುಮಾರ್',ಶ್ರೀರಂಗಾಚಾರ್',2',33',ಗಂಡು',',',','
ALQ1603752',ನರಸಿಂಹಮೂರ್ತಿ ಸಿ',ಚೆನ್ನಕೇಶವಚಾರಿ',3',31',ಗಂಡು',',',','
MVJ4125308',ಚೆನ್ನಕೇಶವಚಾರ್ ಜಿ',ಗೋಪಾಲಚಾರ್',3',65',ಗಂಡು',',',','
MVJ4125415',ಲಕ್ಷ್ಮಮ್ಮ',ಚೆನ್ನಕೇಶವಚಾರ್',3',54',ಹೆಣ್ಣು',',',','
ALQ2198968',ಸಿ ವೇಣುಗೋಪಾಲ',ಚನ್ನಕೇಶವಚಾರ್',3',29',ಗಂಡು',',',','
ALQ3196722',ದಿವ್ಯಾಶ್ರೀ ಟಿ ಎಂ',ನರಸಿಂಹ ಮೂರ್ತಿ',3',25',ಹೆಣ್ಣು',',',','
ALQ3065380',ಕಾವ್ಯಶ್ರೀ ಜೆ',ವೇಣುಗೋಪಾಲ',3',24',ಹೆಣ್ಣು',',',','
MVJ4125639',ನಾರಾಯಣಸ್ವಾಮಿ',ಶ್ರೀನಿವಾಸಚಾರ್',4',45',ಗಂಡು',',',','
ALQ3196706',ವಸಂತಕುಮಾರ್ ಎನ್',ನಾರಾಯಣಸ್ವಾಮಿ',4',22',ಗಂಡು',',',','
ALQ2092229',ವೇಣುಗೋಪಾಲ ತಾಯಿಯ',ರಾಜಮ್ಮ',6',39',ಗಂಡು',',',','
ALQ2092211',ಉಮಾದೇವಿ',ವೇಣುಗೋಪಾಲ',6',33',ಹೆಣ್ಣು',',',','
MVJ4125423',ಸುದರ್ಶನ ಮೂರ್ತಿ',ನರಸಿಂಹಚಾರ್',6',75',ಗಂಡು',',',','
MVJ4125597',ರಾಜಮ್ಮ',ಶ್ರೀರಂಗಚಾರ್',6',60',ಹೆಣ್ಣು',',',','
ALQ2975118',ಸಂಜಯ್ ಕುಮಾರ್',ಸುದರ್ಶನಮೂರ್ತಿ',6',46',ಗಂಡು',',',','
MVJ2373975',ವೇಣುಗೋಪಾಲ ಡಿ ಎಸ್',ರಂಗನಾಥ ಟಿ ಎನ್',6',36',ಗಂಡು',',',','
ALQ2150241',ಎನ್ ನಂದೀಶ',ನರಸಿಂಹ ಮೂರ್ತಿ',7',26',ಗಂಡು',',',','
MVJ4125613',ಹನುಮಪ್ಪ',ನರಸಿಂಹಪ್ಪ',7',85',ಗಂಡು',',',','
MVJ4125803',ನರಸಮ್ಮ',ಹನುಮಪ್ಪ',7',75',ಹೆಣ್ಣು',',',','
MVJ2374411',ನರಸಿಂಹಮೂರ್ತಿ',ಹನುಮಪ್ಪ',7',56',ಗಂಡು',',',','
ALQ2353803',ಸಾವಿತ್ರಮ್ಮ ಎಮ್ ಎಸ್',ಗಂಗಾಧರಪ್ಪ',7',54',ಹೆಣ್ಣು',',',','
MVJ2373017',ಮಂಜುಳಮ್ಮ',ನರಸಿಂಹ ಮೂರ್ತಿ',7',48',ಹೆಣ್ಣು',',',','
ALQ1603760',ಗಂಗಮ್ಮ',ಹನುಮಪ್ಪ',7',44',ಹೆಣ್ಣು',',',','
MVJ2374320',ಹನುಮಂತಪ್ಪ',ಹನುಮಪ್ಪ',7',42',ಗಂಡು',',',','
MVJ2373603',ಗಂಗಾಧರಪ್ಪ',ಹನುಮಪ್ಪ',7',38',ಗಂಡು',',',','
MVJ4125571',ವರಲಕ್ಷ್ಮಿ',ಹನುಮಂತಪ್ಪ',7',34',ಹೆಣ್ಣು',',',','
MVJ4125878',ಗಂಗರಾಜು',ಚಿಕ್ಕ ರಂಗಪ್ಪ',9',50',ಗಂಡು',',',','
MVJ2373751',ಗಂಗಮ್ಮ',ಗಂಗರಾಜಪ್ಪ',9',46',ಹೆಣ್ಣು',',',','
MVJ2374353',ರಾಮಕೃಷ್ಣ',ಚಿಕ್ಕರಂಗಪ್ಪ',9',43',ಗಂಡು',',',','
MVJ4125324',ಭಾಗ್ಯಮ್ಮ',ರಾಮಕೃಷ್ಣ',9',37',ಹೆಣ್ಣು',',',','
MVJ2373843',ನಾಗಮ್ಮ',ನಿಂಗಪ್ಪ',10',89',ಹೆಣ್ಣು',',',','
ALQ1603794',ಜಯಮ್ಮ',ನರಸಿಂಹ ಮೂರ್ತಿ',11',74',ಹೆಣ್ಣು',',',','
ALQ1603802',ರಾಘವೇಂದ್ರಮೂರ್ತಿ',ನರಸಿಂಹ ಮೂರ್ತಿ',11',43',ಗಂಡು',',',','
MVJ2374015',ಲೋಕೇಶ',ನರಸಿಂಹಮೂರ್ತಿ',11',37',ಗಂಡು',',',','
ALQ2418515',ಅನಿತಾ ಎಮ್',ಲೋಕೇಶ್',11',34',ಹೆಣ್ಣು',',',','
ALQ1603810',ಆನಂದ ಮೂರ್ತಿ',ನಾರಾಯಣಸ್ವಾಮಿ',12',65',ಗಂಡು',',',','
ALQ1876754',ವರಲಕ್ಷ್ಮಮ್ಮ',ಆನಂದ ಮೂರ್ತಿ',12',47',ಹೆಣ್ಣು',',',','
ALQ2092294',ನರಸಿಂಹ ಮೂರ್ತಿ ಎ',ಆನಂದ ಮೂರ್ತಿ',12',32',ಗಂಡು',',',','
ALQ3010048',ಪೂಜಾರಿ ರಾಧಿಕಾ',ನರಸಿಂಹಮೂರ್ತಿ ಎ',12',23',ಹೆಣ್ಣು',',',','
ALQ3065364',ರಾಧಿಕಾ',ಎ ನರಸಿಂಹಮೂರ್ತಿ',12',23',ಹೆಣ್ಣು',',',','
ALQ1603828',ರವಿಕುಮಾರ್',ಶಿವಪ್ಪ',13',49',ಗಂಡು',',',','
ALQ1603836',ಗಂಗಮ್ಮ',ರವಿಕುಮಾರ್',13',46',ಹೆಣ್ಣು',',',','
ALQ1603844',ಮಲ್ಲಿಕಾರ್ಜುನ',ಶಿವಪ್ಪ',13',44',ಗಂಡು',',',','
ALQ2119972',ಶಿವಕುಮಾರ್',ರವಿಕುಮಾರ್',13',28',ಗಂಡು',',',','
MVJ4125704',ಕೃಷ್ಣಮೂರ್ತಿ',ನಾರಾಯಣಸ್ವಾಮಿ',14',46',ಗಂಡು',',',','
ALQ1603851',ವನಜಾಕ್ಷಿ',ಕೃಷ್ಣಮೂರ್ತಿ',14',36',ಹೆಣ್ಣು',',',','
ALQ3167152',ಕೆ ಅಭಿಷೇಕ್',ಕೃಷ್ಣಮೂರ್ತಿ',14',21',ಗಂಡು',',',','
ALQ0068916',ಕೆಂಪಯ್ಯ',ನರಸಿಂಹಪ್ಪ',15',52',ಗಂಡು',',',','
MVJ2373629',ರತ್ನಮ್ಮ',ಕೆಂಪಯ್ಯ',15',47',ಹೆಣ್ಣು',',',','
ALQ2092401',ನವೀನ್ ಕುಮಾರ್',ಕೆಂಪಯ್ಯ',15',30',ಗಂಡು',',',','
ALQ2092286',ವಿನೋದಮ್ಮ',ಕೆಂಪಯ್ಯ',15',29',ಹೆಣ್ಣು',',',','
MVJ3420759',ಗಂಗಮ್ಮ',ನರಸಿಂಹಯ್ಯ',16',48',ಹೆಣ್ಣು',',',','
ALQ1603877',ರಾಮಪ್ಪ',ಚಿಕ್ಕಪ್ಪಯ್ಯ',17',54',ಗಂಡು',',',','
ALQ1603885',ನರಸಮ್ಮ',ರಾಮಪ್ಪ',17',52',ಹೆಣ್ಣು',',',','
MVJ2374049',ರಾಧಮ್ಮ',ರಂಗನಾಥಪ್ಪ',17',38',ಹೆಣ್ಣು',',',','
MVJ2374106',ಚಿಕ್ಕಪ್ಪಯ್ಯ',ರಾಮಪ್ಪ',17',36',ಗಂಡು',',',','
ALQ2150258',ವಿ ಮಂಜುಳ',ಚಿಕ್ಕಪ್ಪಯ್ಯ',17',26',ಹೆಣ್ಣು',',',','
ALQ2198950',ಸುರೇಶ ಎನ್ ',ಗಂಗಮ್ಮ',17',26',ಗಂಡು',',',','
ALQ2120012',ದೇವರಾಜು',ಚಿಕ್ಕಹನುಮಂತಪ್ಪ',18',48',ಗಂಡು',',',','
MVJ4125076',ಲಕ್ಷ್ಮಮ್ಮ',ಗಂಗಪ್ಪ',18',47',ಹೆಣ್ಣು',',',','
MVJ4125068',ಗಿರಿಜಮ್ಮ',ದೇವರಾಜು',18',41',ಹೆಣ್ಣು',',',','
ALQ2092369',ರವಿಕುಮಾರ್ ',ಲಕ್ಷ್ಮಮ್ಮ',18',30',ಗಂಡು',',',','
ALQ2150225',ಎಂ ಮಮತ',ರವಿಕುಮಾರ್',18',29',ಹೆಣ್ಣು',',',','
MVJ4124988',ಎಂ ರಂಗಪ್ಪ',ಮರಿಯಪ್ಪ',19',71',ಗಂಡು',',',','
MVJ4125183',ಲಕ್ಷ್ಮಮ್ಮ',ಎಂ ರಂಗಪ್ಪ',19',67',ಹೆಣ್ಣು',',',','
ALQ2092245',ಪ್ರಭಾಕರ ',ಗಂಗುಬಾಯಿ',19',30',ಗಂಡು',',',','
ALQ2291516',ಗೌರಿ ಬಾಯಿ',ಪ್ರಭಾಕರ',19',25',ಹೆಣ್ಣು',',',','
ALQ1603927',ನಂಜಪ್ಪ',ಹನುಮಂತಪ್ಪ',20',62',ಗಂಡು',',',','
ALQ1603935',ಗಂಗಮ್ಮ',ಬಾಬಣ್ಣ',20',54',ಹೆಣ್ಣು',',',','
ALQ1603943',ನಾರಾಯಣಪ್ಪ',ದೊಡ್ಡರಂಗಪ್ಪ',21',59',ಗಂಡು',',',','
ALQ1603950',ಕಾಂತಮ್ಮ',ನಾರಾಯಣಪ್ಪ',21',49',ಹೆಣ್ಣು',',',','
ALQ2092328',ಸೌಭಾಗ್ಯ',ನಾರಾಯಣಪ್ಪ',21',35',ಹೆಣ್ಣು',',',','
ALQ2092310',ವಿಶಾಲಾಕ್ಷಿ',ನಾರಾಯಣಪ್ಪ',21',29',ಹೆಣ್ಣು',',',','
ALQ2434207',ರಂಗನಾಥ ಎನ್',ನಾರಾಯಣಪ್ಪ',21',24',ಗಂಡು',',',','
MVJ2373645',ರಂಗಮ್ಮ',ದೊಡ್ಡರಂಗಪ್ಪ',22',79',ಹೆಣ್ಣು',',',','
MVJ4125241',ನರಸಿಂಹಪ್ಪ',ಕಾವಲಪ್ಪ',23',85',ಗಂಡು',',',','
MVJ4125142',ಲಕ್ಷ್ಮಮ್ಮ',ನರಸಿಂಹಪ್ಪ',23',85',ಹೆಣ್ಣು',',',','
ALQ0069864',ಜಯಮ್ಮ',ನರಸಿಂಹಪ್ಪ',23',54',ಹೆಣ್ಣು',',',','
MVJ4125225',ಎನ್ ಕಾಂತರಾಜು',ನರಸಿಂಹಪ್ಪ',23',35',ಗಂಡು',',',','
ALQ2150175',ಕೆ ಎಸ್ ರಾಧಮ್ಮ',ಕಾಂತರಾಜು',23',31',ಹೆಣ್ಣು',',',','
ALQ0069484',ಚಿಕ್ಕರಂಗಪ್ಪ',ನರಸಿಂಹಯ್ಯ',24',89',ಗಂಡು',',',','
ALQ1603984',ಕರೋತಿಮ್ಮಯ್ಯ',ಚಿಕ್ಕರಂಗಪ್ಪ',24',52',ಗಂಡು',',',','
ALQ1603992',ನಾಗರಾಜು',ಚಿಕ್ಕರಂಗಪ್ಪ',24',46',ಗಂಡು',',',','
MVJ4125175',ಪಾರ್ವತಮ್ಮ',ರಾಮಕೃಷ್ಣಪ್ಪ',24',45',ಹೆಣ್ಣು',',',','
MVJ2372928',ರಂಗನಾಥ್',ಚಿಕ್ಕರಂಗಪ್ಪ',24',39',ಗಂಡು',',',','
MVJ2374056',ಶಾರದಮ್ಮ',ಕರೋತಿಮ್ಮಯ್ಯ',24',38',ಹೆಣ್ಣು',',',','
MVJ4125456',ಮಂಜುಳ',ರಂಗನಾಥ',24',35',ಹೆಣ್ಣು',',',','
ALQ2150191',ಆರ್ ಗಿರೀಶ',ರಾಮಕೃಷ್ಣಪ್ಪ',24',26',ಗಂಡು',',',','
ALQ2511871',ಕಲಾಶ್ರೀ',ನರಸಿಂಹಮೂರ್ತಿ ಆರ್',24',26',ಹೆಣ್ಣು',',',','
ALQ2418762',ಗಂಗರತ್ನಮ್ಮ',ಕರೋತಿಮ್ಮಯ್ಯ',24',24',ಹೆಣ್ಣು',',',','
ALQ3065430',ವೆಂಕಟೇಶ ಡಿ ಎಸ್',ನಾಗರಾಜು',24',22',ಗಂಡು',',',','
MVJ4125258',ಲಕ್ಷ್ಮಮ್ಮ',ರಂಗಸ್ವಾಮಿ',25',63',ಹೆಣ್ಣು',',',','
ALQ1604016',ಕದಿರಪ್ಪ',ರಂಗಸ್ವಾಮಿ',25',43',ಗಂಡು',',',','
ALQ1604024',ಕೆ ಲಲಿತಮ್ಮ',ಕದಿರಪ್ಪ',25',36',ಹೆಣ್ಣು',',',','
ALQ2092153',ಪದ್ಮಕ್ಕ ',ಲಕ್ಷ್ಮಮ್ಮ',25',35',ಹೆಣ್ಣು',',',','
MVJ2373157',ಸಿದ್ದಪ್ಪ',ರಂಗಪ್ಪ',26',49',ಗಂಡು',',',','
MVJ2373165',ಗೋವಿಂದಮ್ಮ',ಸಿದ್ದಪ್ಪ',26',46',ಹೆಣ್ಣು',',',','
MVJ2373124',ನರಸಿಂಹಮೂರ್ತಿ',ನರಸಪ್ಪ',29',57',ಗಂಡು',',',','
MVJ4125498',ಗಂಗಾಧರಪ್ಪ',ನರಸಪ್ಪ',29',55',ಗಂಡು',',',','
MVJ4125506',ಜಯಲಕ್ಷ್ಮಮ್ಮ',ಗಂಗಾಧರಪ್ಪ',29',45',ಹೆಣ್ಣು',',',','
ALQ2092302',ಗಂಗರಾಜು',ಗಂಗಾಧರಪ್ಪ',29',29',ಗಂಡು',',',','
ALQ2092344',ಅನಿತಾ ',ಗಂಗಾಧರಪ್ಪ',29',28',ಹೆಣ್ಣು',',',','
ALQ2092260',ರಂಗಮ್ಮ ',ದೇವರಾಜು',31',60',ಹೆಣ್ಣು',',',','
MVJ4125852',ದೇವರಾಜ',ಚಿಕ್ಕ ಅವುಲಪ್ಪ',31',47',ಗಂಡು',',',','
MVJ4125084',ಲಕ್ಷ್ಮೀನರಸಮ್ಮ',ದೇವರಾಜ',31',41',ಹೆಣ್ಣು',',',','
ALQ1604032',ಮರಿಯಪ್ಪ',ತಿಪ್ಪನ್ನ',32',64',ಗಂಡು',',',','
ALQ1604040',ಲಕ್ಷ್ಮಮ್ಮ',ಮರಿಯಪ್ಪ',32',54',ಹೆಣ್ಣು',',',','
MVJ4125332',ಎಂ ರವಿ',ಮರಿಯಪ್ಪ',32',33',ಗಂಡು',',',','
ALQ1604057',ನಾಗಮಣಿ',ಎಂ ರವಿ',32',31',ಹೆಣ್ಣು',',',','
MVJ4125290',ರಂಗಸ್ವಾಮಿ',ತಿಪ್ಪಣ್ಣ',33',51',ಗಂಡು',',',','
ALQ1604065',ಪುಟ್ಟಮ್ಮ',ರಂಗಸ್ವಾಮಿ',33',49',ಹೆಣ್ಣು',',',','
ALQ2216216',ಕವಿತ ಅರ್',ರಂಗಸ್ವಾಮಿ',33',26',ಹೆಣ್ಣು',',',','
ALQ1604073',ಪುಟ್ಟನರಸಮ್ಮ',ತಿಪ್ಪನ್ನ',34',99',ಹೆಣ್ಣು',',',','
ALQ1604081',ಭಾಗ್ಯಮ್ಮ',ರಾಜಣ್ಣ',34',52',ಹೆಣ್ಣು',',',','
ALQ1604099',ನರಸಿಂಹಮೂರ್ತಿ',ತಿಪ್ಪನ್ನ',34',52',ಗಂಡು',',',','
ALQ1604107',ರಾಜಣ್ಣ',ತಿಪ್ಪನ್ನ',34',49',ಗಂಡು',',',','
ALQ1604115',ಲಿಂಗಮ್ಮ',ನರಸಿಂಹ ಮೂರ್ತಿ',34',44',ಹೆಣ್ಣು',',',','
ALQ2092377',ಗಂಗಾಧರ',ರಾಜಣ್ಣ',34',28',ಗಂಡು',',',','
ALQ2150183',ಆರ್ ವಿಜೇತ',ರಾಜಣ್ಣ',34',26',ಹೆಣ್ಣು',',',','
ALQ1604123',ಗಂಗಪ್ಪ',ದೊಡ್ಡರಂಗಪ್ಪ',35',69',ಗಂಡು',',',','
ALQ1604131',ಪುಟ್ಟನರಸಮ್ಮ',ಗಂಗಪ್ಪ',35',64',ಹೆಣ್ಣು',',',','
MVJ2373611',ನಾಗೇಶ್',ಗಂಗಪ್ಪ',35',40',ಗಂಡು',',',','
ALQ0032896',ಚೆಕ್ಕತಾಯಮ್ಮ',ಗೋಪಾಲಪ್ಪ',35',40',ಹೆಣ್ಣು',',',','
ALQ2092336',ಮುನಿಲಕ್ಷ್ಮಮ್ಮ',ನಾಗೇಶ್',35',30',ಹೆಣ್ಣು',',',','
ALQ2566271',ಕವಿತ ಎಮ್ ಆರ್',ರವಿ',35',23',ಹೆಣ್ಣು',',',','
MVJ4125829',ಗೌರಮ್ಮ',ರಾಮಣ್ಣ',36',51',ಹೆಣ್ಣು',',',','
MVJ4125696',ರಾಮಣ್ಣ',ನರಸಪ್ಪ',36',50',ಗಂಡು',',',','
MVJ4125449',ರಮೇಶ',ರಾಮಣ್ಣ',36',36',ಗಂಡು',',',','
ALQ0068874',ನರಸಿಂಹರಾಜ್',ರಾಮಪ್ಪ',36',31',ಗಂಡು',',',','
ALQ2329233',ಗಂಗಮ್ಮ',ನರಸಿಂಹರಾಜು',36',27',ಹೆಣ್ಣು',',',','
MVJ4125514',ಗಂಗಮ್ಮ',ರಂಗಪ್ಪ',37',65',ಹೆಣ್ಣು',',',','
MVJ3420809',ನರಸಿಂಹಮೂರ್ತಿ',ರಂಗಪ್ಪ',37',49',ಗಂಡು',',',','
MVJ2374379',ಗಂಗಮ್ಮ',ನರಸಿಂಹಮೂರ್ತಿ',37',39',ಹೆಣ್ಣು',',',','
MVJ4125811',ಆರ್ ರಮೇಶ್',ರಂಗಪ್ಪ',37',34',ಗಂಡು',',',','
ALQ2984763',ಕೆ ಆರ್ ಅನಿತಲಕ್ಷ್ಮೀ',ರಮೇಶ್ ಆರ್',37',28',ಹೆಣ್ಣು',',',','
ALQ1604156',ಮಲ್ಲಿಕಾರ್ಜುನಪ್ಪ',ನಂಜಪ್ಪ',38',59',ಗಂಡು',',',','
ALQ1604164',ಸರೋಜಮ್ಮ',ಮಲ್ಲಿಕಾರ್ಜುನಪ್ಪ',38',50',ಹೆಣ್ಣು',',',','
ALQ2092252',ಸೌಮ್ಯ',ಬಸವರಾಜು',38',29',ಹೆಣ್ಣು',',',','
MVJ2374205',ಪಾಪಣ್ಣ',ನಲ್ಲಪ್ಪ',39',74',ಗಂಡು',',',','
MVJ4125944',ನಂಜಮ್ಮ',ಗಂಗಾಧರಪ್ಪ',41',57',ಹೆಣ್ಣು',',',','
ALQ1604198',ಗಂಗಾಧರಪ್ಪ',ವೆಂಕಟಪ್ಪ',41',34',ಗಂಡು',',',','
ALQ0068866',ಜಿ ಗಂಗರಾಜು',ಗಂಗಾಧರಪ್ಪ',41',32',ಗಂಡು',',',','
ALQ2198943',ಚನ್ನಮ್ಮ ಜಿ',ಗಂಗಾಧರಪ್ಪ',41',30',ಹೆಣ್ಣು',',',','
ALQ1604206',ನಂಜಮ್ಮ',ವೆಂಕಟಪ್ಪ',42',89',ಹೆಣ್ಣು',',',','
MVJ4125738',ಗಂಗಮ್ಮ',ಶಿವಣ್ಣ',42',51',ಹೆಣ್ಣು',',',','
MVJ3420379',ಡಿ ವಿ ಸಿದ್ದಪ್ಪ',ವೆಂಕಟಪ್ಪ',42',51',ಗಂಡು',',',','
ALQ1604214',ರತ್ನಮ್ಮ',ಶಂಕರಪ್ಪ',42',48',ಹೆಣ್ಣು',',',','
ALQ2092237',ಹರೀಶ ಎಸ್',ಶಿವಪ್ಪ',42',29',ಗಂಡು',',',','
ALQ2566230',ವೆಂಕಟೇಶ ಎಸ್',ಶಂಕರಪ್ಪ',42',23',ಗಂಡು',',',','
ALQ3058294',ಶಾಲಿನಿ',ಎಸ್ ರುದ್ರೇಶ್',42',21',ಹೆಣ್ಣು',',',','
MVJ2373678',ಭಾಗ್ಯಮ್ಮ',ನಾರಾಯಣಸ್ವಾಮಿ',4ಎ',42',ಹೆಣ್ಣು',',',','
ALQ0068841',ಈಶ್ವರಪ್ಪ',ಸಿದ್ದಲಿಂಗಪ್ಪ',43',84',ಗಂಡು',',',','
ALQ0069336',ಶಿವಮ್ಮ',ಈಶ್ವರಪ್ಪ',43',60',ಹೆಣ್ಣು',',',','
MVJ4125340',ಶಿವಕುಮಾರ್',ಈಶ್ವರಪ್ಪ',43',39',ಗಂಡು',',',','
ALQ0069286',ಬಸವರಾಜು',ಈಶ್ವರಪ್ಪ',43',35',ಗಂಡು',',',','
ALQ1604222',ಚಂದ್ರಪ್ರಭಾ',ಶಿವಕುಮಾರ್',43',35',ಹೆಣ್ಣು',',',','
ALQ2471290',ಕಲ್ಪನ',ಬಸವರಾಜು',43',29',ಹೆಣ್ಣು',',',','
ALQ1604263',ದಾಳಮ್ಮ',ಲಕ್ಷ್ಮೀಪತಿ',44',44',ಹೆಣ್ಣು',',',','
MVJ4125845',ಶ್ರೀನಿವಾಸಚಾರ್',ನರಸಿಂಹಾಚಾರಿ',45',90',ಗಂಡು',',',','
MVJ4125555',ನರಸಿಂಹಮೂರ್ತಿ',ಶ್ರೀನಿವಾಸಚಾರ್',45',60',ಗಂಡು',',',','
MVJ4125969',ಲಕ್ಷ್ಮೀದೇವಮ್ಮ',ನರಸಿಂಹ ಮೂರ್ತಿ',45',60',ಹೆಣ್ಣು',',',','
ALQ2418499',ಆನಂದ ಮೂರ್ತಿ',ಶ್ರೀನಿವಾಸ ಚಾರಿ',45',3',ಗಂಡು',',',','
MVJ4125548',ಕೃಷ್ಣಮೂರ್ತಿ',ಶ್ರೀನಿವಾಸ ಚಾರ್',45',53',ಗಂಡು',',',','
MVJ4125654',ರಾಮಲಕ್ಷ್ಮಮ್ಮ',ಕೃಷ್ಣ ಮೂರ್ತಿ',45',52',ಹೆಣ್ಣು',',',','
ALQ2418473',ಸುಶೀಲಮ್ಮ',ಆನಂದ ಮೂರ್ತಿ',45',51',ಹೆಣ್ಣು',',',','
MVJ4125233',ಶ್ರೀರಂಗಮೂರ್ತಿ',ಶ್ರೀನಿವಾಸ ಚಾರ್',45',45',ಗಂಡು',',',','
ALQ2120004',ವಿ ಮಲ್ಲಮ್ಮ',ಶ್ರೀರಂಗಮೂರ್ತಿ',45',40',ಹೆಣ್ಣು',',',','
ALQ0032748',ವಿಮಲಮ್ಮ',ಶ್ರೀರಂಗಮೂರ್ತಿ',45',34',ಹೆಣ್ಣು',',',','
MVJ4125373',ವೆಂಕಟಾಚಲಪತಿ',ನರಸಿಂಹಮೂರ್ತಿ',45',33',ಗಂಡು',',',','
ALQ1604271',ರೂಪ',ನರಸಿಂಹಮೂರ್ತಿ',45',33',ಹೆಣ್ಣು',',',','
ALQ2418481',ಪುಪ್ಪಕೆ',ಕೃಷ್ಣಮೂರ್ತಿ',45',25',ಹೆಣ್ಣು',',',','
ALQ3135860',ಐಶ್ವರ್ಯ',ವೆಂಕಟಾಚಲಪತಿ',45',20',ಹೆಣ್ಣು',',',','
MVJ3421013',ಜಯಮ್ಮ',ಲಕ್ಷ್ಮೀನರಸಪ್ಪ',46',73',ಹೆಣ್ಣು',',',','
MVJ2374338',ನರಸಿಂಹರಾಜು',ಲಕ್ಷ್ಮೀನರಸಪ್ಪ',46',49',ಗಂಡು',',',','
ALQ2511863',ಕಾವೇಲಪ್ಪ',ಲಕ್ಷ್ಮೀನರಸಪ್ಪ',46',45',ಗಂಡು',',',','
MVJ2373009',ಲಕ್ಷ್ಮೀದೇವಮ್ಮ',ನರಸಿಂಹರಾಜು',46',44',ಹೆಣ್ಣು',',',','
ALQ2511830',ನಾರಾಯಣಮ್ಮ',ಕಾವಲಪ್ಪ',46',40',ಹೆಣ್ಣು',',',','
ALQ2092278',ನರಸಮ್ಮ',ಲಕ್ಷ್ಮಿ ನರಸಪ್ಪ',46',35',ಹೆಣ್ಣು',',',','
MVJ4125860',ಗಂಗರಾಜು',ಲಕ್ಷ್ಮೀನರಸಪ್ಪ',46',35',ಗಂಡು',',',','
ALQ1604305',ಲತಾ',ಗಂಗರಾಜು',46',33',ಹೆಣ್ಣು',',',','
ALQ2092146',ಸರ್ವಮಂಗಳ',ನರಸಪ್ಪ',46',33',ಹೆಣ್ಣು',',',','
ALQ2418697',ನಟರಾಜ ಎನ್',ನರಸಿಂಹರಾಜು',46',24',ಗಂಡು',',',','
ALQ2434199',ರಮೇಶ ಟಿ',ತಿಮ್ಮಪ್ಪ',46',24',ಗಂಡು',',',','
ALQ3135852',ಸುರೇಶ ಟಿ',ತಿಮ್ಮಪ್ಪ',46',21',ಗಂಡು',',',','
ALQ1604313',ಪ್ರಮೀಳ',ಸುದರ್ಶನಮೂರ್ತಿ',47',59',ಹೆಣ್ಣು',',',','
ALQ1604321',ಮುನಿಯಪ್ಪ',ಕದಿರಪ್ಪ',48',89',ಗಂಡು',',',','
MVJ4125936',ಲಕ್ಷ್ಮಮ್ಮ',ಮುನಿಯಪ್ಪ',48',63',ಹೆಣ್ಣು',',',','
MVJ4125977',ದೇವಿರಮ್ಮ',ನಾಗಪ್ಪ',49',85',ಹೆಣ್ಣು',',',','
ALQ2092195',ಮಲ್ಲಮ್ಮ ತಾಯಿಯ',ದೇವಿರಮ್ಮ',49',45',ಹೆಣ್ಣು',',',','
ALQ1604339',ಗಿರಿಜಮ್ಮ ತಾಯಿಯ',ರತ್ನಮ್ಮ',49',44',ಹೆಣ್ಣು',',',','
ALQ2092187',ವಿಜಯಶಂಕರ್ ಡಿ ಎನ್ ತಾಯಿಯ',ದೇವಿರಮ್ಮ',49',40',ಗಂಡು',',',','
ALQ2092161',ಸುರೇಶ ಡಿ ಎನ್',ನಾಗರಾಜುಡಿ ಎನ್',49',33',ಗಂಡು',',',','
ALQ2092179',ಸಿ ಎಸ್ ಸುನಿತ ಇತರೆ ಸಂಬಂಧಿಯ',ದೇವಿರಮ್ಮ',49',28',ಹೆಣ್ಣು',',',','
ALQ2481612',ಅಶ್ವಿನಿ ಆರ್',ಸುರೇಶ ಡಿ ಎನ್',49',25',ಹೆಣ್ಣು',',',','
ALQ1604347',ಲಕ್ಷ್ಮಮ್ಮ',ರಂಗಸ್ವಾಮಿ',50',66',ಹೆಣ್ಣು',',',','
ALQ1604354',ನರಸಿಂಹಯ್ಯ',ರಂಗಪ್ಪ',50',58',ಗಂಡು',',',','
ALQ1604362',ಗಂಗಮ್ಮ',ಗೋಪಾಲನಾಯಕ',51',56',ಹೆಣ್ಣು',',',','
MVJ2372993',ನರಸಿಂಹಪ್ಪ',ದೊಡ್ಡರಂಗಪ್ಪ',52',58',ಗಂಡು',',',','
ALQ2092351',ನಾಗೇಶ್ ಕುಮಾರ್',ಆನಂದ ಮೂರ್ತಿ',60',34',ಗಂಡು',',',','
ALQ2092393',ಧನಂಜಯ ಕುಮಾರ್',ಆನಂದ ಮೂರ್ತಿ',60',32',ಗಂಡು',',',','
ALQ2945343',ಸಿದ್ದಮ್ಮ',ವೆಂಕಟರವಣಪ್ಪ',61',60',ಹೆಣ್ಣು',',',','
MVJ2372704',ನಂಜಮ್ಮ',ಮಲ್ಲಪ್ಪ',6ಎ',64',ಹೆಣ್ಣು',',',','
ALQ0032888',ನರಸಿಂಹಯ್ಯ',ನರಸಿಂಹಪ್ಪ',70',64',ಗಂಡು',',',','
ALQ2526051',ಕೃಷ್ಣಮೂರ್ತಿ ಡಿ ಎನ್',ನರಸಿಂಹಪ್ಪ',70',33',ಗಂಡು',',',','
ALQ2418507',ಭಾಗ್ಯಮ್ಮ',ಮುದ್ದಪ್ಪ',71',51',ಹೆಣ್ಣು',',',','
ALQ2157121',ಮಂಜುಳ ಆರ್',ಲೋಕೇಶ್',101',30',ಹೆಣ್ಣು',',',','
MVJ2374080',ರಂಗನಾಥಪ್ಪ',ರಾಮಪ್ಪ',17ಎ',41',ಗಂಡು',',',','
MVJ4125670',ನರಸಿಂಹಮೂರ್ತಿ',ಎಂ ರಂಗಪ್ಪ',19ಎ',50',ಗಂಡು',',',','
ALQ2291524',ರಂಗೇಶ್ ಜಿ',ಗೋಪಾಲ ನಾಯ',19ಬಿ',25',ಗಂಡು',',',','
ALQ2150209',ಬಿ ರಮ್ಯ',ಬಾಬು',319',26',ಹೆಣ್ಣು',',',','
ALQ3250214',ಓಂಕಾರಯ್ಯ ಎಂ ಎಸ್',ಸೋಮಶೇಖರಪ್ಪ',31',19',ಗಂಡು',',',','
ALQ3251576',ಚಂದ್ರಕಳಾ ಎನ್',ಪ್ರಸನ್ನ ಕುಮಾರ್',17',20',ಹೆಣ್ಣು',',',','
ALQ3262540',ಮಹೇಶ ಕುಮಾರ್ ವಿ',ವಿರೂಪಾಕ್ಷಯ್ಯ ಎಂ ಎನ್',27',18',ಗಂಡು',',',','
ALQ3251444',ಚಾಂದಿನಿ ಎನ್',ನಟರಾಜ ಎನ್',48',21',ಹೆಣ್ಣು',',',','
ALQ3251451',ಗೌತಮಿ',ನರಸಿಂಹರಾಜ',46',21',ಹೆಣ್ಣು',',',','
ALQ3251584',ಪವಿತ್ರ ಸಿ ವಿ',ವಿಜಯ್ ಕುಮಾರ್ ಎನ್',49',19',ಹೆಣ್ಣು',',',','
ALQ3251592',ದಾಕ್ಷಾಯಣಿ ಟಿ ಎಂ',ಹರೀಶ ಡಿ ಎಸ್',42',22',ಹೆಣ್ಣು',',',','
ALQ3251600',ರೂಪ',ಶಂಕರಪ್ಪ ಡಿ',42',19',ಹೆಣ್ಣು',',',','
ALQ3251618',ರಮೇಶ್',ನರಸಿಂಹಮೂರ್ತಿ',19',19',ಗಂಡು',',',','
ALQ3251626',ಅನಿತ ಎಂ ಎಸ್',ನಂದೀಶಪ್ಪ',7',32',ಹೆಣ್ಣು',',',','
ALQ3251634',ರಂಗನಾಥ ಡಿ ಎಸ್',ಸಿದ್ದಪ್ಪ',26',21',ಗಂಡು',',',','
ALQ3261948',ಬಸವರಾಜು',ಸೋಮಶೇಖರಯಾ',',42',ಗಂಡು',',',','
ALQ3268737',ರಾಜಗೋಪಾಲ ಎಂ ಆರ್',ರಾಜೇಗೌಡ',5',67',ಗಂಡು',',',','
ALQ3270006',ಹೇಮ ಕೆ',ಕೃಷ್ಣಮೂರ್ತಿ ಡಿ ಎಸ್',0',22',ಹೆಣ್ಣು',',',','