ALQ2331601',ಜಯಮ್ಮ',ಲೇ ಕೃಷ್ಣಪ್ಪ',0',72',ಹೆಣ್ಣು',',TAMILIAN',AGED',YES'
ALQ2422343',ಟಿ ನಾರಾಯಣಸ್ವಾಮಿ',ತಮ್ಮಯ್ಯ',0',48',ಗಂಡು',YES',',',NO'
ALQ2418929',ಶ್ರೀನಿವಾಸಯ್ಯ',ಚಿನ್ನಪ್ಪಯ್ಯ',0',45',ಗಂಡು',',SC',CAR DRIVER',NO'
ALQ2153450',ಗುರುಮೂರ್ತಿ ಎಸ್ ಇ',ಈಶ್ವರಪ್ಪ',0',27',ಗಂಡು',',LINGAYATH',PRIVATE JOB',NO'
ALQ2422228',ವಿ ಗೀತಾ',ಟಿ ನಾರಾಯಣಸ್ವಾಮ್',0',24',ಹೆಣ್ಣು',YES',',',NO'
ALQ2385391',ಮುನಿಯಮ್ಮ',ಲೇಟ್ ಚಿನ್ನಪ್ಪಯ್ಯ',0',68',ಹೆಣ್ಣು',',SC',KOOLI',YES'
ALQ3115102',ನಿರ್ಮಲಮ್ಮ ಎನ್',ಕೇಶವ ಮೂರ್ತಿ ಬಿ',0',54',ಹೆಣ್ಣು',',ACHARI',BUSINESS',NO'
ALQ3115094',ನರಸಮ್ಮ',ನರಸಿಂಹಪ್ಪ',0',52',ಹೆಣ್ಣು',',SC',KOOLI',NO'
ALQ3013240',ಹರೀಶ ಹೆಚ್',ಹನುಮಂತಯ್ಯ ಹೆಚ್',0',31',ಗಂಡು',YES',GOLLA',',NO'
ALQ2565661',ನೇತ್ರ ಎಸ್',ವೇಣುರಾಜೇಂದ್ರ',0',29',ಹೆಣ್ಣು',YES',GOLLA',',NO'
ALQ2419018',ಜೆ ಸುಧಾ',ವೆಂಕಟೇಶ್',0',27',ಹೆಣ್ಣು',',EDIGA',KOOLI',NO'
ALQ3115383',ಭವ್ಯಶ್ರೀ ಆರ್',ಅಶೋಕ್ ಕುಮಾರ',0',26',ಹೆಣ್ಣು',',GOLLA',HOUSE -WIFE',NO'
ALQ3195872',ಆರ್ ವಿ ಸುಭಾಷಿನಿ',ಗುರುಮೂರ್ತಿ ಎಸ್ ಇ',0',26',ಹೆಣ್ಣು',',EDIGA',FARMER',NO'
ALQ2348092',ಸುನೀಲ್ ಕುಮಾರ್ ಸಿ',ಚಿಕ್ಕವೀರಪ್ಪಯ್ಯ',0',25',ಗಂಡು',',GOLLA',PRIVATE JOB',NO'
ALQ3115250',ರಮ್ಯ ಆರ್',ನಂದನ್ ಯಾದವ್ ಆರ್',0',25',ಹೆಣ್ಣು',',GOLLA',HOUSE -WIFE',NO'
ALQ3115268',ಹೇಮಾವತಿ ಪಿ ಎನ್',ಅಶ್ವತ್ಥಪ್ಪ',0',25',ಹೆಣ್ಣು',',GOLLA',HOUSE -WIFE',NO'
ALQ3064623',ಪವಿತ್ರ ಎಸ್',ಹರೀಶ್ ಬಾಬುಜಿ',0',24',ಹೆಣ್ಣು',',KUMBA',FACTORY WORKER',NO'
ALQ2459808',ಹರೀಶ ಈ',ಲೇ ಈಶ್ವರಪ್ಪ',0',24',ಗಂಡು',',LINGAYATH',FACTORY WORKER',NO'
ALQ3119450',ಕಲ್ಪನ',ನರಸಿಂಹಮೂರ್ತಿ',0',22',ಹೆಣ್ಣು',',GOLLA',HOUSE -WIFE',NO'
ALQ3115482',ಕಾವ್ಯ ಟಿ ಕೆ',ಕೃಷ್ಣಪ್ಪ ಟಿ ಸಿ',0',20',ಹೆಣ್ಣು',',GOLLA',STUDENT',NO'
ALQ3115060',ಅಂಕಿತ',ಆನಂದಪ್ಪ',0',20',ಹೆಣ್ಣು',',EDIGA',STUDENT',NO'
ALQ3115128',ಪ್ರಶಾಂತ್ ಪಿ',ಪ್ರಭಾಕರ್ ಎಮ್',0',20',ಗಂಡು',YES',GOLLA',',NO'
ALQ2951234',ಟಿ ಎನ್ ನರಸಿಂಹಯ್ಯ',ನರಸಪ್ಪ',1',65',ಗಂಡು',',GOLLA',HOTEL',NO'
ALQ2951242',ಶಾರದಮ್ಮ',ಟಿ ಎನ್ ನರಸಿಂಹ',1',60',ಹೆಣ್ಣು',',GOLLA',HOTEL',NO'
MVJ3420593',ಟಿ ಎನ್ ರಘುನಂದನ್ ಯಾದವ್',ಟಿ ಎಸ್ ನರಸಿಂಹಯ್ಯ',1',36',ಗಂಡು',',GOLLA',UNEMPLOYED',NO'
ALQ0400010',ಲಕ್ಷ್ಮೀನರಸಪ್ಪ ತಾಯಿಯ',ನಾಗಮ್ಮ',2',32',ಗಂಡು',',GOLLA',FARMER',NO'
ALQ2153401',ಗಂಗಮ್ಮ ಜಿ ಎಂ',ಲಕ್ಷ್ಮೀನರಸಪ್ಪ',2',31',ಹೆಣ್ಣು',',GOLLA',ANGANWADI TEACHER',NO'
ALQ2951259',ನಾಗಮ್ಮ',ರಾಜಪ್ಪ',2',61',ಹೆಣ್ಣು',',GOLLA',HOUSE -WIFE',NO'
ALQ3031887',ಪ್ರಭಾಕರ ಎಂ',ಮುಟ್ಟೆಗೌಡ',3',21',ಗಂಡು',',GOLLA',PRIVATE JOB',NO'
MVJ3420767',ನಲ್ಲತಿಪ್ಪಯ್ಯ',ಚಿನ್ನಪ್ಪ',3',90',ಗಂಡು',',GOLLA',RETIRED RAILWAY OFFICER',NO'
ALQ2094415',ಸಿದ್ದಗಂಗಮ್ಮ',ಕೆಂಪಯ್ಯ',3',45',ಹೆಣ್ಣು',',GOLLA',KOOLI',NO'
MVJ3420775',ಲಕ್ಷ್ಮೀ',ಮುತ್ತೇಗೌಡ',3',44',ಹೆಣ್ಣು',',GOLLA',HOUSE -WIFE',NO'
ALQ3055753',ಲಾವಣ್ಯ ಎಸ್',ಶ್ರೀನಿವಾಸ',4',23',ಹೆಣ್ಣು',',GOLLA',HOUSE -WIFE',NO'
ALQ1616184',ವೆಂಕಟೇಶ್ ತಾಯಿಯ',ಗಂಗಮ್ಮ',4',34',ಗಂಡು',',EDIGA',GARE',NO'
ALQ1877869',ಆನಂದಕುಮಾರ್ ತಾಯಿಯ',ಗಂಗಮ್ಮ',4',32',ಗಂಡು',',EDIGA',KOOLI',NO'
ALQ2951267',ಮಲ್ಲಕ್ಕ',ತಿಪ್ಪಣ್ಣ',5',75',ಹೆಣ್ಣು',',GOLLA',AGED',NO'
ALQ2951275',ನಾರಾಯಣಪ್ಪ',ತಿಪ್ಪಣ್ಣ',5',50',ಗಂಡು',',GOLLA',SECURITY',NO'
MVJ3966009',ಸಿ ಲಲಿತಮ್ಮ',ನಾರಾಯಣಪ್ಪ',5',40',ಹೆಣ್ಣು',',GOLLA',HOUSE -WIFE',NO'
ALQ2096253',ಜಿ ಎನ್ ನೇತ್ರಾವತಿ',ಟಿ ಎಮ್ ಕೃಷ್ಣ ಮೂರ್ತಿ',6',30',ಹೆಣ್ಣು',',GOLLA',HOUSE -WIFE',NO'
ALQ2951283',ಲಕ್ಷ್ಮಮ್ಮ',ಮುನಿಶ್ವಾಮಪ್ಪ',6',75',ಹೆಣ್ಣು',',GOLLA',HOUSE -WIFE',NO'
ALQ2951291',ಪ್ರಭಾಕರ ಎಂ',ಮುನಿಶ್ವಾಮಪ್ಪ',6',50',ಗಂಡು',',GOLLA',DRIVER',NO'
MVJ2269744',ಟಿ ಎಂ ಕೃಷ್ಣಮೂರ್ತಿ',ಮುನಿಶಾಮಪ್ಪ',6',40',ಗಂಡು',',GOLLA',DRIVER',NO'
ALQ0000034',ನಾಗಲಕ್ಷ್ಮಮ್ಮ',ಪ್ರಭು',6',39',ಹೆಣ್ಣು',',GOLLA',HOUSE -WIFE',NO'
ALQ1616275',ಶಿವಕುಮಾರ್',ನರಸಿಂಹರೆಡ್ಡಿ',6',34',ಗಂಡು',YES',GOLLA',FACTORY WORKER',NO'
ALQ2113793',ರಮೇಶ ಎಮ್',ಮುನಿಸ್ವಾಮಿ',7',27',ಗಂಡು',',ST',PRIVATE JOB',NO'
ALQ0633982',ಮುನಿಯಮ್ಮ',ಚಿನ್ನಪ್ಪಯ್ಯ',7',81',ಹೆಣ್ಣು',',ST',AGED',NO'
ALQ2951309',ಮುನಿಶ್ವಾಮಿ',ನರಸಪ್ಪ',7',71',ಗಂಡು',',ST',AGED',NO'
ALQ2951317',ಅಶ್ವತ್ಥಮ್ಮ',ಮುನಿಶ್ವಾಮಿ',7',65',ಹೆಣ್ಣು',',ST',KOOLI',NO'
MVJ3420114',ಲಕ್ಷ್ಮಮ್ಮ',ನರಸಪ್ಪ',7',52',ಹೆಣ್ಣು',',ST',KOOLI',NO'
ALQ1877786',ತಿರುಮಲಕ್ಕ',ದೊಡ್ಡ ಗಂಗಪ್ಪ',8',60',ಹೆಣ್ಣು',',ST',KOOLI',NO'
MVJ2269603',ಜಿ ಸುರೇಶ್',ದೊಡ್ಡಗಂಗಪ್ಪ',8',40',ಗಂಡು',',ST',FARMER',NO'
MVJ3420841',ಗಂಗರತ್ನಮ್ಮ',ಜಿ ಸುರೇಶ',8',35',ಹೆಣ್ಣು',',ST',HOUSE -WIFE',NO'
ALQ2418903',ಮುನೇಂದ್ರ ಬಾಬು ಟಿ ಅರ್',ರಾಮಾಂಜಿನಪ್ಪ',9',24',ಗಂಡು',',ST',PRIVATE JOB',NO'
ALQ1877794',ಚಿಕ್ಕ ಗಂಗಪ್ಪ',ನರಸಪ್ಪ',9',68',ಗಂಡು',',ST',AGED',NO'
ALQ2951325',ಗೌರಮ್ಮ',ಚಿಕ್ಕ ಗಂಗಪ್ಪ',9',65',ಹೆಣ್ಣು',',ST',AGED',NO'
ALQ2951333',ರಾಮಾಂಜಿನಪ್ಪ',ಚಿಕ್ಕ ಗಂಗಪ್ಪ',9',51',ಗಂಡು',',ST',FARMER',NO'
ALQ2951341',ಅಶ್ವತ್ಥಮ್ಮ',ರಾಮಾಂಜಿ',9',45',ಹೆಣ್ಣು',',ST',FARMER',NO'
MVJ3421005',ಟಿ ಜಿ ಮುನಿರಾಜು',ಚಿಕ್ಕಗಂಗಪ್ಪ',9',42',ಗಂಡು',YES',ST',DRIVER',NO'
ALQ0069633',ಚಂದ್ರಕಲಾ',ಮುನಿರಾಜು',9',33',ಹೆಣ್ಣು',YES',ST',HOUSE -WIFE',NO'
MVJ2269181',ರತ್ನಮ್ಮ',ವೆಂಕಟ ಸ್ವಾಮಿ',10',65',ಹೆಣ್ಣು',',SHETBALAJIGA',BUSINESS',NO'
ALQ1616333',ಶ್ರೀನಿವಾಸ',ವೆಂಕಟಸ್ವಾಮಿ',10',37',ಗಂಡು',',SHETBALAJIGA',BUSINESS',NO'
ALQ1616325',ಚಂದ್ರಮ್ಮ',ಶ್ರೀನಿವಾಸ',10',34',ಹೆಣ್ಣು',',SHETBALAJIGA',KOOLI',NO'
ALQ1616341',ಲಕ್ಷ್ಮಮ್ಮ',ಮುನಿಸ್ವಾಮಿ',11',66',ಹೆಣ್ಣು',',GOLLA',AGED',NO'
MVJ2268852',ಸುಧಾಕರ',ಮುನಿಸ್ವಾಮಿ',11',43',ಗಂಡು',',GOLLA',PRIVATE JOB',NO'
ALQ0056275',ಟಿ ಎಂ ಮೋಹನ್ ಕುಮಾರ್',ಮುನಿಸ್ವಾಮಿ',11',37',ಗಂಡು',',GOLLA',PRIVATE JOB',NO'
ALQ1616358',ಹೇಮಾವತಿ',ಮುನಿಶಾಮಪ್ಪ',11',33',ಹೆಣ್ಣು',',GOLLA',UNEMPLOYED',YES'
ALQ2565893',ಜೆ ಸಿ ಗಾಯಿತ್ರಿ',ಸುಧಾಕರ',11',26',ಹೆಣ್ಣು',',GOLLA',FARMER',NO'
ALQ2250140',ಅನಂದ ಟಿ ಜಿ',ಗಂಗಾಧರಪ್ಪ',11',25',ಗಂಡು',',GOLLA',PRIVATE JOB',NO'
MVJ3966108',ನಾರಾಯಣರಾವ್',ಶ್ಯಾಮರಾವ್',12',80',ಗಂಡು',',MARATI',TAILOR',NO'
ALQ0069021',ನಾಗರತ್ನಮ್ಮ',ನಾರಾಯಣರಾವ್',12',65',ಹೆಣ್ಣು',',MARATI',KOOLI',NO'
MVJ2268860',ಎನ್ ರಾಮಚಂದ್ರ',ನಾರಾಯಣರಾವ್',12',43',ಗಂಡು',YES',MARATI',',NO'
MVJ3965878',ಎನ್ ನಾಗೇಂದ್ರ',ನಾರಾಯಣರಾವ',12',36',ಗಂಡು',',MARATI',TAILOR',NO'
ALQ1616408',ಆಶಾರಾಣಿ',ಎನ್ ರಾಮಚಂದ್ರ',12',33',ಹೆಣ್ಣು',YES',MARATI',',NO'
ALQ2565901',ದಿವ್ಯಕೆ',ಎನ್ ನಾಗೇಂದ್ರ',12',27',ಹೆಣ್ಣು',',MARATI',PRIVATE JOB',NO'
ALQ2951366',ರಾಮಕೃಷ್ಣಪ್ಪ',ವೆಂಕಟಸ್ವಾಮಿ',14',65',ಗಂಡು',YES',ST',',NO'
ALQ2951374',ಅಶ್ವತ್ಥಮ್ಮ',ರಾಮಕೃಷ್ಣಪ್ಪ',14',60',ಹೆಣ್ಣು',YES',ST',HOUSE -WIFE',NO'
ALQ2951382',ಶಾಂತಮ್ಮ',ಕುಮಾರ',14',57',ಹೆಣ್ಣು',',ST',ANGANWADI COOK',NO'
MVJ2268787',ಲಕ್ಷ್ಮೀನಾರಾಯಣ',ಆವಲಪ್ಪ',14',41',ಗಂಡು',',GOLLA',FARMER',NO'
MVJ3365814',ಗಂಗಾದೇವಿ',ರಾಮಕೃಷ್ಣಪ್ಪ',14',36',ಹೆಣ್ಣು',',ST',KOOLI',NO'
ALQ0069344',ಎಲ್ ಭಾಗ್ಯಮ್ಮ',ಲಕ್ಷ್ಮೀನಾರಾಯಣ',14',35',ಹೆಣ್ಣು',',GOLLA',FARMER',NO'
ALQ1616416',ರಾಮಮೂರ್ತಿ ಕೆ',ಕುಮಾರ್ ಕೆ',14',32',ಗಂಡು',',ST',BMTC DRIVER',NO'
ALQ2094332',ಅರ್ಚಿತ ಆರ್',ರಾಮಮೂರ್ತಿ',14',29',ಹೆಣ್ಣು',',ST',HOUSE -WIFE',NO'
ALQ2951390',ಯರಮ್ಮ',ಆವಲಪ್ಪ',15',70',ಹೆಣ್ಣು',',GOLLA',AGED',NO'
MVJ2269009',ಮುನಿರಾಜ',ನಂಜುಂಡಪ್ಪ',15',36',ಗಂಡು',YES',KUMBA',',NO'
ALQ2112613',ಏ ಭಾರತಿ',ಎನ್ ಮುನಿರಾಜು',15',35',ಹೆಣ್ಣು',YES',KUMBA',HOUSE -WIFE',NO'
ALQ2951408',ಸರೋಜಮ್ಮ',ನಂಜುಂಡಪ್ಪ',16',65',ಹೆಣ್ಣು',YES',KUMBA',AGED',NO'
MVJ4448569',ರವಿಕುಮಾರ್',ನಂಜುಂಡಪ್ಪ',16',40',ಗಂಡು',YES',KUMBA',DRIVER',NO'
MVJ3965779',ಎನ್ ಪ್ರಕಾಶ್ ತಾಯಿಯ',ಸರೋಜಮ್ಮ',16',35',ಗಂಡು',YES',KUMBA',PRIVATE JOB',NO'
ALQ1616424',ಅಂಜಲಿ',ರವಿಕುಮಾರ್',16',35',ಹೆಣ್ಣು',YES',KUMBA',HOUSE -WIFE',NO'
ALQ2103687',ತುಳಸೀ ಮಾಲಾ',ಎನ್ ಪ್ರಕಾಷ್',16',28',ಹೆಣ್ಣು',YES',KUMBA',',NO'
ALQ2951416',ಅಶ್ವತ್ಥಪ್ಪ ಟಿ ಎಂ',ಮುನಿಸ್ವಾಮಿ',17',57',ಗಂಡು',YES',GOLLA',DRIVER',NO'
ALQ2951424',ಸರಸ್ವತಮ್ಮ',ಅಶ್ವತ್ಥಪ್ಪ',17',50',ಹೆಣ್ಣು',YES',GOLLA',HOUSE -WIFE',NO'
ALQ2951432',ಚಿಕ್ಕವೀರತಿಪ್ಪಯ್ಯ',ಮುನಿಸ್ವಾಮಿ',18',58',ಗಂಡು',',GOLLA',DRIVER',NO'
MVJ2269454',ರಾಜಲಕ್ಷ್ಮಮ್ಮ',ಚಿಕ್ಕ ವೀರ ತಿಪ್ಪಯ್ಯ',18',48',ಹೆಣ್ಣು',',GOLLA',HOUSE -WIFE',NO'
ALQ2349124',ನವೀನ್ ಕುಮಾರ್ ಸಿ',ಚಿಕ್ಕವೀರತಿಪ್ಪಯ್ಯ',18',25',ಗಂಡು',',GOLLA',FACTORY WORKER',NO'
ALQ2504900',ದೀಪಾ',ನಾಗೇಶ್ ಎಮ್',18',23',: ಹೆಣ್ಣು',',GOLLA',HOUSE -WIFE',NO'
ALQ2951440',ನರಸಿಂಹಮೂರ್ತಿ',ತಿಮ್ಮಯ್ಯ',19',60',ಗಂಡು',',ST',KOOLI',NO'
ALQ2951457',ಗಂಗಮ್ಮ',ನರಸಿಂಹಮೂರ್ತಿ',19',50',ಹೆಣ್ಣು',',ST',KOOLI',NO'
MVJ2269140',ಸುನಂದಮ್ಮ',ನಾಗರಾಜಪ್ಪ',19',38',ಹೆಣ್ಣು',',ST',KOOLI',NO'
MVJ2269488',ಮುತ್ತರಾಜು',ಮುತ್ತರಾಯಪ್ಪ',19',38',ಗಂಡು',',ST',FARMER',NO'
ALQ2250116',ವರಲಕ್ಷ್ಮೀ',ಬ್ರಹ್ಮಾನಂದ',19',35',ಹೆಣ್ಣು',',ACHARI',FACTORY WORKER',NO'
MVJ3966231',ಪುಷ್ಪಾವತಿ',ಮುತ್ತುರಾಜು',19',34',ಹೆಣ್ಣು',',ST',FARMER',NO'
ALQ3167848',ಭಾರತಿ ಎನ್',ನರಸಿಂಹಮೂರ್ತಿ',19',19',ಹೆಣ್ಣು',',ST',STUDENT',NO'
ALQ2951465',ಲಕ್ಷ್ಮಮ್ಮ',ಮುತ್ತರಾಯಪ್ಪ',20',67',ಹೆಣ್ಣು',',ST',KOOLI',NO'
MVJ2269629',ನಾಗರಾಜ',ಮುತ್ತರಾಯಪ್ಪ',20',45',ಗಂಡು',',ST',DRIVER',NO'
ALQ3167830',ಮನೋಜ್ ಎನ್',ನಾಗರಾಜ',20',19',ಗಂಡು',',ST',UNEMPLOYED',YES'
MVJ2268993',ಟಿ ಕೆ ಪಾಪಣ್ಣ',ಕೊಂಡಪ್ಪ',21',65',ಗಂಡು',',AGASARU',AGED',NO'
ALQ2951481',ಲಕ್ಷ್ಮೀನರಸಮ್ಮ',ಟಿ ಕೆ ಪಾಪಣ್ಣ',21',60',ಹೆಣ್ಣು',',AGASARU',AGED',NO'
ALQ2951499',ನಾಗರಾಜ',ಕೊಂಡಪ್ಪ',21',57',ಗಂಡು',',AGASARU',FARMER',NO'
ALQ2951507',ಶಾಂತಮ್ಮ',ನಾಗರಾಜ',21',55',ಹೆಣ್ಣು',',AGASARU',COW FARMING',NO'
MVJ3966223',ಟಿ ಪಿ ಮಹೇಶ್ ಕುಮಾರ್',ಟಿ ಕೆ ಪಾಪಣ್ಣ',21',36',ಗಂಡು',',AGASARU',BMTC DRIVER',NO'
ALQ1616432',ಕುಮಾರ್ ಟಿ ಪಿ',ಟಿ ಕೆ ಪಾಪಣ್ಣ',21',33',ಗಂಡು',YES',AGASARU',BMTC DRIVER',NO'
ALQ2094274',ಗಿರೀಶ ಟಿ ಎನ್',ಟಿ ಕೆ ನಾಗರಾಜ್',21',30',ಗಂಡು',YES',AGASARU',DRIVER',NO'
ALQ3058484',ಚಂದ್ರಕಲ',ಟಿ ಪಿ ಮಹೇಶ್ ಕುಮಾರ್',21',29',ಹೆಣ್ಣು',',AGASARU',HOUSE -WIFE',NO'
ALQ2504892',ಆನಂದ ಟಿ ಎನ್',ನಾಗರಾಜ ಟಿ ಕೆ',21',23',ಗಂಡು',',AGASARU',DRIVER',NO'
ALQ2951515',ಲಕ್ಷ್ಮೀನಾರಾಯಣ',ಈರಪ್ಪ',22',53',ಗಂಡು',',GOLLA',FARMER',NO'
ALQ1877810',ಸರೋಜಮ್ಮ',ಲಕ್ಷ್ಮೀನಾರಾಯಣ',22',47',ಹೆಣ್ಣು',',GOLLA',FARMER',NO'
ALQ2250165',ಶಿಲ್ಪ ಎಲ್',ಲಕ್ಷ್ಮೀನಾರಾಯಣಪ್ಪ',22',25',ಹೆಣ್ಣು',',GOLLA',HOUSE -WIFE',NO'
ALQ2980704',ಸಂತೋಷ್ ಕುಮಾರ್ ಟಿ ಎ',ಲಕ್ಷ್ಮೀನಾರಾಯಣಪ್ಪ',22',22',ಗಂಡು',',GOLLA',FARMER',NO'
ALQ1616440',ರಾಜಣ್ಣ',ಈರಪ್ಪ',23',48',ಗಂಡು',',GOLLA',FARMER',NO'
ALQ1616457',ಶುಭಾವತಿ',ರಾಜಣ್ಣ',23',45',ಹೆಣ್ಣು',',GOLLA',KOOLI',NO'
ALQ0070342',ಬಿ ಎನ್ ಸುಶೀಲಮ್ಮ',ಬಿ ಚಿಕ್ಕ ವೀರ ತಿಪ್ಪಯ್ಯ',24',58',ಹೆಣ್ಣು',',GOLLA',FARMER',NO'
MVJ2269363',ಸಿ ನವೀನ್ ಕುಮಾರ್',ವಿ ಚಿಕ್ಕವೀರಪ್ಪ',24',41',ಗಂಡು',',GOLLA',CONGRESS MEMBER',NO'
MVJ3966157',ಸಿ ರಘಚೇತನ್',ವಿ ಸಿ ಚಿಕ್ಕವೀರತಿಪ್ಪಯ್ಯ',24',33',ಗಂಡು',',GOLLA',FARMER',NO'
ALQ2459790',ಚೈತ್ರ ಬಿ ಆರ್',ನವೀನ್ ಕುಮಾರ ಸಿ',24',29',ಹೆಣ್ಣು',',GOLLA',HOUSE -WIFE',NO'
ALQ3031911',ಪ್ರದೀಪ್ ಎನ್',ನಾರಾಯಣಪ್ಪ',25',21',ಗಂಡು',',GOLLA',STUDENT',NO'
ALQ2951549',ಚಿಕ್ಕವೀರ ತಿಪ್ಪಯ್ಯ',ಜೂಲಪ್ಪ',26',60',ಗಂಡು',',GOLLA',FARMER',NO'
ALQ2951556',ನಂಜಮ್ಮ',ಚಿಕ್ಕ ವೀರ ತಿಪ್ಪಯ್ಯ',26',50',ಹೆಣ್ಣು',',GOLLA',FARMER',NO'
ALQ1616473',ಸಿ ವಿಜಯಕುಮಾರ್',ಚಿಕ್ಕವೀರತಿಪ್ಪಯ್ಯ',26',34',ಗಂಡು',',GOLLA',TEACHER',NO'
ALQ2419059',ಮಹಾಲಕ್ಷ್ಮೀ ಸಿ',ಟಿ ಚಿಕ್ಕವೀರತಿಪ್ಪಯ್ಯ',26',29',ಹೆಣ್ಣು',',GOLLA',STUDENT',NO'
ALQ2951564',ರಾಮಾಂಜಿನಪ್ಪ',ಮುನಿಶಾಮಪ್ಪ',27',55',ಗಂಡು',',ST',KOOLI',NO'
ALQ2951572',ಅನುಸೂಯಮ್ಮ',ರಾಮಾಂಜಿ',27',50',ಹೆಣ್ಣು',',ST',FARMER',NO'
ALQ2419042',ಲವಿತ ಟಿ ಆರ್',ರಾಮಾಂಜಿನಪ್ಪ',27',24',ಹೆಣ್ಣು',',GOLLA',STUDENT',NO'
ALQ2980647',ಕವಿತ ಆರ್',ರಾಮಾಂಜಿನಪ್ಪ',27',22',ಹೆಣ್ಣು',',GOLLA',STUDENT',NO'
ALQ2951580',ಮುತ್ತಮ್ಮ',ಮುನಿಶಾಮಪ್ಪ',28',75',ಹೆಣ್ಣು',',GOLLA',AGED',NO'
ALQ2951598',ನಾರಾಯಣಸ್ವಾಮಿ',ಮುನಿಶ್ಯಾಮಪ್ಪ',28',45',ಗಂಡು',',GOLLA',FARMER',NO'
MVJ2268985',ಮುನಿರಾಜು',ಮುನಿಶ್ಯಾಮಪ್ಪ',28',42',ಗಂಡು',',GOLLA',FARMER',NO'
ALQ2094399',ನಳಿನ',ನಾರಾಯಣಸ್ವಾಮಿ',28',29',ಹೆಣ್ಣು',',GOLLA',FARMER',NO'
MVJ2269595',ಶಶಿಕಾಂತ್',ಚಿಕ್ಕವೀರತಿಪ್ಪೇಗೌಡ',29',40',ಗಂಡು',',GOLLA',DRIVER',NO'
ALQ3058468',ವರಲಕ್ಷ್ಮೀ ಎಲ್',ಶಶಿಕಾಂತ್',29',21',ಹೆಣ್ಣು',',GOLLA',HOUSE -WIFE',NO'
ALQ2951606',ನಾರಾಯಣಪ್ಪ',ಮಲ್ಲಪ್ಪ',30',55',ಗಂಡು',',GOLLA',SECURITY',NO'
ALQ2951614',ಮುನಿರತ್ನಮ್ಮ',ನಾರಾಯಣಪ್ಪ',30',47',ಹೆಣ್ಣು',',GOLLA',FARMER',NO'
ALQ2459840',ಲಕ್ಷ್ಮೀಪತಿ ಎನ್',ನಾರಾಯಣಪ್ಪ',30',25',ಗಂಡು',YES',GOLLA',',NO'
ALQ2951622',ಲಕ್ಷ್ಮಮ್ಮ',ಮುತ್ತರಾಯಪ್ಪ',31',95',ಹೆಣ್ಣು',',GOLLA',AGED',NO'
ALQ2951630',ಟಿ ಎಂ ಚಿನ್ನಪ್ಪಯ್ಯ',ಮುತ್ತರಾಯಪ್ಪ',31',63',ಗಂಡು',',GOLLA',CONGRESS LEADER',NO'
ALQ2951648',ರಾಮಚಂದ್ರ',ಮುತ್ತರಾಯಪ್ಪ',31',50',ಗಂಡು',',GOLLA',FARMER',NO'
ALQ2951655',ಜ್ಯೋತಿ',ಟಿ ಚಿಕ್ಕಪ್ಪಯ್ಯ',31',47',ಹೆಣ್ಣು',',GOLLA',FARMER',NO'
ALQ2951663',ನಂದಕುಮಾರ',ಮುತ್ತರಾಯಪ್ಪ',31',43',ಗಂಡು',',GOLLA',BMTC DRIVER',NO'
ALQ1877877',ಕೆ ಎನ್ ನರೇಂದ್ರಯಾದವ್',ನರಸಯ್ಯ ಕೆ ಆರ್',31',29',ಗಂಡು',',GOLLA',FACTORY WORKER',NO'
ALQ2094365',ಗಂಗರತ್ನಮ್ಮ ಕೆ ಎನ್',ನಂದಕುಮಾರ್',31',29',ಹೆಣ್ಣು',',GOLLA',FARMER',NO'
ALQ2504918',ಕಾರ್ತಿಕ್ ಟಿ ಸಿ',ಚಿನ್ನಪ್ಪಯ್ಯ',31',24',ಗಂಡು',',GOLLA',PRIVATE JOB',NO'
ALQ2951671',ಚಿಕ್ಕ ವೀರ ತಿಪ್ಪೇಗೌಡ ಟಿ',ಪಟೇಲ್ ನಡಿಪಣ್ಣ',32',63',ಗಂಡು',',DEATH',',NO'
ALQ2951689',ಪದ್ಮಮ್ಮ',ಚಿಕ್ಕ ವೀರ ತಿಪ್ಪೇಗ',32',55',ಹೆಣ್ಣು',',GOLLA',FARMER',NO'
MVJ3420148',ಟಿ ಸಿ ಅರುಣಾಕುಮಾರ',ಟಿ ಚಿಕ್ಕವೀರತಿಪ್ಪೇಗೌಡ',32',42',ಗಂಡು',',GOLLA',FARMER',NO'
MVJ3420353',ಟಿ ಸಿ ಕಾಂತರಾಜು',ಟಿ ಚಿಕ್ಕವೀರತಿಪ್ಪೇಗೌಡ',32',36',ಗಂಡು',YES',GOLLA',',NO'
ALQ2094308',ಗಂಗಮ್ಮ ಕೆ ಎಂ',ಟಿ ಸಿ ಅರುಣಕುಮಾರ್',32',29',ಹೆಣ್ಣು',',GOLLA',FARMER',NO'
MVJ3966082',ಹನುಮಂತರಾಯಪ್ಪ',ಪೆದ್ದನ್ನ',33',70',ಗಂಡು',',GOLLA',SHEEP FARMING',NO'
MVJ3966074',ಕೆಂಪಮ್ಮ',ಹನುಮಂತರಾಯಪ್ಪ',33',55',ಹೆಣ್ಣು',',GOLLA',FARMER',NO'
MVJ2268621',ಮೈಲಾರಪ್ಪ',ಮುನಿಯಪ್ಪ',33',43',ಗಂಡು',',GOLLA',FARMER',NO'
MVJ2268639',ಉಮಾದೇವಿ',ಮೈಲಾರಪ್ಪ',33',37',ಹೆಣ್ಣು',',GOLLA',FARMER',NO'
ALQ0069245',ಮಂಜುನಾಥ ಹೆಚ್',ಹನುಮಂತರಾಯ',33',32',ಗಂಡು',',GOLLA',PRIVATE JOB',NO'
ALQ2094282',ಪ್ರಸನ್ನಕುಮಾರ್',ಹನುಮಂತರಾಯ',33',29',ಗಂಡು',',GOLLA',PRIVATE JOB',NO'
ALQ2233450',ಲಕ್ಷ್ಮೀ ವಿ ಆರ್',ಮಂಜುನಾಥ ಎಚ್',33',25',ಹೆಣ್ಣು',',GOLLA',HOUSE -WIFE',NO'
ALQ2951713',ವೆಂಕಟಮ್ಮ',ರಂಗಪ್ಪ',35',70',ಹೆಣ್ಣು',',GOLLA',FARMER',NO'
MVJ2269470',ಟಿ ಆರ್\u200c ದೊಡ್ಡಪ್ಪಯ್ಯ',ರಂಗಪ್ಪ',35',41',ಗಂಡು',',GOLLA',FARMER',NO'
ALQ2094357',ವಿಮಲಾಕ್ಷಿ',ದೊಡ್ಡಪ್ಪಯ್ಯ',35',35',ಹೆಣ್ಣು',',GOLLA',FARMER',NO'
ALQ2951739',ಚನ್ನಮ್ಮ',ಮುನಿಯಪ್ಪ',36',65',ಹೆಣ್ಣು',',GOLLA',AGED',NO'
ALQ1616499',ಶಿವಕುಮಾರ್',ಮುನಿಯಪ್ಪ',36',33',ಗಂಡು',',GOLLA',FARMER',NO'
ALQ2332732',ವೆಂಕಟಲಕ್ಷ್ಮಮ್ಮ ವಿ',ಶಿವಕುಮಾರ್',36',27',ಹೆಣ್ಣು',',GOLLA',FARMER',NO'
ALQ2352995',ಶಶಿಕಲಾ',ಶಿವಕುಮಾರ್',36',25',ಹೆಣ್ಣು',',GOLLA',FARMER',NO'
MVJ3966165',ಟಿ ಎಂ ರಾಮಕೃಷ್ಣ',ಮುತ್ತರಾಯಪ್ಪ',38',58',ಗಂಡು',',GOLLA',FARMER',NO'
MVJ3966181',ರತ್ನಮ್ಮ',ಟಿ ಎಂ ರಾಮಕೃಷ್ಣಪ್ಪ',38',48',ಹೆಣ್ಣು',',GOLLA',HOUSE -WIFE',NO'
MVJ2269199',ನಾಗರತ್ನಮ್ಮ',ಈರಪ್ಪ',38',38',ಹೆಣ್ಣು',',GOLLA',HOUSE -WIFE',NO'
ALQ2148336',ನರಸಮ್ಮ',ನರಶಿಂಹಮೂರ್ತಿ',38',34',ಹೆಣ್ಣು',',GOLLA',FARMER',NO'
ALQ2097293',ವಿನಯ್ ಟಿ ಎನ್',ಟಿ ಎಮ್ ರಾಮಕೃಷ್ಣಪ್ಪ',38',27',ಗಂಡು',YES',GOLLA',',NO'
ALQ2511392',ಪುರುಷೋತ್ತಮ್ ಟಿ ಆರ್',ರಾಮಕೃಷ್ಣ ಟಿ ಎಂ',38',23',ಗಂಡು',',GOLLA',PRIVATE JOB',NO'
ALQ2951762',ಲಕ್ಷ್ಮೀದೇವಮ್ಮ',ದಾಳಪ್ಪ',39',65',ಹೆಣ್ಣು',',GOLLA',AGE',NO'
ALQ2333417',ಶಿವಕುಮಾರ ಟಿ ಡಿ',ದಾಳಪ್ಪ',39',30',ಗಂಡು',',GOLLA',FARMER',NO'
ALQ2951770',ಗಂಗಾಧರಪ್ಪ',ಪುಟ್ಟಪ್ಪ',41',65',ಗಂಡು',',GOLLA',FARMER',NO'
ALQ2951788',ಜಯಮ್ಮ',ಗಂಗಾಧರಪ್ಪ',41',55',ಹೆಣ್ಣು',',GOLLA',FARMER',NO'
ALQ2094381',ನೇತ್ರಾವತಿ',ಗಂಗಾಧರಪ್ಪ',41',32',ಹೆಣ್ಣು',YES',GOLLA',POLICE',NO'
ALQ2951796',ತಿಪ್ಪಕ್ಕ',ನರಸಿಂಹಪ್ಪ',42',70',ಹೆಣ್ಣು',',GOLLA',AGED',NO'
ALQ2951804',ಈರಪ್ಪ',ನರಸಿಂಹಪ್ಪ',42',51',ಗಂಡು',',GOLLA',FARMER',NO'
MVJ2268951',ಜಯಲಕ್ಷ್ಮಮ್ಮ',ಕೃಷ್ಣಮೂರ್ತಿ',42',38',ಹೆಣ್ಣು',',GOLLA',COW FARMING',NO'
ALQ3178563',ರೋಜ ಇ',ಈರಪ್ಪ',42',19',ಹೆಣ್ಣು',',GOLLA',STUDENT',NO'
ALQ1616523',ನಾಗಮ್ಮ',ಗಂಗಪ್ಪ',43',65',ಹೆಣ್ಣು',',GOLLA',KOOLI',NO'
ALQ2051812',ವೀರತಿಪ್ಪಯ್ಯ',ಗಂಗಪ್ಪ',43',55',ಗಂಡು',',GOLLA',FARMER',NO'
ALQ1616507',ನರಸಮ್ಮ',ವೀರಪ್ಪಯ್ಯ',43',42',ಹೆಣ್ಣು',',GOLLA',FARMER',NO'
MVJ2269678',ದೇವರಾಜು ತಾಯಿಯ',ನಾಗಮ್ಮ',43',38',ಗಂಡು',',GOLLA',FARMER',NO'
ALQ1616531',ಮುನಿರತ್ನಮ್ಮ',ದೇವರಾಜು',43',34',ಹೆಣ್ಣು',',GOLLA',KOOLI',NO'
ALQ3135357',ಟಿ ವಿ ಗಂಗರಾಜು',ವೀರತಿಪ್ಪಯ್ಯ',43',25',ಗಂಡು',YES',GOLLA',',NO'
ALQ3012077',ವಿಮಲ ವಿ',ವೀರತಿಪ್ಪಯ್ಯ',43',22',ಹೆಣ್ಣು',',GOLLA',STUDENT',NO'
MVJ3966041',ಲಕ್ಷ್ಮೀನರಸಮ್ಮ',ನರಸಿಂಹಪ್ಪ',44',62',ಹೆಣ್ಣು',',EDIGA',KOOLI',NO'
ALQ2951820',ಚಿನ್ನಪ್ಪಯ್ಯ',ಚಿನ್ನಪ್ಪ',45',70',ಗಂಡು',',GOLLA',AGED',YES'
ALQ1616549',ಮಾಳಮ್ಮ',ಚಿನ್ನಪ್ಪಯ್ಯ',45',60',ಹೆಣ್ಣು',',GOLLA',AGED',NO'
ALQ2951838',ಕೃಷ್ಣಮೂರ್ತಿ',ಚಿನ್ನಪ್ಪಯ್ಯ',45',45',ಗಂಡು',',GOLLA',FARMER',NO'
MVJ3966256',ಓಬಳಮ್ಮ',ಮಾದಪ್ಪ',46',61',ಹೆಣ್ಣು',YES',',',NO'
ALQ2951861',ಲಿಂಗಮ್ಮ',ಕುಮಾರ',46',45',ಹೆಣ್ಣು',',GOLLA',KOOLI',NO'
MVJ2269702',ರಾಮಲಿಂಗ',ದೊಡ್ಡಮೈಲಪ್ಪ',46',38',ಗಂಡು',',GOLLA',SHOP',NO'
MVJ2268803',ಗಿರಿಕುಮಾರ',ದೊಡ್ಡಮೈಲಪ್ಪ',46',38',ಗಂಡು',',GOLLA',FARMER',NO'
ALQ0069641',ಎನ್ ಅನಿತ',ರಾಮಲಿಂಗ',46',31',ಹೆಣ್ಣು',',GOLLA',SHOP',NO'
ALQ2148286',ಕೆ ಎನ್ ಶಿಲ್ಪಾ',ಗಿರಿಕುಮಾರ',46',30',ಹೆಣ್ಣು',',GOLLA',FARMER',NO'
ALQ3115573',ಉದಯ್ ಕೆ',ಲೇಟ್ ಕುಮಾರ್',46',20',ಗಂಡು',',GOLLA',SECURITY',NO'
ALQ3126885',ಚಿಕ್ಕಮೈಲಪ್ಪ',ಮಲ್ಲಯ್ಯ',47',70',ಗಂಡು',',GOLLA',FARMER',NO'
ALQ2951887',ಶಾಂತಮ್ಮ',ಚಿಕ್ಕಮರಲಪ್ಪ',47',60',ಹೆಣ್ಣು',',GOLLA',FARMER',NO'
MVJ4448841',ಮುನಿರಾಜು',ಚಿಕ್ಕಮ್ಮೇಲಪ್ಪ',47',37',ಗಂಡು',',GOLLA',KOOLI',NO'
ALQ0069955',ಅಶ್ವತ್ಥಪ್ಪ',ಚಿಕ್ಕಮೈಲಪ್ಪ',47',37',ಗಂಡು',',GOLLA',FARMER',NO'
MVJ3966298',ಸರೋಜಮ್ಮ',ಮುನಿರಾಜು',47',35',ಹೆಣ್ಣು',',GOLLA',KOOLI',NO'
MVJ3420908',ಚಿಕ್ಕನಿಂಗಪ್ಪ',ಮಲ್ಲಯ್ಯ',48',65',ಗಂಡು',',GOLLA',FARMER',NO'
MVJ2269793',ರತ್ನಮ್ಮ',ಚಿಕಲಿಂಗಪ್ಪ',48',58',ಹೆಣ್ಣು',',GOLLA',SHEEP FARMING',NO'
ALQ1616556',ಲಿಂಗೇಗೌಡ',ಚಿಕ್ಕಲಿಂಗಪ್ಪ',48',35',ಗಂಡು',',GOLLA',FARMER',NO'
ALQ1616564',ಹರೀಶ್',ಚಿಕ್ಕಲಿಂಹಪ್ಪ',48',33',ಹೆಣ್ಣು',',GOLLA',FARMER',NO'
ALQ2470987',ಚೈತ್ರಾ ಎಚ್ ಕೆ',ಲಿಂಗೇಗೌಡ',48',26',ಹೆಣ್ಣು',',GOLLA',FARMER',NO'
ALQ2459782',ಜಯಲಕ್ಷ್ಮಿ ಎನ್',ಹರೀಶ್',48',25',ಹೆಣ್ಣು',',GOLLA',FARMER',NO'
ALQ2951895',ದೊಡ್ಡಮೈಲಪ್ಪ',ಮಲ್ಲಯ್ಯ',49',73',ಗಂಡು',',GOLLA',RETIRED RAILWAY OFFICER',NO'
ALQ2951903',ಶ್ರೀನಿವಾಸ',ದೊಡ್ಡಮೈಲಪ್ಪ',49',45',ಗಂಡು',',GOLLA',FARMER',NO'
ALQ0031260',ನೀಲಮ್ಮ',ಶ್ರೀನಿವಾಸ',49',35',ಹೆಣ್ಣು',',GOLLA',FARMER',NO'
ALQ2951911',ಮುದ್ದುಗಂಗಮ್ಮ',ರಾಮಕೃಷ್ಣಪ್ಪ',50',65',ಹೆಣ್ಣು',',GOLLA',AGED',NO'
ALQ1616572',ಆರ್ ಶಿವಶಂಕರ್',ರಾಮಕೃಷ್ಣ',50',47',ಗಂಡು',YES',GOLLA',',NO'
ALQ1877836',ಲಕ್ಷ್ಮೀ',ಶಿವಶಂಕರ್ ಆರ್',50',44',ಹೆಣ್ಣು',YES',GOLLA',',NO'
ALQ1616580',ಚಂದ್ರಶೇಖರ್',ನಾರಾಯಣಸ್ವಾಮಿ',50',34',ಗಂಡು',YES',GOLLA',POLICE',NO'
ALQ1616598',ಮಧುಬಿ ಎನ್',ನಾರಾಯಣಸ್ವಾಮ್',50',32',ಗಂಡು',YES',GOLLA',',NO'
ALQ2250132',ಲತಾ ಹೆಚ್ ಕೆ',ಚಂದ್ರಶೇಖರ್',50',28',ಹೆಣ್ಣು',YES',GOLLA',',NO'
ALQ2459824',ಸುಧಾ ಆರ್',ಹರೀಶ್ ಕುಮಾರ್',50',26',ಹೆಣ್ಣು',',GOLLA',SHOP',NO'
ALQ2153427',ಹರೀಶ್ ಕುಮಾರ್ ಟಿ ಎಸ್',ಶಿವಶಂಕರ ಆರ್',50',26',ಗಂಡು',',GOLLA',DRIVER',NO'
ALQ2459816',ಅನಿಲ್ ಕುಮಾರ್ ಟಿ ಎಸ್',ಶಿವಶಂಕರ್ ಆರ್',50',24',ಗಂಡು',',GOLLA',DRIVER',NO'
ALQ2951945',ಮುದ್ದಮ್ಮ',ನರಸಪ್ಪ',52',95',ಹೆಣ್ಣು',YES',GOLLA',AGED',NO'
ALQ2951952',ದೇವರಾಜು',ನರಸಪ್ಪ',52',45',ಗಂಡು',',GOLLA',SHOP',NO'
MVJ3965837',ವೇದಾವತಿ',ದೇವರಾಜ',52',37',ಹೆಣ್ಣು',',GOLLA',SHOP',NO'
ALQ2998870',ಮಾಣಿಕ್ಯಡಿ',ದೇವರಾಜು',52',24',ಹೆಣ್ಣು',',GOLLA',BUSINESS',NO'
ALQ2148369',ಮಮತ',ಶ್ರೀನಿವಾಶ್',53',41',ಗಂಡು',',ST',FARMER',NO'
MVJ3420130',ಗೋಪಾಲ',ಜಗನ್ನಾಥ',53',40',ಗಂಡು',YES',TAMILIAN',',NO'
ALQ2148351',ಸುಮತಿ',ಮಂಜುನಾಥ',53',33',ಹೆಣ್ಣು',',TAMILIAN',ASHA WORKER',NO'
ALQ2951960',ಗಂಗಾಧರಪ್ಪ',ಪಿಳ್ಳಪ್ಪ',54',65',ಗಂಡು',',KUMBA',SELF EMPLOYED',NO'
ALQ2951978',ಶಿವಮ್ಮ',ಗಂಗಾಧರಪ್ಪ',54',55',ಹೆಣ್ಣು',',KUMBA',FARMER',NO'
MVJ3965787',ಟಿ ಜಿ ಸುರೇಶ್ ಬಾಬು',ಗಂಗಾಧರಪ್ಪ',54',36',ಗಂಡು',YES',KUMBA',',NO'
ALQ2111409',ಹರೀಶ್ ಬಾಬುಜಿ',ಗಂಗಾಧರಪ್ಪ',54',30',ಗಂಡು',',KUMBA',SECURITY',NO'
ALQ2110302',ಮಮತ ಕೆ ಎನ್',ಟಿ ಜಿ ಸುರೇಷ್ ಬಾಬು',54',29',ಹೆಣ್ಣು',YES',KUMBA',',NO'
ALQ2951986',ನಾಗರಾಜು',ಪಿಳ್ಳಪ್ಪ',55',60',ಗಂಡು',YES',KUMBA',',NO'
ALQ2951994',ಪುಷ್ಪಮ್ಮ',ನಾಗರಾಜು',55',55',ಹೆಣ್ಣು',YES',KUMBA',',NO'
ALQ2952000',ರಾಮಕೃಷ್ಣ',ಪುಟ್ಟಪ್ಪ',56',65',ಗಂಡು',',GOLLA',BMTC INSPECTOR',NO'
ALQ2952018',ಸೌಭಾಗ್ಯಮ್ಮ',ರಾಮಕೃಷ್ಣ',56',55',ಹೆಣ್ಣು',',GOLLA',HOUSE -WIFE',NO'
MVJ3966173',ಟಿ ಆರ್ ಗೋಪಿಯಾದವ್',ಟಿ ರಾಮಕೃಷ್ಣಪ್ಪ',56',33',ಗಂಡು',',GOLLA',DRIVER',NO'
ALQ0031336',ಟಿ ಆರ್ ನಾಗೇಶ ಯಾದವ್',ರಾಮಕೃಷ್ಣ',56',31',ಗಂಡು',',GOLLA',DRIVER',NO'
ALQ1877885',ಆಶಾ',ಗೋಪಿಯಾದವ್',56',30',ಹೆಣ್ಣು',',GOLLA',HOUSE -WIFE',NO'
ALQ2229854',ಅನಿತ ವಿ',ನಾಗೇಶ್ ಯಾದವ ಅರ್',56',25',ಹೆಣ್ಣು',',GOLLA',HOUSE -WIFE',NO'
MVJ2269249',ರಾಜಣ್ಣ',ಗಂಗಪ್ಪ',57',48',ಗಂಡು',',ST',FARMER',NO'
MVJ2269256',ಅಂಜಿನಮ್ಮ',ರಾಜಣ್ಣ',57',43',ಹೆಣ್ಣು',',ST',FARMER',NO'
ALQ2250173',ಗಣೇಶ್ ಆರ್',ರಾಜಣ್ಣ',57',26',ಗಂಡು',YES',ST',',NO'
ALQ2952026',ಗಂಗಮ್ಮ',ಸತ್ಯಪ್ಪ',58',95',ಹೆಣ್ಣು',',ST',AGED',NO'
MVJ2269033',ನಾರಾಯಣಸ್ವಾಮಿ',ಸತ್ಯಪ್ಪ',58',55',ಗಂಡು',',ST',KSRTC INSPECTOR',NO'
ALQ2952034',ಪ್ರೇಮ',ನಾರಾಯಣಸ್ವಾಮಿ',58',47',ಹೆಣ್ಣು',',ST',HOUSE -WIFE',NO'
ALQ2250223',ಸುಷ್ಮ ಎನ್',ನಾರಾಯಣಸ್ವಾಮಿ',58',27',ಹೆಣ್ಣು',YES',ST',',NO'
ALQ2250264',ಸುಪ್ರೀತ್ ನಾಯಕ ಟಿ ಎನ್',ನಾರಾಯಣಸ್ವಾಮಿ',58',25',ಗಂಡು',YES',ST',',NO'
ALQ2952059',ಪಾಪಕ್ಕ',ಮುನಿಶ್ಯಾಮಪ್ಪ',59',80',ಹೆಣ್ಣು',',AGASARU',AGED',NO'
ALQ2952067',ರಂಗಪ್ಪ',ಆವಲಪ್ಪ',59',75',ಗಂಡು',',AGASARU',AGED',NO'
ALQ2952075',ಗೌರಮ್ಮ',ರಂಗಪ್ಪ',59',65',ಹೆಣ್ಣು',',AGASARU',AGED',NO'
ALQ2952083',ನೀಲಕಂಠಯ್ಯ',ಮುನಿಶ್ಯಾಮಪ್ಪ',59',55',ಗಂಡು',YES',AGASARU',BUSINESS',NO'
ALQ2952091',ವಿಶ್ವನಾಥ',ಮುನಿಶ್ಯಾಮಪ್ಪ',59',48',ಗಂಡು',YES',AGASARU',POLICE',NO'
MVJ3420544',ಕೇಶವ ಎಲ್',ಲಕ್ಕಪ್ಪ',59',41',ಗಂಡು',YES',AGASARU',',NO'
ALQ2112233',ಜಿ ರಾಧ',ಚಿಕ್ಕಗಂಗಪ್ಪ',59',41',ಹೆಣ್ಣು',',ST',ATTENDER',NO'
MVJ2269785',ಕಾಂತಮ್ಮ',ವಿಶ್ವನಾಥ್',59',38',ಹೆಣ್ಣು',YES',AGASARU',HOUSE -WIFE',NO'
MVJ3965969',ಸುಜಾತಮ್ಮ',ನೀಲಕಂಠಯ್ಯ',59',36',ಹೆಣ್ಣು',YES',AGASARU',HOUSE -WIFE',NO'
ALQ2952109',ಪಾಪಮ್ಮ',ಮಲ್ಲೇಶಪ್ಪ',60',70',ಹೆಣ್ಣು',',ST',KOOLI',NO'
ALQ2952117',ಅವಲಕೊಂಡರಾಯ',ಮಲ್ಲೇಶಪ್ಪ',60',48',ಗಂಡು',',ST',KOOLI',NO'
ALQ2952125',ಮುನಿರತ್ನಮ್ಮ',ಆವಲಕೊಂಡರಾಯ',60',45',ಹೆಣ್ಣು',',ST',SHEEP FARMING',NO'
ALQ2358398',ಪ್ರಮೀಳ',ನಾರಾಯಣಪ್ಪ',60',36',ಹೆಣ್ಣು',',ST',SHEEP FARMING',NO'
ALQ3115136',ಆನಂದ್ ಎ',ಆವುಲಕೊಂಡರಾಯಪ್ಪ',60',21',ಗಂಡು',',ST',FACTORY WORKER',NO'
ALQ2952133',ಪುಟ್ಟಮ್ಮ',ಗಂಗಪ್ಪ',61',85',ಹೆಣ್ಣು',',DEATH',',NO'
ALQ2952174',ಶಾಂತಮ್ಮ',ಮುನಿಯಪ್ಪ',62',60',ಹೆಣ್ಣು',',ST',AGED',NO'
ALQ1616648',ಶಾಂತಮ್ಮ',ನರಸಪ್ಪ',62',59',ಹೆಣ್ಣು',',ST',FARMER',NO'
ALQ2153393',ಶ್ರೀರಾಮಯ್ಯ',ಲೇಟ್ ಮುನಿಯಪ್ಪ',62',42',ಗಂಡು',',ST',POLICE',NO'
MVJ2269124',ಲಕ್ಷ್ಮಿ ದೇವಿ',ಶ್ರೀರಾಮಯ್ಯ',62',38',ಹೆಣ್ಣು',',ST',FARMER',NO'
MVJ2269017',ಮುನಿಶ್ಯಾಮಪ್ಪ',ಮುನಿಯಪ್ಪ',62',37',ಗಂಡು',',ST',DRIVER',NO'
ALQ0068460',ಜಿ ವೇದಾವತಿ',ಶ್ರೀರಾಮಯ್ಯ',62',36',ಹೆಣ್ಣು',',ST',POLICE',NO'
ALQ1616622',ಮುನಿಯಮ್ಮ',ಮುನಿಶ್ಯಾಮಪ್ಪ',62',33',ಹೆಣ್ಣು',',ST',FARMER',NO'
ALQ1616614',ಲೋಕೇಶ ಟಿ ಎಂ',ಮುನಿಯಪ್ಪ',62',31',ಗಂಡು',YES',ST',TEACHER',NO'
ALQ2094373',ರೇಖಾ ಕೆ ಎಸ್',ರಾಮಣ್ಣ',62',30',ಹೆಣ್ಣು',',ST',FACTORY WORKER',NO'
ALQ3166949',ಮೇಘನಾ ಆರ್',ರಾಜಣ್ಣ ಆರ್',62',23',ಹೆಣ್ಣು',',ST',STUDENT',NO'
ALQ2952182',ಮುನಿಯಪ್ಪ',ಮುನಿಶ್ಯಾಮಪ್ಪ',64',85',ಗಂಡು',',ST',KOOLI',NO'
ALQ2952190',ನಂಜಮ್ಮ',ಮುನಿಯಪ್ಪ',64',75',ಹೆಣ್ಣು',',ST',KOOLI',NO'
ALQ2952208',ಲಕ್ಷ್ಮಿ ನಾರಾಯಣ',ಮುನಿಯಪ್ಪ',64',55',ಗಂಡು',',ST',FARMER',NO'
ALQ2952216',ನರಸಮ್ಮ',ಲಕ್ಷ್ಮೀನಾರಾಯಣ',64',50',ಹೆಣ್ಣು',',ST',FARMER',NO'
ALQ2472678',ಶ್ರೀರಾಮಯ್ಯ',ಮುನಿಯಪ್ಪ',64',43',ಗಂಡು',',ST',DRIVER',NO'
ALQ2980746',ಹರೀಶ ಟಿ ಎಲ್',ಲಕ್ಷ್ಮೀನಾರಾಯಣಪ್ಪ',64',22',ಗಂಡು',YES',ST',',NO'
ALQ2952232',ಗಂಗಾಧರಪ್ಪ',ಗಂಗಪ್ಪ',65',63',ಗಂಡು',',ST',FARMER',NO'
ALQ2148310',ಶ್ರೀನಿವಾಸ್ ',',',39',ಗಂಡು',',DELETED',',NO'
MVJ2268605',ಮುನಿರಾಜ',ಚಿಕ್ಕಪ್ಪಯ್ಯ',65',37',ಗಂಡು',YES',ST',AUTO DRIVER',NO'
ALQ2148294',ಮಂಜುಳ ಎಮ್',ಮುನಿರಾಜುಟಿ ಸಿ',65',30',ಹೆಣ್ಣು',YES',ST',HOUSE -WIFE',NO'
ALQ2952257',ಗಂಗಮ್ಮ',ರಾಮಪ್ಪ',66',75',ಹೆಣ್ಣು',',ST',AGED',NO'
ALQ2952265',ಮುನಿರಾಜಪ್ಪ',ರಾಮಪ್ಪ',66',51',ಗಂಡು',',ST',FARMER',NO'
ALQ2952273',ರಾಧಮ್ಮ',ಮುನಿರಾಜಪ್ಪ',66',48',ಹೆಣ್ಣು',',ST',FARMER',NO'
ALQ2952281',ಮುನಿಯಮ್ಮ',ಆಂಜಿನಪ್ಪ',66',47',ಹೆಣ್ಣು',',ST',FARMER',NO'
ALQ2418952',ನಾಗೇಶ್ ಎಮ್',ಮುನಿರಾಜಪ್ಪ',66',24',ಗಂಡು',',ST',DRIVER',NO'
ALQ2980753',ಮಂಜುನಾಥ ಎಂ',ಮುನಿರಾಜಪ್ಪ',66',22',ಗಂಡು',YES',ST',',NO'
MVJ2268761',ಚಿಕ್ಕಪ್ಪಯ್ಯ',ಚಿಕ್ಕ ನಂಜಪ್ಪ',67',67',ಗಂಡು',',ST',FARMER',NO'
MVJ2268738',ನರಸಮ್ಮ',ಚಿಕ್ಕಪ್ಪಯ್ಯ',67',63',ಹೆಣ್ಣು',',ST',FARMER',NO'
ALQ2952299',ಟಿ ಸಿ ಬೇಲೂರಾಚಾರಿ',ಚನ್ನರಾಯಪ್ಪ',68',79',ಗಂಡು',',ACHARI',AGED',NO'
ALQ2952307',ಜಯಮ್ಮ',ಟಿ ಸಿ ಬೇಲೂರಾಚಾ',68',70',ಹೆಣ್ಣು',',ACHARI',AGED',NO'
ALQ2233427',ಕೇಶವಮೂರ್ತಿ ಬಿ',ಬೇಲೂರುಚಾರಿ',68',57',ಗಂಡು',YES',ACHARI',KOOLI',NO'
ALQ2952315',ಗಂಗಾಧರ',ಟಿ ಸಿ ಬೇಲೂರಾಚಾರಿ',68',53',ಗಂಡು',',ACHARI',TAILOR',NO'
ALQ1616671',ವೆಂಕಟಸ್ವಾಮಿ',ಟಿ ಸಿ ಬೇಲೂರಾಚಾರಿ',68',50',ಗಂಡು',',ACHARI',KOOLI',NO'
ALQ1616689',ಲಕ್ಷ್ಮಮ್ಮ',ಗಂಗಾಧರ',68',49',ಹೆಣ್ಣು',',ACHARI',HOUSE -WIFE',NO'
ALQ2952323',ಸುಬ್ರಮಣಿ',ಟಿ ಸಿ ಬೇಲೂರಾಚಾರಿ',68',45',ಗಂಡು',',ACHARI',SHOP',NO'
ALQ2233484',ಬ್ರಹ್ಮನಂದಾ',ಬೇಲೂರಾಚಾರಿ',68',43',ಗಂಡು',YES',ACHARI',',NO'
MVJ3965795',ಕಮಲಮ್ಮ',ವೆಂಕಟಸ್ವಾಮಿ',68',40',ಹೆಣ್ಣು',',ACHARI',KOOLI',NO'
MVJ2269579',ಶ್ರೀನಿವಾಸ',ಆವಲಪ್ಪ',68',36',ಗಂಡು',YES',GOLLA',DRIVER',NO'
ALQ0031328',ಅನಿತಾಲಕ್ಷ್ಮೀ',ಸುಬ್ರಮಣಿ',68',31',ಹೆಣ್ಣು',',ACHARI',HOUSE -WIFE',NO'
ALQ2250124',ಪವಿತ್ರ',ಗಂಗಾಧರಪ್ಪ',68',26',ಹೆಣ್ಣು',',ACHARI',HOUSE -WIFE',NO'
ALQ3031903',ರವಿ ಚಂದ್ರನ್ ವಿ',ವೆಂಕಟಸ್ವಾಮಿ',68',21',ಗಂಡು',',ACHARI',PRIVATE JOB',NO'
ALQ3167640',ರಾಜೇಶ್ವರಿ ವಿ',ವೆಂಕಟಸ್ವಾಮಿ',68',19',ಹೆಣ್ಣು',',ACHARI',STUDENT',NO'
ALQ2952331',ಗಂಗಪ್ಪ',ಚಿಕ್ಕ ನಂಜಪ್ಪ',69',61',ಗಂಡು',',ST',RAILWAY RETIRED',NO'
ALQ2952349',ಭಾರತಮ್ಮ',ಗಂಗಪ್ಪ',69',55',ಹೆಣ್ಣು',',ST',AGED',D'
ALQ2980621',ಮುನಿರಾಜುಜಿ',ಗಂಗಪ್ಪ',69',25',ಗಂಡು',YES',ST',RAILWAY EMPLOYEE',NO'
ALQ2952364',ಶಾರದಮ್ಮ',ನಾರಾಯಣಪ್ಪ',71',50',ಹೆಣ್ಣು',',ST',FARMER',NO'
MVJ3965944',ಎನ್ ಆನಂದ',ನಾರಾಯಣಪ್ಪ',71',36',ಗಂಡು',',GOLLA',BMTC DRIVER',NO'
ALQ2952372',ಆವಲಪ್ಪ',ಕೊಂಡಪ್ಪ',72',62',ಗಂಡು',',GOLLA',FARMER',NO'
ALQ2952380',ಸುಶೀಲಮ್ಮ',ಆವಲಪ್ಪ',72',55',ಹೆಣ್ಣು',',GOLLA',HOUSE -WIFE',NO'
MVJ2269561',ರಮೇಶ',ವೆಂಕಟಸ್ವಾಮಿ',72',38',ಗಂಡು',YES',SC',DRIVER',NO'
ALQ2196681',ಎನ್ ಪ್ರಭಾವತಿ',ಎ ಎ ಶ್ರೀನಿವಾಸ್',72',36',ಹೆಣ್ಣು',YES',SC',HOUSE -WIFE',NO'
ALQ1616713',ವೆಂಕಟೇಶ್',ಆವುಲಪ್ಪ',72',34',ಗಂಡು',YES',GOLLA',DRIVER',NO'
ALQ2250215',ರೂಪ',ವೆಂಕಟೇಶ್',72',29',ಹೆಣ್ಣು',YES',GOLLA',HOUSE -WIFE',NO'
ALQ2566495',ಲಾವಣ್ಯಸಿ ಎನ್',ರಮೇಶ',72',27',ಹೆಣ್ಣು',',SC',GP MEMBER',NO'
ALQ2952398',ಬುಡ್ಡಪ್ಪ',ಕೊಂಡಪ್ಪ',73',65',ಗಂಡು',',GOLLA',FARMER',NO'
ALQ2952406',ಗಂಗಮ್ಮ',ಬುಡ್ಡಪ್ಪ',73',55',ಹೆಣ್ಣು',',GOLLA',FARMER',NO'
ALQ2952414',ಜಯಮ್ಮ',ಬುಡ್ಡಪ್ಪ',73',50',ಹೆಣ್ಣು',',GOLLA',FARMER',NO'
ALQ2459832',ಹರೀಶ ಬಿ',ಬುಡ್ಡಪ್ಪ',73',25',ಗಂಡು',YES',GOLLA',PRIVATE JOB',NO'
ALQ3167822',ಕಿರಣ್ ಬಿ',ಬುಡ್ಡಪ್ಪ',73',19',ಗಂಡು',',GOLLA',STUDENT',NO'
ALQ2952422',ತಿಪ್ಪಣ್ಣ',ಪುಟ್ಟಪ್ಪ',74',70',ಗಂಡು',',GOLLA',FARMER',NO'
ALQ2952430',ಜಯಮ್ಮ',ತಿಪ್ಪಣ್ಣ',74',60',ಹೆಣ್ಣು',',GOLLA',FARMER',NO'
MVJ2268878',ದಾಳಪ್ಪ ',ನರಸಮ್ಮ',74',38',ಗಂಡು',',ADI DRAVIDA',FARMER',NO'
MVJ2269074',ಶುಭ',ನಾರಾಯಣಸ್ವಾಮಿ',74',37',ಹೆಣ್ಣು',',SC',FARMER',NO'
ALQ2233518',ಮಹೆಶ್ ಟಿ',ತಿಪ್ಪಣ್ಣ',74',25',ಗಂಡು',',GOLLA',FARMER',NO'
ALQ2952455',ವೆಂಕಟೇಶ್',ವೆಂಕಟಸ್ವಾಮಿ',75',44',ಗಂಡು',YES',SC',',NO'
MVJ2268795',ಟಿ ವಿ ರವಿಕುಮಾರ್',ಲೇ ವೆಂಕಟಸ್ವಾಮಿ',75',40',ಗಂಡು',',SC',KOOLI',NO'
ALQ1616697',ಬಿ ಎಸ್ ವೇಲು',ಶ್ರೀನಿವಾಸ',75',40',ಗಂಡು',YES',TAMILIYAN',',NO'
ALQ2472660',ಶೋಭ',ವೆಂಕಟೇಶ',75',39',ಹೆಣ್ಣು',YES',TAMILIYAN',',NO'
ALQ1616705',ಬಿ ಎಸ್ ಬಲರಾಜು',ಶ್ರೀನಿವಾಸ',75',38',ಗಂಡು',YES',TAMILIYAN',',NO'
MVJ3966207',ಟಿ ಪ್ರಕಾಶ್',ವೆಂಕಟಸ್ವಾಮಿ',75',36',ಗಂಡು',YES',SC',',NO'
ALQ2111037',ಎನ್ ಸುಮತಿ',ಬಿ ಎಸ್ ವೇಲು',75',27',ಹೆಣ್ಣು',YES',TAMILIYAN',',NO'
ALQ2153369',ಎಂ ಎಸ್ ಆಶಾ',ಟಿ ವಿ ರವಿಕುಮಾರ್',75',27',ಹೆಣ್ಣು',',SC',HOUSE -WIFE',NO'
ALQ3064631',ಗೌತಮ್ ಎಂ',ಮುನಿರಾಜು',75',22',ಗಂಡು',YES',SC',',NO'
ALQ3195898',ಪ್ರೀತಮ್ ಎಂ',ಮುನಿರಾಜು',75',19',ಗಂಡು',',SC',STUDENT',NO'
ALQ2952463',ಗಂಗಾಧರಪ್ಪ',ನರಸಿಂಹಪ್ಪ',77',53',ಗಂಡು',',DEATH',',NO'
ALQ2952471',ನರಸಿಂಹಮೂರ್ತಿ',ನರಸಿಂಹಪ್ಪ',77',50',ಗಂಡು',',SC',KURI',NO'
ALQ2952489',ಗೌರಮ್ಮ',ನರಸಿಂಹಮೂರ್ತಿ',77',45',ಹೆಣ್ಣು',',SC',HOUSE -WIFE',NO'
ALQ2952497',ನಾರಾಯಣಸ್ವಾಮಿ',ನರಸಿಂಹಪ್ಪ',77',44',ಗಂಡು',',SC',FARMER',NO'
ALQ2952505',ಸರಸ್ವತಮ್ಮ',ಗಂಗಾಧರಪ್ಪ',77',44',ಹೆಣ್ಣು',',SC',KOOLI',NO'
ALQ2566487',ರವಿ ಟಿ ಎನ್',ನರಸಿಂಹಮೂರ್ತಿ',77',24',ಗಂಡು',YES',SC',',NO'
ALQ2566446',ರಘುಟಿ ಎನ್',ನರಸಿಂಹಮೂರ್ತಿ',77',23',ಗಂಡು',',SC',STUDENT',NO'
ALQ2952521',ಗಂಗಪ್ಪ',ಓಬಳೇಶಪ್ಪ',78',61',ಗಂಡು',',SC',KOOLI',NO'
MVJ2269637',ಚಿನ್ನಸ್ವಾಮಿ',ಓಬಳೇಶಪ್ಪ',78',54',ಗಂಡು',YES',SC',',NO'
MVJ2269645',ಹನುಮಕ್ಕ',ಚಿನ್ನಸ್ವಾಮಿ',78',46',ಹೆಣ್ಣು',YES',SC',',NO'
ALQ2952547',ಲಕ್ಷ್ಮಮ್ಮ',ವೆಂಕಟಸ್ವಾಮಿ',79',65',ಹೆಣ್ಣು',',SC',KOOLI',NO'
ALQ1616796',ಅಂಬಿಕ',ನಾರಾಯಣಪ್ಪ',79',39',ಹೆಣ್ಣು',YES',SC',',NO'
ALQ1616804',ಮಂಜುನಾಥ ವಿ',ವೆಂಕಟಸ್ವಾಮಿ',79',34',ಗಂಡು',',DEATH',',NO'
ALQ2952554',ಚೆಕ್ಕನರಸಮ್ಮ',ಚಿಕ್ಕಪ್ಪಯ್ಯ',80',60',ಹೆಣ್ಣು',',SC',KOOLI',NO'
ALQ2153385',ಮಮತ',ದಾಳಪ್ಪ',74',29',ಹೆಣ್ಣು',',SC',FARMER',NO'
ALQ2952562',ವೆಂಕಟಮ್ಮ',ನಾರಾಯಣಪ್ಪ',81',95',ಹೆಣ್ಣು',',DEATH',',NO'
ALQ1877844',ಚಿನ್ನಪ್ಪ',ನಾರಾಯಣಪ್ಪ',81',49',ಗಂಡು',',SC',KOOLI',NO'
ALQ2952570',ಲಕ್ಷ್ಮೀನರಸಮ್ಮ',ರಾಮಪ್ಪ',81',46',ಹೆಣ್ಣು',',DEATH',',NO'
ALQ2565935',ನಾರಾಯಣಪ್ಪ',ಲೇಟ್ ನಾರಾಯಣಪ್ಪ',81',43',ಗಂಡು',YES',SC',',NO'
MVJ2268977',ವೆಂಕಟೇಶ ತಾಯಿಯ',ವೆಂಕಟಮ್ಮ',81',40',ಗಂಡು',',SC',KOOLI',NO'
ALQ2565927',ಮಂಜುಳಾ ದೇವಿ ಸಿ ವಿ',ನಾರಾಯಣಪ್ಪ',81',39',ಹೆಣ್ಣು',YES',SC',',NO'
MVJ2268969',ವೆಂಕಟಲಕ್ಷ್ಮಮ್ಮ',ವೆಂಕಟೇಶ',81',38',ಹೆಣ್ಣು',',SC',KOOLI',NO'
MVJ3965977',ವರಲಕ್ಷ್ಮೀ ಜಿ',ಪ್ರಭಾಕರ್ ಎಂ',81',38',ಹೆಣ್ಣು',YES',ST',',NO'
MVJ2269397',ರವಿಕುಮಾರ ಟಿ ಎನ್',ನಾರಾಯಣಪ್ಪ',82',42',ಗಂಡು',',SC',GARMENTS',NO'
ALQ2980712',ನಾರಾಯಣಪ್ಪ',ನಾರಾಯಣಪ್ಪ',82',42',ಗಂಡು',YES',SC',CAR DRIVER',NO'
ALQ2980696',ಎನ್ ರಾಜಲಕ್ಷ್ಮೀ',ರವಿ ಕುಮಾರ್ ಟಿ',82',37',ಹೆಣ್ಣು',',SC',TYILOR',NO'
ALQ1616812',ಟಿ ಎಸ್ ಮುನಿಸ್ವಾಮಿ',ಸಂಜೀವಪ್ಪ',83',75',ಗಂಡು',',ST',COIN SHOP',NO'
ALQ1616820',ಪಿ ಲಕ್ಷ್ಮಮ್ಮ',ಟಿ ಎಸ್ ಮುನಿಸ್ವಾಮಿ',83',63',ಹೆಣ್ಣು',',ST',HOUSE -WIFE',NO'
MVJ3965985',ಎಂ ಪ್ರಭಾಕರ',ಟಿ ಎಸ್ ಮುನಿಸ',83',46',ಗಂಡು',YES',ST',',NO'
ALQ1616846',ಜ್ಯೋತಿ',ಓಬಯ್ಯ',83',36',ಹೆಣ್ಣು',',SC',COIN SHOP',NO'
ALQ2952588',ಮುನಿಯಮ್ಮ',ಮುನಿಸ್ವಾಮಿ',84',70',ಹೆಣ್ಣು',YES',GOLLA',',NO'
ALQ1877901',ಗಂಗರಾಜು ಎ',ಆಂಜಿನಪ್ಪ',84',38',ಗಂಡು',YES',EDIGA',GAARE',NO'
MVJ3965936',ಓಬಯ್ಯ',ಆದೆಪ್ಪ',85',67',ಗಂಡು',',SC',AGED',NO'
MVJ4206462',ನರಸಪ್ಪ',ಆದೆಪ್ಪ',85',65',ಗಂಡು',',SC',AGED',NO'
ALQ1616838',ನರಸಮ್ಮ',ನರಸಪ್ಪ',85',60',ಹೆಣ್ಣು',',SC',KOOLI',NO'
MVJ3965852',ಚಂದ್ರಪ್ಪ',ಓಬಯ್ಯ',85',43',ಗಂಡು',',SC',COIN SHOP',NO'
ALQ2250231',ಅಶ್ವಿನಿ',ಚಂದ್ರಪ್ಪ',85',26',ಹೆಣ್ಣು',',SC',COIN SHOP',NO'
ALQ2952604',ನರಸಿಂಹಮೂರ್ತಿ',ಚಿಕ್ಕ ನರಸಪ್ಪ',86',61',ಗಂಡು',',SC',COIN SHOP',NO'
ALQ2952612',ಗಂಗರತ್ನಮ್ಮ',ನರಸಿಂಹಮೂರ್ತಿ',86',51',ಹೆಣ್ಣು',',SC',COIN SHOP',NO'
ALQ1616853',ನಾರಾಯಣಪ್ಪ',ನರಸಿಂಹಮೂರ್ತಿ',86',35',ಗಂಡು',',SC',GARMENTS',NO'
ALQ2952620',ನರಸಪ್ಪ',',',100',ಗಂಡು',',DELETED',',NO'
ALQ2952638',ನರಸಮ್ಮ',ನಂಜಪ್ಪ',87',75',ಹೆಣ್ಣು',',SC',AGED',NO'
MVJ3965860',ಅಶ್ವತ್ಥಪ್ಪ',ನಂಜಪ್ಪ',87',60',ಗಂಡು',',SC',AUTO DRIVER',NO'
ALQ2952646',ವೆಂಕಟಲಕ್ಷ್ಮಮ್ಮ',ಅಶ್ವತ್ಥಪ್ಪ',87',55',ಹೆಣ್ಣು',',SC',KOOLI',NO'
ALQ2355667',ಆಶೋಕ್ ಕುಮಾರ್',ಆಶ್ವತ್ಥಪ್ಪ',87',28',ಗಂಡು',',SC',AUTO DRIVER',NO'
ALQ2418978',ನಂದಕುಮಾರ್ ಟಿ ಎ',ಅಶತ್ತಪ್ಪ',87',25',ಗಂಡು',',SC',GARMENTS',NO'
ALQ3126638',ಪವಿತ್ರ ಎನ್',ಅಶೋಕ್ ಕುಮಾರ',87',20',ಹೆಣ್ಣು',',SC',KOOLI',NO'
MVJ2269108',ನಾರಾಯಣಸ್ವಾಮಿ',ಚಿಕ್ಕನರಸಿಂಹಪ್ಪ',89',53',ಗಂಡು',',DEATH',',NO'
MVJ2269090',ಮುನಿರತ್ನ',ನಾರಾಯಣಸ್ವಾಮಿ',89',47',ಹೆಣ್ಣು',YES',SC',',NO'
MVJ2269082',ನಾಗಮ್ಮ',ಚಿಕ್ಕನರಸಿಂಹಪ್ಪ',89',43',ಹೆಣ್ಣು',YES',SC',',NO'
ALQ2952653',ಗಂಗಪ್ಪ',ದೊಡ್ಡ ನರಸಿಂಹಪ್ಪ',90',70',ಗಂಡು',',SC',AGED',NO'
ALQ2952661',ಗಂಗಮ್ಮ',ಗಂಗಪ್ಪ',90',65',ಹೆಣ್ಣು',',SC',AGED',NO'
ALQ2952679',ನರಸಿಂಹಮೂರ್ತಿ',ಗಂಗಪ್ಪ',90',51',ಗಂಡು',',SC',KOOLI',NO'
ALQ2952687',ಶಿವಮ್ಮ',ಮೂರ್ತಿ',90',45',ಹೆಣ್ಣು',',SC',KOOLI',NO'
ALQ2952695',ಚಿಕ್ಕಪ್ಪಯ್ಯ',ದೊಡ್ಡ ನರಸಿಂಹಪ್ಪ',91',65',ಗಂಡು',',DEATH',',NO'
ALQ2952703',ಜಯಲಕ್ಷ್ಮಮ್ಮ',ಚಿಕ್ಕಪ್ಪಯ್ಯ',91',53',ಹೆಣ್ಣು',',SC',KOOLI',NO'
ALQ2419117',ಪ್ರಭಾಕರ ಸಿ',ಚಿಕ್ಕಪ್ಪಯ್ಯ',91',26',ಗಂಡು',',SC',CAR DRIVER',NO'
ALQ3218310',ಧನ ಲಕ್ಷ್ಮಿ ಎಮ್',ಪ್ರಭಾಕರ ಸಿ',91',26',ಹೆಣ್ಣು',',SC',GARMENTS',NO'
ALQ2952711',ಕೃಷ್ಣಪ್ಪ',ವೆಂಕಟರಾಯಪ್ಪ',92',71',ಗಂಡು',',SC',KOOLI',NO'
ALQ2952729',ರತ್ನಮ್ಮ',ಕೃಷ್ಣಪ್ಪ',92',65',ಹೆಣ್ಣು',',SC',KOOLI',NO'
ALQ2952737',ನಾರಾಯಣಸ್ವಾಮಿ',ವೆಂಕಟರಾಯಪ್ಪ',93',55',ಗಂಡು',',SC',KOOLI',NO'
MVJ2268720',ಗೌರಮ್ಮ',ನಾರಾಯಣಸ್ವಾಮಿ',93',45',ಹೆಣ್ಣು',',SC',KOOLI',NO'
ALQ2250157',ಮೀನಾಕ್ಷಿ ಟಿ ಎನ್',ನಾರಾಯಣಸ್ವಾಮಿ',93',25',ಹೆಣ್ಣು',YES',SC',',NO'
ALQ2418994',ಸಂತೋಷಕುಮಾರ್ ಟಿ ಎನ್',ನಾರಾಯಣಸ್ವಾಮಿ',93',24',ಗಂಡು',',SC',STUDENT',NO'
ALQ2511434',ವೆಂಕಟರಾಜು ಟಿ ಎನ್',ನಾರಾಯಣ ಸ್ವಾತ',93',23',ಗಂಡು',',SC',STUDENT',NO'
ALQ2952745',ರಾಮಕೃಷ್ಣಪ್ಪ',ವೆಂಕಟಪ್ಪ',94',55',ಗಂಡು',',SC',AGED',NO'
ALQ2952752',ಗಂಗಲಕ್ಷ್ಮಮ್ಮ',ರಾಮಕೃಷ್ಣಪ್ಪ',94',50',ಹೆಣ್ಣು',',SC',AGED',NO'
ALQ3064615',ಮಂಜುಳ ಆರ್',ರಾಮಕೃಷ್ಣಪ್ಪ',94',22',ಹೆಣ್ಣು',YES',SC',',NO'
ALQ2952760',ಚಿಕ್ಕಗಂಗಪ್ಪ',ವೆಂಕಟಪ್ಪ',95',58',ಗಂಡು',',SC',WATER MAN',NO'
MVJ2269066',ಪಾರ್ವತಮ್ಮ',ಶ್ರೀನಿವಾಸ',95',37',ಹೆಣ್ಣು',',SC',KOOLI',NO'
MVJ2269496',ಮಂಜುನಾಥ',ಲೇಟ್ ದೊಡ್ಡಪ್ಪ',95',37',ಗಂಡು',',SC',BMTC -DRIVER',NO'
ALQ2148302',ಜಿ ಪ್ರಸಾದ್',ಚಿಕ್ಕಗಂಗಪ್ಪ',95',29',ಗಂಡು',',SC',GARMENTS',NO'
ALQ2511343',ದೀವ್ಯ ಹೆಚ್ ಜಿ',ಮಂಜುನಾಥ ಟಿ ಡಿ',95',27',ಹೆಣ್ಣು',',SC',FARMER',NO'
ALQ1616879',ನರಸಮ್ಮ',ವೆಂಕಟೇಶ್',96',55',ಹೆಣ್ಣು',',SC',KOOLI',NO'
ALQ1616895',ವಂಕಟೇಶ',ವೆಂಕಟರವಣಪ್ಪ',96',37',ಗಂಡು',',SC',KOOLI',NO'
ALQ3115110',ಮುನಿರಾಜು ವಿ',ವೆಂಕಟೇಶಪ್ಪ',96',23',ಗಂಡು',',SC',GARMENTS',NO'
ALQ0069013',ನಾರಾಯಣಸ್ವಾಮಿ ಡಿ',ದೊಡ್ಡಪ್ಪಯ್ಯ',97',49',ಗಂಡು',',SC',FARMER',NO'
ALQ2952786',ಶ್ರೀನಿವಾಸ',ದೊಡ್ಡಪ್ಪಯ್ಯ',97',45',ಗಂಡು',',SC',KOOLI',NO'
MVJ2269553',ಗಂಗಾಧರ',ಚಿನ್ನಪ್ಪಯ್ಯ',97',39',ಗಂಡು',',SC',KOOLI',NO'
ALQ2094290',ಎ ಸಿ ಕಲಾವತಿ',ನಾರಾಯಣಸ್ವಾಮಿ',97',33',ಹೆಣ್ಣು',',SC',FARMER',NO'
ALQ2094316',ಅನಿತಮ್ಮ',ಗಂಗಾಧರಪ್ಪ',97',31',ಹೆಣ್ಣು',',SC',KOOLI',NO'
ALQ2952794',ಗಂಗಮ್ಮ',ವೆಂಕಟರವಣಪ್ಪ',98',73',ಹೆಣ್ಣು',',SC',AGED',NO'
ALQ2952802',ಮುನಿರತ್ನಮ್ಮ',ವೆಂಕಟರವಣಪ್ಪ',98',45',ಹೆಣ್ಣು',',SC',KOOLI',NO'
ALQ2511384',ವೆಂಕಟೇಶ್',ವೆಂಕಟರವಣಪ್ಪ',98',38',ಗಂಡು',',SC',KOOLI',NO'
ALQ3014040',ಟಿ ಪೂಜಿತ',ವೆಂಕಟೇಶ್',98',27',ಹೆಣ್ಣು',',SC',KOOLI',NO'
ALQ2952810',ಚೆನ್ನಪ್ಪಯ್ಯ',ವೆಂಕಟಪ್ಪ',99',71',ಗಂಡು',',DEATH',',NO'
MVJ2268712',ವೆಂಕಟರಾಮ',ವೆಂಕಟಸ್ವಾಮಿ',99',37',ಗಂಡು',YES',SC',',NO'
ALQ2952836',ಗಂಗಮ್ಮ',ಟಿ ವಿ ಗಂಗಾಧರಯ್ಯ',100',65',ಹೆಣ್ಣು',',SC',KOOLI',NO'
MVJ3966280',ಗೋವಿಂದರಾಜು',ಟಿ ವಿ ಗಂಗಾಧರ',100',46',ಗಂಡು',',SC',KOOLI',NO'
ALQ0031740',ಮಂಜುನಾಥ',ಅಶ್ವತ್ಥಪ್ಪ',100',40',ಗಂಡು',',SC',FARMER',NO'
MVJ3965829',ರಾಮಕುಮಾರ್',ಗಂಗಾಧರಪ್ಪ',100',39',ಗಂಡು',YES',SC',GARMENTS',NO'
MVJ3965928',ಟಿ ಜಿ ಸರಳಾದೇವಿ',ನಾರಾಯಣಪ್ಪ',100',39',ಹೆಣ್ಣು',YES',SC',GARMENTS',NO'
ALQ1616937',ಜಯಮ್ಮ',ಗೋವಿಂದರಾಜು',100',37',ಹೆಣ್ಣು',',SC',FARMER',NO'
ALQ1616929',ಪ್ರತಿಭ',ಮಂಜುನಾಥ',100',37',ಹೆಣ್ಣು',',SC',FARMER',NO'
ALQ0031773',ಅರುಣ್ ಕುಮಾರ್ ಟಿ ಜಿ',ಟಿ ವಿ ಗಂಗಾಧರ',100',33',ಗಂಡು',YES',SC',DRIVER',NO'
ALQ2952844',ನರಸಮ್ಮ',ವೆಂಕಟಸ್ವಾಮಿ',101',75',ಹೆಣ್ಣು',',SC',AGED',NO'
ALQ1616903',ಮಹೇಶ್',ವೆಂಕಟಸ್ವಾಮಿ',101',36',ಗಂಡು',',SC',FARMER',NO'
ALQ2511459',ಎನ್ ಪಲ್ಲವಿ',ಮಹೇಶ್',101',23',ಹೆಣ್ಣು',',SC',FARMER',NO'
ALQ2952869',ಕನಕಮ್ಮ',ಅಶ್ವತ್ಥಪ್ಪ',102',65',ಹೆಣ್ಣು',',SC',FARMER',NO'
ALQ1616911',ಶ್ರೀನಿವಾಸ',ಅಶ್ವತ್ಥಪ್ಪ',102',40',ಗಂಡು',YES',SC',CAR DRIVER',NO'
ALQ2417442',ಕವಿತಾ ವಿ',ಶ್ರೀನಿವಾಸ',102',33',ಹೆಣ್ಣು',',SC',HOUSE -WIFE',NO'
MVJ2268704',ರಾಮಸ್ವಾಮಿ',ಗಿಡ್ಡಪ್ಪ',103',65',ಗಂಡು',',SC',FARMER',NO'
ALQ2952877',ನಾರಾಯಣಮ್ಮ',ರಾಮಸ್ವಾಮಿ',103',55',ಹೆಣ್ಣು',',SC',HOUSE -WIFE',NO'
ALQ2377992',ಟಿ ಆರ್ ಪ್ರಸನ್ನ ಕುಮಾರ್',ರಾಮಸ್ವಾಮಿ',103',36',ಗಂಡು',YES',SC',',NO'
ALQ2153484',ಪ್ರವೀಣ ಆರ್',ರಾಮಸ್ವಾಮಿ',103',26',ಹೆಣ್ಣು',YES',SC',',NO'
ALQ1616952',ರಾಮಪ್ಪ',ಗಿಡ್ಡಪ್ಪ',104',63',ಗಂಡು',',SC',FARMER',NO'
,ಕಮಲಮ್ಮ',ಟಿ ಆರ್ ಚಲಪತಿ',104',48',ಹೆಣ್ಣು',',SC',FARMER',NO'
MVJ2268894',ಟಿ ಆರ್ ಚಲಪತಿ',ರಾಮಪ್ಪ',104',40',ಗಂಡು',',SC',FARMER',NO'
ALQ2952885',ಗಂಗರತ್ನಮ್ಮ',ತುಳಸೀರಾಮಯ್ಯ',107',53',ಹೆಣ್ಣು',',GOLLA',FARMER',NO'
MVJ3420320',ಗಾಯಿತ್ರಿ',ಶ್ರೀನಿವಾಸ',107',49',ಹೆಣ್ಣು',',ST',KOOLI',NO'
MVJ3420890',ಎಸ್ ರವಿಕುಮಾರ್',ಶ್ರೀನಿವಾಸ',107',36',ಗಂಡು',',ST',RAILWAY',NO'
MVJ3421138',ವೇಣುರಾಜೇಂದ್ರ',ತುಳಸಿರಾಮಯ್ಯ',107',36',ಗಂಡು',',GOLLA',BMTC-MECHANIC',NO'
ALQ1617018',ಆನಂದ ಎಸ್ ತಾಯಿಯ',ಗಾಯಿತ್ರಿ',107',33',ಗಂಡು',',ST',HOME',NO'
ALQ1617000',ರಾಕೇಶ್ ಟಿ',ತುಳಸೀರಾಮಯ್ಯ',107',32',ಗಂಡು',',GOLLA',',NO'
ALQ3115375',ಬಿ ಸ್ವಪ್ನ',ಎಸ್ ರವಿಕುಮಾರ್',107',24',ಹೆಣ್ಣು',',ST',HOUSE -WIFE',NO'
ALQ2952893',ಡಿ ಎನ್ ರಾಮಕೃಷ್ಣಯ್ಯ',ನರಸಪ್ಪ',108',60',ಗಂಡು',',SC',KURI',NO'
ALQ2952901',ವಿ ಜಿ ನಾರಾಯಣಮ್ಮ',ಡಿ ಎನ್ ರಾಮಕೃಷ್ಣಯ್ಯ',108',46',ಹೆಣ್ಣು',',SC',KOOLI',NO'
ALQ2250280',ಪವಿತ್ರ ಆರ್',ಡಿ ಎನ್ ರಾಮಕೃಷ್ಣಯ್ಯ',108',25',ಹೆಣ್ಣು',YES',SC',',NO'
ALQ3058450',ದಿವ್ಯಶ್ರೀ ಆರ್',ಡಿ ಎನ್ ರಾಮಕೃಷ್ಣಯ್ಯ',108',21',ಹೆಣ್ಣು',',SC',STUDENT',NO'
ALQ2952919',ಸಿ ಶ್ರೀನಿವಾಸ',ಚಿಕ್ಕ ವೀರ ತಿಪ್ಪಯ್ಯ',112',52',ಗಂಡು',',GOLLA',FARMER',NO'
ALQ2233443',ರಘುವೀರ ಯಾದವ್ ಟಿ ಎಸ್',ಶ್ರೀನಿವಾಸ್ ಸಿ',112',26',ಗಂಡು',',GOLLA',FARMER',NO'
ALQ2233435',ಮಾರುತಿ ಯಾದವ್ ಟಿ ಎಸ',ಶ್ರೀನಿವಾಸ್ ಸಿ',112',25',ಗಂಡು',',GOLLA',STUDENT',NO'
ALQ2952927',ಟಿ ಸಿ ಕೃಷ್ಣಪ್ಪ',ಚಿಕ್ಕ ವೀರ ತಿಪ್ಪಯ್ಯ',113',50',ಗಂಡು',',GOLLA',KURI',NO'
ALQ2952935',ಭಾಗ್ಯಮ್ಮ',ಕೃಷ್ಣಪ್ಪ',113',45',ಹೆಣ್ಣು',',GOLLA',HOUSE -WIFE',NO'
ALQ2153377',ಭವ್ಯ ಟಿ ಕೆ',ಟಿ ಸಿ ಕೃಷ್ಣಪ್ಪ',113',26',ಹೆಣ್ಣು',YES',GOLLA',',NO'
ALQ2511442',ದಿವ್ಯ ಟಿಕೆ',ಟಿ ಸಿ ಕೃಷ್ಣಪ್ಪ',113',23',ಹೆಣ್ಣು',',GOLLA',STUDENT',NO'
ALQ0069047',ಸಿದ್ದಮ್ಮ',ದೊಡ್ಡಪ್ಪಯ್ಯ',114',90',ಹೆಣ್ಣು',',DEATH',',NO'
ALQ2952943',ಟಿ ಡಿ ಶ್ರೀನಿವಾಸಮೂರ್ತಿ',ದೊಡ್ಡಪ್ಪಯ್ಯ',114',58',ಗಂಡು',YES',GOLLA',',NO'
ALQ2952950',ಲಕ್ಷ್ಮೀದೇವಿ',ಟಿ ಡಿ ಶ್ರೀನಿವಾಸಮೂರ್ತಿ',114',53',ಹೆಣ್ಣು',YES',GOLLA',',NO'
ALQ2233476',ವಿನೋದ್ ಯಾದವ್ ಟಿ ಎಸ',ಶ್ರೀನಿವಾಸ್ ಮೂತಿ ಟಿ ಡಿ',114',26',ಗಂಡು',YES',GOLLA',DIARY',NO'
ALQ2952968',ರಾಮಕೃಷ್ಣ',ವೀರ ತಿಪ್ಪಯ್ಯ',115',61',ಗಂಡು',',GOLLA',FARMER',NO'
ALQ0068437',ರಾಜಮ್ಮ',ರಾಮಕೃಷ್ಣಯ್ಯ',115',51',ಹೆಣ್ಣು',',GOLLA',FARMER',NO'
ALQ2419034',ಗಿರೀಶ್ ಕುಮಾರ್ ಆರ್',ರಾಮಕೃಷ್ಣಪ್ಪ',115',24',ಗಂಡು',',GOLLA',RAILWAY',NO'
ALQ0068973',ಗಂಗರುದ್ರಮ್ಮ',ಕೆಂಪಯ್ಯ',116',55',ಹೆಣ್ಣು',',GOLLA',AGED',NO'
ALQ0031724',ನರಸಿಂಹಮೂರ್ತಿ',ಕೆಂಪಣ್ಣ',116',34',ಗಂಡು',',GOLLA',BMTC-MECHANIC',NO'
ALQ1617026',ಅಶೋಕಕುಮಾರ್',ಕೆಂಪಯ್ಯ',116',33',ಗಂಡು',',GOLLA',RAILWAY',NO'
ALQ2233542',ರಾಧಮ್ಮ ಟಿ ಅರ್',ನರಸಿಂಹಮೂರ್ತಿ',116',25',ಹೆಣ್ಣು',',GOLLA',HOUSE -WIFE',NO'
ALQ3058443',ನವೀನ್ ಕುಮಾರ್ ಸಿ ಎನ್',ನರಸಪ್ಪ',116',21',ಗಂಡು',',GOLLA',STUDENT',NO'
ALQ2953602',ವೀರಭದ್ರಯ್ಯ',ವೀರಭದ್ರಪ್ಪ',118',55',ಗಂಡು',',LINGAYATH',FARMER',NO'
ALQ1617059',ವಿಜಿಯಮ್ಮ',ವೀರಭದ್ರಪ್ಪ',118',45',ಹೆಣ್ಣು',',LINGAYATH',FARMER',NO'
ALQ2952984',ನಂಜುಂಡಪ್ಪ',ವೀರಭದ್ರಪ್ಪ',119',52',ಗಂಡು',',LINGAYATH',FARMER',NO'
ALQ2952992',ಸರೋಜಮ್ಮ',ನಂಜುಂಡಪ್ಪ',119',49',ಹೆಣ್ಣು',',LINGAYATH',FARMER',NO'
ALQ1617067',ದೇವರಾಜ್ ಎನ್',ನಂಜುಂಡಪ್ಪ',119',35',ಗಂಡು',',LINGAYATH',DRIVER',NO'
ALQ2196699',ಭಾಗ್ಯ',ದೇವರಾಜು',119',30',ಹೆಣ್ಣು',',LINGAYATH',HOUSE -WIFE',NO'
ALQ2337566',ಕಮಲ ಎನ್',ಗಿರೀಶ್ ಎನ್',119',25',ಹೆಣ್ಣು',',LINGAYATH',KOOLI',NO'
ALQ2953008',ಇಂದ್ರಾಣಮ್ಮ',ರಾಜಗೊಪಾಲ್',120',65',ಹೆಣ್ಣು',',TAMILIYAN',HOUSE -WIFE',NO'
ALQ2953016',ಪಿಳ್ಳಪ್ಪ',ರಾಮಕೃಷ್ಣಪ್ಪ',121',70',ಗಂಡು',YES',VAKALIGA',',NO'
ALQ3227279',ರಶ್ಮಿ ಬಿ ಎನ್',ನಾಡಿಪಿರಾಜು',121',19',ಹೆಣ್ಣು',',GOLLA',STUDENT',NO'
ALQ2953024',ಮುರುಗೇಶ್',ಕನ್ನಪ್ಪರೆಡ್ಡಿ',122',57',ಗಂಡು',',TAMILIYAN',KOOLI',NO'
ALQ2953032',ಪದ್ಮಮ್ಮ',ಮಲ್ಲೇಶ್',122',53',ಹೆಣ್ಣು',',TAMILIYAN',KOOLI',NO'
ALQ1617091',ಜೆ ಸಂಧ್ಯಾ',ರಾಘವೇಂದ್ರ ಎನ್',122',38',ಹೆಣ್ಣು',',ST',FARMER',NO'
ALQ2153419',ಶ್ರೀನಿವಾಸ',ಮುರುಗೇಶ್',122',31',ಗಂಡು',',TAMILIYAN',HOTEL',NO'
ALQ2459774',ಅನಿತಾಜಿ ಆರ್',ಶ್ರೀನಿವಾಸ',122',31',ಹೆಣ್ಣು',',',HOUSE -WIFE',NO'
ALQ2953040',ಅಶ್ವತ್ಥಪ್ಪ',ಜಿ ರಂಗಯ್ಯ',123',60',ಗಂಡು',',KURUBA',FARMER',NO'
ALQ2953057',ಲಕ್ಷ್ಮೀದೇವಮ್ಮ',ಅಶ್ವತ್ಥಪ್ಪ',123',55',ಹೆಣ್ಣು',',KURUBA',FARMER',NO'
ALQ2953065',ಹನುಮಪ್ಪ',ರಂಗಪ್ಪ',124',75',ಗಂಡು',',GOLLA',AGED',NO'
ALQ2953073',ಸಿದ್ದಗಂಗಮ್ಮ',ಅನುಮಪ್ಪ',124',65',ಹೆಣ್ಣು',',GOLLA',FARMER',NO'
MVJ2269587',ನರೇಂದ್ರ',ಪಿ ಹೆಚ್ ನರಸಿಂಹಯ್ಯ',124',45',ಗಂಡು',YES',ST',',NO'
MVJ2269801',ನಟರಾಜ',ಹನುಮಪ್ಪ',124',39',ಗಂಡು',',GOLLA',',NO'
ALQ2511418',ಸುನಿತ ಕೆ',ನಟರಾಜ್',124',28',ಹೆಣ್ಣು',',GOLLA',HOUSE -WIFE',NO'
ALQ2953081',ರಂಗದಾಮಪ್ಪ',ರಂಗಪ್ಪ',125',70',ಗಂಡು',',GOLLA',FARMER',NO'
ALQ2953099',ನರಸಮ್ಮ',ರಂಗದಾಮಪ್ಪ',125',60',ಹೆಣ್ಣು',',GOLLA',FARMER',NO'
ALQ0069625',ವಿಜಯಕುಮಾರ್',ರಂಗದಾಮಪ್ಪ',125',37',ಗಂಡು',',GOLLA',CAR DRIVER',NO'
ALQ1877927',ರವಿಕುಮಾರ್ ಆರ್',ರಂಗಧಾಮಪ್ಪ',125',31',ಗಂಡು',',GOLLA',PRIVATE JOB',NO'
ALQ2511400',ರೂಪ ಎಸ್ ಎಂ',ವಿಜಯ್ ಕುಮಾರ್',125',29',ಹೆಣ್ಣು',',GOLLA',HOUSE -WIFE',NO'
ALQ2953107',ಬಿ ನ್ಯಾತಮ್ಮ',ಪಿ ಹೆಚ್ ನಾರಾಯಣಪ್ಪ',127',65',ಹೆಣ್ಣು',',ST',AGED',NO'
ALQ1617075',ಎನ್ ರಾಘವೇಂದ್ರ',ಪಿ ಹೆಚ್ ನಾರಾಯಣಪ್ಪ',127',46',ಗಂಡು',',ST',FARMER',NO'
ALQ2953115',ಬಿ ಎನ್ ಮನೋಜ್',ಪಿ ಹೆಚ್ ನಾರಾಯಣಪ್ಪ',127',44',ಗಂಡು',',ST',FARMER',NO'
ALQ3167376',ಕಮಲಮ್ಮ ಬಿ',ಬಿ ಎನ್ ಮನೋಜ್',127',35',ಹೆಣ್ಣು',',ST',HOUSE -WIFE',NO'
ALQ2953131',ಭಾಗ್ಯಮ್ಮ',ಜಗನ್ನಾಥ',130',55',ಹೆಣ್ಣು',',ST',AGED',NO'
ALQ2953149',ಲಕ್ಷ್ಮೀದೇವಮ್ಮ',ಜಗನ್ನಾಥ',130',53',ಹೆಣ್ಣು',',ST',TAILORING',NO'
ALQ2148328',ಹರಿಕೃಷ್ಣಾಜೆ',ಬಿ ಜಗನಾಥ',130',29',ಗಂಡು',',ST',STUDENT',NO'
ALQ3064607',ಕೋಕಿಲ ಹೆಚ್',ಹನುಮಂತರಾಯ',131',22',ಹೆಣ್ಣು',',SC',STUDENT',NO'
ALQ1617133',ಡಿ ಎನ್ ನಾಗರಾಜಯ್ಯ',ಡಿ ಎನ್ ನರಸಿಂಹಯ್ಯ',132',59',ಗಂಡು',',GOLLA',B M T C CONDUCTR',NO'
ALQ2148278',ವಿನಯಯಾದವ ಎನ್',ಬಿ ಎನ್ ನಾಗರಾಜಯ್ಯ',132',28',ಗಂಡು',YES',GOLLA',OFFICE WORK',NO'
ALQ2953180',ಬಿ ಎಂ ರಾಮಚಂದ್ರಯ್ಯ',ಬಿ ಎನ್ ನರಸಿಂಹಯ್ಯ',133',62',ಗಂಡು',YES',GOLLA',OFFICE WORK',NO'
ALQ1617166',ಲಕ್ಷ್ಮೀಪತಿ ಬಿ ಎನ್',ಬಿ ಎನ್ ನರಸಿಂಹಯ್ಯ',133',58',ಗಂಡು',',GOLLA',FARMER',NO'
ALQ2953198',ಬಿ ಎನ್ ನಡಿಪಿರಾಜು',ಬಿ ಎನ್ ನರಸಿಂಹಯ್ಯ',133',56',ಗಂಡು',',GOLLA',K S R T C DRIVER',NO'
ALQ2953206',ಮಮತ',ರಾಮಚಂದ್ರಯ್ಯ ಬಿ ಎಂ',133',52',ಹೆಣ್ಣು',',GOLLA',FARMER',NO'
ALQ1617141',ವನಜಾಕ್ಷಿ',ಬಿ ಎನ್ ನಾಗರಾಜಯ್ಯ',133',52',ಹೆಣ್ಣು',',GOLLA',FARMER',NO'
ALQ1617158',ಗೀತ',ಬಿ ಎನ್ ಲಕ್ಷ್ಮೀಪತಿ',133',48',ಹೆಣ್ಣು',YES',GOLLA',HOUSE -WIFE',NO'
MVJ2269439',ಕಲ್ಪನಾ',ನಡಿಪಿರಾಜು ಬಿ ಎಂ',133',44',ಹೆಣ್ಣು',',GOLLA',HOUSE -WIFE',NO'
ALQ1877935',ಆರ್ ನಂದನ್ ಯಾದವ್',ಬಿ ಎನ್ ರಾಮಚಂದ್ರಯ್ಯ',133',31',ಗಂಡು',',GOLLA',FARMER',NO'
ALQ2107456',ಅಜಯ್ ಯಾದವ್ ಆರ್',ರಾಮಚಂದ್ರಯ್ಯ',133',27',ಗಂಡು',YES',GOLLA',FACTORY WORKER',NO'
ALQ2953214',ಲಕ್ಷ್ಮೀನರಸಮ್ಮ',ಅಶ್ವತ್ಥನಾರಾಯಣಗೌಡ ಬಿ ಎನ್',134',70',ಹೆಣ್ಣು',',GOLLA',AGED',NO'
ALQ2953222',ಬಿ ಎಂ ಶಶಿಕಲಾ',ಬಿ ಎ ರವಿಕುಮಾರ್',134',44',ಹೆಣ್ಣು',',GOLLA',FARMER',NO'
ALQ2525095',ಬಿಂದುಶ್ರೀ ಬಿ ಆರ್',ರವಿ ಕುಮಾರ್',134',23',ಹೆಣ್ಣು',',GOLLA',MARIED',NO'
ALQ2953230',ಅಕ್ಕಮ್ಮ',ಬಿ ಎನ್ ಚಿಕ್ಕನರಸಿಂಹಯ್ಯ',135',75',ಹೆಣ್ಣು',',DEATH',',NO'
ALQ2953248',ಬಿ ಸಿ ರಘುಪತಿಗೌಡ',ಬಿ ಎನ್ ಚಿಕ್ಕನರಸಿಂಹಯ್ಯ',135',60',ಗಂಡು',',GOLLA',FARMER',NO'
ALQ1617174',ಬಿ ಸಿ ಶ್ರೀನಿವಾಸ',ಬಿ ಎನ್ ಚಿಕ್ಕ ನರಸಿಂಹಯ್ಯ',135',53',ಗಂಡು',YES',GOLLA',BANK WORKER',NO'
ALQ0069492',ಲಕ್ಷ್ಮೀದೇವಮ್ಮ',ರಘುಪತಿಗೌಡ ಬಿ',135',47',ಹೆಣ್ಣು',',GOLLA',HOUSE -WIFE',NO'
ALQ2953255',ಬಿ ಸಿ ಪಾರ್ವತಮ್ಮ',ಬಿ ಸಿ ಶ್ರೀನಿವಾಸ',135',45',ಹೆಣ್ಣು',YES',GOLLA',HOUSE -WIFE',NO'
ALQ2525103',ತೃಪ್ತಿ ಬಿ ಆರ್',ಬಿ ಸಿ ರಘುಪತಿ ಗೌಡ',135',25',ಹೆಣ್ಣು',',GOLLA',MARRIED',NO'
ALQ2953263',ಸುಂದರಮ್ಮ',ಬಿ ಎನ್ ನಾರಾಯಣಪ್ಪ',136',75',ಹೆಣ್ಣು',',DEATH',',NO'
ALQ2953271',ನಿರ್ಮಲ',ರಾಜು',136',51',ಹೆಣ್ಣು',',GOLLA',FARMER',NO'
ALQ1617190',ಲಕ್ಷ್ಮೀದೇವಿ ',ನರಸಮ್ಮ',163',37',ಹೆಣ್ಣು',',GOLLA',HOUSE -WIFE',NO'
MVJ2269462',ವೀಣಾ ಬಿ ಹೆಚ್',ನಟರಾಜ',136',37',ಹೆಣ್ಣು',',GOLLA',GARMENTS',NO'
ALQ0068825',ಎಂ ಕಿರಣ್ ಯಾದವ್',ನಿರ್ಮಲಾ',136',33',ಗಂಡು',',GOLLA',FARMER',NO'
ALQ3058476',ಮಮತ ಎನ್',ಕಿರಣ್ ಯಾದವ್',136',21',ಹೆಣ್ಣು',',GOLLA',HOUSE -WIFE',NO'
ALQ2953289',ಚಿಕ್ಕಮ್ಮ',ಮುನಿಶ್ಯಾಮಪ್ಪ',137',75',ಹೆಣ್ಣು',YES',SC',',NO'
ALQ2953305',ಗಂಗಪ್ಪ',ಮುನಿಶ್ಯಾಮಪ್ಪ',137',53',ಗಂಡು',',SC',KOOLI',NO'
ALQ2953313',ಹನುಮಂತಪ್ಪ',ಮುನಿಶ್ಯಾಮಪ್ಪ',137',50',ಗಂಡು',',SC',KOOLI',NO'
ALQ0069500',ಮುನಿಯಮ್ಮ',ಹನುಮಂತಪ್ಪ',137',45',ಹೆಣ್ಣು',',SC',KOOLI',NO'
ALQ0634014',ಬಸವರಾಜು ',ಭದ್ರಮ್ಮ',138',48',ಗಂಡು',YES',LINGAYATH',',NO'
ALQ0070391',ಮಂಜುಳ',ಚಿನ್ನಪ್ಪ',78ಎ',36',ಹೆಣ್ಣು',YES',LINGAYATH',',NO'
ALQ2953347',ನರಸಮ್ಮ',ಬಿ ಎನ್ ಅಶ್ವತ್ಥಪ್ಪ',139',65',ಹೆಣ್ಣು',',GOLLA',AGED',NO'
ALQ1617182',ನಟರಾಜ್',ಬಿ ಎನ್ ಅಶ್ವತ್ಥಪ್ಪ',139',45',ಗಂಡು',',GOLLA',FARMER',NO'
ALQ2953354',ಶಾಂತಮ್ಮ',ವೆಂಕಟರಾಮಯ್ಯ',141',55',ಹೆಣ್ಣು',YES',SC',',NO'
ALQ1617208',ಹೆಚ್ ವಿ ಶಿವಶಂಕರ್',ಹೆಚ್ ಎಂ ವೆಂಕಟರಮಣಪ್ಪ',142',54',ಗಂಡು',YES',ST',',NO'
ALQ1617216',ಎಸ್ ಕೆ ವಾಗ್ರೇವಿ',ಹೆಚ್ ವಿ ಶಿವಶಂಕರ್',142',44',ಹೆಣ್ಣು',YES',ST',',NO'
ALQ0069104',ಪ್ರಕಾಶ್ ಎಲ್',ಲಕ್ಷ್ಮಯ್ಯ',148',37',ಗಂಡು',',',FARMER',NO'
ALQ1616234',ರಾಮಯ್ಯ',ಸಂಜೀವಯ್ಯ',151',61',ಗಂಡು',',SC',AGED',NO'
ALQ1616242',ನಾಗಮ್ಮ',ರಾಮಯ್ಯ',151',52',ಹೆಣ್ಣು',',SC',AGED',NO'
ALQ1616259',ನಾಗರಾಜು ಆರ್',ರಾಮಯ್ಯ',151',36',ಗಂಡು',',SC',GAARE',NO'
ALQ2225654',ಕಾಂತಮ್ಮ ಸಿ ವಿ',ಗಂಹಪ್ಪ',151',35',ಹೆಣ್ಣು',',SC',KOOLI',NO'
ALQ1616267',ಶಾರಧಮ್ಮ',ಆರ್ ನಾಗರಾಜು',151',34',ಹೆಣ್ಣು',',SC',KOOLI',NO'
MVJ2269025',ಗೋವಿಂದರಾಜು',ದೊಡ್ಡಯ್ಯ',19ಎ',43',ಗಂಡು',',ST',KOOLI',NO'
MVJ2269157',ಲಕ್ಷ್ಮೀದೇವಮ್ಮ',ಗೋವಿಂದಪ್ಪ',19ಎ',38',ಹೆಣ್ಣು',',ST',KOOLI',NO'
ALQ2980670',ಸುಧಾಜಿ',ಗೋವಿಂದಪ್ಪ',19ಎ',22',ಹೆಣ್ಣು',',ST',STUDENT',NO'
ALQ3135738',ರಂಗನಾಥ ಜಿ',ಗೋವಿಂದರಾಜು',19 ಎ',20',ಗಂಡು',',ST',STUDENT',NO'
MVJ2268944',ನರಸಮ್ಮ',ಮುನಿರಾಜ',26ಬಿ',36',ಹೆಣ್ಣು',',GOLLA',FARMER',NO'
ALQ1616481',ವಿಮಲಮ್ಮ',ರಾಮಚಂದ್ರ',28ಬಿ',37',ಹೆಣ್ಣು',',GOLLA',TAILORING',NO'
MVJ3966033',ರಂಗದಾಮಪ್ಪ',ಚಿನ್ನಪ್ಪ',49 1',61',ಗಂಡು',',GOLLA',AUTO DRIVER',NO'
MVJ3966025',ಲಕ್ಷ್ಮಮ್ಮ',ರಂಗದಾಮಪ್ಪ',49 1',50',ಹೆಣ್ಣು',',GOLLA',HOUSE -WIFE',NO'
ALQ2511426',ರಾಘವೇಂದ್ರ ಆರ್',ರಂಗಧಾಮಪ್ಪ',49 1',23',ಗಂಡು',',GOLLA',STUDENT',NO'
MVJ3420304',ಲಕ್ಷ್ಮಮ್ಮ',ರಾಮಕೃಷ್ಣಪ್ಪ',50ಎ',64',ಹೆಣ್ಣು',YES',GOLLA',',NO'
MVJ2268613',ಚಿಕ್ಕಗಂಗಪ್ಪ',ಮುನಿಯಪ್ಪ',59ಎ',38',ಗಂಡು',YES',ST',TAILOR',NO'
MVJ2268845',ಮಂಜುಳ',ಚಿನ್ನಪ್ಪ',78A',36',ಹೆಣ್ಣು',',ST',KOOLI',NO'
MVJ2269652',ಲಕ್ಷ್ಮಮ್ಮ',ಮುನಿಸ್ವಾಮಿ',86ಎ',44',ಹೆಣ್ಣು',',SC',KOOLI',NO'
ALQ1616143',ನಂಜುಂಡಪ್ಪ',ನಂಜಪ್ಪ',86ಬಿ',49',ಗಂಡು',',SC',WELDING SHOP',NO'
ALQ1616150',ಸುಶಿಲಮ್ಮ',ನಂಜುಂದಪ್ಪ',86B',41',ಹೆಣ್ಣು',',SC',HOUSE -WIFE',NO'
ALQ3195146',ಜಯ ಕುಮಾರಿ ಎಸ್',ಸಂತ್ ರಾಮ್ ಸಿಂಗ್',90 15',31',ಹೆಣ್ಣು',',CHRISTIAN',FARMER',NO'
MVJ3965951',ಟಿ ಸಿ ವಿಜಯಕುಮಾರ್',ಚಿಕ್ಕವೀರ ತಿಪ್ಪಯ',108ಎ',39',ಗಂಡು',',GOLLA',FARMER',NO'
ALQ2233468',ಪ್ರೇಮಾ ಪಿ ಬಿ',ಟಿ ಸಿ ವಿಜಯ್ ಕುಮಾರ್',108ಎ',28',ಹೆಣ್ಣು',',GOLLA',HOUSE -WIFE',NO'
ALQ2148344',ರಾಕೇಶ ಕೆ ಏ',ಅಶ್ವತಪ್ಪ',1232',27',ಗಂಡು',YES',KURUBA',ENGG.',NO'
ALQ3240959',ಮೇಘ',ಆರ್ ರವಿಕುಮಾರ್',125',22',ಹೆಣ್ಣು',',',STUDENT',NO'
ALQ3241098',ಜಿ ಎನ್ ಮಂಜುಳ',ಸಿ ರಘಚೇತನ್',ನಂ 24',27',ಹೆಣ್ಣು',',GOLLA',FARMER',NO'
ALQ3241106',ಶೀಥಲ್ ಎಸ್',ಕೆ ಎ ರಾಕೇಶ್',ನಂ 13',20',ಹೆಣ್ಣು',',GOLLA',HOUSE -WIFE',NO'
ALQ3242518',ಗಗಾನಶ್ರೀ ಆರ್',ರಾಜಣ್ಣ',23',18',ಹೆಣ್ಣು',',GOLLA',STUDENT',NO'
ALQ3243391',ಶ್ವೇತ ಟಿ ಆರ್',ರಾಮಕೃಷ್ಣಪ್ಪ',14',20',ಹೆಣ್ಣು',',ST',STUDENT',NO'
ALQ3246279',ಪುನಿತ್ ಕುಮಾರ್ ವಿ',ವೆಂಕಟೇಶಪ್ಪ',0',18',ಗಂಡು',',SC',STUDENT',NO'
ALQ3251246',ರಂಜಿತಾ ಜಿ ಎಸ್,,ಆನಂದ್ ಎನ್',71',18',',',EDIGA',HOUSE -WIFE'
ALQ3257417',ಮಹಾಲಕ್ಷ್ಮಿ ಕೆ,,ಕುಮಾರ್ ಟಿ ಪಿ',21',28',',',','
ALQ2511608',ಚೈತ್ರಾ ಬಿ ಎನ್,,ನಾಡಿಪಿರಾಜು',121',23',',',GOLLA',STUDENT'