ALQ1432574',ರಮೇಶ್ ಎನ್',ನಾರಾಯಣಪ್ಪ',0',37',ಗಂಡು',',NAYAK',KOOLI',NO'
ALQ1432533',ಆನಂದ್ ಎನ್',ದೊಡ್ಡನರಸಿಂಹಯ',0',33',ಗಂಡು',YES',SC',FACTORY WORKER',NO'
ALQ1432566',ಗಂಗುರಾಜುಆರ್',ರಾಮಣ್ಣ',0',31',ಗಂಡು',',NAYAK',VAN-DRIVER',NO'
ALQ1432541',ನಾಗರಾಜ್ ಎ',ಆದೆಪ್ಪ',0',31',ಗಂಡು',',NEGARU',GRANITE-WORKER',NO'
ALQ1432616',ಶ್ರೀನಿವಾಸ್ ಎಸ್ ಜಿ',ಗಂಗಪ್ಪ',0',30',ಗಂಡು',',SC',DRIVER',NO'
ALQ1432582',ನಾಗೇಶ್ ಜಿ',ಗಂಗಾಧರಪ್ಪ',0',30',ಗಂಡು',',ST',GAARE',NO'
ALQ3099421',ಕವಿತ ಚಿ ಜೆ',ಮಲ್ಲಿಕಾರ್ಜುನ',0',24',ಹೆಣ್ಣು',',NAYAK',KOOLI',NO'
ALQ2460947',ಪದ್ಮಾವತಿ',ಲೇಟ್ ರಾಮಸ್ವಾಮಿ',0',71',ಹೆಣ್ಣು',',NAYAK',AGED',NO'
ALQ2994747',ಜಿ ನರಸಿಂಹಪ್ಪ',ಲೇಟ್ ಗಂಗಪ್ಪ',0',66',ಗಂಡು',',SC',RETAIRED POLICE-CONSTABLE',NO'
ALQ2052744',ಸರೋಜಮ್ಮ',ಅಂಜನಪ್ಪ',0',65',ಹೆಣ್ಣು',',NAYAK',HOUSE -WIFE',NO'
ALQ2052793',ರಾಮಾಂಜಿನಪ್ಪ',ಹನುಮಂತಪ್ಪ',0',58',ಗಂಡು',',NAYAK',FARMER',NO'
ALQ2994721',ಸರೋಜಮ್ಮ',ಜಿ ನರಸಿಂಹಪ್ಪ',0',55',ಹೆಣ್ಣು',',SC',HOUSE -WIFE',NO'
ALQ2052801',ಗಂಗಮ್ಮ',ರಾಮಾಂಜಿನಪ್ಪ',0',54',ಹೆಣ್ಣು',',ST',KOOLI',NO'
MHR4060554',ಗಂಗರಾಜಮ್ಮ',ಸನ್ನಣ್ಣ',0',53',ಹೆಣ್ಣು',',SC',KOOLI',NO'
ALQ2052751',ಮಲ್ಲಿಕಾರ್ಜುನ',ಅಂಜನಪ್ಪ',0',40',ಗಂಡು',',ST',MECHANIC',NO'
ALQ2052769',ನಾಗಾರ್ಜುನ',ಅಂಜನಪ್ಪ',0',38',ಗಂಡು',',ST',MECHANIC',NO'
ALQ2994739',ಎನ್ ಬಾಲುಕೃಷ್ಣ',ಜಿ ನರಸಿಂಹಪ್ಪ',0',36',ಗಂಡು',YES',SC',PRIVATE JOB',NO'
ALQ2052777',ವೆಂಕಟಲಕ್ಷ್ಮಮ್ಮ',ನಾಗಾರ್ಜುನ',0',35',ಹೆಣ್ಣು',',ST',KOOLI',NO'
ALQ2994713',ಪಿಜಿ ಪ್ರಿಯದರ್ಶಿನಿ',ಎನ್ ಬಾಲಕೃಷ್ಣ',0',34',ಹೆಣ್ಣು',',SC',HOUSE -WIFE',NO'
ALQ1434059',ಮಂಜುನಾಥ್ ಎಸ್',ಸಂದೀಪ್',0',30',ಗಂಡು',',SC',DRIVER',NO'
ALQ2052785',ಸೋಮನಾಥ',ಅಂಜನಪ್ಪ',0',29',ಗಂಡು',',ST',GAARE',NO'
ALQ2331205',ಆನಂದ ಸಿ',ಚಿಕ್ಕನಾರಾಯಣಪ್ಪ',0',26',ಗಂಡು',',GOLLA',KOOLI',NO'
ALQ3152659',ಸೌಮ್ಯಜಿ ಎನ್',ಶ್ರೀನಿವಾಸ ಎಸ್ ಜಿ',0',24',ಹೆಣ್ಣು',',GOLLA',HOUSE -WIFE',NO'
ALQ2550945',ಪವಿತ್ರ ಎಸ್',ಅನಂದ ಎನ್',0',24',ಹೆಣ್ಣು',',SC',GARMENTS',NO'
ALQ3152683',ಜಿ ರೂಪ',ಮಂಜುನಾಥ್ ಎಸ್',0',23',ಹೆಣ್ಣು',',SC',HOUSE -WIFE',NO'
ALQ3099272',ಭಾರತಿ ಕೆ',ಮಂಜುನಾಥ',0',20',ಹೆಣ್ಣು',',SC',KOOLI',NO'
ALQ3215418',ಅನಿಲಕುಮಾರ ಆರ್',ರಾಮಕೃಷ್ಣಪ್ಪ',0',19',ಗಂಡು',',GOLLA',PETROL-BUNK-OWNER',NO'
ALQ2335396',ಸುಶೀಲಮ್ಮ',ರಾಮಕೃಷ್ಣಪ್ಪ',1',45',ಹೆಣ್ಣು',',GOLLA',KOOLI',NO'
MHR1555796',ಎಸ್ ಆರ್ ಶ್ರೀನಿವಾಸ',ರಾಮಕೃಷ್ಣಪ್ಪ',1',36',ಗಂಡು',',GOLLA',FARMER',NO'
ALQ2052728',ಕೆ ಜಿ ಕವಿತ',ವೆಂಕಟಾಚಲಪತಿ',1',34',ಹೆಣ್ಣು',',GOLLA',HOUSE -WIFE',NO'
ALQ3036456',ಗಾಯಿತ್ರಿ',ಎಸ್ ಆರ್ ಶ್ರೀನಿವಾಸ',1',25',ಹೆಣ್ಣು',',GOLLA',HOUSE -WIFE',NO'
ALQ2716918',ನಂಜಮ್ಮ',ರಾಮಕೃಷ್ಣಪ್ಪ',1',70',ಹೆಣ್ಣು',',GOLLA',HOUSE -WIFE',NO'
ALQ0036491',ವೆಂಕಟಚಲಪತಿ ಎಸ್ ಆರ್',ರಾಮಕೃಷ್ಣಪ್ಪ',1',42',ಗಂಡು',',GOLLA',DRIVER',NO'
ALQ2983336',ನವೀನ ಎನ್ ತಾಯಿಯ',ಸುಶೀಲಮ್ಮ',1',22',ಗಂಡು',',GOLLA',STUDENT',NO'
ALQ1878008',ಎ ಮಂಜುನಾಥ',ಅಂಜಿನಪ್ಪ',',29',ಗಂಡು',',NAYAK',FARMER',NO'
ALQ1855279',ಎಸ್ ಎ ರಾಮಾಂಜಿನಪ್ಪ',ಎಸ್ ಎ ಆದಿನಾರಾಯಣ',',34',ಗಂಡು',',NAYAK',GP-MEMBER',NO'
ALQ2334209',ಚನ್ನಗಂಗಮ್ಮ',ಎನ್ ನಾರಾಯಣಸ್ವಾಮಿ',2',33',ಹೆಣ್ಣು',',GOLLA',GARMENTS',NO'
ALQ3035755',ಕೊಮಲ ಎಸ್ ಸಿ',ಚಿಕ್ಕನಾರಾಯಣಪ್ಪ',3',21',ಹೆಣ್ಣು',YES',GOLLA',HOUSE -WIFE',NO'
ALQ1434075',ಎ ಚಿಕ್ಕನಾರಾಯಣಪ್ಪ',ಲೇಟ್ ಅಂಜಿನಪ್ಪ',3',52',ಗಂಡು',',GOLLA',GOVT-TEACHER',NO'
ALQ1434083',ಎನ್ ಅಲುವೇಲಮ್ಮ',ಎ ಚಿಕ್ಕನಾರಾಯಣಪ್ಪ',3',45',ಹೆಣ್ಣು',',GOLLA',HOUSE -WIFE',NO'
MHR155493C',ಗಂಗರತ್ನಮ್ಮ',ಚನ್ನರಾಯಪ್ಪ',4',46',ಹೆಣ್ಣು',',NAYAK',GARMENTS',NO'
ALQ1434133',ಅರ್ ಮಂಜುನಾಥ್',ರಾಮಕೃಷ್ಣಪ್ಪ',5',31',ಗಂಡು',',GOLLA',PVT-TEACHER',NO'
ALQ2237972',ಮ್ಮ',ನಾಗೇಶ',5',26',ಹೆಣ್ಣು',',NAYAK',HOUSE -WIFE',NO'
ALQ2529048',ಕೆ ಮಂಜುಳ',ಆರ್ ಮಂಜುನಾಥ',5',23',ಹೆಣ್ಣು',',GOLLA',HOUSE -WIFE',NO'
ALQ2716942',ಗಂಗಾರ',ಚಿಕ್ಕವೆಂಕಟಪ್ಪ',5',65',ಗಂಡು',',NAYAK',GAARE',NO'
ALQ2716959',ರತ್ನಮ್ಮ',ಗಂಗಾಧರಪ್ಪ',5',53',ಹೆಣ್ಣು',',NAYAK',KOOLI',NO'
ALQ2326346',ಕಮಲ ಎ',ರಾಮಕೃಷ್ಣಪ್ಪ',6',26',ಹೆಣ್ಣು',',GOLLA',KOOLI',NO'
ALQ2716967',ವೆಂಕಟಕೃಷ್ಣಪ್ಪ',ಚೆನ್ನಪ್ಪ',6',67',ಗಂಡು',',GOLLA',AGED',NO'
MHR1555465',ನಾಗಮ್ಮ',ವೆಂಕಟಕೃಷ್ಣಪ್ಪ',6',55',ಹೆಣ್ಣು',',GOLLA',FARMER',NO'
ALQ2983328',ಮುರುಳಿ ಕೃಷ್ಣ',ವೆಂಕಟ ಕೃಷ್ಣಪ್ಪ',6',22',ಗಂಡು',',GOLLA',PETROL-BUNK-WORKER',NO'
MHR1554906',ರಾಜಮ್ಮ',ವೆಂಕಟೇಶಪ್ಪ',9',38',ಹೆಣ್ಣು',',NAYAK',GAARE',NO'
ALQ2716991',ವೆಂಕಟೇಶಪ್ಪ',ಗಂಗಾಧರಪ್ಪ',9',65',ಗಂಡು',',NAYAK',GAARE',NO'
ALQ2495158',ರತ್ನಮ್ಮ',ಲೇಟ್ ಗಂಗಾಧರಪ್ಪ',9',55',ಹೆಣ್ಣು',',NAYAK',KOOLI',NO'
ALQ3151420',ಮಂಜುನಾಥ ಎನ್',ನಾಗರಾಜಪ್ಪ',9',20',ಗಂಡು',',GOLLA',KOOLI',NO'
ALQ2460939',ಗಂಗಮ್ಮ',ಗಂಗಪ್ಪ',11',68',ಹೆಣ್ಣು',',NAYAK',KOOLI',NO'
MHR1555424',ಕೆ ಅಶ್ವತ್ಥಪ್ಪ',ಪೂಜಾರಿಕಂಬಯ್ಯ',12',62',ಗಂಡು',',NAYAK',PUJARI',NO'
ALQ2127587',ನಾಗರಾಜು',ಕೆ ಅಶ್ವತ್ಥಪ್ಪ',12',45',ಗಂಡು',',NAYAK',GAARE',NO'
ALQ1434158',ರಾಧಮ್ಮ',ನಾಗರಾಜು',12',38',ಹೆಣ್ಣು',',NAYAK',KOOLI',NO'
ALQ2717015',ಅಶ್ವತ್ಥಮ್ಮ',ನಡಿಪನ್ನ',13',50',ಹೆಣ್ಣು',',GOLLA',KOOLI',NO'
ALQ2460954',ನರಸಮ್ಮ ',ಲಕ್ಷ್ಮಮ್ಮ',15',46',ಹೆಣ್ಣು',',NAYAK',KOOLI',NO'
ALQ2551000',ಲಕ್ಷ್ಮೀ ನಾರಾಯಣ',ವೆಂಕಟಸ್ವಾಮಿ',15',23',ಗಂಡು',',GOLLA',CAR-DRIVER',NO'
ALQ2527323',ಗಾಯಿತ್ರಿ ಎನ್',ನರಸಿಂಹಪ್ಪ',15',23',ಹೆಣ್ಣು',',GOLLA',HOUSE -WIFE',NO'
ALQ3036415',ಮಂಜುನಾಥ ವಿ',ವೆಂಕಟಸ್ವಾಮಿ',15',21',ಗಂಡು',',GOLLA',PRIVATE JOB',NO'
ALQ2717056',ಗಂಗಮ್ಮ',ಆದಪ್ಪ',16',53',ಹೆಣ್ಣು',',NAYAK',KOOLI',NO'
ALQ2363265',ಶಶಿಕಳ',ನಾಗರಾಜಪ್ಪ',16',27',ಹೆಣ್ಣು',2,YES',NAYAK',HOUSE -WIFE'
ALQ1434174',ರಾಮಕೃಷ್ಣಪ್ಪ',ಆಂಜನಪ್ಪ',17',57',ಗಂಡು',',NAYAK',FARMER',NO'
ALQ2717064',ಸಾಕಮ್ಮ',ರಾಮಕೃಷ್ಣಪ್ಪ',17',55',ಹೆಣ್ಣು',',NAYAK',KOOLI',NO'
ALQ2460913',ಆರ್ ರಾಮಚಂದ್ರಪ್ಪ',ರಾಮಕೃಷ್ಣಪ್ಪ',17',24',ಗಂಡು',',NAYAK',GRANITE-WORKER',NO'
ALQ2717080',ಸಾಕಮ್ಮ',ಚಿಕ್ಕಗಂಗಪ್ಪ',19',67',ಹೆಣ್ಣು',',NAYAK',AGED',NO'
ALQ2717098',ಕೃಷ್ಣಪ್ಪ',ಚಿಕ್ಕವೆಂಕಟಪ್ಪ',20',60',ಗಂಡು',',NAYAK',KOOLI',NO'
ALQ1434182',ಗಂಗಮ್ಮ',ಕೃಷ್ಣಪ್ಪ',20',42',ಹೆಣ್ಣು',',NAYAK',KOOLI',NO'
ALQ2717122',ವೆಂಕಟೇಶಪ್ಪ',ಚಿಕ್ಕವೆಂಕಟಪ್ಪ',21',63',ಗಂಡು',',NAYAK',FARMER',NO'
ALQ1434190',ಜಯಮ್ಮ',ವೆಂಕಟೇಶಪ್ಪ',21',55',ಹೆಣ್ಣು',',NAYAK',FARMER',NO'
ALQ2052686',ವೆಂಕಟರವಣಪ್ಪ',ವೆಂಕಟೇಶ್',21',29',ಗಂಡು',YES',NAYAK',FACTORY WORKER',NO'
ALQ2294312',ಬಿ ಎಮ್ ಮಮತ',ಮದ್ದೂರಪ್ಪ',21',25',ಹೆಣ್ಣು',YES',NAYAK',FACTORY WORKER',NO'
ALQ2245116',ಸಂದ್ಯ',ವೆಂಕಟರಮಣಪ್ಪ',21',25',ಹೆಣ್ಣು',',NAYAK',HOUSE -WIFE',NO'
ALQ2550978',ಹರಿಕೃಷ್ಟ ತಾಯಿಯ',ಮಲ್ಲಮ್ಮ',21',24',ಗಂಡು',',NAYAK',PETROL-BUNK-WORKER',NO'
ALQ2717148',ಸಿಲಿಮಿದಲ್ಲಗಂಗಪ್ಪ',ಗಂಗಪ್ಪ',22',73',ಗಂಡು',',NAYAK',SHEEP FARMING',NO'
ALQ2717130',ಚಿಕ್ಕಗಂಗಮ್ಮ',ಗಂಗಪ್ಪ',22',60',ಹೆಣ್ಣು',',NEGARU',AGED',NO'
ALQ1434208',ಜಿ ಕೃಷ್ಣಪ್ಪ',ಸಿಲಿಮಿದಲುಗಂಗತ',22',36',ಗಂಡು',',NAYAK',SHEEP-FARMING',NO'
ALQ2183754',ಜಿ ಮಂಜುಳಮ್ಮ',ಕೃಷ್ಣಪ್ಪ',22',34',ಹೆಣ್ಣು',',NAYAK',HOUSE -WIFE',NO'
ALQ1434224',ಎಸ್ ಜಿ ಗಂಗರಾಜು',ಮಿದುಲಗಂಗಪ್ಪ',22',3',ಗಂಡು',YES',NAYAK',FACTORY WORKER',NO'
ALQ1434240',ಗಂಗಲಕ್ಷ್ಮಮ್ಮ',ಲಕ್ಷ್ಮಯ್ಯ',3',75',ಹೆಣ್ಣು',',GOLLA',AGED',NO'
ALQ2717163',ರಾಮಾಂಜನಪ್ಪ',ಲಕ್ಷ್ಮಯ್ಯ',23',53',ಗಂಡು',',GOLLA',DRIVER',NO'
ALQ1434257',ಗಂಗಮ್ಮ',ರಾಮಾಂಜನಪ್ಪ',3',50',ಹೆಣ್ಣು',',GOLLA',EX-GP-MEMBER',NO'
ALQ2283687',ಮೂರ್ತಿ ಆರ್',ರಾಮಾಂಜಿನಪ್ಪ',3',25',ಗಂಡು',',GOLLA',UNEMPLOYED',NO'
ALQ1434307',ಗೋಪಾಲಪ್ಪ',ನಾರಾಯಣಪ್ಪ',25',44',ಗಂಡು',YES',NAYAK',KOOLI',NO'
MHR1555184',ಲಕ್ಷ್ಮೀನರಸಮ್ಮ',ರಾಮಕೃಷ್ಣಪ್ಪ',25',43',ಹೆಣ್ಣು',',NAYAK',KOOLI',NO'
ALQ2717189',ಆದಿನಾರಾಯಣಪ್ಪ',ನಾರಾಯಣಪ್ಪ',25',43',ಗಂಡು',',NAYAK',KOOLI',NO'
ALQ2052835',ಲಕ್ಷ್ಮೀನರಸಮ್ಮ',ಆದಿನಾರಾಯಣಪ್ಪ',25',34',ಹೆಣ್ಣು',',NEGARU',KOOLI',NO'
ALQ2990703',ಕೆ ಅಮಲ',ಗೋಪಾಲಪ್ಪ',25',33',ಹೆಣ್ಣು',YES',GOLLA',HOUSE -WIFE',NO'
ALQ3215407',ಕಲ್ಯಾಣ್ ಕುಮಾರ್',ನರಸಿಂಹಪ್ಪಾ',25',19',ಗಂಡು',YES',GOLLA',FACTORY WORKER',NO'
ALQ2717197',ಗಂಗಾನಾರಾಯಣಪ್ಪ',ಸಿಲುಮೆದಲು ಆಂಜಿನಪ್ಪ',26',60',ಗಂಡು',',NAYAK',GAARE',NO'
ALQ2717205',ಲಕ್ಷ್ಮೀದೇವಮ್ಮ',ಗಂಗಾನಾರಾಯಣಪ್ಪ',26',55',ಹೆಣ್ಣು',',NAYAK',HOUSE -WIFE',NO'
ALQ1855261',ರಾಮಾಂಜಿನಪ್ಪ ಜಿ',ಗಂಗನಾರಾಯಣ',26',28',ಗಂಡು',',NAYAK',GAARE',NO'
ALQ3099264',ಕಮಲ ಎ',ರಾಮಾಂಜಿನಪ್ಪ ಜಿ',26',20',ಹೆಣ್ಣು',',NAYAK',GAARE',NO'
ALQ1434349',ಆದಿನಾರಾಯಣಪ್ಪ',ಆಂಜನಪ್ಪ',27',60',ಗಂಡು',',NAYAK',MESTRI',NO'
ALQ1434356',ಭಾಗ್ಯಮ್ಮ',ಆದಿನಾರಾಯಣಪ್ಪ',27',55',ಹೆಣ್ಣು',',NAYAK',HOUSE -WIFE',NO'
ALQ2245231',ನರೇಶ್ ಕುಮಾರ್ ಎ',ಆದಿನಾರಾಯಣ',27',26',ಗಂಡು',YES',NAYAK',MESTRI',NO'
ALQ2245207',ಎಸ್ ಎನ್ ಸುಮ',ಎಸ್ ಎ ರಾಮಾಂಜಿನಪ್ಪ',27',25',ಹೆಣ್ಣು',',NAYAK',HOUSE -WIFE',NO'
ALQ3151883',ನಾರಾಯಣಸ್ವಾಮಿ ಜಿ',ಗಂಗಪ್ಪ',27',20',ಗಂಡು',',GOLLA',PETROL-BUNK-OWNER',NO'
ALQ1434364',ಅಂಜನಪ್ಪ',ಕಂಬಯ್ಯ',28',75',ಗಂಡು',',NAYAK',PUJARI',NO'
ALQ1434380',ಮ್ಮ',ತಿಮ್ಮಯ್ಯ',28',59',ಹೆಣ್ಣು',',NAYAK',KOOLI',NO'
ALQ1434372',ಸುಬ್ಬರಾಯಪ್ಪ',ಆಂಜನಪ್ಪ',28',50',ಗಂಡು',',NAYAK',PUJARI',NO'
ALQ2052710',ಪದ್ಮಾ',ಸುಬ್ಬರಾಯಪ್ಪ',28',36',ಹೆಣ್ಣು',',NAYAK',KOOLI',NO'
ALQ2414324',ವಿ ಎನ್ ಅಜೇಯ್ ಕುಮಾರ್',ವಿಜಿ ನಾರಾಯಣಸ್ವಾಮಿ',28',25',ಗಂಡು',',GOLLA',FACTORY WORKER',NO'
ALQ3099306',ಮೋಹನ್ ಎಸ್',ಸುಬ್ಬರಾಯಪ್ಪ',28',20',ಗಂಡು',',NAYAK',STUDENT',NO'
ALQ3099744',ವಿ ಎನ್ ಅರುನ್ ಕುಮಾರ್',ವಿಜಿ ನಾರಾಯಣಸ್ವಾಮಿ',28',20',ಗಂಡು',',GOLLA',FARMER',NO'
ALQ2717213',ಎಸ್ ಕೆ ಗಂಗಪ್ಪ',ಕಂಬಯ್ಯ',29',80',ಗಂಡು',',DELETED',',NO'
ALQ1434406',ಜಿ ನಾಗರಾಜು',ಎಸ್ ಕೆ ಗಂಗಪ್ಪ',29',60',ಗಂಡು',',NAYAK',KOOLI',NO'
ALQ1434414',ವಿಜಯಮ್ಮ',ಜಿ ನಾಗರಾಜು',29',50',ಹೆಣ್ಣು',',NAYAK',HOUSE -WIFE',NO'
ALQ1434422',ಸುಗುಣ',ರಾಮಾನಂಜಿನಪ್ಪ',29',34',ಹೆಣ್ಣು',',NAYAK',KOOLI',NO'
ALQ2983310',ನಟೇಶ್ ಎನ್',ನಾಗರಾಜಪ್ಪ',29',22',ಗಂಡು',',NAYAK',STUDENT',NO'
MHR1554112',ಚನ್ನಗಂಗಪ್ಪ',ಗಂಗಪ್ಪ',31',70',ಗಂಡು',',GOLLA',FARMER',NO'
ALQ1432590',ತಿಪ್ಪಣ್ಣ ಸಿ',ಚಿಕ್ಕಗಂಗಪ್ಪ',31',30',ಗಂಡು',',GOLLA',KEB-WORKER',NO'
ALQ2357457',ವಿ ಎನ್ ಶಿಲ್ಪ',ಸಿ ತಿಪ್ಪಣ್ಣ',31',27',ಹೆಣ್ಣು',',GOLLA',GARMENTS',NO'
ALQ2328698',ಭಾರತಿ ವಿ ತಾಯಿಯ',ರಾಮಕ್ಕೆ',31',26',ಹೆಣ್ಣು',',GOLLA',GARMENTS',NO'
ALQ3152436',ವೆಂಕಟಲಕ್ಷ್ಮೀ ಆರ್',ಚಿಕ್ಕಗಂಗಪ್ಪ',31',21',ಹೆಣ್ಣು',',GOLLA',KOOLI',NO'
ALQ2717239',ಕಾಮಣ್ಣ',ಕಾವ್ಯಳಪ್ಪ',32',80',ಗಂಡು',',NAYAK',AGED',YES'
MHR370144 €',ವೆಂಕಟಮ್ಮ',ಕಾಮಣ್ಣ',32',75',ಹೆಣ್ಣು',',DELETED',',NO'
ALQ2343937',ಅಶೋಕ್ ವಿ ಸಿ',ಚಿಕ್ಕನಾರಾಯಣಪ್ಪ',32',29',ಗಂಡು',',GOLLA',',YES'
ALQ2717247',ಚನ್ನಕೇಶವಪ್ಪ',ಯಪ್ಪ',33',45',ಗಂಡು',',NAYAK',GAARE',NO'
ALQ2127462',ಅಶ್ವತ್ಥ ಮ್ಮ',ಚನ್ನ ಕೇಶವಪ್ಪ',33',39',ಹೆಣ್ಣು',',NAYAK',KOOLI',NO'
MHR1555341',ಲಕ್ಷ್ಮಮ್ಮ',ಅಂಜಿನಪ್ಪ',34',60',ಹೆಣ್ಣು',',NAYAK',KOOLI',NO'
ALQ2717254',ರಾಮಾಂಜನಪ್ಪ',ಅಂಜನಪ್ಪ',34',45',ಗಂಡು',',NAYAK',FARMER',NO'
ALQ2225092',ಶಾರದಮ್ಮ ಸಿ ಎನ್',ಸಂಪಗಿ',34',33',ಹೆಣ್ಣು',YES',GOLLA',FACTORY WORKER',NO'
ALQ3099355',ರತ್ನಮ್ಮ ಎಮ್',ರಾಮಾಂಜಿನಪ್ಪ',34',20',ಹೆಣ್ಣು',',NAYAK',HOUSE -WIFE',NO'
ALQ2717262',ಮಾನೆಂಪಲ್ಲಿ ಕೃಷ್ಣಪ್ಪ',ದಾಸಪ್ಪ',35',75',ಗಂಡು',',NAYAK',FARMER',NO'
ALQ2717270',ಲಕ್ಷ್ಮಮ್ಮ',ಮಾನೆಂಪಲ್ಲಿ ಕೃಷ್ಣಪ್ಪ',35',70',ಹೆಣ್ಣು',',NAYAK',KOOLI',NO'
ALQ1434448',ಚಂದ್ರಶೇಖರ',ಕೃಷ್ಣಪ್ಪ',35',45',ಗಂಡು',',NAYAK',KOOLI',NO'
ALQ1434455',ಎಸ್ ಕೆ ರಾಧಕೃಷ್ಣ',ಕೃಷ್ಣಪ್ಪ',35',34',ಗಂಡು',',NAYAK',KOOLI',NO'
ALQ2052694',ಅಮರಾವತಿ',ಚಂದ್ರಶೇಖರ್',35',30',ಹೆಣ್ಣು',',NAYAK',KOOLI',NO'
ALQ2345668',ಕೆಗಂಗರಾಜು',ಮಾನೆಂಪಲ್ಲಿ ಕೃಷ್ಣಪ್ಪ',35',27',ಗಂಡು',',NAYAK',KOOLI',NO'
ALQ3099199',ತಲಾರಿ ಗಂಗಮ್ಮ',ಕೆ ಗಂಗರಾಜು',35',21',ಹೆಣ್ಣು',',NAYAK',KOOLI',NO'
ALQ2717288',ಸಿದ್ದಪ್ಪ',ಯಪ್ಪ',36',85',ಗಂಡು',',GOLLA',AGED',NO'
ALQ2717296',ರಾಮಕೃಷ್ಣಪ್ಪ ಎಸ್',ಸಿದ್ದಪ್ಪ',36',70',ಗಂಡು',',GOLLA',FARMER',NO'
ALQ2717304',ನರಸಮ್ಮ',ರಾಮಕೃಷ್ಣಪ್ಪ ಎಸ್',36',67',ಹೆಣ್ಣು',',GOLLA',KOOLI',NO'
ALQ2245249',ಗಜೇಂದ್ರ ಎಸ್ ಆರ್',ರಾಮಕೃಷ್ಣಪ್ಪ',36',26',ಗಂಡು',',GOLLA',PETROL-BUNK-WORKER',NO'
ALQ3024429',ನರೇಂದ್ರ ಆರ್',ರಾಮಕೃಷ್ಣಪ್ಪ',36',21',ಗಂಡು',',GOLLA',STUDENT',NO'
ALQ2717312',ತಿಪ್ಪನ್ನ',ಕಟ್ಟಮಿಂದಪಲ್ಲಿ ಗಂಗಪ್ಪ',37',75',ಗಂಡು',',SC',FARMER',NO'
ALQ3024437',ಗಾಯಿತ್ರಿ ಆರ್',ಎನ್ ಹನುಮಂತರಾಯಪ್ಪ',37',22',ಹೆಣ್ಣು',',SC',DRIVER',NO'
ALQ2717361',ನರಸಿಂಹಪ್ಪ',ಆಂಜಿನಪ್ಪ',39',77',ಗಂಡು',',SC',FARMER',NO'
ALQ2717379',ಲಕ್ಷ್ಮಮ್ಮ',ನರಸಿಂಹಪ್ಪ',39',55',ಹೆಣ್ಣು',',SC',HOUSE -WIFE',NO'
ALQ1434471',ಎನ್ ಆದಿನಾರಾಯಾಣ',ನರಸಿಂಹಪ್ಪ',39',32',ಗಂಡು',YES',SC',FACTORY WORKER',NO'
ALQ2192714',ಆಂಜಿನಪ್ಪ',ನರಸಿಂಹಪ್ಪ',39',29',ಗಂಡು',YES',SC',FACTORY WORKER',NO'
ALQ2717387',ಅಂಜಿನಪ್ಪ',ಹನುಮಪ್ಪ',40',60',ಗಂಡು',',SC',FARMER',NO'
ALQ2717395',ಲಕ್ಷ್ಮೀದೇವಮ್ಮ',ಅಂಜಿನಪ್ಪ',40',50',ಹೆಣ್ಣು',',SC',KOOLI',NO'
ALQ2550986',ನರಸಮ್ಮ',ನರಸಿಂಹಪ್ಪ',40',45',ಹೆಣ್ಣು',',SC',KOOLI',NO'
ALQ2414332',ಆದಿನಾರಾಯಣ ಎಸ್ ಎ',ಅಂಜಿನಪ್ಪ',40',33',ಗಂಡು',',SC',FARMER',NO'
ALQ2414308',ಅಶ್ವತ್ಥಪ್ಪ ಎ',ಅಂಜಿನಪ್ಪ',40',31',ಗಂಡು',',SC',FACTORY WORKER',NO'
ALQ2414290',ಅನಿಲ್ ಕುಮಾರ್ ಎ',ಅಂಜಿನಪ್ಪ',40',26',ಗಂಡು',',SC',FACTORY WORKER',NO'
ALQ2527364',ಎ ಎನ್ ಶಾರದಮ್ಮ',ಆದಿನಾರಾಯಣಪ್ಪ',40',24',ಹೆಣ್ಣು',',SC',HOUSE -WIFE',NO'
ALQ3151990',ಅನಿತ ಎನ್',ಅನಿಲ್ ಕುಮಾರ್',40',20',ಹೆಣ್ಣು',',SC',HOUSE -WIFE',NO'
ALQ2717403',ಶಾಂತಮ್ಮ',ಚಿಕ್ಕನರಸಿಂಹಪ್ಪ',41',60',ಹೆಣ್ಣು',',SC',EX-MEMBER',NO'
ALQ2717411',ಚಿಕ್ಕನರಸಿಂಹಪ್ಪ',ಚಿಕ್ಕಅಂಜಿನಪ್ಪ',41',51',ಗಂಡು',',SC',EX-MEMBER',NO'
MHR1555390',ಕೃಷ್ಣಮೂರ್ತಿ',ನಾಗಪ್ಪ',41',39',ಗಂಡು',',SC',KOOLI',NO'
ALQ2052827',ನಂದೀಶ',ಚಿಕ್ಕನರಸಿಂಹಯ್ಯ',41',28',ಗಂಡು',',SC',POSTMAN',NO'
ALQ2355139',ರಾಧ ಡಿ',ಕೃಷ್ಣ ಮೂರ್ತಿ',41',27',ಹೆಣ್ಣು',',SC',GARMENTS',NO'
ALQ2495141',ಆಶಾ ಸಿ',ಚಿಕ್ಕನರಸಿಂಹಪ್ಪ',41',23',ಹೆಣ್ಣು',2,YES',SC',HOUSE -WIFE'
ALQ3036449',ಪವಿತ್ರಸಿ',ಚಿಕ್ಕನರಸಿಂಹಪ್ಪ',41',21',ಹೆಣ್ಣು',',SC',HOUSE -WIFE',NO'
ALQ2717445',ಶಂಕರಪ್ಪ',ಚಿಕ್ಕಜೂಲಪ್ಪ',42',60',ಗಂಡು',',SC',KOOLI',NO'
MHR370077',ಉಮಾದೇವಿ',ಶಂಕರಪ್ಪ',42',39',ಹೆಣ್ಣು',',SC',KOOLI',NO'
ALQ1855303',ರಮೇಶ್ ಎನ್',ನಾರಾಯಣಪ್ಪ',42',36',ಗಂಡು',',SC',',YES'
ALQ2340719',ನವೀನ ಎಸ್',ಶಂಕರಪ್ಪ',42',29',ಗಂಡು',',SC',FACTORY WORKER',NO'
ALQ2550929',ಅಮರನಾಥ ಎಸ್',ಶಂಕರ',42',23',ಗಂಡು',',SC',GRANITE-WORKER',NO'
ALQ2716934',ಸುಬ್ಬಮ್ಮ',ಗಂಗಾಧರಪ್ಪ',4ಎ',60',ಹೆಣ್ಣು',',NAYAK',KOOLI',NO'
ALQ1434125',ಜಿ ರಮೇಶ್',ಗಂಗಾಧರಪ್ಪ',4ಎ',34',ಗಂಡು',',ST',GLASS-CUTTER',NO'
ALQ1434117',ಎಸ್ ಜಿ ನಾಗಭೂಷಣ',ಜಿ ಗಂಗಾಧರಪ್ಪ',4ಎ',34',ಗಂಡು',',ST',MEDICAL-STORE-WORKER',NO'
ALQ2245140',ಸರೋಜಮ್ಮ',ಎಸ್ ಜಿ ನಾಗಭೂಷಣ',4ಎ',32',ಹೆಣ್ಣು',',ST',GARMENTS',NO'
ALQ2717452',ಅಂಜಿನಮ್ಮ',ಸೊಂಟಪ್ಪ',43',60',ಹೆಣ್ಣು',',SC',KOOLI',NO'
ALQ2717460',ಚಿಕ್ಕನರಸಿಂಹಯ್ಯ',ಗಂಗಪ್ಪ',43',47',ಗಂಡು',YES',SC',PRIVATE JOB',NO'
MHR4060307',ಸೊಂಟಪ್ಪ',ಗಂಗಪ್ಪ',43',46',ಗಂಡು',',SC',FARMER',NO'
ALQ2245090',ಎನ್ ಎಮ್ ಮುದ್ದಮ್ಮ',ಚಿಕ್ಕನರಸಿಂಹಯ್ಯ',43',41',ಹೆಣ್ಣು',YES',SC',GARMENTS',NO'
ALQ2341022',ನರಸಿಂಹಮೂರ್ತಿ ಎಸ್',ಸೊಂಟಪ್ಪ',43',30',ಗಂಡು',',SC',FACTORY WORKER',NO'
ALQ2994606',ಎಸ್ ಆದಿನಾರಾಯಣ',ಸೊಂಟಪ್ಪ',43',24',ಗಂಡು',',SC',FARMER',NO'
ALQ2717494',ಗಂಗಾಧರಪ್ಪ',ಗಂಗಪ್ಪ',44',60',ಗಂಡು',',SC',FARMER',NO'
ALQ2717502',ತಿಪ್ಪಕ್ಕ',ಗಂಗಾಧರಪ್ಪ',44',55',ಹೆಣ್ಣು',',SC',HOUSE -WIFE',NO'
ALQ3035722',ಗಾಯಿತ್ರಿಜಿ',ಗಂಗಾಧರಪ್ಪ ಜಿ',44',21',ಹೆಣ್ಣು',YES',SC',HOUSE -WIFE',NO'
ALQ2717510',ನಾರಾಯಣಪ್ಪ',ನಂಜಪ್ಪ',45',65',ಗಂಡು',',SC',FARMER',NO'
ALQ2717528',ಅಶ್ವತ್ಥಮ್ಮ',ನಾರಾಯಣಪ್ಪ',45',57',ಹೆಣ್ಣು',',EXPIRED',',NO'
MHR4060489',ನಂಜಯ್ಯ',ನಾರಾಯಣಪ್ಪ',45',45',ಗಂಡು',',SC',FRUIT-MERCHANT',NO'
MHR4060471',ಶಾಂತಮ್ಮ',ನಂಜಯ್ಯ',45',39',ಹೆಣ್ಣು',',SC',HOUSE -WIFE',NO'
MHR4060315',ಆದಿನಾರಾಯಣಪ್ಪ',ನಾರಾಯಣಪ್ಪ',45',35',ಗಂಡು',',SC',FACTORY WORKER',NO'
ALQ3099504',ಕೆ ಎಮ್ ವೆಂಕಟಮ್ಮ',ಆದಿನಾರಾಯಣಪ್ಪ',45',35',ಹೆಣ್ಣು',',SC',FACTORY WORKER',NO'
ALQ2434975',ಎನ್ ನಂದೀಶ',ನಂಜಯ್ಯ',45',25',ಗಂಡು',',SC',GRANITE-WORKER',NO'
ALQ3099488',ಅಕಿಲಾ ಎನ್',ನಂಜಯ್ಯ',45',20',: ಹೆಣ್ಣು',YES',SC',HOUSE -WIFE',NO'
ALQ3152006',ಲಕ್ಷ್ಮೀನರಸಮ್ಮ',ನರಸಿಂಹಪ್ಪ',47',62',ಹೆಣ್ಣು',',SC',HOUSE -WIFE',NO'
ALQ2717536',ಗಂಗರತ್ನಮ್ಮ',ನರಸಪ್ಪ',47',55',ಹೆಣ್ಣು',',SC',KOOLI',NO'
ALQ2192706',ಅಶ್ವತ್ಥಪ್ಪ',ನಾರಾಯಣಪ್ಪ',47',40',ಗಂಡು',',SC',KOOLI',NO'
ALQ2434983',ಎನ್ ಮುನಿರಾಜ್',ಲೇಟ್ ನರಸಪ್ಪ',47',25',ಗಂಡು',',SC',CAR-DRIVER',NO'
ALQ3075546',ಎನ್ ಮೂರ್ತಿ',ನರಸಪ್ಪ',47',23',ಗಂಡು',',SC',CAR-DRIVER',NO'
ALQ3024445',ಎಸ್ ಶೋಭ',ಎನ್ ಮುನಿರಾಜ್',47',21',ಹೆಣ್ಣು',',SC',HOUSE -WIFE',NO'
ALQ2355089',ಮುದ್ದಮ್ಮ',ನರಸಿಂಹಪ್ಪ',48',59',ಹೆಣ್ಣು',',SC',KOOLI',NO'
MHR3701505',ಸರೋಜಮ್ಮ',ಸನ್ನನ್ನ',48',37',ಹೆಣ್ಣು',',SC',FARMER',NO'
ALQ1855345',ಕುಮಾರ್ ಎಸ್ ಎನ್',ದಾಳಿನರಸಿಂಹಪ್ಪ',48',30',ಗಂಡು',',SC',CAR-DRIVER',NO'
ALQ2331494',ಸರೋಜ ಬಿ',ಎನ್ ಸತೀಶ',48',27',ಹೆಣ್ಣು',',SC',HOUSE -WIFE',NO'
ALQ3215456',ಗೋವಿಂದ ವಿ ಎನ್',ವೆಂಕಟಕೃಷ್ಣಪ್ಪ',48',19',ಗಂಡು',',GOLLA',',YES'
MHR1555416',ಅಂಜಿನಮ್ಮ',ನರಸಿಂಹಯ್ಯ',49',70',ಹೆಣ್ಣು',',SC',FARMER',NO'
MHR1555176',ನರಸಿಂಹಯ್ಯ ಎಸ್ ಎಂ',ದೊಡ್ಡಮಾರಪ್ಪ',49',68',ಗಂಡು',',EXPIRED',GOVERMENT EMPLOYEE',NO'
MHR4060166',ಲೋಕೇಶ',ನರಸಿಂಹಯ್ಯ',49',44',ಗಂಡು',',SC',GAARE',NO'
MHR155553',ಎಸ್ ಎನ್ ರಮೇಶ',ನರಸಿಂಹಯ್ಯ',49',41',ಗಂಡು',',SC',CHEF',NO'
ALQ1434539',ಸತ್ತಕ್ಕ',ಲೋಕೇಶ್',49',38',ಹೆಣ್ಣು',',SC',KOOLI',NO'
ALQ1434554',ಗಂಗರತ್ನಮ್ಮ',ಎಸ್ ಎನ್ ರಮೇ',49',36',ಹೆಣ್ಣು',',SC',GARMENTS',NO'
ALQ3099736',ಪ್ರಿಯಾಂಕ ಆರ್',ರಮೇಶ್ ಎಸ್ ಎ',49',20',ಹೆಣ್ಣು',',SC',STUDENT',NO'
ALQ2717601',ಕೆದರಮ್ಮ',ಚಿನ್ನಅದಿಲಾಪ್ಪ',51',50',ಹೆಣ್ಣು',',EXPIRED',',NO'
ALQ2717619',ಮುದ್ದಯ್ಯ',ಚಿನ್ನಅದಿಲಾಪ್ಪ',51',50',ಗಂಡು',',SC',KOOLI',NO'
MHR2733111',ಸರಸ್ವತಿ',ಎ ಮುದ್ದಪ್ಪ',51',42',ಹೆಣ್ಣು',',SC',KOOLI',NO'
ALQ2717643',ಕೆದರಪ್ಪ',ಗಂಗಪ್ಪ',53',50',ಗಂಡು',',SC',KOOLI',NO'
ALQ2717650',ಗಂಗಾಧರಪ್ಪ',ಗಂಗಪ್ಪ',53',47',ಗಂಡು',',SC',KOOLI',NO'
ALQ2527414',ರವಿ ಜಿ',ಗಂಗಪ್ಪ',53',38',ಗಂಡು',',SC',KOOLI',NO'
ALQ3099785',ವಅಶ್ವತ್ಥಮ್ಮ',ರವಿ ಜಿ',53',26',ಹೆಣ್ಣು',',SC',KOOLI',NO'
ALQ2717668',ಗಂಗಾಧರಪ್ಪ',ಪಾಕಾಯಪ್ಪ',54',65',ಗಂಡು',',SC',KOOLI',NO'
ALQ2717676',ನಾಗಮ್ಮ',ಗಂಗಾಧರಪ್ಪ',54',60',ಹೆಣ್ಣು',',SC',KOOLI',NO'
ALQ3151982',ಅಲುವೇಲಮ್ಮ ಜಿ',ಗಂಗಾಧರಪ್ಪ',54',25',ಹೆಣ್ಣು',YES',SC',KOOLI',NO'
MHR1554997',ಅಶ್ವತ್ಥಮ್ಮ',ಗಂಗಪ್ಪ',55',60',ಹೆಣ್ಣು',',SC',KOOLI',NO'
ALQ2495133',ಎಸ್ ಜಿ ಗಂಗಾಧರಪ್ಪ',ಗಂಗಪ್ಪ',55',34',ಗಂಡು',',SC',PAINTER',NO'
ALQ2717684',ಜೆ ಆಂಜನಪ್ಪ',ಗಂಗಪ್ಪ',56',60',ಗಂಡು',',DELETED',',NO'
ALQ2717692',ಎನ್ ಗಿರಿಜಮ್ಮ',ಜಿ ಅಂಜನಪ್ಪ',56',51',ಹೆಣ್ಣು',',SC',ANGANAWADI-TEACHER',NO'
ALQ1434612',ಎ ನೇರೇಂದ್ರ',ಜಿ ಆಂಜೇನಪ್ಪ',56',31',ಗಂಡು',2,YES',SC',KOOLI'
ALQ2357465',ಸುನೀಲ್ ಎ',ಅಂಜಿನಪ್ಪ ಜಿ',56',25',ಗಂಡು',2,YES',SC',KOOLI'
ALQ2717700',ನರಸಮ್ಮ ',ದೊಡ್ಡನರಸಿಂಹಪ್ಪ',57',60',ಹೆಣ್ಣು',',SC',KOOLI',NO'
ALQ2717718',ಆದಿನಾರಾಯಣಪ್ಪ',ನರಸಿಂಹಪ್ಪ',57',50',ಗಂಡು',',SC',KOOLI',NO'
ALQ2717726',ನರಸಮ್ಮ',ಆದಿನಾರಾಯಣಪ್ಪ',57',45',ಹೆಣ್ಣು',',SC',KOOLI',NO'
ALQ2717734',ಸತ್ಯನಾರಾಯಣಪ್ಪ ಎಂ',ನರಸಿಂಹಪ್ಪ',57',44',ಗಂಡು',',SC',KOOLI',NO'
ALQ1434620',ಪದ್ಮ',ಸತ್ಯನಾರಾಯಾಣ',57',37',ಹೆಣ್ಣು',',SC',GARMENTS',NO'
ALQ1434638',ಎನ್ ಅಶ್ವತ್ಥಪ್ಪ',ದೊಡ್ಡ ನರಸಿಂಹಪ್ಪ',57',35',ಗಂಡು',',SC',KOOLI',NO'
ALQ2435006',ರೂಪ ಎ',ಆದಿನಾರಾಯಣಪ',57',24',ಹೆಣ್ಣು',YES',SC',KOOLI',NO'
ALQ3206075',ನರಸಿಂಘ್ನರ್ತಿ ಏ',ಅಧೀನಾರಾಯಾ',57',19',ಗಂಡು',',SC',KOOLI',NO'
MHR2732691',ಗಂಗಪ್ಪ',ಕೂತಲಗಂಗಪ್ಪ',58',81',ಗಂಡು',',SC',KOOLI',NO'
MHR3701133',ನರಸಮ್ಮ',ಗಂಗಪ್ಪ',58',75',ಹೆಣ್ಣು',',SC',KOOLI',NO'
ALQ1434646',ನರಸಿಂಹಮೂರ್ತಿ',ಗಂಗಪ್ಪ',58',45',ಗಂಡು',',SC',KOOLI',NO'
ALQ3177128',ಸೌಭಾಗ್ಯ ಎನ್',ನರಸಿಂಹಯ್ಯ',58',19',ಹೆಣ್ಣು',2,YES',SC',KOOLI'
ALQ2717742',ನರಸಮ್ಮ',ಸೆತ್ತಪ್ಪ',59',80',ಹೆಣ್ಣು',',SC',KOOLI',NO'
ALQ2717759',ನಾರಾಯಣಪ್ಪ',ಸೆತ್ತಪ್ಪ',59',51',ಗಂಡು',',SC',KOOLI',NO'
MHR 1554757',ಗಂಗಾಧರ ಎಸ್',ಸತ್ಯಪ್ಪ',59',41',ಗಂಡು',',SC',KOOLI',NO'
MHR155521 €',ಲಕ್ಷ್ಮೀನರಸಮ್ಮ',ನಾರಾಯಣಪ್ಪ',59',38',ಹೆಣ್ಣು',',SC',KOOLI',NO'
ALQ1434653',ಸುಜಾತಮ್ಮ',ಎಸ್ ಗಂಗಾಧರ್',59',35',ಹೆಣ್ಣು',',SC',KOOLI',NO'
ALQ1434661',ಚಿಕ್ಕಗಂಗಪ್ಪ',ಚಿಕ್ಕಮಾಲ್ಯಪ್ಪ',60',63',ಗಂಡು',',SC',CHEF',NO'
MHR406038C',ಈರಮ್ಮ',ಚಿಕ್ಕಗಂಗಪ್ಪ',60',36',ಹೆಣ್ಣು',',SC',KOOLI',NO'
ALQ3036381',ವಿನೋದ್ ಸಿ',ಚಿಕ್ಕ ಗಂಗಪ್ಪ',60',23',ಗಂಡು',',SC',KOOLI',NO'
ALQ1434679',ಗಂಗಪ್ಪ',ದೊಡ್ಡ ಅದೆಪ್ಪ',61',63',ಗಂಡು',',SC',KOOLI',NO'
ALQ2237980',ಗಂಗಮ್ಮ',ಗಂಗಪ್ಪ',61',59',ಹೆಣ್ಣು',',SC',KOOLI',NO'
MHR370135€',ರಾಮಾಂಜಿನಪ್ಪ',ಗಂಗಪ್ಪ',61',43',ಗಂಡು',',SC',CAR-DRIVER',NO'
ALQ1434703',ಜಿ ಅಶ್ವತ್ಥಪ್ಪ',ಗಂಗಪ್ಪ',61',35',ಗಂಡು',',SC',KOOLI',NO'
ALQ1434711',ಎಸ್ ಜಿ ಗಂಗಾಧರಪ್ಪ',ಗಂಗಪ್ಪ',61',35',ಗಂಡು',',SC',KOOLI',NO'
ALQ1434687',ಆಲುವೇಲಮ್ಮ',ರಾಮಾಂಜಿನಪ್ಪ',61',34',ಹೆಣ್ಣು',',SC',KOOLI',NO'
ALQ1434695',ಗಂಗಮ್ಮ',ಜಿ ಅಶ್ವತ್ಥ ಪ್ಪ',61',34',ಹೆಣ್ಣು',',SC',KOOLI',NO'
MHR4060505',ನಾರಾಯಣಪ್ಪ',ದೊಡ್ಡಅದಪ್ಪ',62',52',ಗಂಡು',',SC',POLITICIAN',NO'
MHR4060513',ನರಸಮ್ಮ',ನಾರಾಯಣಪ್ಪ',62',42',ಹೆಣ್ಣು',',SC',KOOLI',NO'
ALQ2127538',ಜಿ ಗಂಗಾದೇವಿ',ಗಂಗಪ್ಪ',62',32',ಹೆಣ್ಣು',2,YES',SC',KOOLI'
ALQ0036558',ಬಿ ಎನ್ ಭವಾನಿ',ಎಸ್ ಡಿ ಲಕ್ಷ್ಮಿ',6ಬಿ',33',ಹೆಣ್ಣು',',SC',KOOLI',NO'
ALQ2717775',ಮದ್ದೂರಕ್ಕೆ',ಎಸ್ ಗಂಗಪ್ಪಚಿನ್ನಯ್ಯಪ್ಪ',63',60',ಹೆಣ್ಣು',',SC',KOOLI',NO'
ALQ2717783',ನಾರಾಯಣಪ್ಪ ಕೆ',ಕಟಮಿದಪಲ್ಲಿಅದಪ್ಪ',64',75',ಗಂಡು',',SC',KOOLI',NO'
ALQ2460905',ಟಿಪ್ಪುಕ್ಕ',ನಾರಾಯಣಪ್ಪ',64',56',ಹೆಣ್ಣು',',SC',KOOLI',NO'
MHR3701364',ಆದಿನಾರಾಯಣಪ್ಪ',ಕೆ ನಾರಾಯಣಪ್ಪ',64',36',ಗಂಡು',',SC',KOOLI',NO'
ALQ2245082',ಬಿ ಟಿ ಮಂಜುಳ',ಆದಿನಾರಾಯಣಪ್ಪ',64',27',ಹೆಣ್ಣು',',SC',KOOLI',NO'
ALQ2717791',ನಾರಾಯಣಪ್ಪ',ಚಿಕ್ಕಗಂಗಪ್ಪ',65',65',ಗಂಡು',',SC',KOOLI',NO'
MHR4060364',ಬಾಬು',ನಾರಾಯಣಪ್ಪ',65',40',ಗಂಡು',',SC',KOOLI',NO'
MHR4060323',ಗಂಗಾದೇವಿ',ವೆಂಕಟಸ್ವಾಮಿ',65',34',ಹೆಣ್ಣು',2,YES',SC',KOOLI'
ALQ3161072',ಆರ್ ಎನ್ ಗಂಗರತ್ನಮ್ಮ',ಬಾಬು',65',28',ಹೆಣ್ಣು',',SC',KOOLI',NO'
ALQ1855196',ಚೆಕ್ಕನರಸಿಂಹಯ್ಯ',ಪಿಳ್ಳಗಂಗಪ್ಪ',66',65',ಗಂಡು',',SC',KOOLI',NO'
ALQ2717809',ನಂಜಮ್ಮ',ಚಿಕ್ಕನರಸಿಂಹಯ್ಯ',66',60',ಹೆಣ್ಣು',',SC',KOOLI',NO'
MHR4060083',ಸಿ ನಂಜುಂಡಪ್ಪ',ಚಿಕ್ಕನರಸಿಂಹಯ್ಯ',66',39',ಗಂಡು',',SC',POLITICIAN',NO'
ALQ1434760',ಕೆ ಮಂಜುಳಮ್ಮ',ಸಿ ನಂಜುಂಡಪ್ಪ',66',32',ಹೆಣ್ಣು',',SC',KOOLI',NO'
ALQ1806066',ಸಿ ಆದಿನಾರಾಯಣ',ಚಿಕ್ಕನರಸಿಂಹಯ್ಯ',66',31',ಗಂಡು',YES',SC',KOOLI',NO'
ALQ3152014',ಕವಿತ ಆರ್',ರಾಮಾಂಜಿನಪ್ಪ',66',20',ಹೆಣ್ಣು',',SC',KOOLI',NO'
ALQ2717817',ಸಕ್ಕರಪ್ಪ',ಚಿಕ್ಕಮಾರಪ್ಪ',67',65',ಗಂಡು',',SC',KOOLI',NO'
ALQ2717825',ಚಿಕ್ಕಗಂಗಮ್ಮ',ಸಕ್ಕರಪ್ಪ',67',60',ಹೆಣ್ಣು',',SC',KOOLI',NO'
MHR1555358',ಚಂದ್ರಶೇಖರ್',ಸಕ್ಕರಪ್ಪ',67',44',ಗಂಡು',',SC',KOOLI',NO'
ALQ1434778',ಮಂಜುಳ',ಚಂದ್ರಶೇಖರ್',67',38',ಹೆಣ್ಣು',',SC',KOOLI',NO'
ALQ2195972',ಎಸ್ ನರಸಿಂಹಮೂರ್ತಿ',ಸಕ್ಕರಪ್ಪ',67',36',ಗಂಡು',',SC',KOOLI',NO'
MHR4060158',ದೊಡ್ಡಗಂಗಪ್ಪ',ಪಾಕಾಯಪ್ಪ',68',65',ಗಂಡು',',SC',KOOLI',NO'
ALQ2717833',ಗಂಗಮ್ಮ',ದೊಡ್ಡಗಂಗಪ್ಪ',68',60',ಹೆಣ್ಣು',',SC',KOOLI',NO'
MHR1555382',ಎಸ್ ಡಿ ಲಕ್ಷ್ಮೀ ಪತಿ',ದೊಡ್ಡಗಂಗಪ್ಪ',68',38',ಗಂಡು',',SC',CHEF',NO'
ALQ2717841',ನರಸಿಂಹಯ್ಯ',ಆದಪ್ಪ',69',70',ಗಂಡು',',SC',KOOLI',NO'
ALQ2717858',ಗಂಗಮ್ಮ',ನರಸಿಂಹಯ್ಯ',69',60',ಹೆಣ್ಣು',',SC',KOOLI',NO'
ALQ2527455',ಜೆಗಾಯತ್ರಮ್ಮ',ನರಸಿಂಹಪ್ಪ',69',32',ಹೆಣ್ಣು',',SC',KOOLI',NO'
ALQ3148608',ಸಾಯಿ ಬಾಬಾ ಎನ್',ನರಸಿಂಹಪ್ಪ',69',29',ಗಂಡು',2,YES',SC',KOOLI'
MHR370082C',ನರಸಮ್ಮ',ಮೊದ್ದಪ್ಪ ಆದಪ್ಪ',70',75', ಹೆಣ್ಣು',',SC',KOOLI',NO'
ALQ2717866',ನರಸಿಂಹಯ್ಯ',ಮುದ್ದಪ್ಪ ಆದಪ್ಪ',70',60',ಗಂಡು',',SC',KOOLI',NO'
MHR1555069',ಗಂಗಲಕ್ಷ್ಮಮ್ಮ',ನರಸಿಂಹಯ್ಯ ಎ',70',50',ಗಂಡು',',SC',KOOLI',NO'
ALQ2283679',ಎನ್ ಅಶೋಕ',ಎನರಸಿಂಹಯ್ಯ',70',25',ಗಂಡು',',SC',KOOLI',NO'
ALQ2717890',ನಾಗರಾಜಪ್ಪ',ಪೂ ಗಂಗಪ್ಪ',71',65',ಗಂಡು',',SC',KOOLI',NO'
ALQ2717908',ಲಕ್ಷ್ಮೀನರಸಮ್ಮ',ನಾಗರಾಜಪ್ಪ',71',60',ಹೆಣ್ಣು',',SC',KOOLI',NO'
ALQ1855360',ಎನ್ ನರಸಿಂಹಮೂರ್ತಿ',ನಾಗರಾಜಪ್ಪ',71',31',ಗಂಡು',',SC',KOOLI',NO'
ALQ2245066',ಎಸ್ ಎನ್ ಸುರೇಶ್',ನಾಗರಾಜಪ್ಪ',71',27',ಗಂಡು',',SC',KOOLI',NO'
ALQ3061470',ಅನಿತಮ್ಮ ಎಸ್ ಎನ್',ನಾಗರಾಜಪ್ಪ',71',23',ಹೆಣ್ಣು',',SC',KOOLI',NO'
ALQ2717916',ಸಂಜೀವಮ್ಮ',ಚಿಕ್ಕಜೂಲಪ್ಪ',72',80',ಹೆಣ್ಣು',2,DEATH',SC',KOOLI'
MHR2733095',ಗಂಗಪ್ಪ',ಚಿಕ್ಕಜೂಲಪ್ಪ',72',60',ಗಂಡು',',SC',KOOLI',NO'
ALQ2717924',ಆದಿಲಕ್ಷ್ಮಮ್ಮ',ಬಾಲಪ್ಪ',72',45',ಹೆಣ್ಣು',',SC',KOOLI',NO'
ALQ2550937',ಶ್ರೀನಿವಾಸ',ಭಾಗ್ಯಮ್ಮ',72',27',ಗಂಡು',',SC',KOOLI',NO'
ALQ3035748',ಸುಮ ಬಿ',ಬಾಲಪ್ಪ',72',23',ಗಂಡು',2,YES',SC',KOOLI'
ALQ2717957',ನಾರಾಯಣಪ್ಪ',ಚಿಕ್ಕಅದಪ್ಪ',73',65',ಗಂಡು',',SC',KOOLI',NO'
ALQ2717965',ಗಂಗಮ್ಮ',ನಾರಾಯಣಪ್ಪ',73',61',ಹೆಣ್ಣು',',SC',KOOLI',NO'
ALQ1855378',ಎನ್ ನರಸಿಂಹಮೂರ್ತಿ',ನಾರಾಯಣಪ್ಪ',73',31',ಗಂಡು',',SC',CAR-DRIVER',NO'
ALQ2127421',ಎನ್ ನಾರಾಯಣಸ್ವಾಮಿ',ಎನ್ ನಾರಾಯಣಪ್ಪ',73',29',ಗಂಡು',',SC',KOOLI',NO'
ALQ2717973',ದೊಡ್ಡನರಸಿಂಹಪ್ಪ',ಚಿಕ್ಕಅಂಜಿನಪ್ಪ',74',60',ಗಂಡು',',SC',KOOLI',NO'
ALQ2717981',ಲಕ್ಷ್ಮೀದೇವಮ್ಮ',ದೊಡ್ಡನರಸಿಂಹಪ್ಪ',74',55',ಹೆಣ್ಣು',',SC',KOOLI',NO'
ALQ2717999',ಅಶ್ವತ್ಥಮ್ಮ',ಅಂಜಿನಪ್ಪ',75',53',ಹೆಣ್ಣು',',SC',KOOLI',NO'
ALQ2718005',ಅಂಜಿನಪ್ಪ',ಚಿಕ್ಕಅಂಜನಪ್ಪ',75',53',ಗಂಡು',',SC',KOOLI',NO'
ALQ1855394',ಎ ನಾಗರ್ಜುನ',ಆಂಜಿನಪ್ಪ',75',30',ಗಂಡು',',SC',KOOLI',NO'
ALQ2245199',ಎರಾಜೇಶ',ಆಂಜಿನಪ್ಪ',75',27',ಗಂಡು',',SC',KOOLI',NO'
ALQ3036399',ಜ್ಯೋತಿ ಜಿ ಎಲ್',ರಾಜೇಶ ಎ',75',25',ಹೆಣ್ಣು',',SC',KOOLI',NO'
ALQ2460970',ಎರವಿಕುಮಾರ್',ಅಂಜಿನಪ್ಪ',75',24',ಗಂಡು',',SC',KOOLI',NO'
ALQ3177441',ಜೆಜಿ ಗಾಯಿತ್ರಿ',ನಾಗಾರ್ಜುನ್',75',19',ಹೆಣ್ಣು',',SC',KOOLI',NO'
ALQ2718021',ಹೆಚ್ ನರಸಿಂಹಯ್ಯ',ಹನುಮಂತಪ್ಪ',76',75',ಗಂಡು',',SC',KOOLI',NO'
MHR1555507',ನರಸಮ್ಮ',ಹೆಚ್ ನರಸಿಂಹಯ್ಯ',76',58',ಹೆಣ್ಣು',',SC',KOOLI',NO'
MHR3700846',ಅಶ್ವತ್ತಪ್ಪ',ಹೆಚ್ ನರಸಿಂಹಯ',76',40',ಗಂಡು',',SC',KOOLI',NO'
ALQ2550960',ಸರಸ್ವತಿ',ಅಶ್ವತ್ಥಪ್ಪ',76',31',ಹೆಣ್ಣು',',SC',KOOLI',NO'
ALQ2718039',ನರಸಿಂಹಪ್ಪ',ದೊಡ್ಡಜೂಲಪ್ಪ',77',65',ಗಂಡು',',SC',KOOLI',NO'
ALQ2718047',ಅಂಜಿನಮ್ಮ',ನರಸಿಂಹಪ್ಪ',77',60',ಹೆಣ್ಣು',',SC',KOOLI',NO'
ALQ2245181',ರಾಮಾಂಜಿನಪ್ಪ',ನರಸಿಂಹಯ್ಯ',77',27',ಗಂಡು',',SC',KOOLI',NO'
ALQ3036431',ಎನ್ ಗಂಗಾಧರಪ್ಪ',ನರಸಿಂಹಪ್ಪ',77',22',ಗಂಡು',',SC',KOOLI',NO'
ALQ3151974',ನರಸಿಂಹಮೂರ್ತಿ ಎಸ್ ಎನ್',ನರಸಿಂಹಪ್ಪ',77',20',ಗಂಡು',',SC',KOOLI',NO'
ALQ2718054',ನರಸಮ್ಮ',ಗಂಗಪ್ಪ',78',72',ಹೆಣ್ಣು',',SC',KOOLI',NO'
ALQ2718070',ಅಶ್ವತ್ಥಮ್ಮ',ನಾರಾಯಣಪ್ಪ',79',51',ಹೆಣ್ಣು',',SC',KOOLI',NO'
ALQ2718088',ಅಂಜನಪ್ಪ',ಗಂಗಪ್ಪ',80',67',ಗಂಡು',',SC',KOOLI',NO'
MHR2733184',ರಾಮಕೃಷ್ಣಪ್ಪ',ಸೆತ್ತಪ್ಪ',81',64',ಗಂಡು',',SC',KOOLI',NO'
MHR2733228',ಆದಿಲಕ್ಷ್ಮಮ್ಮ',ರಾಮಕೃಷ್ಮಪ್ಪ',81',54',ಹೆಣ್ಣು',',SC',KOOLI',NO'
ALQ3061488',ನಾಗವೇಣಿ',ನಾಗೇಶ ಆರ್',81',31',ಹೆಣ್ಣು',',SC',KOOLI',NO'
ALQ2143352',ನಾಗೇಶ್ ಆರ್',ರಾಮಣ್ಣ',81',29',ಗಂಡು',',SC',KOOLI',NO'
MHR1555754',ನಾರಾಯಣಸ್ವಾಮಿ',ಗಂಗಪ್ಪ',83',50',ಗಂಡು',',SC',KOOLI',NO'
ALQ1434844',ಕೃಷ್ಣಪ್ಪ',ಗಂಗಪ್ಪ',84',38',ಗಂಡು',2,DEATH',SC',KOOLI'
ALQ1855204',ನರಸಮ್ಮ',ಕೃಷ್ಣಪ್ಪ',84',38',ಹೆಣ್ಣು',',SC',KOOLI',NO'
MHR1555093',ನರಸಿಂಹಪ್ಪ',ಗಂಗಾಧರಪ್ಪ',86',50',ಗಂಡು',',BAJANTHRI',CUTTING-SHOP',NO'
MHR1554898',ಸರಸ್ವತಮ್ಮ',ನರಸಿಂಹಪ್ಪ',86',45',ಹೆಣ್ಣು',',BAJANTHRI',HOUSE -WIFE',NO'
ALQ2127496',ಮುನಿರಾಜು',ಆಂಜಿನಪ್ಪ',86',33',ಗಂಡು',',SC',KOOLI',NO'
ALQ3035730',ಗಂಗಾದೇವಿ',ಲೇಟ್ ರವಿ ಜಿ',86',24',ಹೆಣ್ಣು',',SC',KOOLI',NO'
ALQ3036480',ಗಾಯಿತ್ರಿ ಎನ್',ನರಸಿಂಹಪ್ಪ',86',21',ಹೆಣ್ಣು',',ST',DRIVER',NO'
ALQ2052447',ಎನ್ ಸುಬ್ಬರಾಯಪ್ಪ',ನಾರಾಯಣಪ್ಪ',89',34',ಗಂಡು',',GOLLA',DRIVER',NO'
ALQ2550994',ಗಂಗರತ್ನಮ್ಮ',ಸುಬ್ಬರಾಯಪ್ಪ',89',29',ಹೆಣ್ಣು',2,ST',GOLLA',KOOLI'
ALQ2351252',ನಾಗಮಣಿ ಆರ್',ಆದಿನಾರಾಯಣಪ',90',26',ಹೆಣ್ಣು',',NAYAK',KOOLI',NO'
ALQ3215423',ಆರ್ ನಾಗರಾಜು',ರಾಮಾಂಜಿನಪ್ಪ',92',20',ಗಂಡು',',NAYAK',KOOLI',NO'
ALQ1434885',ಎ ಬಾಲರಾಜು',ಜಿ ಆಂಜಿನಪ್ಪ',161',34',ಗಂಡು',',SC',LABER',NO'
ALQ2245132',ಶುಭ',ಬಾಲರಾಜು ಎ',161',28',ಹೆಣ್ಣು',',SC',KOOLI',NO'
ALQ3215431',ಎನ್ ನಂದಿನಿ',ನರಸಿಂಹಮೂರ್ತಿ',170',19',: ಹೆಣ್ಣು',',SC',LABER',NO'
ALQ2363471',ಸುಮ',ಜಿ ನರಸಿಂಹ ಮೂರ್ತಿ',19ಎ',32',ಹೆಣ್ಣು',',SC',HOUSE -WIFE',NO'
ALQ3215035',ಮಂಜುನಾಥ',ಅಶ್ವಥಪ್ಪ',193',19',ಗಂಡು',',GOLLA',STUDENT',NO'
ALQ2717106',ಸಾಮಕ್ಕ',ಚಿಕ್ಕವೆಂಕಟಪ್ಪ',20ಎ',93',ಹೆಣ್ಣು',',ST',KOOLI',NO'
ALQ2717114',ಅಶ್ವತ್ಥಪ್ಪ',ಚಿಕ್ಕವೆಂಕಟಪ್ಪ',20',45',ಗಂಡು',',NAYAK',KOOLI',NO'
ALQ2052702',ಲಕ್ಷ್ಮೀದೇವಿ',ಅಶ್ವಥಪ್ಪ',20 ಎ',38',ಹೆಣ್ಣು',',ST',HOUSE -WIFE',NO'
ALQ2717155',ರಾಮಾಂಜನಪ್ಪ',ಗಂಗಪ್ಪ',22ಎ',53',ಗಂಡು',',ST',GAARE',NO'
ALQ1434273',ನರಸಮ್ಮ',ಗಂಗಾಧರಪ್ಪ',ಒಓ',38',ಹೆಣ್ಣು',0,YES',GOLLA',KOOLI'
ALQ1434265',ಗಂಗಾಧರಪ್ಪ',ಲಕ್ಷ್ಮಯ್ಯ',3ಎ',45',ಗಂಡು',',GOLLA',TRACTOR DRIVER',NO'
ALQ2718096',ಅವಲಪ್ಪ',ಬಾಲಪ್ಪ',242',65',ಗಂಡು',DEATH',ST',KOOLI',NO'
ALQ2550952',ಎಶಿವಾನಂದ',ಆವಲಪ್ಪ',242',24',ಗಂಡು',',ST',AUTO DRIVER  OWN',NO'
ALQ2717171',ಕಾವಳಮ್ಮ',ಅವಲಪ್ಪ',24ಎ',60',ಹೆಣ್ಣು',',ST',HOUSE -WIFE',NO'
ALQ2353951',ಎ ಶಾಂತಮ್ಮ',ಆವುಲಪ್ಪ',24ಎ',26',ಹೆಣ್ಣು',',ST',GARMENTS',NO'
ALQ1434315',ಎನ್ ಆಶ್ವತ್ಥನಾರಾಯಣಪ್ಪ',ನಾರಾಯಣಪ್ಪ',25ಎ',51',ಗಂಡು',',ST',TYILOR',NO'
ALQ1434323',ಸುಬ್ಬರತ್ನಮ್ಮ',ಎನ್ ಅಶ್ವತ್ಥನಾರಾಯಣಪ್ಪ',25ಎ',45',ಹೆಣ್ಣು',',ST',HOUSE -WIFE',NO'
ALQ2551026',ಎರೂಪ',ಅಶ್ವತ್ಥನಾರಾಯಣಪ್ಪ',25',23',ಹೆಣ್ಣು',YES',ST',HOUSE -WIFE',NO'
ALQ1434331',ರಾಮಕೃಷ್ಣಪ್ಪ',ನಾರಾಯಣಪ್ಪ',25ಬಿ',47',ಗಂಡು',',ST',STRRET SELLAR',NO'
ALQ2717221',ರಾಮಾಂಜನಪ್ಪ',ಎಸ್ ಕೆ ಗಂಗಪ್ಪ',29ಎ',47',ಗಂಡು',',ST',KOOLI',NO'
ALQ2460897',ಎನ್ ಕೃಷ್ಣಪ್ಪ',ನಾರಾಯಣಸ್ವಾಮ್',35ಎ',26',ಗಂಡು',',ST',KOOLI',NO'
MHR155412C',ನಂಜುಂಡಪ್ಪ',ಎಸ್ ಗಂಗಪ್ಪ',37ಎ',59',ಗಂಡು',',SC',FARMER',NO'
ALQ2717346',ಚಿಕ್ಕಗಂಗಮ್ಮ',ನಂಜುಂಡಪ್ಪ',37ಎ',55',ಹೆಣ್ಣು',',SC',HOUSE -WIFE',NO'
ALQ2245223',ಎನ್ ಹನುಮಂತರಾಯಪ್ಪ',ನಂಜುಂಡಪ್ಪ',37ಎ',27',ಗಂಡು',',SC',CAR DRIVER',NO'
ALQ2717320',ಜೆ ಆದಿನಾರಾಯಣಪ್ಪ',ಎಸ್ ಗಂಗಪ್ಪ',37 ಬಿ',51',ಗಂಡು',',SC',SECURITY',NO'
ALQ2717338',ಸಾಕಮ್ಮ',ಗಂಗಾಧರಪ್ಪ',37 ಬಿ',50',ಹೆಣ್ಣು',',SC',FARMER',NO'
ALQ2717353',ಗಂಗಾಧರಪ್ಪ',ತಿಪ್ಪನ್ನ',37ಸಿ',55',ಗಂಡು',',SC',FOOD MAKING',NO'
ALQ1434463',ಲಲಿತಮ್ಮ',ಜಿ ಆದಿ ನಾರಾಯಾಣಪ್ಪ',37ಸಿ',33',ಹೆಣ್ಣು',',SC',KOOLI',NO'
ALQ2363661',ಜಿ ಶಿವಾನಂದ',ಗಂಗಾಧರಪ್ಪ',37ಸಿ',26',ಗಂಡು',',SC',FACTORY WORKER',NO'
ALQ3036464',ಜಿ ಶಿಲ್ಪ',ಗಂಗಾಧರಪ್ಪ',37ಸಿ',23',ಹೆಣ್ಣು',',SC',STUDENT',NO'
ALQ2434991',ಪದ್ಮಾವತಿ',ಗಂಗಾಧರಪ್ಪ',41ಎ',38',ಹೆಣ್ಣು',',SC',GARMENTS',NO'
ALQ2717429',ನಾಗಪ್ಪ',ಅಂಜಿನಪ್ಪ',41ಬಿ',60',ಗಂಡು',',SC',KOOLI',NO'
ALQ2717437',ಗಂಗಮ್ಮ',ನಾಗಪ್ಪ',41ಬಿ',55',ಹೆಣ್ಣು',',SC',KOOLI',NO'
ALQ2717577',ಜಿ ಅಂಜಿನಪ್ಪ',ಗಂಗಪ್ಪ',48ಬಿ',63',ಗಂಡು',',SC',KOOLI',NO'
ALQ2717551',ದಾಳಿನರಸಿಂಹಪ್ಪ',ಎ ಗಂಗಪ್ಪ',48 ಸಿ',60',ಗಂಡು',',SC',TRACTOR DRIVER',NO'
ALQ2717569',ಸುನಂದಮ್ಮ',ದಾಳಿನರಸಿಂಹಪ್ಪ',48 ಸಿ',55',ಹೆಣ್ಣು',',SC',FARMER',NO'
ALQ1434513',ಗಂಗಾಧರಪ್ಪ',ಎ ಗಂಗಪ್ಪ',48ಸಿ',55',ಗಂಡು',',SC',ADVICATE',NO'
ALQ1434521',ಕೆ ಚೇತನಾ',ಜಿ ಕೆ ಗಂಗಾಧರಪ್ಪ',48ಸಿ',36',ಹೆಣ್ಣು',',SC',PVT -TEACHER',NO'
ALQ0036293',ಎನ್ ಸತೀಶ್',ದಾಳಿ ನರಸಿಂಹಪ',48ಸಿ',34',ಗಂಡು',',SC',CAR DRIVER',NO'
ALQ2326320',ನರಸಿಂಹಮೂರ್ತಿ ಎನ್',ದಾಳಿ ನರಸಿಂಹಪ್ಪ',48ಸಿ',27',ಗಂಡು',',SC',FACTORY WORKER',NO'
ALQ3036407',ಎನ್ ಭಾರತಿ',ನರಸಿಂಹಪ್ಪ ಜಿ',48ಸಿ',23',ಹೆಣ್ಣು',',SC',HOUSE -WIFE',NO'
ALQ1434505',ಸನ್ನಣ್ಣ',ಗಂಗಪ್ಪ',48',59',ಗಂಡು',',SC',FARMER',NO'
ALQ2717585',ಭಾಗ್ಯಮ್ಮ',ನಾರಾಯಣಪ್ಪ',49ಎ',60',ಹೆಣ್ಣು',2,YES',SC',KOOLI'
ALQ2434967',ರಾಜೇಶ್ ಎನ್',ನಾರಾಯಣಪ್ಪ',49ಎ',26',ಗಂಡು',2,YES',SC',KOOLI'
ALQ3099793',: ಆಶಾಲತಾ ವೈ ಎನ್',ರಾಜೇಶ್ ಎನ್',49 ಎ',22',ಹೆಣ್ಣು',',SC',KOOLI',NO'
MHR1555788',ಆದಿಮೂರ್ತಿ',ನರಸಿಂಹಪ್ಪ',58ಎ',55',ಗಂಡು',',SC',STREET SELLER',NO'
ALQ2717767',ಚಿಕ್ಕಗಂಗಪ್ಪ',ದೊಡ್ಡಅದಪ್ಪ',62ಎ',61',ಗಂಡು',',SC',FARMER',NO'
ALQ2245124',ಅಶ್ವತ್ಥಮ್ಮ',ಚಿಕ್ಕಗಂಗಪ್ಪ',62ಎ',54',ಹೆಣ್ಣು',',SC',FARMER',NO'
ALQ2244630',ಜಿ ನರಸಿಂಹಮೂರ್ತಿ',ಗಂಗಪ್ಪ',62ಎ',37',ಗಂಡು',YES',SC',PRIVATE JOB',NO'
ALQ2052819',ನಾಗಮ್ಮ',ನರಸಿಂಹಮೂರ್ತಿ',62 ಎ',34',ಹೆಣ್ಣು',',SC',KOOLI',NO'
ALQ2994614',ನವೀನ ಎನ್',ನರಸಿಂಹಯ್ಯ',62ಎ',22',ಗಂಡು',',SC',STUDENT',NO'
MHR3700887',ಜೆ ತಿಮ್ಮಯ್ಯ',ಚಿಕ್ಕಗಂಗಪ್ಪ',65ಎ',3',ಗಂಡು',YES',SC',TYILOR',NO'
MHR3700853',ಜಯಮ್ಮ',ಜಿ ತಿಮ್ಮಯ್ಯ',65ಎ',50',ಹೆಣ್ಣು',YES',SC',FACTORY WORKER',NO'
ALQ2717874',ನರಸಮ್ಮ',ಪಿಳ್ಳಿಗಂಗಪ್ಪ',70ಎ',60',ಹೆಣ್ಣು',',SC',KOOLI',NO'
ALQ2717882',ಪಿಳ್ಳಿಗಂಗಪ್ಪ',ಕಟಮಿದಪಲ್ಲಿಅದಪ್ಪ',70ಎ',55',ಗಂಡು',',SC',KOOLI',NO'
ALQ2527448',ಪಿ ಮಂಜುನಾಥ',ಪಿಳ್ಳಗಂಗಪ್ಪ',70 ಎ',30',ಗಂಡು',YES',SC',CAR DRIVER',NO'
ALQ2527398',ಪಿ ಶಶಿ ಕುಮಾರ್',ಪಿಳ್ಳಗಂಗಪ್ಪ',70 ಎ',26',ಗಂಡು',',SC',GAARE',NO'
ALQ2717940',ಬಾಲಪ್ಪ',ಚಿಕ್ಕಜೂಲಪ್ಪ',72ಎ',49',ಗಂಡು',',SC',HOME',NO'
ALQ2283661',ಬಿ ಶಶಿಕಲ',ಬಾಲಪ್ಪ',72 ಎ',25',ಹೆಣ್ಣು',YES',SC',HOUSE -WIFE',NO'
MHR1553502',ಚಿಕ್ಕಅದೆಪ್ಪ',ಗುಡ್ಡಿಕದಿರಪ್ಪ',72ಬಿ',72',ಗಂಡು',',SC',SECURITY',NO'
MHR3700945',ಭಾಗ್ಯಮ್ಮ',ವೆಂಕಟರಮಣಪ್ಪ',72ಬಿ',41',ಹೆಣ್ಣು',',SC',KOOLI',NO'
ALQ3036472',ವಿ ಶಾಲಿನಿ',ವೆಂಕಟರಮಣಪ್ಪದ ಎ',72ಬಿ',21',ಹೆಣ್ಣು',YES',SC',FACTORY WORKER',NO'
ALQ2717932',ಚಿಕ್ಕನರಸಿಂಹಯ್ಯ',ಚಿಕ್ಕಜೂಲಪ್ಪ',72 ಸಿ',50',ಗಂಡು',YES',SC',FOOD MAKING',NO'
MHR2733103',ಸೌಭಾಗ್ಯಮ್ಮ',ಚಿಕ್ಕನರಸಿಂಹಯ್ಯ',72 ಸಿ',44',ಹೆಣ್ಣು',YES',SC',FACTORY WORKER',NO'
ALQ2165892',ಜೆ ಭಾಗ್ಯಮ್ಮ',ವಿ ಜಿ ಮಂಜುನಾಥ',0',27',ಹೆಣ್ಣು',',GOLLA',HOUSE -WIFE',NO'
MHR1555689',ಕೃಷ್ಣಮ್ಮ',ಕೃಷ್ಣಪ್ಪ',1',41',ಹೆಣ್ಣು',',GOLLA',FARMER',NO'
MHR3701125',ಸರೋಜಮ್ಮ',ಜಯಪ್ಪ',1',38',ಹೆಣ್ಣು',',GOLLA',FACTORY WORKER',NO'
ALQ3002193',ಅನಿತಾ ಕೆ ಎಸ್',ನರಸಿಂಹಮೂರ್ತಿ ವಿ',1',31',ಹೆಣ್ಣು',',GOLLA',FARMER',NO'
ALQ2245215',ನರಸಿಂಹಮೂರ್ತಿ ವಿ ಜಿ',ಗೋಪಾಲಪ್ಪ',1',27',ಗಂಡು',',GOLLA',LAWYER',NO'
ALQ2718112',ಗೋಪಾಲಪ್ಪ',ಯಿಗಂಗಪ್ಪ',1',57',ಗಂಡು',',GOLLA',FARMER',NO'
ALQ2718120',ನರಸಮ್ಮ',ಗೋಪಾಲಪ್ಪ',1',53',ಹೆಣ್ಣು',',GOLLA',HOUSE -WIFE',NO'
ALQ2718138',ಕೃಷ್ಣಪ್ಪ',ಯಡ್ರಿಗಂಗಪ್ಪ',1',47',ಗಂಡು',',GOLLA',KURI',NO'
ALQ2718146',ಜಯಪ್ಪ',ಯಡ್ರಿಗಂಗಪ್ಪ',1',45',ಗಂಡು',',GOLLA',DIARY',NO'
ALQ2527372',ರಘುಜಿ',ಗೋಪಾಲಪ್ಪ',1',25',ಗಂಡು',',GOLLA',FACTORY WORKER',NO'
ALQ2718153',ಗಂಗಮ್ಮ',ನರಸಪ್ಪ',2',60',ಹೆಣ್ಣು',',GOLLA',HOUSE -WIFE',NO'
ALQ2718161',ಗಂಗಪ್ಪ',ನರಸಪ್ಪ',2',50',ಗಂಡು',',GOLLA',FARMER',NO'
ALQ1434893',ಎನ್ ನಾರಾಯಾಣ ಸ್ವಾಮಿ ತಾಯಿಯ',ಗಂಗಮ್ಮ',2',36',ಹೆಣ್ಣು',',GOLLA',FARMER',NO'
ALQ1434901',ಅಲುವೇಲಮ್ಮ',ಗಂಗಪ್ಪ',2',33',ಹೆಣ್ಣು',',GOLLA',FARMER',NO'
ALQ2052876',ವಿ ಆರ್ ನವೀನ',ರಾಮಚಂದ್ರಪ್ಪ',3',29',ಗಂಡು',',GOLLA',POLICE',NO'
ALQ2245165',ಆರ್ ರಾಜೇಶ್',ರಾಮಚಂದ್ರಪ್ಪ',3',25',ಗಂಡು',',GOLLA',FACTORY WORKER',NO'
ALQ2718179',ರಾಮಚಂದ್ರಪ್ಪ',ಅಶ್ವತ್ಥ',3',65',ಗಂಡು',',GOLLA',FARMER',NO'
MHR2733285',ಆದಿಲಕ್ಷ್ಮಮ್ಮ',ರಾಮಚಂದ್ರಪ್ಪ',3',60',ಹೆಣ್ಣು',',GOLLA',HOUSE -WIFE',NO'
ALQ2097608',ನೇತ್ರಾವತಿ',ಗುರುಮೂರ್ತಿ',',39',ಹೆಣ್ಣು',',GOLLA',HOUSE -WIFE',NO'
ALQ2245173',ವಿ ಎನ್ ಶ್ರೀನಾಥ್',ನಂಜುಂಡಪ್ಪ',4',27',ಗಂಡು',',GOLLA',GOVERMENT EMPLOYEE',NO'
ALQ2718187',ನಂಜುಂಡಪ್ಪ',ಅಶ್ವತ್ಥಪ್ಪ',4',65',ಗಂಡು',',GOLLA',KOOLI',NO'
ALQ2718195',ಅಶ್ವತ್ಥಮ್ಮ',ನಂಜುಂಡಪ್ಪ',4',60',ಹೆಣ್ಣು',',GOLLA',KOOLI',NO'
ALQ1434919',ಯಪ್ಪ',ನಂಜುಂಡಪ್ಪ',4',33',ಗಂಡು',2,YES',GOLLA',KOOLI'
ALQ1434927',ಅಶ್ವತ್ಥ ಮ್ಮ',ಯರಪ್ಪ',4',33',ಹೆಣ್ಣು',2,YES',GOLLA',KOOLI'
MHR1555739',ಮಂಜುಳ',ಆರ್ ಆಶ್ವತ್ಥಪ್ಪ',5',38',ಹೆಣ್ಣು',',GOLLA',KOOLI',NO'
MHR1555721',ಲಕ್ಷ್ಮೀ',ವಿ ಜಿ ನಾರಾಯಣಸ್ವಾಮಿ',5',36',ಹೆಣ್ಣು',',GOLLA',KOOLI',NO'
ALQ2718203',ರಾಮಕೃಷ್ಣಪ್ಪ',ನರಸಿಂಹಪ್ಪ',5',77',ಗಂಡು',',GOLLA',KOOLI',NO'
ALQ2718211',ಅಶ್ವತ್ಥಮ್ಮ',ರಾಮಕೃಷ್ಣಪ್ಪ',5',65',ಹೆಣ್ಣು',',GOLLA',KOOLI',NO'
MHR1555705',ಆರ್ ಅಶ್ವಥಪ್ಪ',ರಾಮಕೃಷ್ಣಪ್ಪ',5',45',ಗಂಡು',',GOLLA',KOOLI',NO'
ALQ2718237',ನಾಗರಾಜು',ಗಂಗಪ್ಪ',5',44',ಗಂಡು',',GOLLA',KOOLI',NO'
ALQ0036269',ಕೆ ರೂಪ',ನಾಗರಾಜು',5',35',ಹೆಣ್ಣು',',GOLLA',KOOLI',NO'
MHR1555515',ರಾಮಕೃಷ್ಣಪ್ಪ',ಆದೆಪ್ಪ',6',37',ಗಂಡು',',GOLLA',KOOLI',NO'
ALQ1434943',ಚಿಕ್ಕಗಂಗಮ್ಮ',ಆದಪ್ಪ',6',80',ಹೆಣ್ಣು',',GOLLA',KOOLI',NO'
MHR406024C',ಕೆ ವಿ ಪ್ರಕಾಶ್',ಕದಿರಪ್ಪ',8',37',ಗಂಡು',',GOLLA',KOOLI',NO'
MHR4060331',ಮಮತ',ನಾಗರಾಜು',8',36',ಹೆಣ್ಣು',',GOLLA',KOOLI',NO'
ALQ2718260',ಅಶ್ವತ್ಥಪ್ಪ',ಆದಿನಾರಾಯಣ',9',60',ಗಂಡು',',GOLLA',KOOLI',NO'
ALQ2718278',ನಾಗರಾಜು',ಆದಿನಾರಾಯಣಪ್ಪ',9',55',ಗಂಡು',',GOLLA',KOOLI',NO'
ALQ2244648',ಅಶ್ವತ್ಥಮ್ಮ',ಅಶ್ವತ್ಥಪ್ಪ',9',53',ಹೆಣ್ಣು',',GOLLA',KOOLI',NO'
ALQ2718286',ರತ್ನಮ್ಮ',ನಾಗರಾಜು',9',50',ಹೆಣ್ಣು',',GOLLA',KOOLI',NO'
ALQ2718294',ಗುರುಮಮೂರ್ತಪ್ಪ',ಮುದ್ದನ್ನ',12',75',ಗಂಡು',',GOLLA',KOOLI',NO'
ALQ2718302',ಅಶ್ವತ್ತಮ್ಮ',ಗುರುಮೂರ್ತಪ್ಪ',12',50',ಹೆಣ್ಣು',',GOLLA',KOOLI',NO'
MHR1554775',ರಾಮಾಂಜಿನಪ್ಪ ವಿ ಎ',ಅಂಜನಪ್ಪ',14',43',ಗಂಡು',YES',GOLLA',DRIVER',NO'
ALQ2052868',ಹೆಚ್ ರಾಧ',ವಿ ಎ ರಾಮಾಂಜಿನಪ್ಪ',14',32',ಹೆಣ್ಣು',2,YES',GOLLA',KOOLI'
ALQ2718351',ವೆಂಕಟಸ್ವಾಮಿ',ಅಂಜಿನಪ್ಪ',15',63',ಗಂಡು',',GOLLA',KOOLI',NO'
ALQ2718369',ಲಕ್ಷ್ಮಮ್ಮ',ವೆಂಕಟಸ್ವಾಮಿ',15',52',ಹೆಣ್ಣು',',GOLLA',KOOLI',NO'
ALQ2718377',ರಾಮಪ್ಪ',ಆಂಜಿನಪ್ಪ',16',53',ಗಂಡು',',GOLLA',KOOLI',NO'
ALQ2718385',ಶಾಂತಮ್ಮ',ರಾಮಪ್ಪ',16',50',ಹೆಣ್ಣು',',2,DELETED',KOOLI'
MHR155516€',ಆರ್ ಉಮೇಶ್',ರಾಮಪ್ಪ',16',37',ಗಂಡು',2,YES',GOLLA',KOOLI'
ALQ2237964',ನಂದಿನಿ',ಅರ್ ಉಮೇಶ್',16',25',ಹೆಣ್ಣು',2,YES',GOLLA',KOOLI'
ALQ2718393',ನಾರಾಯಣಪ್ಪ',ನರಸಪ್ಪ',17',68',ಗಂಡು',',GOLLA',KOOLI',NO'
ALQ2718401',ನರಸಮ್ಮ',ನಾರಾಯಣಪ್ಪ',17',65',ಹೆಣ್ಣು',',GOLLA',KOOLI',NO'
ALQ1435007',ಪಿ ಎನ್ ಬಾಲಕೃಷ್ಣ',ನಾರಾಯಾಣಪ್ಪ',17',33',ಗಂಡು',',GOLLA',PETROL-BUNK-WORKER',NO'
ALQ2245108',ಲತಾಮಣಿ ಸಿ',ಬಾಲಕೃಷ್ಣ ವಿ ಎನ್',17',25',ಹೆಣ್ಣು',',GOLLA',KOOLI',NO'
ALQ2718419',ಅಕ್ಕಮ್ಮ',ಎನ್ ನರಸಿಂಹಪ್ಪ',18',75',ಹೆಣ್ಣು',',GOLLA',KOOLI',NO'
MHR1553791',ಮಂಜುನಾಥ',ಎಸ್ ನರಸಿಂಹಪ್ಪ',18',36',ಗಂಡು',',GOLLA',KOOLI',NO'
ALQ2364784',ಗಾಯಿತ್ರಿ ಪಿ ಆರ್',ಮಂಜುನಾಥ',18',28',ಹೆಣ್ಣು',',GOLLA',KOOLI',NO'
MHR1554583',ಗಂಗಪ್ಪ',ವೆಂಕಟಪ್ಪ',19',83',ಗಂಡು',',GOLLA',KOOLI',NO'
MHR4060562',ಮುದ್ದಗಂಗಮ್ಮ',ಅಶ್ವತ್ಥಪ್ಪ',19',45',ಹೆಣ್ಣು',',GOLLA',KOOLI',NO'
MHR4060539',ಅಶ್ವತ್ಥಪ್ಪ',ಗಂಗಪ್ಪ',19',40',ಗಂಡು',',GOLLA',KOOLI',NO'
ALQ2495125',ಕವಿತ ಎ',ಅಶ್ವತ್ಥಪ್ಪ',19',24',ಹೆಣ್ಣು',2,YES',GOLLA',KOOLI'
MHR155426C',ಅಕ್ಕಮ್ಮ',ಸೊವಿಟಿನರಸಪ್ಪ',20',68',ಹೆಣ್ಣು',',GOLLA',KOOLI',NO'
ALQ1435049',ಮಲ್ಲಕ್ಕ',ಗಂಗಪ್ಪ',21',60',ಹೆಣ್ಣು',',GOLLA',KOOLI',NO'
ALQ2052850',ಅಶೋಕ',ಗಂಗಪ್ಪ',21',29',ಗಂಡು',',GOLLA',KOOLI',NO'
ALQ2353340',ರಾಧಾ ಎನ್ ಜಿ',ಅಶೋಕ',21',27',ಹೆಣ್ಣು',',GOLLA',KOOLI',NO'
ALQ2718427',ವಿ ಜಿ ಗಂಗಾಧರಪ್ಪ',ಗಂಗಪ್ಪ',22',61',ಗಂಡು',',GOLLA',CONTRACTOR',NO'
ALQ2718435',ಸರಸ್ವತಮ್ಮ',ವಿಜಿ ಗಂಗಾಧರಪ್ಪ',22',55',ಹೆಣ್ಣು',',GOLLA',FARMER',NO'
MHR1555275',ವಿಜಿ ಗಂಗರಾಜಪ್ಪ',ಗಂಗಾಧರಪ್ಪ ವಿಜಿ',22',42',ಗಂಡು',',GOLLA',FARMER',NO'
ALQ2216414',ಜಯಮ್ಮ',ವಿಜಿ ಗಂಗರಾಜಪ್ಪ',22',38',ಹೆಣ್ಣು',',GOLLA',FARMER',NO'
MHR370120€',ವಿ ಜಿ ರವಿ',ವಿ ಜಿ ಗಂಗಾಧರಪ್ಪ',22',36',ಗಂಡು',',GOLLA',FARMER',NO'
ALQ1435072',ವಿ ಜಿ ಮಂಜುನಾಥ',ವಿ ಜಿ ಗಂಗಾಧರ ಪ್ತ',22',35',ಗಂಡು',',GOLLA',FARMER',NO'
ALQ2353209',ರಮ ಕೆ ಎನ್',ವಿ ಜಿ ರವಿ',22',25',ಹೆಣ್ಣು',',GOLLA',FARMER',NO'
ALQ2527356',ವಿ ಜಿ ರಘು',ವಿಜಿ ಗಂಗಾಧರಪ್ಪ',22',23',ಗಂಡು',',GOLLA',FARMER',NO'
ALQ2718443',ರಾಮಕೃಷ್ಣಪ್ಪ',ಕೆದರಪ್ಪ',23',80',ಗಂಡು',',GOLLA',KOOLI',NO'
ALQ2718450',ರತ್ನಮ್ಮ',ರಾಮಕೃಷ್ಣಪ್ಪ',23',63',ಹೆಣ್ಣು',',GOLLA',KOOLI',NO'
ALQ2527406',ಆರ್\u200c ಮಂಜುನಾಥ',ರಾಮಕೃಷ್ಣಪ್ಪ',23',23',ಗಂಡು',',GOLLA',KOOLI',NO'
ALQ2718468',ಚನ್ನಗುರ್ರಪ್ಪ',ದೊಡ್ಡಗಂಗಪ್ಪ',25',65',ಗಂಡು',',GOLLA',KOOLI',NO'
MHR2732857',ರತ್ನಮ್ಮ',ಗುಜ್ರಪ್ಪ',25',61',ಹೆಣ್ಣು',',GOLLA',KOOLI',NO'
MHR155372',ವಿ ಜಿ ಸುಬ್ರಮಣ್ಯ',ಚಿನ್ನಗುರಪ್ಪ',25',36',ಗಂಡು',',GOLLA',KOOLI',NO'
ALQ2052900',ಎನ್ ಲಕ್ಷ್ಮೀನರಸಮ್ಮ',ವಿ ಜಿ ಸುಬ್ರಮಣ್ಯ',25',29',ಹೆಣ್ಣು',',GOLLA',KOOLI',NO'
ALQ2718484',ಬಾಲಕೃಷ್ಣಪ್ಪ',ದೊಡ್ಡಗಂಗಪ್ಪ',26',85',ಗಂಡು',',GOLLA',KOOLI',NO'
ALQ2718492',ಜಯಮ್ಮ',ಬಾಲಕೃಷ್ಣಪ್ಪ',26',47',ಹೆಣ್ಣು',',GOLLA',KOOLI',NO'
ALQ1435098',ಲಕ್ಷ್ಮಮ್ಮ',ಬಾಲಕೃಷ್ಣಪ್ಪ',26',39',ಹೆಣ್ಣು',',GOLLA',KOOLI',NO'
MHR1555283',ನರಸಮ್ಮ',ಚಿಕ್ಕಗಂಗಪ್ಪ',27',75',ಹೆಣ್ಣು',',GOLLA',KOOLI',NO'
ALQ2718500',ಚಿಕ್ಕಗಂಗಪ್ಪ',ಚಿಕ್ಕಗಂಗಪ್ಪ',27',47',ಗಂಡು',',GOLLA',KOOLI',NO'
MHR1555291',ಆದಮ್ಮ',ಚಿಕ್ಕಗಂಗಪ್ಪ',27',41',ಹೆಣ್ಣು',',GOLLA',KOOLI',NO'
ALQ1435106',ನಾರಾಯಣಮ್ಮ',ಗುಪ್ಪ',28',80',ಹೆಣ್ಣು',',GOLLA',KOOLI',NO'
ALQ2718518',ವಿಜಿ ನಾರಾಯಣಸ್ವಾಮಿ',ಗುರ್ರಪ್ಪ',28',65',ಗಂಡು',',GOLLA',KOOLI',NO'
ALQ2183879',ಲಕ್ಷ್ಮೀದೇವಮ್ಮ',ನಾರಾಯಣಸ್ವಾಮಿ',28',60',ಹೆಣ್ಣು',',GOLLA',KOOLI',NO'
ALQ1435122',ಅಶ್ವತ್ಥಪ್ಪ',ಗುಜ್ರಪ್ಪ',28',50',ಗಂಡು',',GOLLA',KOOLI',NO'
ALQ1435130',ಗೋಪಾಲಪ್ಪ',ಗುಜ್ರಪ್ಪ',28',45',ಗಂಡು',',GOLLA',KOOLI',NO'
ALQ2245074',ಆರ್\u200c ಸರಸ್ವತಮ್ಮ',ವಿಜಿ ಅಶ್ವತ್ಥಪ್ಪ',28',40',ಹೆಣ್ಣು',2,YES',GOLLA',KOOLI'
ALQ2495166',ಹರಿಕೃಷ್ಣ ವಿ ಎನ್',ವಿ ಜಿ ನಾರಾಯಣಸ್ವಾಮಿ',28',24',ಗಂಡು',',GOLLA',KOOLI',NO'
ALQ3058831',ಕೆ ಎನ್ ರೂಪ',ವಿ ಎನ್ ಅಜಯ್ ಕುಮಾರ್',28',23',ಹೆಣ್ಣು',',GOLLA',KOOLI',NO'
ALQ2718526',ಆದಿನಾರಾಯಣಪ್ಪ',ಗಂಗಪ್ಪ',30',65',ಗಂಡು',',GOLLA',KOOLI',NO'
ALQ2718534',ಗುರುಮೂರ್ತಿ',ಆದಿನಾರಾಯಣಪ',30',60',ಗಂಡು',',GOLLA',KOOLI',NO'
ALQ2718542',ಆದಿಲಕ್ಷ್ಮಮ್ಮ',ಆದಿನಾರಾಯಣಪ್ಪ',30',42',ಹೆಣ್ಣು',',GOLLA',KOOLI',NO'
ALQ2245157',ಜೆ ಎಲ್ ಕಾಂತಮ್ಮ',ಗುರ್ರಮೂರ್ತಿ',30',25',ಹೆಣ್ಣು',',GOLLA',KOOLI',NO'
ALQ1435163',ರಾಮಕ್ಕೆ',ವೆಂಕಟರೋಣಪ್ಪ',31',70',ಹೆಣ್ಣು',',GOLLA',KOOLI',NO'
ALQ2052843',ಚಿಕ್ಕಗಂಗಪ್ಪ',ವೆಂಕಟರವಣಪ್ಪ',31',29',ಗಂಡು',',GOLLA',KOOLI',NO'
ALQ2718559',ಕಮಲಮ್ಮ',ಚಿಕ್ಕನಾರಾಯಣಪ್ಪ',32',63',ಹೆಣ್ಣು',',GOLLA',KOOLI',NO'
ALQ2361988',ಜ್ಯೋತಿ ಸಿ',ಚಿಕ್ಕನಾರಾಯಣಪ್ಪ',32',25',ಹೆಣ್ಣು',',GOLLA',KOOLI',NO'
ALQ2718567',ಚಿಕ್ಕಆದಪ್ಪ',ಗುಜ್ರಪ್ಪ',33',80',ಗಂಡು',',GOLLA',KOOLI',NO'
ALQ2718575',ನಂಜಮ್ಮ',ಚಿಕ್ಕಆದಪ್ಪ',33',70',ಹೆಣ್ಣು',',GOLLA',KOOLI',NO'
ALQ2718583',ಚೆನ್ನಮ್ಮಯ್ಯ',ಚಿಕ್ಕಆದಪ್ಪ',33',60',ಹೆಣ್ಣು',',GOLLA',KOOLI',NO'
ALQ2718591',ನಾಗಮ್ಮ',ನರಸಿಂಹಯ್ಯ',34',70',ಹೆಣ್ಣು',',GOLLA',KOOLI',NO'
MHR3700861',ವಿ ಎನ್ ಸಂಪಂಗಿ',ನರಸಿಂಹಯ್ಯ',34',39',ಗಂಡು',',GOLLA',FARMER',NO'
MHR4060356',ಮುತ್ತಕ್ಕ',ಸುಧಾಕರಪ್ಪ',34',35',ಹೆಣ್ಣು',',GOLLA',KOOLI',NO'
MHR4060208',ನಾರಾಯಣಪ್ಪ',ಸುಬ್ಬಣ್ಣ',35',62',ಗಂಡು',',GOLLA',KOOLI',NO'
MHR1554922',ಗಂಗಮ್ಮ',ನಾರಾಯಣಪ್ಪ',35',61',ಹೆಣ್ಣು',',GOLLA',KOOLI',NO'
MHR1554914',ಗಂಗರತ್ನಮ್ಮ',ವೆಂಕಟೇಶಪ್ಪ',35',38',ಹೆಣ್ಣು',',GOLLA',KOOLI',NO'
ALQ2527299',ಎನ್ ನರೇಶ್ ಕುಮಾರ್',ನಾರಾಯಣಪ್ಪ',35',23',ಗಂಡು',',GOLLA',KOOLI',NO'
ALQ1435197',ಬಯ್ಯಮ್ಮ',ಗಂಗಪ್ಪ',36',59',ಹೆಣ್ಣು',',GOLLA',KOOLI',NO'
ALQ2527315',ಅಶ್ವತ್ಥಪ್ಪ',ನರಸಿಂಹಪ್ಪ',37',58',ಗಂಡು',2,YES',GOLLA',KOOLI'
ALQ2527307',ಲಕ್ಷ್ಮೀ ಜಿ',ಅಶ್ವತ್ಥಪ್ಪ',37',54',ಹೆಣ್ಣು',2,YES',GOLLA',KOOLI'
ALQ2527281',ಕೋಮಲ ಎ',ಅಶ್ವತ್ಥಪ್ಪ',37',25',ಹೆಣ್ಣು',2,YES',GOLLA',KOOLI'
ALQ2192722',ಎ ನರಸಿಂಹಮೂರ್ತಿ',ಅಂಜಿನಪ್ಪ',40',29',ಗಂಡು',',SC',DRIVER',NO'
ALQ2717486',ಗಂಗಮ್ಮ',ಗಂಗಪ್ಪ',44',65',ಹೆಣ್ಣು',',SC',KOOLI',NO'
ALQ2527430',ನರಸಮ್ಮ',ಅಶ್ವತ್ಥಪ್ಪ',47',25',ಹೆಣ್ಣು',',SC',KOOLI',NO'
MHR2733277',ನರಸಮ್ಮ',ಕದಿರಪ್ಪ',52',45',ಹೆಣ್ಣು',',SC',KOOLI',NO'
MHR3701091',ದೊಡ್ಡನರಸಿಂಹಪ್ಪ',ಗಂಗಪ್ಪ',57',70',ಗಂಡು',',SC',KOOLI',NO'
ALQ2551018',ಚೈತ್ರಸಿ',ನರಸಿಂಹಮೂರ್ತಿ',73',25',ಹೆಣ್ಣು',',GOLLA',KOOLI',NO'
ALQ2718062',ನಾರಾಯಣಪ್ಪ',ನಾರಾಯಣಪ್ಪ',79',58',ಗಂಡು',',SC',KOOLI',NO'
ALQ2718310',ಗಂಗಪ್ಪ',ಗುರುಮೂರ್ತಪ್ಪ',12ಎ',53',ಗಂಡು',',GOLLA',KOOLI',NO'
ALQ1434976',ಮುದ್ದುಗಂಗಮ್ಮ',ಗಂಗಪ್ಪ',12ಎ',42',ಹೆಣ್ಣು',',GOLLA',KOOLI',NO'
ALQ2718328',ನಾರಾಯಣಪ್ಪ',ಗುರುಮೂರ್ತಪ್ಪ',12ಬಿ',44',ಗಂಡು',',GOLLA',KOOLI',NO'
MHR4060349',ಮಂಜುಳ',ನಾರಾಯಣಪ್ಪ',12ಬಿ',37',ಹೆಣ್ಣು',',GOLLA',KOOLI',NO'
MHR1554286',ನಾಗಲಕ್ಷ್ಮಮ್ಮ',ನಾರಾಯಣಪ್ಪ',13ಎ',46',ಹೆಣ್ಣು',',GOLLA',KOOLI',NO'
ALQ1434984',ಅಶ್ವತ್ಥಪ್ಪ',ನಾರಾಯಣಪ್ಪ',13ಎ',38',ಗಂಡು',',GOLLA',KOOLI',2
ALQ2052918',ಶಾರದಮ್ಮ',ಎನ್ ಬಾಲಕೃಷ್ಣ',13 ಎ ',34',ಹೆಣ್ಣು',',GOLLA',KOOLI',NO'
ALQ2052926',ಎನ್ ಬಾಲಕೃಷ್ಣಪ್ಪ',ನಾರಾಯಣಪ್ಪ',13 ಎ',33',ಗಂಡು',',GOLLA',KOOLI',NO'
ALQ2718344',ಆಶ್ವತ್ಥಪ್ಪ',ಆಂಜಿನಪ್ಪ',14ಎ',45',ಗಂಡು',',GOLLA',KOOLI',NO'
ALQ2994598',ಅಂಬರೀಶ್',ಅಶ್ವತ್ಥಪ್ಪ',14ಎ',22',ಗಂಡು',',GOLLA',KOOLI',NO'
ALQ1434992',ಅಶ್ವತ್ತಮ್ಮ',ಅಶ್ವತ್ತಪ್ಪ',14 ಎ',43',ಹೆಣ್ಣು',',GOLLA',KOOLI',NO'
ALQ2718476',ಚಿಕ್ಕನಾರಾಯಣಪ್ಪ',ದೊಡ್ಡಗಂಗಪ್ಪ',25ಎ',60',ಗಂಡು',',GOLLA',KOOLI',NO'
ALQ1435080',ಸಾವಿತ್ರಮ್ಮ',ಚಿಕ್ಕನಾರಾಯಣಪ್ಪ',25A',55',ಹೆಣ್ಣು',',GOLLA',KOOLI',NO'
ALQ2052892',ವಿ ಸಿ ಗಂಗರಾಜಪ್ಪ',ಚಿಕ್ಕನಾರಾಯಣಪ್ಪ',25 ಎ',33',ಗಂಡು',YES',GOLLA',FACTORY WORKER',NO'
ALQ2052884',ಜೆ ಲಕ್ಷ್ಮೀದೇವಮ್ಮ',ವಿ ಸಿ ಗಂಗರಾಜಪ್ಪ',25 ಎ',29',ಹೆಣ್ಣು',YES',GOLLA',KOOLI',NO'
ALQ2527273',ರಾಧಮ್ಮ ಎನ್',ಆನಂದ ಸಿ',25ಎ',24',ಹೆಣ್ಣು',',GOLLA',KOOLI',NO'
ALQ2527349',ವಿ ಸಿ ರವಿ',ಚಿಕ್ಕನಾರಾಯಣಪ್ಪ',25ಎ',23',ಗಂಡು',',GOLLA',KOOLI',NO'
ALQ1435171',ಆನಂದಪ್ಪ',ನರಸಿಂಹಯ್ಯ',34ಎ',45',ಗಂಡು',',GOLLA',KOOLI',NO'
ALQ2527331',ವಿ ಎ ಶಶಿಕುಮಾರ್',ಆನಂದಪ್ಪ',34ಎ',23',ಗಂಡು',',GOLLA',KOOLI',NO'
MHR4060265',ಸುದಾಕರಪ್ಪ',ನರಸಿಂಹಯ್ಯ',34ಬಿ',38',ಗಂಡು',',GOLLA',KOOLI',NO'
MHR3701182',ನಾರಾಯಣಸ್ವಾಮಿ',ನಾರಾಯಣಪ್ಪ',35ಎ',55',ಗಂಡು',',GOLLA',KOOLI',NO'
MHR1555192',ರತ್ನಮ್ಮ',ನಾರಾಯಣಸ್ವಾಮಿ',35ಎ',50',ಹೆಣ್ಣು',',GOLLA',KOOLI',NO'
MHR4060992',ವೆಂಕಟೇಶಪ್ಪ',ನಾರಾಯಣಪ್ಪ',35ಬಿ',41',ಗಂಡು',',GOLLA',KOOLI',NO'
ALQ1434489',ಗಂಗಪ್ಪ ಎಸ್ ಎ',ಚಿಕ್ಕಆಂಜಿನಪ್ಪ',41ಎ',44',ಗಂಡು',2,YES',SC',DRIVER'
MHR1555226',ಗಂಗಮ್ಮ',ಆದಿಮೂರ್ತಿ',58ಎ',45',ಹೆಣ್ಣು',',SC',KOOLI',NO'
ALQ3228871',ಅಶೋಕ್ ಆರ್',ರಾಮಾಂಜಿನಪ್ಪ',',19',ಗಂಡು',',NAYAK',STUDENT',NO'
ALQ3228889',ಮನೋಹರ್ ಜಿ',ಗಂಗಾಧರಪ್ಪ',45',18',ಗಂಡು',',SC',STUDENT',NO'
ALQ3230083',ವೇನ್ನಲ',ನರೇಂದ್ರ ಎ',',20',ಹೆಣ್ಣು',',SC',HOUSE -WIFE',NO'
ALQ3241684',ADARSHBABU',ಗಂಗಾಧರಪ್ಪ',',19',ಗಂಡು',',SC',STUDENT',NO'
UNH6582191',MUDDAPPA GANGAPPA',GANGAPPA',79',60',ಗಂಡು',',',',NO'
UNH6599278',M SAROJAMMA',MUDDAPPA GANGAPPA',79',57',ಹೆಣ್ಣು',',',',NO'
ALQ3257433',RAGHU J ',GOPALAPPA',1',24',ಗಂಡು',',',',NO'
ALQ3259017',JOYTHI R',RAGHU J',1',24',ಹೆಣ್ಣು',',',',NO'
ALQ3270253',MADHU A',ASHVATHAPPA',',21',ಗಂಡು',',',',NO'
ALQ3267143',RANJITH KUMAR',ANANDAPPA',34A',18',ಗಂಡು',',',',NO'