ALQ2507754',ಕೆ ವೆಂಕಟರವಣ',ಲೇಟ್ ಕೊಂಡನಭೋವಿ',0',68',ಗಂಡು',',BHOVI',EX-LAWYER',NO'
ALQ2374239',ವಿ ನವೀನ್ ಕುಮಾರ್',ವೆಂಕಟರವಣಪ್ಪ',0',66',ಗಂಡು',',BHOVI',FACTORY WORKER',NO'
ALQ3023702',ಕೃಷ್ಣಪ್ಪ',ಗಂಗಪ್ಪ',0',62',ಗಂಡು',',NAYAK',GAARE',NO'
ALQ2507747',ಎಂ ಇಂದುಮತಿ',ಕೆ ವೆಂಕಟರವಣ',0',58',ಹೆಣ್ಣು',',BHOVI',HOUSE -WIFE',NO'
ALQ3023678',ಸಾವಿತ್ರಮ್ಮ',ಕೃಷ್ಣಪ್ಪ',0',57',ಹೆಣ್ಣು',',NAYAK',HOUSE -WIFE',NO'
ALQ3023686',ಲಕ್ಷ್ಮಮ್ಮ',ಮಂಜಣ್ಣ',0',51',ಹೆಣ್ಣು',',KURUBA',HOUSE -WIFE',NO'
ALQ2507721',ವಿಹೆಚ್ ರಾಮಾಂಜನೇಯ',ಹನುಮಂತರಾಯಪ್ಪ',0',41',ಗಂಡು',',BHOVI',KOOLI',NO'
ALQ2507739',ನಿರುಪಮ ವಿ ಜೆ',ವಿ ಹೆಚ್ ರಾಮಾಂಜನೆಯ',0',36',ಹೆಣ್ಣು',',BHOVI',HOUSE -WIFE',NO'
ALQ2379386',ಇಂದ್ರ ವೈ',ಯಲ್ಲಪ್ಪ',0',32',ಹೆಣ್ಣು',',BHOVI',HOUSE -WIFE',NO'
ALQ2376168',ಶಿವ ಕುಮಾರ್',ಲಕ್ಷ್ಮಯ್ಯ',0',31',ಗಂಡು',',KURUBA',SHEEP-FAMING',NO'
ALQ3023660',ನರೇಶ ಕೆ',ಕೃಷ್ಣಪ್ಪ',0',27',ಗಂಡು',',NAYAK',CENTRING',NO'
ALQ2529246',ಗಂಗಾಧರ',ಬಾಬಣ್ಣ',0',26',ಗಂಡು',',NAYAK',CENTRING',NO'
ALQ2548592',ಬಿಗಂಗಾಧರ ',ಅಂಜಿನಮ್ಮ',0',26',ಗಂಡು',REPEATED',',',NO'
ALQ2548618',ನರಸಿಂಹಮೂರ್ತಿ ಟಿ ಆರ್',ರಾಮಾಂಜಿನಪ್ಪ',0',23',ಗಂಡು',',NAYAK',PRIVATE JOB',NO'
ALQ1411578',ಸಿ ಗಂಗಯ್ಯ',ಗೋವಿಂದಪ್ಪ',1',61',ಗಂಡು',',NAYAK',FARMER',NO'
ALQ1411586',ಅಶ್ವತ್ತಮ್ಮ',ಸಿ ಗಂಗಯ್ಯ',1',56',ಹೆಣ್ಣು',',NAYAK',HOUSE -WIFE',NO'
MVJ2466738',ಪುಟ್ಟಮ್ಮ',ಸಿ ಗಂಗಯ್ಯ',1',51',ಹೆಣ್ಣು',',NAYAK',HOUSE -WIFE',NO'
MVJ2466761',ರಾಜಗೋಪಾಲನಾಯಕ ಸಿ',ಸಿ ಗಂಗಯ್ಯ',1',36',ಗಂಡು',',NAYAK',POLICE-CONSTABLE',NO'
ALQ2048965',ಸಿ ಜಿ ತ್ರಿವೇಣ್ ಕುಮಾರ್',ಸಿ ಗಂಗಯ್ಯ',1',29',ಗಂಡು',',DELETED',',NO'
ALQ0262394',ಟಿ ಎನ್ ನಾಗರಾಜು',ನರಸಿಂಹಪ್ಪ',',40',ಗಂಡು',',NAYAK',THEATER-MANAGER',NO'
ALQ0263640',ಎಸ್ ಬಾಗ್ಯಮ್ಮ',ಟಿ ಎನ್ ನಾಗರಾಜ',',33',ಹೆಣ್ಣು',',NAYAK',HOUSE -WIFE',NO'
ALQ3163888',ಗಂಗಮ್ಮ',ಗೋಪಾಲಪ್ಪ',3',66',ಹೆಣ್ಣು',',NAYAK',HOUSE -WIFE',NO'
ALQ2184117',ಗೋಪಾಲಪ್ಪ',ದಾಳಪ್ಪ',3',56',ಗಂಡು',',DELETED',',NO'
MVJ2386092',ನರಸಿಂಹಮೂರ್ತಿ ಜಿ',ಗೊಪಾಲಪ್ಪ',1',39',ಗಂಡು',',NAYAK',AIRPORT-WORKER',NO'
ALQ2048973',ಜಿ ಮಹೇಶ',ಗೋಪಾಲಪ್ಪ',3',31',ಗಂಡು',',NAYAK',CENTRING',NO'
ALQ3226941',ಶ್ರವಣ್ ಎ',ಅಶ್ವಥನಾರಾಯಣ',0',19',ಗಂಡು',',BHOVI',KOOLI',NO'
ALQ3139276',ಅಲುವೇಲಮ್ಮ',ಶ್ರೀನಿವಾಸ ಎನ್',',34',ಹೆಣ್ಣು',',NAYAK',HOUSE -WIFE',NO'
ALQ2109056',ಟಿ ಜಿ ರಘುನಾಥ',ಗಂಗಾಧರಪ್ಪ',4',35',ಗಂಡು',',NAYAK',RAILWAY-WORKER',NO'
ALQ2249811',ನೇತ್ರಜೆ',ಜಯರಾಮಪ್ಪ',4',26',ಹೆಣ್ಣು',',NAYAK',HOUSE -WIFE',NO'
ALQ2507671',ದಿನೇಶ್ ಸಿಜೆ',ಜಯರಾಮಪ್ಪ',4',23',ಗಂಡು',',NAYAK',BANK-WORKER',NO'
ALQ1411636',ನಂಜಮ್ಮ ',',',90',ಹೆಣ್ಣು',',DELETED',',NO'
ALQ1411644',ಜೆ ಎನ್ ಜಯರಾಮಪ್ಪ',ನರಸಿಂಹಪ್ಪ',4',70',ಗಂಡು',',NAYAK',HOUSE -WIFE',NO'
ALQ1411651',ನಾಗರತ್ನಮ್ಮ',ಜಯರಾಮಪ್ಪ',4',47',ಹೆಣ್ಣು',',NAYAK',HOUSE -WIFE',NO'
ALQ3023728',ಸುಷ್ಕಾಜೆ',ಜಯರಾಮಪ್ಪ',4',21',ಹೆಣ್ಣು',',NAYAK',BANK-EMPLOYEE',NO'
ALQ1411701',ಸಾಕಮ್ಮ',ಹನುಮಂತಪ್ಪ',5',56',ಹೆಣ್ಣು',',NAYAK',HOUSE -WIFE',NO'
MVJ2466779',ರಾಮಾಂಜಿನಪ್ಪ',ಹನುಮಂತಪ್ಪ',5',36',ಗಂಡು',',NAYAK',KOOLI',NO'
ALQ3050747',ಗಂಗಾಧರಪ್ಪ',ಹನುಮಂತರಾಯಪ',5',36',ಗಂಡು',',NAYAK',KOOLI',NO'
ALQ1853555',ಸುಮಲತಾ',ರಾಮಾಂಜಿ',5',32',ಹೆಣ್ಣು',',NAYAK',KOOLI',NO'
ALQ2102200',ಎನ್ ನರಸಿಂಹ ಮೂರ್ತಿ',ನಂಜುಂಡಪ್ಪ',7',27',ಗಂಡು',',NAYAK',KOOLI',NO'
ALQ2707032',ಕೆ ಲಕ್ಷ್ಮಮ್ಮ',ಎನ್ ಶ್ರೀರಾಮಯ್ಯ',8',76',ಹೆಣ್ಣು',',NAYAK',RETAIRED-GOVT-EMPLOYEE',NO'
ALQ2049013',ಸಿ ಎಸ್ ಸುರೇಶ್ ಬಾಬು',ಶ್ರೀರಾಮಯ್ಯ',8',55',ಗಂಡು',',NAYAK',GOVT-TEACHER',NO'
ALQ1853258',ಆರ್ ಓ ಪದ್ಮಾವತಿ',ಸಿ ಎನ್ ನರಸಿಂಹಮೂರ್ತಿ',8',44',ಹೆಣ್ಣು',',NAYAK',HOUSE -WIFE',NO'
ALQ2245645',ಸುಜನ ಸಿ ಎನ್',ಸಿ ಎಸ್ ನರಸಿಂಹಮೂರ್ತಿ',8',26',ಹೆಣ್ಣು',YES',NAYAK',DOCTOR',NO'
ALQ2507770',ಶಿರೀಷ ಸಿ ಎನ್',ನರಸಿಂಹಮೂರ್ತಿ ಎಸ್',8',23',ಹೆಣ್ಣು',',NAYAK',HOUSE -WIFE',NO'
ALQ2707107',ಲಕ್ಷ್ಮಮ್ಮ',ನಂಜಪ್ಪ',10',55',ಹೆಣ್ಣು',',NAYAK',KOOLI',NO'
MVJ2385003',ಎನ್ ನರಸಿಂಹಮೂರ್ತಿ',ನಂಜಪ್ಪ',10',39',ಗಂಡು',',NAYAK',KOOLI',NO'
ALQ2204162',ನಂಜುಂಡಪ್ಪ',ಗಂಗಪ್ಪ',11',59',ಗಂಡು',',NAYAK',KOOLI',NO'
ALQ1411818',ಕಮಲಮ್ಮ',ನಂಜುಂಡಪ್ಪ',11',53',ಹೆಣ್ಣು',',NAYAK',KOOLI',NO'
ALQ2707115',ನರಸಿಂಹಪ್ಪ',ಗಂಗಪ್ಪ',11',53',ಗಂಡು',',NAYAK',KOOLI',NO'
ALQ2098770',ಎನ್ ಗಿರೀಶ',ನಂಜುಂಡಪ್ಪ',11',27',ಗಂಡು',',NAYAK',KOOLI',NO'
ALQ2507705',ಸಿ ಎನ್ ಮನೋಹರ',ನಂಜುಂಡಪ್ಪ',11',23',ಗಂಡು',',NAYAK',KOOLI',NO'
ALQ2970051',ಭಾಸ್ಕರ ಎನ್',ನರಸಿಂಹಪ್ಪ',11',22',ಗಂಡು',',NAYAK',KOOLI',NO'
ALQ3023652',ಕವಿತ ಎನ್',ನರಸಿಂಹಪ್ಪ',11',21',ಹೆಣ್ಣು',YES',NAYAK',HOUSE -WIFE',NO'
ALQ2707123',ಜಿ ಗಂಗಾಧರಪ್ಪ',ಗಂಗಪ್ಪ',12',75',ಗಂಡು',',NAYAK',KOOLI',NO'
ALQ2707131',ಆಶ್ವತ್ತಮ್ಮ',ಜಿ ಗಂಗಾಧರಪ್ಪ',12',66',ಹೆಣ್ಣು',',NAYAK',KOOLI',NO'
ALQ0262832',ನರಸಿಂಹಮೂರ್ತಿ ಜಿ',ಗಂಗಾಧರಪ್ಪ ಜಿ',12',33',ಗಂಡು',',NAYAK',WATERMAN',NO'
ALQ2049021',ಟಿ ಎನ್ ಗೀತ',ಜಿ ನರಸಿಂಹಮೂತಿ',12',29',ಹೆಣ್ಣು',',NAYAK',KOOLI',NO'
ALQ3212941',ಶ್ರಾವಣಿ ಯು',ಉಮೇಶ್ ಕೆ',12',19',ಹೆಣ್ಣು',',BHOVI',KOOLI',NO'
ALQ2048981',ಜಿ ರಾಮಾಂಜನಪ್ಪ',ಲೇಟ್ ಗಂಗಪ್ಪ',1ಎ',65',ಗಂಡು',',NAYAK',AGED',NO'
ALQ2048999',ನಂಜಮ್ಮ',ರಾಮಾಂಜಿನಪ್ಪ',1',45',ಹೆಣ್ಣು',',NAYAK',KOOLI',NO'
ALQ1411834',ಸುಬ್ಬರಾಯಪ್ಪ',ಗಂಗಪ್ಪ',13',65',ಗಂಡು',',NAYAK',KOOLI',NO'
ALQ1853274',ರತ್ನಮ್ಮ',ಸುಬ್ಬರಾಯಪ್ಪ',13',53',ಹೆಣ್ಣು',',NAYAK',KOOLI',NO'
MVJ2384808',ಚಂದ್ರಶೇಖರ',ಸುಬ್ಬರಾಯಪ್ಪ',13',37',ಗಂಡು',',NAYAK',KOOLI',NO'
ALQ1230093',ಭಾಗ್ಯ',ಚಂದ್ರಶೇಖರ್',13',33',ಹೆಣ್ಣು',',NAYAK',KOOLI',NO'
ALQ2109171',ಪ್ರಕಾಶ',ಗಂಗಾಧರಪ್ಪ',15',35',ಗಂಡು',',KURUBA',KOOLI',NO'
ALQ1853282',ದೊಡ್ಡ ಲಕ್ಷ್ಮಮ್ಮ',ಗಂಗಪ್ಪ',16',79',ಹೆಣ್ಣು',',NAYAK',KOOLI',NO'
ALQ2707149',ದಾಳಪ್ಪ',ಗಂಗಪ್ಪ',16',43',ಗಂಡು',',NAYAK',KOOLI',NO'
ALQ1411891',ಜಿ ನಾರಾಯಣ',ಗಂಗಪ್ಪ',16',40',ಗಂಡು',',NAYAK',KOOLI',NO'
ALQ1853571',ಕವಿತ',ನಾರಾಯಣಪ್ಪ',16',36',ಹೆಣ್ಣು',',NAYAK',KOOLI',NO'
ALQ1853589',ನಾಗಮಣಿ ಎನ್',ದಾಳಪ್ಪ',16',33',ಹೆಣ್ಣು',',NAYAK',KOOLI',NO'
ALQ2049039',ಜಿ ನರಸಿಂಹಮೂರ್ತಿ',ಗಂಗಪ್ಪ',16',29',ಗಂಡು',',NAYAK',TAILOR',NO'
ALQ1411925',ದಾಳಮ್ಮ',ಸಿದ್ದಲಿಂಗಪ್ಪ',17',53',ಹೆಣ್ಣು',',NAYAK',KOOLI',NO'
ALQ2707156',ಎಸ್ ನಾಗರಾಜು',ಸಿದ್ದಲಿಂಗಪ್ಪ',17',41',ಗಂಡು',',NAYAK',SHEEP-FARMING',NO'
MVJ2386175',ಸುಬ್ಬಮ್ಮ',ನಾಗರಾಜು',17',39',ಹೆಣ್ಣು',',NAYAK',HOUSE -WIFE',NO'
MVJ2385029',ಮೂರ್ತಿ ಎಸ್',ಸಿದ್ದಲಿಂಗಪ್ಪ',17',38',ಗಂಡು',',NAYAK',KOOLI',NO'
ALQ0263517',ಎಸ್ ಸುಧಾಕರ',ಸಿದ್ದಲಿಂಗಪ್ಪ',17',3',ಗಂಡು',',NAYAK',',YES'
ALQ2529188',ನಾಗಮಣಿ ಎನ್',ಮೂರ್ತಿ ಎಸ್',17',27',ಹೆಣ್ಣು',',NAYAK',KOOLI',NO'
ALQ2707164',ಸುಬ್ಬರಾಯಪ್ಪ',ನರಸಪ್ಪ',18',57',ಗಂಡು',',NAYAK',KOOLI',NO'
ALQ2707172',ಶ್ರೀರಾಮಪ್ಪ',ನರಸಪ್ಪ',18',53',ಗಂಡು',',NAYAK',KOOLI',NO'
ALQ3004090',ಎಸ್ ನರೇಶ',ಸುಬ್ಬರಾಯಪ್ಪ',18',24',ಗಂಡು',',NAYAK',SHOP-WORKER',NO'
ALQ2970093',ಸುನಿಲ್ ಎಸ್',ಶ್ರೀರಾಮಪ್ಪ',18',22',ಗಂಡು',',NAYAK',SHEEP-FARMING',NO'
ALQ3204070',ಅನಿಲ್',ಶ್ರೀರಾಮಪ್ಪ ತಂದೆ',18',20',ಗಂಡು',',NAYAK',FACTORY WORKER',NO'
ALQ0263186',ಗೌರಮ್ಮ',ದೊಡ್ಡ ಬೋಡಪ್ಪ',19',80',ಹೆಣ್ಣು',',NAYAK',HOUSE -WIFE',NO'
ALQ1411958',ದೊಡ್ಡ ಬೋಡಪ್ಪ',ನರಸಿಂಹಪ್ಪ',19',75',ಗಂಡು',',NAYAK',',NO'
ALQ2101608',ಬಿ ಶಾರದ ಇತರೆ ಸಂಬಂಧಿಯ',ದೊದ್ಧ ಬೊಡ್ಡಪ್ಪ',19',27',ಹೆಣ್ಣು',',NAYAK',HOUSE -WIFE',NO'
ALQ2707180',ಬುಡ್ಡಮ್ಮ',ನಂಜಪ್ಪ',20',61',ಹೆಣ್ಣು',',DELETED',',NO'
ALQ0263210',ಪಾರ್ವತಮ್ಮ ತಾಯಿಯ',ಬುಡ್ಡಮ್ಮ',20',37',ಹೆಣ್ಣು',',NAYAK',HOUSE -WIFE',NO'
ALQ1411974',ಅಶ್ವತ್ತಮ್ಮ',ನರಸಿಂಹಪ್ಪ',22',78',ಹೆಣ್ಣು',',NAYAK',HOUSE -WIFE',NO'
ALQ1853597',ಟಿ ಎನ್ ಭಾಗ್ಯಮ್ಮ',ಲಕ್ಷ್ಮೀನರಸಪ್ಪ',22',41',ಹೆಣ್ಣು',',NAYAK',HOUSE -WIFE',NO'
MVJ3417334',ಲಕ್ಷ್ಮೀನರಸಪ್ಪ',ನರಸಿಂಹಪ್ಪ',22',39',ಗಂಡು',',NAYAK',FARMER',NO'
MVJ2384832',ಶ್ರೀನಿವಾಸ ಎನ್',ನರಸಿಂಹಪ್ಪ',22',37',ಗಂಡು',',DELETED',',NO'
ALQ0264366',ಎನ್ ಮಂಜುನಾಥ',ಎನ್ ನರಸಿಂಹ',22',37',ಗಂಡು',',NAYAK',KOOLI',NO'
ALQ2049047',ಕೆ ಎಂ ರಾಧ',ಎನ್ ಶ್ರೀನಿವಾಸ',22',34',ಹೆಣ್ಣು',',DELETED',',NO'
ALQ3099470',ಹೇಮಾಶ್ರಿ ಕೆ ಎಸ್',ಎನ್ ಮಂಜುನಾಥ',22',20',ಹೆಣ್ಣು',',NAYAK',HOUSE -WIFE',NO'
ALQ1853308',ಸುನಂದಮ್ಮ',ನರಸಪ್ಪ',24',51',ಹೆಣ್ಣು',',NAYAK',HOUSE -WIFE',NO'
ALQ1412022',ಗಂಗಾಧರಪ್ಪ',ಪಲ್ಲೆನ್ನ',24',44',ಗಂಡು',',NAYAK',SEEPER',NO'
ALQ0263632',ಸಾವಿತ್ರಮ್ಮ',ಪಿ ಗಂಗಾಧರಪ್ಪ',24',37',ಹೆಣ್ಣು',',NAYAK',FACTORY WORKER',NO'
ALQ2548600',ಅಪರ್ಣ ಎನ್',ಎನ್ ರಾಜಗೋಪಾಲ',24',28',ಹೆಣ್ಣು',',NAYAK',HOUSE -WIFE',NO'
ALQ2548568',ರಾಜಗೊಪಾಲ ಎನ್ ತಾಯಿಯ',ಸುನಂದಮ್ಮ',24',26',ಗಂಡು',',NAYAK',KEB-LINEMAN',NO'
ALQ2707222',ಗಂಗಮ್ಮ',ಗಂಗಪ್ಪ',26',72',ಹೆಣ್ಣು',',NAYAK',HOUSE -WIFE',NO'
MVJ2466811',ಅಕ್ಕಲಮ್ಮ',ಗೋವಿಂದಪ್ಪ',26',42',ಹೆಣ್ಣು',',NAYAK',HOUSE -WIFE',NO'
ALQ1412030',ಅಶ್ವತ್ತಪ್ಪ',ಕುಂಟಗಂಗಪ್ಪ',27',63',ಗಂಡು',',NAYAK',',NO'
ALQ1412048',ಸಾವಿತ್ರಮ್ಮ',ಅಶ್ವತ್ತಪ್ಪ',27',53',ಹೆಣ್ಣು',',NAYAK',HOUSE -WIFE',NO'
ALQ1412055',ರಾಮಪ್ಪ',ನ್ಯಾತಪ್ಪ',29',56',ಗಂಡು',',NAYAK',KOOLI',NO'
ALQ2707230',ನಂಜಮ್ಮ',ರಾಮಪ್ಪ',29',49',ಹೆಣ್ಣು',',NAYAK',KOOLI',NO'
ALQ2707248',ನರಸಿಂಹಯ್ಯ',ನ್ಯಾತಪ್ಪ',29',48',ಗಂಡು',',NAYAK',KOOLI',NO'
ALQ2707255',ಪೆದ್ದನ್ನ',ನ್ಯಾತಪ್ಪ',29',46',ಗಂಡು',',NAYAK',KOOLI',NO'
ALQ1412063',ನಾರಾಯಣಸ್ವಾಮಿ',ನ್ಯಾತಪ್ಪ',30',51',ಗಂಡು',',NAYAK',KOOLI',NO'
ALQ1412071',ನರಸಮ್ಮ',ನಾರಾಯಣಸ್ವಾಮಿ',30',46',ಹೆಣ್ಣು',',NAYAK',KOOLI',NO'
ALQ2707271',ಗಂಗರತ್ನಮ್ಮ',ಗಂಗಾಧರಪ್ಪ',31',51',ಹೆಣ್ಣು',',NAYAK',KOOLI',NO'
ALQ3190063',ಮಮತ ಜಿ',ಗಂಗಾಧರಪ್ಪ',31',19',ಹೆಣ್ಣು',YES',NAYAK',HOUSE -WIFE',NO'
MVJ2385011',ಗೋಪಾಲ ಡಿ',ದಾಳಪ್ಪ',32',41',ಗಂಡು',',NAYAK',KOOLI',NO'
ALQ2707297',ಡಿ ಅಶ್ವತ್ತಪ್ಪ',ದಾಳಪ್ಪ',32',40',ಗಂಡು',',NAYAK',SMALL-SHOP',NO'
ALQ0264168',ಡಿ ಎನ್ ಮಂಜುಳ',ಡಿ ಆಶ್ವತ್ಥಪ್ಪ',32',36',ಹೆಣ್ಣು',',NAYAK',GARMENTS',NO'
ALQ1853605',ಎ ಭಾಗ್ಯಮ್ಮ',ಡಿ ಗೊಪಾಲ',32',31',ಹೆಣ್ಣು',',NAYAK',HOUSE -WIFE',NO'
ALQ1411628',ಸಿ ಎನ್ ನರಸಿಂಹಮೂರ್ತಿ',ನಾರಾಯಣಪ್ಪ',3ಎ',48',ಗಂಡು',YES',NAYAK',GOVT-GOLLEGE-CLERK',NO'
MVJ2466746',ಗಂಗರತ್ನಮ್ಮ',ನರಸಿಂಹಮೂರ್ತಿ',3ಎ',38',ಹೆಣ್ಣು',YES',NAYAK',HOUSE -WIFE',NO'
ALQ3190154',ನಯನ ಸಿ ಎನ್',ನರಸಿಂಹಮೂರ್ತಿ ಎನ್',3ಎ',19',ಹೆಣ್ಣು',YES',NAYAK',HOUSE -WIFE',NO'
ALQ1412089',ಡಿ ಗಂಗಾಧರಪ್ಪ',ದಾಳಪ್ಪ',33',46',ಗಂಡು',',NAYAK',AGED',NO'
MVJ2386522',ಮಲ್ಲಮ್ಮ',ಡಿ ಗಂಗಾಧರಪ್ಪ',33',40',ಹೆಣ್ಣು',',NAYAK',HOUSE -WIFE',NO'
MVJ3417433',ಜಯಪ್ರಕಾಶ ಸಿ',ಚಿನ್ನಪ್ಪಯ್ಯ',34',40',ಗಂಡು',',NAYAK',ELECTRICIAN',NO'
ALQ2707321',ಅಶ್ವತ್ತಪ್ಪ',ಪೂಲಗಂಗಪ್ಪ',35',53',ಗಂಡು',',NAYAK',KOOLI',NO'
ALQ2707339',ಅಶ್ವತ್ತಮ್ಮ',ಅಶ್ವತ್ತಪ್ಪ',35',46',ಹೆಣ್ಣು',',NAYAK',KOOLI',NO'
ALQ3099231',ಅನಿತಾ ಎಸ್',ಶಿವಪ್ಪ',351',21',ಹೆಣ್ಣು',YES',NAYAK',HOUSE -WIFE',NO'
ALQ2707354',ಆದಿಲಕ್ಷ್ಮಮ್ಮ',ಸುಬ್ಬಣ್ಣ',37',80',ಹೆಣ್ಣು',',NAYAK',HOUSE -WIFE',NO'
ALQ2707347',ಸುಬ್ಬಣ್ಣ',ನ್ಯಾತಪ್ಪ',37',79',ಗಂಡು',',NAYAK',AGED',NO'
ALQ2707362',ಲಕ್ಷ್ಮಮ್ಮ',ನಂಜುಂಡಪ್ಪ',39',86',ಹೆಣ್ಣು',',NAYAK',HOUSE -WIFE',NO'
ALQ2707388',ಲಕ್ಷ ಲಕ್ಷ್ಮಮ್ಮ',ನಾರಾಯಣಪ್ಪ',40',63',ಹೆಣ್ಣು',',NAYAK',HOUSE -WIFE',NO'
ALQ2049088',ಎನ್ ಶ್ರೀನಿವಾಸ್',ನಾರಾಯಣಪ್ಪ',40',49',ಗಂಡು',',NAYAK',SWEEPER',NO'
ALQ2049104',ಗಂಗಮ್ಮ',ನರಸಿಮ್ಮಪ್ಪ',40',40',ಹೆಣ್ಣು',YES',NAYAK',HOUSE -WIFE',NO'
MVJ2384790',ಲಕ್ಷ್ಮೀಕಾಂತ ಎನ್',ನಾರಾಯಣಪ್ಪ',40',39',ಗಂಡು',',NAYAK',FACTORY WORKER',NO'
ALQ2049096',ಎನ್ ನಾಗರತ್ನ',ಲಕ್ಷ್ಮೀಕಾಂತ',40',29',ಹೆಣ್ಣು',',NAYAK',HOUSE -WIFE',NO'
ALQ2707404',ಪೂಲಮಲ್ಲಣ್ಣ',ಪೂಲಗಂಗಪ್ಪ',42',49',ಗಂಡು',',NAYAK',KOOLI',NO'
ALQ2970119',ಗಂಗರಾಜ ಎಂ',ಮಲ್ಲಪ್ಪ',42',27',ಗಂಡು',',NAYAK',KOOLI',NO'
ALQ1411669',ಗೌರಮ್ಮ',ನರಸಿಂಹಪ್ಪ',4ಎ',78',ಹೆಣ್ಣು',',NAYAK',AGED',NO'
ALQ1411677',ನರಸಿಂಹಪ್ಪ',ನರಸಿಂಹಪ್ಪ',4ಎ',63',ಗಂಡು',',NAYAK',AGED',NO'
ALQ1411685',ನಾಗರಾಜ',ನರಸಿಂಹಪ್ಪ',4ಎ',46',ಗಂಡು',',NAYAK',MESTRI',NO'
MVJ2466712',ಶಾಂತಮ್ಮ',ನಾಗರಾಜ',4ಎ',38',ಹೆಣ್ಣು',',NAYAK',KOOLI',NO'
ALQ3050739',ಶಿವಶಂಕರ್',ಗಂಗಪ್ಪ',6',45',ಹೆಣ್ಣು',',NAYAK',KOOLI',NO'
ALQ2707420',ದಾಳಮ್ಮ',ಕರೋತಿಮ್ಮಯ್ಯ',43',78',ಹೆಣ್ಣು',',NAYAK',AGED',NO'
MVJ3417342',ಲಕ್ಷ್ಮೀನರಸಪ್ಪ',ಕತಿಮ್ಮಯ್ಯ',43',46',ಗಂಡು',',NAYAK',KOOLI',NO'
ALQ1853365',ರತ್ನಮ್ಮ',ಲಕ್ಷ್ಮೀನರಸಪ್ಪ',43',41',ಹೆಣ್ಣು',',NAYAK',HOUSE -WIFE',NO'
MVJ2385037',ಅಶ್ವತ್ಥನಾರಾಯಣ',ಕರೋತಿಮ್ಮಯ್ಯ',43',39',ಗಂಡು',',NAYAK',GAARE',NO'
MVJ2466720',ಶಾಂತಮ್ಮ',ಅಶ್ವತ್ಥನಾರಾಯಣ',43',38',ಹೆಣ್ಣು',',NAYAK',KOOLI',NO'
ALQ3189685',ರವಿಕಿರಣ್ ಎ',ಅಶ್ವತ್ಥನಾರಾಯಣಪ್ಪ',43',19',ಗಂಡು',',NAYAK',SHEEEP-FARMING',NO'
ALQ2707446',ಗಂಗಮ್ಮ',ಡಿ ರಾಮಯ್ಯ',44',80',ಹೆಣ್ಣು',',NAYAK',HOUSE -WIFE',NO'
ALQ2707438',ಡಿ ರಾಮಯ್ಯ',ದಾಳಪ್ಪ',44',78',ಗಂಡು',',NAYAK',',NO'
ALQ1853373',ಆರ್ ರಮೇಶ',ರಾಮಯ್ಯ',44',29',ಗಂಡು',',NAYAK',SHOP-WORKER',NO'
ALQ3163573',ಅಶ್ವಿನಿ',ಆರ್ ರಮೇಶ',44',24',ಹೆಣ್ಣು',',NAYAK',HOUSE -WIFE',NO'
MVJ3418340',ಡಿ ಲಕ್ಷ್ಮಯ್ಯ',ದಾಳಪ್ಪ',45',78',ಗಂಡು',',NAYAK',',NO'
MVJ3417862',ಲಕ್ಷ್ಮಮ್ಮ',ಡಿ ಲಕ್ಷ್ಮಯ್ಯ',45',77',ಹೆಣ್ಣು',',NAYAK',HOUSE -WIFE',NO'
MVJ3417490',ನರಸಿಂಹಮೂರ್ತಿ',ಲಕ್ಷ್ಮಯ್ಯ',45',36',ಗಂಡು',',NAYAK',GAARE',NO'
ALQ2049120',ಎಲ್ ರವಿ',ಡಿ ಲಕ್ಷ್ಮಯ್ಯ',45',36',ಗಂಡು',',NAYAK',BANK-WORKER',NO'
ALQ3023645',ರಾಮಲೀಲಾಜೆ ಎಸ್',ಎಲ್ ರವಿ',45',32',ಹೆಣ್ಣು',',NAYAK',TAILOR',NO'
ALQ3023751',ಪವಿತ್ರ',ನರಸಿಂಹಮೂರ್ತಿ',45',24',ಹೆಣ್ಣು',',NAYAK',HOUSE -WIFE',NO'
ALQ2707461',ಅಶ್ವತ್ತಮ್ಮ',ಎನ್ ನರಸಿಂಹ',46',62',ಹೆಣ್ಣು',',NAYAK',HOUSE -WIFE',NO'
ALQ0818757',ನರಸಿಂಹಮೂರ್ತಿ',',',42',ಗಂಡು',',DELETED',',NO'
MVJ2384899',ತಿಮ್ಮನಾಯಕ ಸಿ ಎನ್',ನರಸಿಂಹ ಎನ್',46',37',ಗಂಡು',',NAYAK',PLUMBER',NO'
MVJ4442547',ವರಲಕ್ಷ್ಮೀ',ನರಸಿಂಹಮೂರ್ತಿ',46',35',ಹೆಣ್ಣು',',NAYAK',HOUSE -WIFE',NO'
ALQ2529238',ಎ ಅನಿತಾ',ತಿಮ್ಮನಾಯಕ ಸಿ ಎನ್',46',32',ಹೆಣ್ಣು',',NAYAK',HOUSE -WIFE',NO'
ALQ0264499',ಎನ್ ಪಾಂಡುರಂಗ',ಗೇಟ್ ನರಸಿಂಹಪ್ಪ',47',49',ಗಂಡು',',NAYAK',AGED',NO'
MVJ3417540',ಕೆ ಚಂದ್ರಹಾಸ',ನರಸಿಂಹಪ್ಪ',47',37',ಗಂಡು',',NAYAK',STUDIO',NO'
ALQ2706984',ನರಸಿಂಹಪ್ಪ',ಪಲ್ಲೆನ್ನ',6 1',59',ಗಂಡು',',NAYAK',',NO'
ALQ1411719',ಲಕ್ಷ್ಮಮ್ಮ',ನರಸಿಂಹಪ್ಪ',6 1',51',ಹೆಣ್ಣು',',NAYAK',HOUSE -WIFE',NO'
ALQ2970101',ಎ ನೇತ್ರ',ಎನ್ ಅಶ್ವತ್ಥನಾರಾಯಣ',6 1',32',ಹೆಣ್ಣು',',NAYAK',HOUSE -WIFE',NO'
ALQ2049005',ಎನ್ ಅಶ್ವಥನಾರಾಯಣ',ನರಸಿಂಹಪ್ಪ',6 1',29',ಗಂಡು',',NAYAK',UNEMPLOYED',NO'
ALQ1411727',ಅಶ್ವತ್ತಪ್ಪ',ಪಲ್ಲೆನ್ನ',6 2',66',ಗಂಡು',',NAYAK',AGED',NO'
ALQ1411735',ರತ್ನಮ್ಮ',ಅಶ್ವತ್ತಪ್ಪ',6 2',59',ಹೆಣ್ಣು',',NAYAK',HOUSE -WIFE',NO'
ALQ1230028',ಶಿವಶಂಕರ ಎ',ಅಶ್ವತ್ಥಪ್ಪ ಪಿ',6 2',34',ಗಂಡು',',NAYAK',CENTRING',NO'
ALQ3163946',ಕವಿತ ಸಿ ಹೆಚ್',ವೇಣುಗೋಪಾಲನಾಯಕ ಎ',6 2',22',ಹೆಣ್ಣು',',NAYAK',HOUSE -WIFE',NO'
MVJ3417672',ವೇಣುಗೋಪಾಲನಾಯಕ',ಅಸ್ಪೃಷ್ಣಪ್ಪ ಪಿ',6 2',36',ಗಂಡು',',NAYAK',BANK-WORKER',NO'
ALQ1411768',ಆಂಜಿನಮ್ಮ',ಬಾಬನ್ನ',7ಎ',51',ಹೆಣ್ಣು',',NAYAK',HOUSE -WIFE',NO'
MVJ2385227',ನಾರಾಯಣಪ್ಪ',ಗಂಗಪ್ಪ',7ಬಿ',65',ಗಂಡು',',NAYAK',AGED',NO'
MVJ2385466',ಹನುಮಕ್ಕ',ನಾರಾಯಣಪ್ಪ',7ಬಿ',53',ಹೆಣ್ಣು',',NAYAK',HOUSE -WIFE',NO'
ALQ2707024',ಅಂಜಪ್ಪ',ಗಂಗಪ್ಪ',7ಸಿ',51',ಗಂಡು',',NAYAK',AGED',NO'
MVJ2385482',ಶಾಂತಮ್ಮ',ಅಂಜಪ್ಪ',7ಸಿ',44',ಹೆಣ್ಣು',',NAYAK',HOUSE -WIFE',NO'
ALQ2507762',ಪದ್ಮ',ಅಂಜಪ್ಪ',7ಸಿ',23',ಹೆಣ್ಣು',YES',NAYAK',HOUSE -WIFE',NO'
ALQ2970069',ಗಂಗರಾಜು',ಅಂಜಿನಪ್ಪ',7ಸಿ',22',ಗಂಡು',',DELETED',',NO'
ALQ2707008',ನರಸಿಂಹಪ್ಪ',ಗಂಗಪ್ಪ',7ಡಿ',66',ಗಂಡು',',NAYAK',RETAIRED-RAILWAY-WORKER',NO'
ALQ2707016',ಜಯಮ್ಮ',ನರಸಿಂಹಪ್ಪ',7ಡಿ',57',ಹೆಣ್ಣು',',NAYAK',HOUSE -WIFE',NO'
ALQ1411743',ನಂಜುಂಡಪ್ಪ',ಕುಂಟಗಂಗಪ್ಪ',72',66',ಗಂಡು',',NAYAK',AGED',NO'
ALQ1411750',ಸಾಕಮ್ಮ',ನಂಜುಂಡಪ್ಪ',72',57',ಹೆಣ್ಣು',',NAYAK',HOUSE -WIFE',NO'
ALQ2245652',ಭವ್ಯ ಪಿ',ಪಾಂಡುರಂಗಪ್ಪ',78',27',ಹೆಣ್ಣು',',NAYAK',HOUSE -WIFE',NO'
ALQ2374510',ವಿ ಮಹೇಶ್',ವೆಂಕಟರವಣಪ್ಪ',85',30',ಗಂಡು',',BHOVI',TRACTOR-DRIVEER',NO'
ALQ2707057',ನರಸಕ್ಕ',ರಾಮಪ್ಪ',9 1',76',ಹೆಣ್ಣು',',NAYAK',HOUSE -WIFE',NO'
ALQ2707065',ನರಸನ್ನ',ರಾಮಪ್ಪ',9 2',61',ಗಂಡು',',NAYAK',AGED',NO'
ALQ1411792',ರತ್ನಮ್ಮ',ನರಸನ್ನ',9 2',51',ಹೆಣ್ಣು',',NAYAK',HOUSE -WIFE',NO'
ALQ2507713',ಎನ್ ಹರೀಶ',ನರಸಪ್ಪ',9 2',25',ಗಂಡು',',NAYAK',SHEEP-FARMING',NO'
ALQ2707073',ಅಶ್ವತ್ಥಪ್ಪ',ರಾಮಪ್ಪ',9 3',66',ಗಂಡು',',NAYAK',SHEEP-FARMING',NO'
MVJ2384840',ಮೂರ್ತಿ ಎ',ಅಶ್ವತ್ಥಪ್ಪ',93',37',ಗಂಡು',',NAYAK',PAINTER',NO'
ALQ1853563',ಶ್ಯಾಮಲ ಹೆಚ್ ಎನ್',ನರಸಿಂಹಮೂರ್ತಿ',93',31',ಹೆಣ್ಣು',',NAYAK',ANGANAWADI-HELPER',NO'
MVJ2385490',ಲಕ್ಷ್ಮಮ್ಮ',ಕೃಷ್ಣಪ್ಪ',93ಎ',45',ಹೆಣ್ಣು',',NAYAK',HOUSE -WIFE',NO'
MVJ2384683',ಜಗನ್ನಾಥ',ಚಿನ್ನಪ್ಪಯ್ಯ',93ಎ',42',ಗಂಡು',YES',NAYAK',GOVERMENT EMPLOYEE',NO'
MVJ2385458',ಗಂಗರತ್ನಮ್ಮ',ನರಸಿಂಹಪ್ಪ',11',40',ಹೆಣ್ಣು',',NAYAK',HOUSE -WIFE',NO'
MVJ2384709',ಶ್ರೀರಾಮಪ್ಪ',ಗಂಗಪ್ಪ',14 2',49',ಗಂಡು',',DELETED',',NO'
ALQ1411867',ಲಕ್ಷ್ಮಿದೇವಮ್ಮ',ಶ್ರೀರಾಮಪ್ಪ',14 2',43',ಹೆಣ್ಣು',',NAYAK',HOUSE -WIFE',NO'
MVJ2384824',ವೇಣುಗೋಪಾಲ',ಶ್ರೀರಾಮಪ್ಪ',14 2',37',ಗಂಡು',',NAYAK',GAARE',NO'
ALQ0262626',ಬಾಬು',ಶ್ರೀರಾಮಪ್ಪ',14 2',33',ಗಂಡು',',NAYAK',GAARE',NO'
ALQ0263202',ಜ್ಯೋತಿ',ವೇಣುಗೋಪಾಲ',14 2',32',ಹೆಣ್ಣು',',NAYAK',FACTORY WORKER',NO'
ALQ2548584',ಪಿ ರೋಜಾ',ಬಾಬು',14',24',ಹೆಣ್ಣು',',NAYAK',FACTORY WORKER',NO'
ALQ2126936',ಲಕ್ಷ್ಮೀದೇವಮ್ಮ',ಶ್ರೀರಾಮಪ್ಪ',18ಎ',44',ಹೆಣ್ಣು',',NAYAK',HOUSE -WIFE',NO'
ALQ2249845',ಶೋಭಾ ಎ',ಸುರೇಶ ಎಮ್',216',25',ಹೆಣ್ಣು',',KURUBA',BANK-WORKER',NO'
ALQ1411982',ಗಂಗಮ್ಮ',ಅಶ್ವತ್ತಪ್ಪ',3 1',81',ಹೆಣ್ಣು',',NAYAK',HOUSE -WIFE',NO'
ALQ1411990',ವೇಣುಗೋಪಾಲ',ಅಶ್ವತ್ತಪ್ಪ',23 1',46',ಗಂಡು',',NAYAK',GOVT-TEACHER',NO'
ALQ1853290',ನಕಂತಿಯಾ ಫಾತಿಮ ಸೈದ',ನ್ಯಾತಪ್ಪ',23 1',40',ಗಂಡು',',NAYAK',AGED',NO'
ALQ1412006',ಗಾಯಿತ್ರಿ',ಅಶ್ವತ್ತಪ್ಪ',23 1',39',ಹೆಣ್ಣು',',NAYAK',HOUSE -WIFE',NO'
MVJ3417920',ರಾಧಮ್ಮ',ವೇಣುಗೋಪಾಲ',3 1',37',ಹೆಣ್ಣು',',NAYAK',HOUSE -WIFE',NO'
MVJ3418076',ಜೆ ನಾಗೇಶ್',ಎನ್ ಗಂಗಾಧರಪ್ಪ',23 2',39',ಗಂಡು',',NAYAK',ELECTRICIAN',NO'
ALQ2049054',ಎಸ್ ಪವಿತ್ರ',ಜಿ ನಾಗೇಶ್',1 2',30',ಹೆಣ್ಣು',',NAYAK',HOUSE -WIFE',NO'
ALQ2375608',ಜಿ ಯಶೋಧ',ಶಿವಕುಮಾರ್',246',26',ಹೆಣ್ಣು',',NAYAK',HOUSE -WIFE',NO'
ALQ2377059',ಮೋಹನ್ ವೈ',ಯಲ್ಲಪ್ಪ',264',27',ಗಂಡು',',NAYAK',CENTRING',NO'
ALQ2245660',ಜಿ ಮಂಜುಳಾ',ಸಿ ಎನ್ ರಮೇಶ',278',27',ಹೆಣ್ಣು',',NAYAK',HOUSE -WIFE',NO'
ALQ2376754',ಸತೀಶ ಜಿ',ಗಂಗಾಧರಪ್ಪ',288',25',ಗಂಡು',',NAYAK',FARMER',NO'
MVJ2386332',ಅಶ್ವತ್ಥಮ್ಮ',ಪದ್ದನ್ನ',29ಎ',38',ಹೆಣ್ಣು',',NAYAK',HOUSE -WIFE',NO'
MVJ3417870',ಪದ್ಮ',ನರಸಿಂಹಯ್ಯ',29ಎ',38',ಹೆಣ್ಣು',',NAYAK',ASHAA-WORKER',NO'
ALQ1853332',ಚಂದ್ರಕಲ',ಕೆ ಎಸ್ ಸಿದ್ದಲಿಂಗಪ್ಪ',30 ಎ',42',ಹೆಣ್ಣು',',NAYAK',HOUSE -WIFE',NO'
ALQ3118155',ಕೆ ಎಸ್ ಭಾಸ್ಕರ',ಕೆ ಎಸ್ ಸಿದ್ದಲಿಂಗಪ್ಪ',30 ಎ',23',ಗಂಡು',',NAYAK',CENTRING',NO'
ALQ2379642',ಆರ್ ಶಶಿಕುಮಾರ್',ರಾಮಣ್ಣ',313',25',ಗಂಡು',',NAYAK',UNEMPLOYED',NO'
ALQ3099868',ಆಶಾ ಎಸ್',ಆರ್ ಶಶಿ ಕುಮಾರ',313',23',ಹೆಣ್ಣು',',NAYAK',HOUSE -WIFE',NO'
ALQ2049138',ಎನ್ ನಂದಿನಿ',ಲಕ್ಷ್ಮೀಕಾಂತ',320',29',ಹೆಣ್ಣು',',BHOVI',FACTORY WORKER',NO'
ALQ2529196',ಅಲುವೇಲಮ್ಮ',ತಿಮ್ಮಪ್ಪ',324',25',ಹೆಣ್ಣು',YES',BHOVI',HOUSE -WIFE',NO'
ALQ2529204',ತೇಜಸ್ ಕುಮಾರ್ ಟಿ',ತಿಮ್ಮಪ್ಪ',324',23',ಗಂಡು',',BHOVI',TRUCK-DRIVER',NO'
ALQ3099025',ಅಪರ್ಣ ಎಂ',ತೇಜಸ್ ಕುಮಾರ್ ಟಿ',324',22',ಹೆಣ್ಣು',',BHOVI',HOUSE -WIFE',NO'
ALQ2461689',ಆದಿಲಕ್ಷ್ಮೀ',ನಾಗಪ್ಪ',325',31',ಹೆಣ್ಣು',',BHOVI',HOUSE -WIFE',NO'
ALQ1409606',ಸಿ ಎನ್ ರಮೇಶ್',ಜಿ ನಾರಾಯಣಪ್ಪ',327',36',ಗಂಡು',',KURUBA',FARMER',NO'
ALQ0818369',ಕೆ ಮಂಜುಳ',ಎನ್ ಅಶ್ವತ್ಥಪ್ಪ',327',35',ಹೆಣ್ಣು',',KURUBA',HOUSE -WIFE',NO'
ALQ0819110',ಸಿ ಎನ್ ಸುರೇಶ್',ಜಿ ನಾರಾಯಣಪ್ಪ',327',31',ಗಂಡು',YES',KURUBA',GOVERMENT EMPLOYEE',NO'
ALQ3207107',ಶ್ವೇತಾ ಬಿ ಜಿ',ಸಿ ಎನ್ ಸುರೇಶ್',327',27',ಹೆಣ್ಣು',',KURUBA',HOUSE -WIFE',NO'
ALQ2529279',ಎನ್ ಸಂದೀಪ್',ಜಿ ನಾಗಯ್ಯ',328',25',ಗಂಡು',',KURUBA',SHOP-WORKER',NO'
ALQ3099132',ಗೋಪಿ ಜಿ',ಗಂಗಾಧರಪ್ಪ',328',22',ಗಂಡು',',KURUBA',SHOP-WORKER',NO'
ALQ3163862',ಸಿ ಅಶೋಕ ಬಾಬು',ಚಿಕ್ಕಣ್ಣ',328',22',ಗಂಡು',',KURUBA',SHOP-WORKER',NO'
ALQ3189396',ಎಂ ಪವನ್ ಕುಮಾರ್',ಎನ್ ಮುದ್ದಕೃಷ್ಣ',331',19',ಗಂಡು',',KURUBA',COMPOUNDER',NO'
ALQ2236420',ಗೋವರ್ಧನ ಕೆ',ಕೃಷ್ಣಪ್ಪ',332',26',ಗಂಡು',',KURUBA',SHOP-ORKER',NO'
ALQ2507697',ಸಿ ಕೆ ಸೋಮಶೇಖರ',ಕೃಷ್ಣಪ್ಪ',332',23',ಗಂಡು',',KURUBA',FACTORY WORKER',NO'
ALQ1853340',ಗಂಗಪ್ಪ',ದಾಳಪ್ಪ',33ಎ',48',ಗಂಡು',',NAYAK',',NO'
MVJ2386530',ಸಾಕಮ್ಮ',ಡಿ ಗಂಗಪ್ಪ',33ಎ',43',ಹೆಣ್ಣು',',NAYAK',HOUSE -WIFE',NO'
ALQ3189990',ಜಿ ರಾಕೇಶ',ಗಂಗಪ್ಪ',33ಎ',21',ಗಂಡು',',NAYAK',SHOP-WORKER',NO'
MVJ2387199',ಡಿ ನರಸಿಂಹಪ್ಪ',ದಾಳಪ್ಪ',33ಬಿ',63',ಗಂಡು',',NAYAK',EX-RAILWAY-EMPLOYEE',NO'
MVJ2387207',ಜಯಮ್ಮ',ಡಿ ನರಸಿಂಹಪ್ಪ',33ಬಿ',53',ಹೆಣ್ಣು',',NAYAK',HOUSE -WIFE',NO'
ALQ2049062',ಎನ್ ಹರೀಶ',ನರಸಿಂಹಪ್ಪ',33ಬಿ',32',ಗಂಡು',',NAYAK',UNEMPLOYED',NO'
ALQ3004108',ಪವಿತ್ರವಿ ಎಸ್',ಎನ್ ಹರೀಶ',33ಬಿ',28',ಹೆಣ್ಣು',',NAYAK',COMPOUNDER',NO'
ALQ2105179',ಮಹೇಶ್ ಆನ್',ಡಿ ನರ್ಶಿಮ್ಮಪ್ಪ',33ಬಿ',27',ಗಂಡು',',NAYAK',AUTO-DRIVER',NO'
ALQ2249852',ತಿಮ್ಮಕ್ಕ',ಮುದ್ದಪ್ಪ',333',37',ಹೆಣ್ಣು',',KURUBA',HOUSE-KEEPINH',NO'
ALQ0818377',ಎಂ ಸುರೇಶ್',ಮುದ್ದಪ್ಪ',333',34',ಗಂಡು',',KURUBA',SHOP-WORKER',NO'
ALQ0818005',ಎನ್ ಆಶಾ',ರಾಮಾಂಜಿ ಜಿ',334',35',ಹೆಣ್ಣು',',BHOVI',HOUSE -WIFE',NO'
ALQ3023710',ಎಸ್ ವೇಣುಗೋಪಾಲ್',ಶ್ರೀನಿವಾಸ',336',21',ಗಂಡು',',BHOVI',SHOP-WORKER',NO'
ALQ3198215',ಕೀರ್ಥನ',ವೇಣುಗೋಪಾಲ',336',19',ಹೆಣ್ಣು',',BHOVI',HOUSE -WIFE',NO'
ALQ3194289',ಮಂಜುನಾಥ',ಶ್ರೀನಿವಾಸ',336',19',ಗಂಡು',',BHOVI',SHOP-WORKER',NO'
ALQ0015396',ಟಿ ಹರಿಪ್ರಸಾದ್',ಜಿ ತಿಮ್ಮಯ್ಯ',339',34',ಗಂಡು',',BHOVI',AUTO-DRIVER',NO'
ALQ0818351',ಟಿ ಯಶೋಧ',ನಾಗರಾಜು',339',31',ಹೆಣ್ಣು',YES',BHOVI',HOUSE -WIFE',NO'
ALQ2049146',ಟಿ ಮಂಜುನಾಥ',ಜಿ ತಿಮ್ಮಯ್ಯ',339',29',ಗಂಡು',',BHOVI',AUTO-DRIVER',NO'
ALQ2548576',ಮಂಜುಳ ವಿ',ಟಿ ಮಂಜುನಾಥ',339',29',ಹೆಣ್ಣು',',BHOVI',HOUSE -WIFE',NO'
ALQ3099249',ನರೇಂದ್ರಬಾಬುವೈ',ಯಲ್ಲಪ್ಪ',340',23',ಗಂಡು',',BHOVI',UNEMPLOYED',NO'
ALQ0265231',ಜ್ಯೋತಿ',ರಾಮಾಂಜಿನಪ್ಪ',341',35',ಹೆಣ್ಣು',',KURUBA',GARMENTS',NO'
ALQ0819938',ವಿ ರಂಗನಾಥ',ವೆಂಕಟರವಣಪ್ಪ',341',32',ಗಂಡು',',BHOVI',CENTRING',NO'
ALQ3050754',ಗಂಗಮ್ಮ',ವಿ ರಂಗನಾಥ',341',28',ಹೆಣ್ಣು',',BHOVI',HOUSE -WIFE',NO'
ALQ2707313',ಚಂದ್ರಶೇಖರ',ಚಿಕ್ಕಪ್ಪಯ್ಯ',34ಎ',53',ಗಂಡು',',NAYAK',GAARE',NO'
MVJ2466803',ನರಸಮ್ಮ',ಚಂದ್ರಶೇಖರ',34ಎ',44',ಹೆಣ್ಣು',',NAYAK',HOUSE -WIFE',NO'
ALQ1412097',ರಾಮಕೃಷ್ಣಪ್ಪಸಿ',ಚಿಕ್ಕಪ್ಪಯ್ಯ',34ಬಿ',48',ಗಂಡು',',NAYAK',',NO'
MVJ2386167',ಶಶಿಕಲ',ರಾಮಕೃಷ್ಣಪ್ಪ',34ಬಿ',44',ಹೆಣ್ಣು',',NAYAK',HOUSE -WIFE',NO'
ALQ1853357',ಜೆ ಸುಗುಣ',ಸಿ ಜಯಪ್ರಕಾಶ್',34ಬಿ',29',ಹೆಣ್ಣು',',NAYAK',HOUSE -WIFE',NO'
ALQ3073012',ಶ್ವೇತ ಆರ್',ರಾಮಕೃಷ್ಣಪ್ಪ',34ಬಿ',21',ಹೆಣ್ಣು',YES',NAYAK',HOUSE -WIFE',NO'
ALQ2376325',ಸಿಎ ಉಮೇಶ್ ಬಾಬು',ಆನಂದ ಸಿ ವೈ',344',26',ಗಂಡು',',BHOVI',FARMER',NO'
ALQ3023694',ಎಸ್ ಮೇಘ',ವಿ ವಿ ಶ್ರೀನಿವಾಸ',345',22',ಹೆಣ್ಣು',YES',BHOVI',HOUSE -WIFE',NO'
ALQ2204188',ರಾಮಾಂಜಿನಮ್ಮ',ರವಿ',347',35',ಹೆಣ್ಣು',YES',BHOVI',HOUSE -WIFE',NO'
ALQ2970044',ನವೀನ್ ಕುಮಾರ್ ಎ',ಅಶ್ವತ್ಥಪ್ಪ',348',22',ಗಂಡು',',BHOVI',FACTORY WORKER',NO'
ALQ1853431',ಎನ್ ಆನಂದ',ನಾಗಯ್ಯ',351',29',ಗಂಡು',',KURUBA',HAPPALA-BUSINESS',NO'
ALQ3072980',ಗಾಯತ್ರಿಕೆ ಎ',ಎನ್ ಆನಂದ',351',29',ಹೆಣ್ಣು',',KURUBA',HOUSE -WIFE',NO'
ALQ3133212',ದಿನೇಶ್\u200c ಕುಮಾರ್\u200c ಹೆಚ್',ಹನುಮಂತಪ್ಪ ಎನ್',351',21',ಗಂಡು',',KURUBA',FACTORY WORKER',NO'
ALQ1409655',ಬಿ ರವಿಕುಮಾರ',ಬೀರಪ್ಪ',352',34',ಗಂಡು',',KURUBA',RAILWAY-EMPLOYEE',NO'
ALQ1409663',ಬಿ ಮಂಜುನಾಥ',ಬೀರಪ್ಪ',352',34',ಗಂಡು',',KURUBA',UNEMPLOYED',YES'
ALQ1409671',ಡಿ ನಾಗಮಾಣಿ',ಗಂಗಪ್ಪ',352',30',ಹೆಣ್ಣು',',KURUBA',SHEEP-FARMING',NO'
ALQ2529162',ಸರಸ್ವತಿ',ಬಿ ರವಿ ಕುಮಾರ್',352',25',ಹೆಣ್ಣು',YES',KURUBA',HOUSE -WIFE',NO'
ALQ1409689',ಪದ್ಮಾವತಿ',ಸಿ ವೈ ಗಂಗಾಧರ',353',38',ಹೆಣ್ಣು',YES',BHOVI',HOUSE -WIFE',NO'
ALQ2480283',ಮಮತ ಜಿ',ಅಶ್ವತ್ಥಮ್ಮ ವಿ',353',32',ಹೆಣ್ಣು',YES',BHOVI',HOUSE -WIFE',NO'
ALQ2479244',ಲಾವಣ್ಯಜಿ',ಗಂಗಪ್ಪ ಹೆಚ್',353',29',ಹೆಣ್ಣು',',BHOVI',MOBILE-SHOP-WORKER',NO'
ALQ2479418',ಪದ್ಮನಾಭ ಜಿ',ಗಂಗಪ್ಪ ಹೆಚ್',353',24',ಗಂಡು',',BHOVI',CENTRING',NO'
ALQ3126315',ಸಿ ಎ ಯಶೋಧ',ಸಿ ವೈ ಆನಂದ್',353',23',ಹೆಣ್ಣು',',BHOVI',HOUSE -WIFE',NO'
ALQ2049153',ಜಿ ಶ್ರೀನಾಥ ತಾಯಿಯ',ಲಕ್ಷ್ಮಮ್ಮ',355',31',ಗಂಡು',',KURUBA',UNEMPLOYED',NO'
ALQ1853449',ಸಿ ವೈ ತ್ರಿವೇಣಿ',ಯಲ್ಲಪ್ಪ',360',29',ಹೆಣ್ಣು',YES',KURUBA',HOUSE -WIFE',NO'
ALQ3098985',ಅಂಬರೀಶ್ ಆರ್',ರಾಮಪ್ಪ',362',22',ಗಂಡು',',KURUBA',SHOP-WORKER',NO'
ALQ3023736',ಯಶೋಧ ಎಂ',ಅಶ್ವತ್ಥನಾರಾಯಣ',364',34',ಹೆಣ್ಣು',YES',BHOVI',HOUSE -WIFE',NO'
ALQ2376234',ಯಮುನ ವೈ',ಅಶೋಕ',364',29',ಹೆಣ್ಣು',',BHOVI',FACTORY WORKER',NO'
ALQ3072998',ಗಿರೀಶ ಯು',ಉಮೇಶ ಕೆ',364',22',ಗಂಡು',',BHOVI',UNEMPLOYED',NO'
ALQ1409705',ಯಲ್ಲಮ್ಮ ತಾಯಿಯ',ಹನುಮಕ್ಕ',365',52',ಹೆಣ್ಣು',',BHOVI',HOUSE -WIFE',NO'
ALQ2049179',ವಿ ರಘು',ವೆಂಕಟರವಣಪ್ಪ',369',29',ಗಂಡು',',BHOVI',AUTO-DRIVER',NO'
ALQ2970036',ಜಿರಾಧಮ್ಮ',ಗುರುವಪ್ಪ',370',33',ಹೆಣ್ಣು',',BHOVI',HOUSE -WIFE',NO'
ALQ1409739',ಎವೈ ಚಂದ್ರಿಕಾ',ಕೆಲಕ್ಷ್ಮೀಪತಿ',372',36',ಹೆಣ್ಣು',',BHOVI',HOUSE -WIFE',NO'
ALQ2708063',ಸಿ ವೈ ಪುಷ್ಪಾಂಜಲಿ',ಹೆಚ್ ರಮೇಶ್ ಬಾಬ',374',44',ಹೆಣ್ಣು',',BHOVI',HOUSE -WIFE',NO'
ALQ2708097',ವಿ ಮಂಜುನಾಥ',ವೈ ವೆಂಕಟರವಣಪ',375',43',ಗಂಡು',',BHOVI',FARMER',NO'
ALQ1409747',ಸಿ ವಿ ಯಶೋಧ',ವೆಂಕಟರವಣಪ್ಪ',375',32',ಹೆಣ್ಣು',YES',BHOVI',HOUSE -WIFE',NO'
ALQ2049195',ವಿ ಶ್ರೀನಿವಾಸ',ವೆಂಕಟರವಣಪ್ಪ',375',29',ಗಂಡು',',BHOVI',UNEMPLOYED',NO'
ALQ2529170',ವಸಂತ ಲಕ್ಷ್ಮೀ ಎನ್',ವಿ ಲಕ್ಷ್ಮೀ ನಾರಾಯ',375',28',ಹೆಣ್ಣು',',BHOVI',HOUSE -WIFE',NO'
ALQ3073004',ವರಲಕ್ಷ್ಮೀ',ವಿ ಶ್ರೀನಿವಾಸ',375',22',ಹೆಣ್ಣು',',BHOVI',HOUSE -WIFE',NO'
MVJ4283487',ಮಹದೇವಪ್ಪ',ಗಂಗಪ್ಪ',377',85',ಗಂಡು',',DELETED',',NO'
MVJ4283826',ಗಂಗಮ್ಮ',ಮಹದೇವಪ್ಪ',377',73',ಹೆಣ್ಣು',',KURUBA',HOUSE -WIFE',NO'
MVJ4283834',ಲಕ್ಷ್ಮಮ್ಮ',ಮಹದೇವಪ್ಪ',377',65',ಹೆಣ್ಣು',',KURUBA',HOUSE -WIFE',NO'
MVJ4283511',ಹೆಚ್ ಎನ್ ವೆಂಕಟೇಶ್ ಮೂರ್ತಿ',ಮಹದೇವಪ್ಪ',377',45',ಗಂಡು',',KURUBA',CYCLE-REPAIRER',NO'
MVJ4283727',ಸಿದ್ದಗಂಗಮ್ಮ',ಹೆಚ್ ಎಮ್ ವೆಂಕಟೇಶ್ ಮೂರ್ತಿ',377',37',ಹೆಣ್ಣು',',KURUBA',KOOLI',NO'
ALQ2110369',ಎಚ್\u200cಎಮ್ ಮಮತ',ಮಹಾದೇವಪ್ಪ',377',29',ಹೆಣ್ಣು',',KURUBA',HOME-GUARD',NO'
ALQ3163581',ಹೆಚ್ ವಿ ಗೋವಿಂದರಾಜು',ವೆಂಕಟೇಶ ಮೂರ್ತಿ ಹೆಚ್ ಎಮ್',377',20',ಗಂಡು',',KURUBA',FACTORY WORKER',NO'
MVJ3417839',ಲಕ್ಷ್ಮೀನರಸಮ್ಮ',ಅಶ್ವತ್ಥಪ್ಪ',41ಎ',79',ಹೆಣ್ಣು',',NAYAK',AGED',NO'
ALQ1412121',ಗೋವಿಂದಪ್ಪ',ತಿಮ್ಮದಾಸಪ್ಪ',48ಎ',68',ಗಂಡು',',KURUBA',AGED',NO'
MVJ3417680',ಅಶ್ವತ್ಥನಾರಾಯಣ',ಗೋವಿಂದಪ್ಪ',48ಎ',46',ಗಂಡು',',KURUBA',FARMER',NO'
MVJ3418100',ಪದ್ಮಾವತಮ್ಮ',ಅಶ್ವತ್ಥನಾರಾಯಣ',48ಎ',38',ಹೆಣ್ಣು',',KURUBA',HOUSE -WIFE',NO'
ALQ3023744',ಅಶೋಕ್\u200c ಬಾಬುಸಿ ಎ',ಅಶ್ವತ್ಥನಾರಾಯಣ',48ಎ',21',ಗಂಡು',',KURUBA',',NO'
ALQ3190196',ಶ್ವೇತ ಸಿಎ',ಅಶ್ವತ್ಥನಾರಾಯಣ',48ಎ',19',ಹೆಣ್ಣು',',KURUBA',PRIVATE JOB',NO'
ALQ1412154',ಎನ್ ಮಂಜುನಾಥ',ನರಸಿಂಹಪ್ಪ',48ಬಿ',45',ಗಂಡು',',NAYAK',GOVT-TEACHER',NO'
ALQ2175024',ಸುಮಿತ್ರ ವಿ ',ರಾಮಾಂಜಿನಮ',2644',29',ಹೆಣ್ಣು',',BHOVI',HOUSE -WIFE',NO'
ALQ2970077',ಅನುಷ ಕೆ ಎಸ್',ಸಿದ್ದಲಿಂಗಪ್ಪ ಕೆ ಎಸ್',301ಎ',25',ಹೆಣ್ಣು',',NAYAK',HOUSE -WIFE',NO'
ALQ0818302',ಜಿ ಪ್ರಕಾಶ್',ಎನ್ ಗಂಗಾಧರಪ್ಪ',329ಎ',33',ಗಂಡು',',KURUBA',FACTORY WORKER',NO'
ALQ3207099',ಪ್ರೇಮಲತಡಿ',ಜಿ ಪ್ರಕಾಶ್',328ಎ',23',ಹೆಣ್ಣು',',KURUBA',HOUSE -WIFE',NO'
ALQ0818088',ರತ್ನಮ್ಮ',ಅಶ್ವತ್ಥಪ್ಪ ಎಂ',333 ಬಿ',34',ಹೆಣ್ಣು',',KURUBA',HOUSE -WIFE',NO'
ALQ2104776',ಸುನೀತಾ',ಪ್ರಕಾಶ',333ಬಿ',31',ಹೆಣ್ಣು',',KURUBA',HOUSE -WIFE',NO'
ALQ3189529',ಶ್ರೀನಾಥ್ ಸಿ ಕೆ',ಕೃಷ್ಣಪ್ಪ',333ಸಿ',24',ಗಂಡು',',KURUBA',SHIOP-WORKER',NO'
ALQ1409630',ಹನುಮಂತರಾಯಪ್ಪ',ಲೇ ಹನುಮಂತಪ್ಪ',334 ಎ',38',ಗಂಡು',',BHOVI',GAARE',NO'
ALQ2126902',ಟಿ ಹನುಮಂತರಾಯಪ್ಪ',ಬಿ ತಿಮ್ಮಪ್ಪ',340 ಎ',29',ಗಂಡು',REPEATED',BHOVI',',NO'
ALQ2970127',ತೇಜಸ್ವಿನಿ ಹೆಚ್',ಹನುಮಂತರಾಯ',340ಎ',23',ಹೆಣ್ಣು',',BHOVI',SHOP-WORKER',NO'
ALQ1853639',ಲತಮ್ಮ',ಟಿ ಹನುಮಂತರಾಯಪ್ಪ',340 ಎ',41',ಹೆಣ್ಣು',',BHOVI',GAARE',NO'
ALQ1853407',ಅಂಜಿನಪ್ಪ',ವೈ ಹನುಮಂತಪ್ಪ',342 ಎ',29',ಗಂಡು',',BHOVI',UNEMPLOYED',NO'
ALQ1853415',ವೈ ಲಲಿತಮ್ಮ',ಯಲ್ಲಪ್ಪ',342 ಎ',29',ಹೆಣ್ಣು',',BHOVI',HOUSE -WIFE',NO'
ALQ3004082',ಎನ್ ಸುಬ್ಬರಾಯ',ನಾಗಯ್ಯ',351ಎ',25',ಗಂಡು',',KURUBA',HAPPALA-SELLER',NO'
ALQ2529220',ಅಶೋಕ್ ಕುಮಾರ್',ವೆಂಕಟರವಣಪ್ಪ',352ಎ',32',ಗಂಡು',',BHOVI',TRACTOR-DRIVER',NO'
ALQ3099223',ಬೇಬಿ ಶಾಲಿನಿ ಜಿ',ನವೀನ್ ಕುಮಾರ್',352 ಎ',23',ಹೆಣ್ಣು',',BHOVI',HOUSE -WIFE',NO'
ALQ2507630',ನಾಗೇಶ್ ಬಾಬುಸಿ ಎ',ಆನಂದ ಸಿ ವೈ',353 ಎ',24',ಗಂಡು',',BHOVI',',YES'
ALQ1409713',ಕುಸುಮ',ವಿ ವಿಶ್ವನಾಥ',367 1',33',ಹೆಣ್ಣು',',BHOVI',HOUSE -WIFE',NO'
ALQ2049161',ರಂಗಶ್ಯಾಮಯ್ಯ',ದಾಸನ್ನ ಬೋವಿ',369ಎ',38',ಗಂಡು',',BHOVI',UNEMPLOYED',NO'
ALQ2049203',ಅಲಮೇಲಮ್ಮ',ವೆಂಕಟೇಶಪ್ಪ',369ಎ',33',ಹೆಣ್ಣು',YES',BHOVI',HOUSE -WIFE',NO'
ALQ1853464',ಜಿ ಹರೀಶ',ಗುರುವಪ್ಪ',371 1',29',ಗಂಡು',',BHOVI',PLUMBER',NO'
ALQ2529253',ಪದ್ಮ ವಿ',ವೆಂಕಟೇಶ್',373 1',32',ಹೆಣ್ಣು',',BHOVI',HOUSE -WIFE',NO'
ALQ1853514',ಯಲ್ಲಮ್ಮ',ತಿಮ್ಮಯ್ಯ',373 1',72',ಹೆಣ್ಣು',',BHOVI',HOUSE -WIFE',NO'
ALQ2708048',ಟಿ ವೆಂಕಟೇಶ',ತಿಮ್ಮಯ್ಯ',373 1',52',ಗಂಡು',',BHOVI',UNEMPLOYED',NO'
ALQ2708055',ಟಿ ಸತೀಶ್ ಕುಮಾಶ್',',',44',ಗಂಡು',',DELETED',',NO'
ALQ2970085',ಮಂಜುಳ ಟಿ',373 1',',41',ಹೆಣ್ಣು',',DELETED',',NO'
ALQ1853472',ಜೆ ಕೆ ಮಂಜುಳ',ಸುದರ್ಶನ',373 2',29',ಹೆಣ್ಣು',',BHOVI',HOUSE -WIFE',NO'
ALQ2707040',ಕೆ ಎಸ್ ನರಸಿಂಹ ಮೂರ್ತಿ ಮೂರ್ತಿ',ಎನ್ ಶ್ರೀರಾಮಯ್ಯ',8',58',ಗಂಡು',',NAYAK',EX-GOVT-EMPLOYEE',NO'
ALQ2707099',ನಂಜಪ್ಪ',ದಾಳಪ್ಪ',10',61',ಗಂಡು',',NAYAK',',NO'
ALQ2707263',ಗಂಗಾಧರಪ್ಪ',ಚಿಕ್ಕಪ್ಪಯ್ಯ',31',57',ಗಂಡು',',NAYAK',SMALL-SHOP',NO'
ALQ2707412',ಗಂಗಮ್ಮ',ಪೂಲ ಮಲ್ಲಣ್ಣ',42',41',ಹೆಣ್ಣು',',NAYAK',HOUSE -WIFE',NO'
ALQ2707453',ಎನ್ ನರಸಿಂಹ',ನರಸಿಂಹಪ್ಪ',46',64',ಗಂಡು',',NAYAK',EX-GOVT-EMPLOYEE',NO'
ALQ1411784',ಕೃಷ್ಣಪ್ಪ',ರಾಮಪ್ಪ',9 1',48',ಗಂಡು',',NAYAK',AGED',NO'
ALQ2707081',ಕೃಷ್ಣಪ್ಪ',ಚಿನ್ನಪ್ಪಯ್ಯ',9 3ಎ',51',ಗಂಡು',',NAYAK',FARMER',NO'
ALQ2707198',ಎನ್ ಗಂಗಾಧರಪ್ಪ',ನ್ಯಾತಪ್ಪ',23 2',73',ಗಂಡು',',NAYAK',AGED',NO'
ALQ2707206',ಗಂಗಮ್ಮ',ಎನ್ ಗಂಗಾಧರಪ್ಪ',1 2',63',ಹೆಣ್ಣು',',NAYAK',HOUSE -WIFE',NO'
ALQ1412188',ಎಸ್ ಯಲ್ಲಪ್ಪ',ಸಂಜೀವಪ್ಪ',319',58',ಗಂಡು',',BHOVI',AGED',NO'
ALQ2707495',ಸಿದ್ದಮ್ಮ',ಯಲ್ಲಪ್ಪ',319',49',ಹೆಣ್ಣು',',BHOVI',HOUSE -WIFE',NO'
ALQ1412196',ಸುಬ್ಬಮ್ಮ',ಯಲ್ಲಪ್ಪ',320',64',ಹೆಣ್ಣು',',BHOVI',AGED',NO'
ALQ1412204',ವೈ ಲಕ್ಷ್ಮೀಕಾಂತ',ಯಲ್ಲಪ್ಪ',320',43',ಗಂಡು',',BHOVI',FACTORY WORKER',NO'
ALQ2707503',ಯಲ್ಲಮ್ಮ',ಹನುಮಂತರಾಯಪ್ಪ',321',64',ಹೆಣ್ಣು',',BHOVI',HOUSE -WIFE',NO'
ALQ1412212',ತಿಮ್ಮಪ್ಪ',ಗಂಗಪ್ಪ',324',64',ಗಂಡು',',BHOVI',EX-RAILWAY-EMPLOYEE',NO'
ALQ2707511',ಮುದ್ದಮ್ಮ',ತಿಮ್ಮಪ್ಪ',324',59',ಹೆಣ್ಣು',',BHOVI',HOUSE -WIFE',NO'
ALQ2707537',ಸಿದ್ದಗಂಗಮ್ಮ',ನಾಗಪ್ಪ',325',59',ಹೆಣ್ಣು',',KURUBA',HOUSE -WIFE',NO'
MVJ4284071',ಎನ್ ಶ್ರೀನಿವಾಸ',ನಾಗಪ್ಪ',325',35',ಗಂಡು',',BHOVI',GAARE',NO'
ALQ1412220',ಗಂಗಾಧರಪ್ಪ',ಗೌಡಯ್ಯ',326',69',ಗಂಡು',',KURUBA',',NO'
ALQ2707545',ಅಶ್ವತ್ಥಮ್ಮ',ಗಂಗಾಧರಪ್ಪ',326',54',ಹೆಣ್ಣು',',KURUBA',HOUSE -WIFE',NO'
ALQ1412238',ಜಿ ರಾಮಾಂಜಿ',ಗಂಗಾಧರಪ್ಪ',326',38',ಗಂಡು',',KURUBA',',YES'
ALQ1412246',ಜಿ ಮುದ್ದುಕೃಷ್ಣ',ಗಂಗಾಧರಪ್ಪ',326',36',ಗಂಡು',',KURUBA',UNEMPLOYED',NO'
ALQ1412253',ಕಾಂತಮ್ಮ',ಜಿ ಮುದ್ದುಕೃಷ್ಣ',326',36',ಹೆಣ್ಣು',',KURUBA',HOUSE -WIFE',NO'
ALQ2707552',ಸಿ ಜಿ ನಾರಾಯಣಪ್ಪ',ಗೌಡಯ್ಯ',327',60',ಗಂಡು',',KURUBA',AGED',NO'
ALQ2707560',ಲಕ್ಷ್ಮಮ್ಮ',ನಾರಾಯಣಪ್ಪ',327',49',ಹೆಣ್ಣು',',KURUBA',HOUSE -WIFE',NO'
MVJ2469336',ಎನ್ ಅಶ್ವತ್ಥಪ್ಪ',ಬಿ ನಾರಾಯಣಪ್ಪ',327',39',ಗಂಡು',',KURUBA',BAR-CASIER',NO'
ALQ2707586',ನಾಗಯ್ಯ',ಗೌಡಯ್ಯ',328',50',ಗಂಡು',',KURUBA',AGED',NO'
MVJ2390979',ಪದ್ಮಕ್ಕ',ನಾಗಯ್ಯ',328',43',ಹೆಣ್ಣು',',KURUBA',HOUSE -WIFE',NO'
ALQ1412261',ತಿಮ್ಮಕ್ಕ',ದೊಡ್ಡನಾಗಪ್ಪ',329',84',ಹೆಣ್ಣು',',DELETED',',NO'
MVJ4283578',ಗಂಗಮ್ಮ',ಗಂಗಾಧರಪ್ಪ',329',60',ಹೆಣ್ಣು',',KURUBA',HOUSE -WIFE',NO'
MVJ2468064',ಸುಬ್ಬರಾಯಪ್ಪ',ದೊಡ್ಡನಾಗಪ್ಪ',329',42',ಗಂಡು',',KURUBA',SMALL-SHOP',NO'
MVJ2389385',ಭಾಗ್ಯಮ್ಮ',ಸುಬ್ಬರಾಯ',329',36',ಹೆಣ್ಣು',',KURUBA',HOUSE -WIFE',NO'
ALQ1412287',ಹೆಚ್ ನಾರಾಯಣಪ್ಪ',ಹನುಮಂತಪ್ಪ',331',63',ಗಂಡು',',KURUBA',FARMER',NO'
ALQ1412295',ನಂಜಮ್ಮ',ಹೆಚ್ ನಾರಾಯಣಪ್ಪ',331',56',ಹೆಣ್ಣು',',KURUBA',HOUSE -WIFE',NO'
MVJ2468072',ಎನ್ ಮುದ್ದುಕೃಷ್ಣ',ಹೆಚ್ ನಾರಾಯಣ',331',45',ಗಂಡು',',KURUBA',AUTO-DRIVER',NO'
MVJ2389377',ಕೆ ಎಲ್ ನಾಗರತ್ನಮ್ಮ',ಎಸ್ ಮುದ್ದುಕೃಷ್ಣ',331',38',ಹೆಣ್ಣು',',KURUBA',FACTORY WORKER',NO'
MVJ2467785',ಶಾಂತಮ್ಮ',ಎಸ್ ಕೃಷ್ಣಪ್ಪ',332',49',ಹೆಣ್ಣು',',KURUBA',SCHOOL-HELPER',NO'
ALQ1412329',ಆಂಜಮ್ಮ',ಮುದ್ದಪ್ಪ',333',74',ಹೆಣ್ಣು',',KURUBA',AGED',NO'
MVJ4283560',ಎಂ ಅಶ್ವತ್ಥಪ್ಪ',ಮುದ್ದಪ್ಪ',333',37',ಗಂಡು',',KURUBA',SHOP-WORKER',NO'
ALQ1412360',ರಾಮಾಂಜಿ',ಗಂಗನಬೊಯಿ',334',44',ಗಂಡು',',BHOVI',LIC-AGENT',NO'
ALQ1412378',ಗಂಗಧಾಮಪ್ಪ',ರಂಗಪ್ಪ',335',64',ಗಂಡು',',KURUBA',FARMER',NO'
ALQ1412386',ಲಕ್ಷ್ಮಮ್ಮ',ಗಂಗಧಾಮಪ್ಪ',335',59',ಹೆಣ್ಣು',',KURUBA',HOUSE -WIFE',NO'
MVJ3521432',ಶ್ರೀನಿವಾಸ ಜಿ',ಗಂಗಾಧರಪ್ಪ',335',44',ಗಂಡು',',KURUBA',FARMER',NO'
MVJ2468114',ಶೀನಪ್ಪ',ಗುರವಪ್ಪ',336',58',ಗಂಡು',',BHOVI',GAARE',NO'
MVJ2389286',ಗಂಗಮ್ಮ',ಶೀನಪ್ಪ',336',48',ಹೆಣ್ಣು',',BHOVI',HOUSE -WIFE',NO'
ALQ1412402',ರಾಮಪ್ಪ',ಗಂಗಪ್ಪ',337',54',ಗಂಡು',',KURUBA',SHEEP-FARMING',NO'
ALQ1412410',ಶಾಮಲಮ್ಮ',ರಾಮಪ್ಪ',337',44',ಹೆಣ್ಣು',',KURUBA',HOUSE -WIFE',NO'
ALQ1412428',ಜಯಮ್ಮ',ಹನುಮಪ್ಪ',338',65',ಹೆಣ್ಣು',',BHOVI',AGED',NO'
ALQ1412451',ಗಂಗಮ್ಮ',ಜಿ ತಿಮ್ಮಯ್ಯ',339',48',ಹೆಣ್ಣು',',BHOVI',AGED',NO'
MVJ2390862',ನಾಗರಾಜು',ಗುರುವನಭೋವಿ',339',42',ಗಂಡು',',BHOVI',REAL-EASTATE',NO'
ALQ1412469',ಯಲ್ಲಪ್ಪ',ಗಂಟಪ್ಪ',340',58',ಗಂಡು',',BHOVI',SHEEP-FARMING',NO'
ALQ2707628',ಗಂಗರತ್ನಮ್ಮ',ಯಲ್ಲಪ್ಪ',340',49',ಹೆಣ್ಣು',',BHOVI',HOUSE -WIFE',NO'
ALQ1412477',ವೆಂಕಟರವಣಪ್ಪ',ದೊಡ್ಡಯಲ್ಲಪ್ಪ',341',59',ಗಂಡು',',BHOVI',GAARE',NO'
ALQ2707644',ಟಿ ಎಲ್ಲಪ್ಪ',ತಿಮ್ಮನವಿ',342',64',ಗಂಡು',',DELETED',',NO'
ALQ2707677',ಹನುಮಕ್ಕ',ವೆಂಕಟರವಣಪ್ಪ',345',62',ಹೆಣ್ಣು',',BHOVI',AGED',NO'
MVJ2388965',ಹೆಚ್ ಗಂಗಪ್ಪ',ಹನುಮಂತರಾಯ',345',55',ಗಂಡು',',BHOVI',AGED',NO'
MVJ4284782',ವಿ ಶ್ರೀನಿವಾಸ',ವೆಂಕಟರಮಣಪ್ಪ',345',47',ಗಂಡು',',DELETED',',NO'
MVJ4283420',ಅಶ್ವತ್ಥಮ್ಮ',ಗಂಗಪ್ಪ',345',45',ಹೆಣ್ಣು',',BHOVI',HOUSE -WIFE',NO'
ALQ1412485',ಸತ್ಯನಾರಾಯಣ',ವೆಂಕಟರವಣಪ್ಪ',345',44',ಗಂಡು',',BHOVI',AGED',NO'
ALQ1412493',ನಾಗರತ್ನಮ್ಮ',ಶ್ರೀನಿವಾಸ',345',43',ಹೆಣ್ಣು',',BHOVI',HOUSE -WIFE',NO'
ALQ2707685',ವೆಂಕಟರವಣಪ್ಪ',ಪೂಜಾರಿಗಂಗಪ್ಪ',346',69',ಗಂಡು',',BHOVI',AGED',NO'
ALQ1412501',ಅನ್ನಪೂರ್ಣಮ್ಮ',ವೆಂಕಟರವಣಪ್ಪ',346',59',ಹೆಣ್ಣು',',BHOVI',AGED',NO'
MVJ4283438',ಯಲ್ಲಮ್ಮ',ಗಂಗಪ್ಪ',347',65',ಹೆಣ್ಣು',',BHOVI',AGED',NO'
ALQ1412519',ಸುಬ್ಬಯ್ಯ',ನಾ ಗಂಗಪ್ಪ',347',42',ಗಂಡು',',BHOVI',AUTO-DRIVER',NO'
ALQ1412527',ಜ್ಯೋತಿ',ಸುಬ್ಬಯ್ಯ',347',36',ಹೆಣ್ಣು',',BHOVI',HOUSE -WIFE',NO'
MVJ2390706',ಆನಂದ',ಗಂಗಪ್ಪ',347',36',ಗಂಡು',',DELETED',',NO'
MVJ4283982',ರವಿ',ನಾ ಗಂಗಪ್ಪ',347',35',ಗಂಡು',',BHOVI',GAARE',NO'
MVJ2467314',ಅಶ್ವತಪ್ಪ',ಜೂಲಪ್ಪ',348',49',ಗಂಡು',',BHOVI',GAARE',NO'
MVJ2467231',ನಾಗಮ್ಮ',ಅಶ್ವತಪ್ಪ',348',44',ಹೆಣ್ಣು',',BHOVI',HOUSE -WIFE',NO'
MVJ4284881',ಚೆನ್ನಪ್ಪಯ್ಯ',ಗುರುವನಭೋವಿ',349',65',ಗಂಡು',',BHOVI',AGED',NO'
MVJ4283404',ಗಂಗಮ್ಮ',ಚಿನ್ನಪ್ಪಯ್ಯ',349',60',ಹೆಣ್ಣು',',BHOVI',AGED',NO'
ALQ1412535',ಅಶ್ವತಮ್ಮ',ನಂಜುಂಡಪ್ಪ',350',64',ಹೆಣ್ಣು',',BHOVI',AGED',NO'
ALQ1412543',ಬೀರಪ್ಪ',ನಂಜುಂಡಪ್ಪ',350',43',ಗಂಡು',',KURUBA',FACTORY WORKER',NO'
MVJ2467777',ಅಶ್ವತ್ಥಮ್ಮ',ಬೀರಪ್ಪ',350',36',ಹೆಣ್ಣು',',KURUBA',HOUSE -WIFE',NO'
ALQ0265504',ಹನುಮಂತ',ಚಿಕ್ಕನಾಗಪ್ಪ',351',40',ಗಂಡು',',KURUBA',SHEEP-FARMING',NO'
MVJ2390961',ಮುದ್ದಮ್ಮ',ಹನುಮಂತ',351',36',ಹೆಣ್ಣು',',KURUBA',HOUSE -WIFE',NO'
ALQ2707735',ಲಕ್ಷ',ಚಿಕ್ಕತಿಮ್ಮನಭೋವಿ',352',64',ಹೆಣ್ಣು',',BHOVI',AGED',NO'
MVJ4284097',ಲಕ್ಕಮ್ಮ',ಬೀರಪ್ಪ',352',55',ಹೆಣ್ಣು',',KURUBA',HOUSE -WIFE',NO'
MVJ4283750',ಗಂಗಪ್ಪ',ಬೀರಪ್ಪ',352',40',ಗಂಡು',',KURUBA',SHEEP-FARMING',NO'
ALQ2707750',ಯಲ್ಲಮ್ಮ',ಯಲ್ಲಪ್ಪ',353',64',ಹೆಣ್ಣು',',BHOVI',HOUSE -WIFE',NO'
ALQ1412170',ಸರಸ್ವತಿ',ಸಿದ್ಧಪ್ಪ',353',43',ಹೆಣ್ಣು',',BHOVI',HOUSE -WIFE',NO'
ALQ2707784',ಹನುಮಂತಪ್ಪ',ಗಂಗಪ್ಪ',355',69',ಗಂಡು',',BHOVI',AGED',NO'
MVJ4283644',ಲಕ್ಷಮ್ಮ',ಲೇ ಗೋವಿಂದಪ್ಪ',355',49',ಹೆಣ್ಣು',',BHOVI',KOOLI',NO'
ALQ2126910',ಗಂಗಪ್ಪ',ಗಂಗಪ್ಪ',356',74',ಗಂಡು',',DELETED',',NO'
ALQ2204196',ಯಲ್ಲಪ್ಪ',ಗಂಗಪ್ಪ',357',66',ಗಂಡು',',BHOVI',KOOLI',NO'
ALQ2707792',ಪುಟ್ಟಲಕ್ಷ್ಮಮ್ಮ',ಟಿ ವೆಂಕಟರವಣಪ್ಪ',358',64',ಹೆಣ್ಣು',',BHOVI',HOUSE -WIFE',NO'
ALQ2707800',ವೆಂಕಟೇಶ',ಟಿ ವೆಂಕಟರವಣ',358',46',ಗಂಡು',',BHOVI',UNEMPLOYED',NO'
ALQ2707818',ಗಂಗಾಧರ',ಟಿ ವೆಂಕಟರವಣಪ್ಪ',358',44',ಗಂಡು',',BHOVI',GAARE',NO'
MVJ4283446',ಸುಬ್ಬಲಕ್ಷ್ಮಮ್ಮ',ವೆಂಕಟೇಶ',358',40',ಹೆಣ್ಣು',',BHOVI',HOUSE -WIFE',NO'
ALQ0818054',ಯಲ್ಲಪ್ಪ',ಜೂಲಪ್ಪ',360',56',ಗಂಡು',',BHOVI',MESTRI',NO'
ALQ2707826',ಯಲ್ಲಮ್ಮ',ಯಲ್ಲಪ್ಪ',360',49',ಹೆಣ್ಣು',',BHOVI',HOUSE -WIFE',NO'
ALQ2707834',ಗಂಗಮ್ಮ',ಕೊಂಡಪ್ಪ',364',64',ಹೆಣ್ಣು',',BHOVI',AGED',NO'
ALQ1412634',ಉಮೇಶ',ಕೊಂಡಪ್ಪ',364',44',ಗಂಡು',',BHOVI',AGED',NO'
ALQ1412642',ಅಶ್ವತ್ಥನಾರಾಯಣ',ಕೊಂಡಪ್ಪ',364',42',ಗಂಡು',',BHOVI',KOOLI',NO'
ALQ1412659',ಗೀತಮ್ಮ',ಉಮೇಶ',364',40',ಹೆಣ್ಣು',',BHOVI',HOUSE -WIFE',NO'
ALQ2707842',ಹನುಮಕ್ಕ',ದಾಸನಭೋವಿ',365',89',: ಹೆಣ್ಣು',',BHOVI',AGED',NO'
ALQ2707859',ಗಂಗಮ್ಮ',ದೊಡ್ಡತಿಮ್ಮನಭೋವಿ',366',84',ಗಂಡು',',BHOVI',AGED',NO'
ALQ2707867',ವೆಂಕಟೇಶ್',ದೊಡ್ಡತಿಮ್ಮನಭೋವಿ',366',52',ಗಂಡು',',BHOVI',FARMER',NO'
MVJ4284758',ದೇವಕ್ಕ',ವೆಂಕಟೇಶ್',366',41',ಹೆಣ್ಣು',',BHOVI',HOUSE -WIFE',NO'
ALQ2707883',ಮಲ್ಲಮ್ಮ',ವೆಂಕಟರವಣಪ್ಪ',367',62',ಹೆಣ್ಣು',',BHOVI',HOUSE -WIFE',NO'
ALQ2707891',ಶ್ರೀನಿವಾಸ ಮೂರ್ತಿ',ಜಿ ವೆಂಕಟರವಣಪ್ಪ',367',54',ಗಂಡು',',BHOVI',AGED',NO'
MVJ2389468',ನಾಗಮ್ಮ',ಶ್ರೀನಿವಾಸ ಮೂರ್ತಿ',367',43',ಹೆಣ್ಣು',',BHOVI',FACTORY WORKER',NO'
MVJ2467421',ವಿಶ್ವನಾಥ ವಿ',ವೆಂಕಟರವಣಪ್ಪ',367',41',ಗಂಡು',',BHOVI',GOVERMENT EMPLOYEE',NO'
MVJ2388569',ಹನುಮಕ್ಕ',ಜಿ ಯಲ್ಲಪ್ಪ',368',70',ಹೆಣ್ಣು',',BHOVI',AGED',NO'
MVJ2391381',ವೈ ನಾರಾಯಯಸ್ವಾಮಿ',ಜಿ ಯಲ್ಲಪ್ಪ',368',53',ಗಂಡು',',BHOVI',AGED',NO'
MVJ2388551',ಪುಷ್ಪ',ಜಿ ಯಲ್ಲಪ್ಪ',368',43',ಹೆಣ್ಣು',',BHOVI',HOUSE -WIFE',NO'
ALQ2707925',ಯಲ್ಲಮ್ಮ',ವೆಂಕಟರವಣಪ್ಪ',369',52',ಹೆಣ್ಣು',',BHOVI',AGED',NO'
ALQ2707933',ಅಶ್ವತ್ಥನಾರಾಯಣ',ವೆಂಕಟರವಣಪ್ಪ',369',48',ಗಂಡು',',BHOVI',UNEMPLOYED',NO'
MVJ2389476',ಲಲಿತಮ್ಮ',ಅಶ್ವತ್ಥನಾರಾಯಣ',369',36',ಹೆಣ್ಣು',',BHOVI',HOUSE -WIFE',NO'
ALQ2707958',ಲಕ್ಷ್ಮಮ್ಮ',ಗುರುವಪ್ಪ',370',74',ಹೆಣ್ಣು',',BHOVI',HOUSE -WIFE',NO'
ALQ2707966',ಶ್ರೀನಿವಾಸ',ಗುರುವಪ್ಪ',370',49',ಗಂಡು',',BHOVI',CENTRING',NO'
ALQ1853506',ರಾಮಕ್ಕೆ',ಕೊಂಡನ ಬೊಯಿ',372',74',ಹೆಣ್ಣು',',BHOVI',AGED',NO'
ALQ2708014',ಲಕ್ಷ್ಮೀಪತಿ',ಕೊಂಡನಬೊಯಿ',372',52',ಗಂಡು',',BHOVI',FARMER',NO'
MVJ4285300',ಯಲ್ಲಪ್ಪ',ಯಲ್ಲಪ್ಪ',374',70',ಗಂಡು',',BHOVI',DAIRY-SECRATARY',NO'
ALQ1412691',ಬಿ ಹೆಚ್ ಆಂಜಮ್ಮ',ಯಲ್ಲಪ್ಪ',374',62',ಹೆಣ್ಣು',',BHOVI',HOUSE -WIFE',NO'
MVJ4284493',ವಿ ಲಕ್ಷ್ಮಣ',ಎಂ ವೆಂಕಟರಮಣ',374',50',ಗಂಡು',',BHOVI',FARMER',NO'
ALQ1412709',ಹೆಚ್ ರಮೇಶ್\u200cಬಾಬು',ಹನುಮಪ್ಪ',374',48',ಗಂಡು',',BHOVI',FARMER',NO'
ALQ1853530',ಸಿ ವೈಲಕ್ಷ್ಮಿ',ವೇಂಕಟರಮಣಪ್ಪ',374',46',ಹೆಣ್ಣು',',BHOVI',HOUSE -WIFE',NO'
ALQ1412717',ವೈ ವೆಂಕಟರವಣಪ್ಪ',ಯಲ್ಲಪ್ಪ',375',72',ಗಂಡು',',BHOVI',FARMER',NO'
ALQ2708071',ತಿಮ್ಮಕ್ಕ',ವೈ ವೆಂಕಟರವಣತ',375',64',ಹೆಣ್ಣು',',BHOVI',HOUSE -WIFE',NO'
ALQ2708089',ವಿ ಲಕ್ಷ್ಮೀನಾರಾಯಣ',ವೈ ವೆಂಕಟರವಣಪ್ಪ',375',47',ಗಂಡು',',BHOVI',UNEMPLOYED',NO'
ALQ1412725',ವಿ ಶ್ರೀನಿವಾಸ',ವೈ ವೆಂಕಟರವಣತ',375',43',ಗಂಡು',',BHOVI',DAIRY WORKER',NO'
ALQ0264325',ಸಿ ಜಿ ಶೋಭಾ',ಎನ್ ಮಂಜುನಾಥ್',48ಬಿ',31',ಹೆಣ್ಣು',',NAYAK',HOUSE -WIFE',NO'
ALQ0264671',ಯಲ್ಲಮ್ಮ',ಹನುಮಪ್ಪ',325ಎ',80',ಹೆಣ್ಣು',',BHOVI',AGED',NO'
MVJ2390987',ರತ್ನಮ್ಮ',ಚಿಕ್ಕಣ್ಣ',328ಎ',46',ಹೆಣ್ಣು',',KURUBA',KOOLI',NO'
ALQ1412337',ಲಕ್ಷ್ಮಮ್ಮ',ಗಂಗಾಧರ',333ಎ',46',: ಹೆಣ್ಣು',',KURUBA',KOOLI',NO'
ALQ1412345',ಕೃಷ್ಣಪ್ಪ',ಮುದ್ದಪ್ಪ',333ಸಿ',46',ಗಂಡು',',KURUBA',SHEEP-FARMING',NO'
MVJ4283842',ಗಂಗರತ್ನಮ್ಮ',ಕೃಷ್ಣಪ್ಪ',333ಸಿ',39',ಹೆಣ್ಣು',',KURUBA',HOUSE -WIFE',NO'
ALQ2707610',ಧರ್ಮಯ್ಯ',ಗಂಗಪ್ಪ',337ಓ',71',ಗಂಡು',',KURUBA',AGED',NO'
ALQ2707602',ತುಳಸಮ್ಮ',ಧರ್ಮಯ್ಯ',337ಎ',54',ಹೆಣ್ಣು',',KURUBA',AGED',NO'
MVJ2387546',ವೆಂಕಟೇಶ',ಲೇ ಗಂಗಪ್ಪ',345ಎ',43',ಗಂಡು',',BHOVI',SHEP-FARMING',NO'
MVJ2466886',ಶಿವಮ್ಮ',ವೆಂಕಟೇಶ',345ಎ',38',ಹೆಣ್ಣು',',BHOVI',HOUSE -WIFE',NO'
ALQ2707701',ನಾಗಯ್ಯ',ಚಿಕ್ಕನಾಗಪ್ಪ',351ಎ',54',ಗಂಡು',',KURUBA',SHEEP-FARMING',NO'
ALQ2707719',ಸಿದ್ದಮ್ಮ',ನಾಗಯ್ಯ',351ಎ',44',ಹೆಣ್ಣು',',KURUBA',HOUSE -WIFE',NO'
ALQ2707727',ಶಿವಣ್ಣ',ಚಿಕ್ಕನಾಗಪ್ಪ',351ಬಿ',49',ಗಂಡು',',KURUBA',FARMER',NO'
MVJ4284238',ಜಯಲಕ್ಷ್ಮಮ್ಮ',ಶಿವಣ್ಣ',351ಬಿ',38',ಹೆಣ್ಣು',',KURUBA',FARMER',NO'
MVJ4284105',ಬೀರಪ್ಪ',ಗಂಗಪ್ಪ',352ಎ',70',ಗಂಡು',',KURUBA',EX-RAILWAY-WORKER',NO'
ALQ2707743',ವೆಂಕಟರವಣಪ್ಪ',ಚಿಕ್ಕತಿಮ್ಮನಮೋ',352ಎ',64',ಗಂಡು',',BHOVI',FARMER',NO'
ALQ2126928',ಹೇಮಾವತಿ',ವೆಂಕಟರವಣಪ್ಪ',352ಎ',49',ಹೆಣ್ಣು',',BHOVI',HOUSE -WIFE',NO'
ALQ2707768',ಆನಂದ',ಯಲ್ಲಪ್ಪ',353ಎ',48',ಗಂಡು',',BHOVI',',NO'
ALQ1412568',ಸಿ ವೈ ಗಂಗಾಧರ',ಯಲ್ಲಪ್ಪ',353ಬಿ',43',ಗಂಡು',',BHOVI',KOOLI',NO'
ALQ2707941',ವೆಂಕಟೇಶ',ವೆಂಕಟರವಣಪ್ಪ',369ಎ',54',ಗಂಡು',',BHOVI',KOOLI',NO'
ALQ2707974',ಗುರುವಪ್ಪ',ಪೂಜಾರಿ ಗಂಗಪ್ಪ',371 1',59',ಗಂಡು',',BHOVI',KOOLI',NO'
ALQ2707982',ನಾಗಮ್ಮ',ಗುರುವಪ್ಪ',371 1',52',ಹೆಣ್ಣು',',BHOVI',HOUSE -WIFE',NO'
MVJ2468296',ಜಿ ಶ್ರೀನಿವಾಸ',ಗುರುವಪ್ಪ',371 1',40',ಗಂಡು',',BHOVI',MESTRI',NO'
ALQ2708006',ಅಶ್ವತ್ಥನಾರಾಯಣ',ಪೂಜಾರಿ ಗಂಗಪ್ಪ',371 2',54',ಗಂಡು',',BHOVI',',NO'
ALQ1853498',ವೆಂಕಟಮ್ಮ',ಅಶ್ವತ್ಥನಾರಾಯಣ',371 2',46',ಹೆಣ್ಣು',',BHOVI',HOUSE -WIFE',NO'
ALQ2708030',ಟಿ ಜಗನ್ನಾಥ್',ತಿಮ್ಮಯ್ಯ',373 1',56',ಗಂಡು',',BHOVI',',NO'
MVJ4284741',ಪುಟ್ಟಮ್ಮ',ಜೂಲಪ್ಪ',373 2',73',ಹೆಣ್ಣು',',BHOVI',AGED',NO'
ALQ1412683',ಜೆ ಕೊಂಡಯ್ಯ',ಜೂಲಪ್ಪ',373 2',59',ಗಂಡು',',BHOVI',LIC-AGENT',NO'
MVJ4284840',ಜೆ ಅಶ್ವತ್ಥನಾರಾಯಣ',ಜೂಲಪ್ಪ',373 2',49',ಗಂಡು',',BHOVI',FARMER',NO'
MVJ4284725',ಜೆ ರವಿಕುಮಾರ್',ಜೂಲಪ್ಪ',373 2',45',ಗಂಡು',',BHOVI',HOUSE -WIFE',NO'
MVJ4285201',ಜೆ ಸುದರ್ಶನ್',ಜೂಲಪ್ಪ',373 2',43',ಗಂಡು',',BHOVI',KOOLI',NO'
MVJ4284733',ಅಶ್ವತ್ಥಮ್ಮ',ಜೆ ಅಶ್ವತ್ಥನಾರಾಯಣ',373 2',35',ಹೆಣ್ಣು',',BHOVI',HOUSE -WIFE',NO'
ALQ3238359',ಎಂ ಮದನ್ ಕುಮಾರ್',ತಿಮ್ಮಯ್ಯ',0',18',ಗಂಡು',',BHOVI',GAARE',NO'
ALQ3238367',ಭವ್ಯ ಕೆ ವಿ',ಮಹೇಶ್ ಎನ್',0',25',ಹೆಣ್ಣು',',NAYAK',HOUSE -WIFE',NO'
ALQ3251782',ಸುನೀತಾ ಕುಮಾರ್ I.',ಸುಬ್ಬರಾಯ ಎನ್',351A',19',ಹೆಣ್ಣು',',KURUBA',HOUSE -WIFE',NO'
ALQ3252731',ನಿರ್ಮಲ್ಲಾ ಸಿ ಜಿ',ಗೋವರ್ಧನ್ ಕೆ',332',18',ಹೆಣ್ಣು',',KURUBA',HOUSE -WIFE',NO'
AKB2511954',ಭಾನು s ಕೆ',ವೆಂಕಟಾರಾವನಪ್ಪ',0',30',ಗಂಡು',',',','
,',',',',',',',','
,',',',',',',',','
,',',',',',',',','
,',',',',',',',','
,',',',',',',',','
,',',',',',',',','
,',',',',',',',','
,',',',',',',',','
,',',',',',',',','
,',',',',',',',','
,',',',',',',',','
,',',',',',',',','
,',',',',',',',','
,',',',',',',',','
,',',',',',',',','
,',',',',',',',','
,',',',',',',',','
,',',',',',',',','
,',',',',',',',','
,',',',',',',',','
,',',',',',',',','
,',',',',',',',','
,',',',',',',',','
,',',',',',',',','
,',',',',',',',','
,',',',',',',',','
,',',',',',',',','
,',',',',',',',','
,',',',',',',',','
,',',',',',',',','
,',',',',',',',','
,',',',',',',',','
,',',',',',',',','
,',',',',',',',','
,',',',',',',',','
,',',',',',',',','
,',',',',',',',','
,',',',',',',',','
,',',',',',',',','
,',',',',',',',','
,',',',',',',',','
,',',',',',',',','
,',',',',',',',','
,',',',',',',',','
,',',',',',',',','
,',',',',',',',','
,ಸೇರ್ಪಡೆಗಳ ಪಟ್ಟಿ 1 28 01 2020 ಸೇರ್ಪಡೆಗೊಳಿ 490',ಎಂ ಮದನ್ ಕುಮಾರ್',ತಿಮ್ಮಯ್ಯ',0',18',',',','
,ಸಂಕ್ಷಿಪ್ತ ಪರಿಷ್ಕರಣೆ ಸರುಗಳು 491',ಭವ್ಯ ಕೆ ಎ',ಮಹೇಶ್ ಎನ್',0',25',',',','
,16 12 2019 ರಿಂದ ಗಂಡು',',',',',',',','
,',',',',',',',','
,',',',',',',',','
,',',',',',',',','
,',',',',',',',','
,',',',',',',',','
,',',',',',',',','
,',',',',',',',','
,',',',',',',',','
,',',',',',',',','
,',',',',',',',','
,',',',',',',',','
,',',',',',',',','
,',',',',',',',','
,',',',',',',',','
,',',',',',',',','
,',',',',',',',','
,',',',',',',',','
,',',',',',',',','
,',',',',',',',','
,',',',',',',',','
,',',',',',',',','
,',',',',',',',','
,',',',',',',',','
,',',',',',',',','
,',',',',',',',','
,',',',',',',',','
,',',',',',',',','
,,',',',',',',','
,,,',',',',',','
,,',',',',',',','