ALQ1111863',V NANJAMMA',N V VENKATESH',596',38',ಹೆಣ್ಣು'
ALQ0830836',N NARASIMHA REDDY',NARAYANAPPA',0',30',ಗಂಡು'
ALQ0041392',CHANDRASHEKARA REDDY',SHRIRAMA REDDY',663A',43',ಗಂಡು'
CTR5240932',SATHISH N S',SHRIRAMA REDDY',663A',34',ಗಂಡು'
ALQ0041384',MANJULA',CHANDRASHEKARA REDDY',663D',38',ಹೆಣ್ಣು'
ALQ3188489',PAVITHRA C',B N CHANDRASHEKAR',0',19',ಹೆಣ್ಣು'
ALQ2214591',SANNAKKA',SIDDAPPA',0',33',ಹೆಣ್ಣು'
ALQ2213452',SUMALATH',SURESH',0',31',ಹೆಣ್ಣು'
ALQ2214674',KAAMAKSHI',GURUSAWMI',0',29',ಹೆಣ್ಣು'
ALQ2137461',HARIKRISHNA REDDY',SHRIRAMA REDDY',0',28',ಗಂಡು'
ALQ2214583',NARASIMHAMURTHIO',ADINARAYANAPPA',0',28',ಗಂಡು'
ALQ2213429',ANIL KUMAR',ADINARAYANAPPA',0',26',ಗಂಡು'
ALQ2012938',GAYITHRI',LAKSHMINARAYANA REDDY N',0',34',ಹೆಣ್ಣು'
ALQ2012961',NAGEESH V ',VENKATESHAPPA',0',28',ಗಂಡು'
ALQ2122513',AADEPPA',GANGADARAPPA',0',33',ಗಂಡು'
ALQ2012946',R LAKSHMI',V NAGEESH',0',33',ಹೆಣ್ಣು'
ALQ2013159',SANTHOSHA',RAMAKRISHNA REDDY',0',30',ಗಂಡು'
ALQ3018009',DIVAKARA REDDY',ADINARAYANA REDDY',0',24',ಗಂಡು'
ALQ1818038',M S BARANI PRASAD',M V SHRIRAMA REDDY',1',33',ಗಂಡು'
ALQ2095552',CHANDRAKALA ',VENUGOPALA REDDY',2',35',ಹೆಣ್ಣು'
ALQ1818046',M GNANESH',M N SHRIRAMA REDDY',2',35',ಗಂಡು'
ALQ2105849',M R VENUGOPALA REDDY',M S RAMACHANDRA REDDY',3',45',ಗಂಡು'
ALQ2108793',RAJEESH K ',KODERLAPPA',11',28',ಗಂಡು'
ALQ2214625',GIRIBABU',SIDDAPPA',207',26',ಗಂಡು'
ALQ3195849',A PUNEETH',N ADINARAYA REDDY',284',20',ಗಂಡು'
ALQ1117464',THIMMAKKA',BESTHPATAPPA',337',70',ಹೆಣ್ಣು'
CTR1580976',SOMASHANKARA',PATHAYA',337',40',ಗಂಡು'
ALQ1118793',GOVINDAPPA',VENKATARAVANAPPA',511',55',ಗಂಡು'
ALQ1118801',ADILAKSHMMA',GOVINDAPPA',511',53',ಹೆಣ್ಣು'
ALQ1118819',KODIALAPPA',VENKATACHALA',511',50',ಗಂಡು'
ALQ1118827',PARVATHAMMA',KODIALAPPA',511',45',ಹೆಣ್ಣು'
ALQ1119320',ADIMURTHI REDDY',PAPA REDDY',540',69',ಗಂಡು'
ALQ1119338',SHANTHAMMA',ADIMURTHI REDDY',540',65',ಹೆಣ್ಣು'
ALQ1119346',JAGADISH REDDY',ADIMURTHI REDDY',540',42',ಗಂಡು'
ALQ1114420',LAKSHMI',JAGADISH REDDY',540',35',ಹೆಣ್ಣು'
ALQ1119361',ರಂಗಮ್ಮ',ಯಿಮಲ್ಲಪ್ಪ',541',70',ಹೆಣ್ಣು'
ALQ1119379',ಕೃಷ್ಣಮೂರ್ತಿ',ಯಿಮಲ್ಲಪ್ಪ',541',49',ಗಂಡು'
ALQ1119387',ಲಕ್ಷ್ಮೀನಾರಾಯಣ',ಯಿಮಲ್ಲಪ್ಪ',541',47',ಗಂಡು'
ALQ1119395',ಗಂಗಮ್ಮ',ಕೃಷ್ಣಮೂರ್ತಿ',541',45',ಹೆಣ್ಣು'
ALQ3197373',ಸಂಗೀತ ಕೆ',ವೈಕೃಷ್ಣಮೂರ್ತಿ',541',19',ಹೆಣ್ಣು'
ALQ1119411',ಮಂಜಮ್ಮ',ವೆಂಕಟೇಶಪ್ಪ',542',53',: ಹೆಣ್ಣು'
ALQ1119429',ನಾರಾಯಣಸ್ವಾಮಿ',ಬೀಮಣ್ಣ',543',57',ಗಂಡು'
CTR1583467',ಸಾವಿತ್ರಮ್ಮ',ನಾರಾಯಣಸ್ವಾಮಿ',543',46',ಹೆಣ್ಣು'
ALQ2503027',ತಿಪ್ಪೇಶ',ನಾರಾಯಣಸ್ವಾಮ್',543',23',ಗಂಡು'
ALQ3079928',ಗೌತಮಿ ಎನ್',ನಾರಾಯಣಸ್ವಾಮಿ',543',22',ಹೆಣ್ಣು'
ALQ1119437',ಗೋವಿಂದಪ್ಪ',ಬೀಮಣ್ಣ',544',55',ಗಂಡು'
ALQ1119445',ಸುಶೀಲಮ್ಮ',ಗೋವಿಂದಪ್ಪ',544',49',ಹೆಣ್ಣು'
ALQ2350122',ಸುಜಾತ ಕೆಜಿ',ಗೋವಿಂದಪ್ಪ',544',25',ಹೆಣ್ಣು'
ALQ1119452',ಹನುಮಕ್ಕ',ಲಿಂಗಪ್ಪ',545',70',ಹೆಣ್ಣು'
ALQ1119478',ರಾಮಕೃಷ್ಣ',ಲಿಂಗಪ್ಪ',545',38',ಗಂಡು'
ALQ1119486',ಹನುಮಂತರಾಯ',ಲಿಂಗಪ್ಪ',545',36',ಗಂಡು'
ALQ2969202',ರಾಧಮ್ಮ',ಹನುಮಂತರಾಯ',545',34',ಹೆಣ್ಣು'
ALQ2540383',ಹೆಚ್ ಅನಿತಾ ಲಕ್ಷ್ಮಿ',ರಾಮಕೃಷ್ಣ',545',33',ಹೆಣ್ಣು'
ALQ0219709',ಸಮಂಗಳ',ರಾಮಕೃಷ್ಣಪ್ಪ',546',40',ಹೆಣ್ಣು'
ALQ0220004',ಸೋಮಶೇಖರರೆಡ್ಡಿ ಬಿ',ಆದೆಪ್ಪ',547',64',ಗಂಡು'
ALQ0221119',ರವಿಪ್ರಕಾಶ್ ಹೆಚ್ ಎಲ್',ಲಕ್ಷ್ಮೀನಾರಾಯಃ',547',41',ಗಂಡು'
ALQ0221127',ಪುಷ್ಪಲತ ಬಿ ಎಸ್',ರವಿಪ್ರಕಾಶ್ ಹೆಚ್ ಎಲ್',547',38',ಹೆಣ್ಣು'
ALQ1119502',ನಾಗಭೂಷಣರೆಡ್ಡಿ ಬಿ',ಹನುಮಂತ ರೆಡ್ಡಿ',548',58',ಗಂಡು'
ALQ1119510',ಭಾರತಮ್ಮ ಬಿ',ಬಿ ನಾಗಭೂಷಣರ',548',57',ಹೆಣ್ಣು'
ALQ0219741',ಬಿ ಎನ ಲಕ್ಷ್ಮೀನಾರಾಯಣರೆಡ್ಡಿ',ಜಿ ನಾಗಭೂಷಣರೆಡ್ಡಿ',548',36',ಗಂಡು'
ALQ1818129',ಬಿ ಎನ್ ಮಂಜುನಾಥ ರೆಡ್ಡಿ',ನಾಗ ಭೂಷಣ ರೆಡ್ಡಿ',548',33',ಗಂಡು'
ALQ1119528',ಮುದ್ದಪ್ಪ',ಊಳಪ್ಪ',549',70',ಗಂಡು'
ALQ1119536',ಆದಮ್ಮ',ಮುದ್ದಪ್ಪ',549',64',ಹೆಣ್ಣು'
ALQ1119544',ಲಕ್ಷ್ಮಿನಾರಾಯಣ',ಮುದ್ದಪ್ಪ',549',47',ಗಂಡು'
CTR5240742',ರೇಣುಕಾ',ಲಕ್ಷ್ಮೀನಾರಾಯಣ',549',43',ಹೆಣ್ಣು'
ALQ1119577',ಗಂಗಮ್ಮ',ಆದಿನಾರಾಯಣಪ್ಪ',551',65',ಹೆಣ್ಣು'
ALQ1119585',ನಂಜುಂಡಪ್ಪ',ಆದಿನಾರಾಯಣಪ',551',48',ಗಂಡು'
ALQ2443216',ಬಿ ಎನ್ ಚಂದ್ರಶೇಖರ್',ನಾಗಭೂಷಣಪ್ಪ',551',46',ಗಂಡು'
ALQ0220889',ಅನಿತಮ್ಮ',ನಂಜುಂಡಪ್ಪ',551',44',ಹೆಣ್ಣು'
ALQ2443232',ಪದ್ಮ',ಬಿ ಎನ್ ಚಂದ್ರಶೇಖರ್',551',42',ಹೆಣ್ಣು'
CTR1742576',ನಾರಾಯಣಸ್ವಾಮಿ ಎ',ಆದಿನಾರಾಯಣ',551',37',ಗಂಡು'
ALQ0830737',ಗಂಗಾವತಿ',ನಾರಾಯಣಸ್ವಾಮಿ',551',34',ಹೆಣ್ಣು'
ALQ3017977',ಮಂಜುನಾಥ ಎನ್',ನಂಜುಂಡಪ್ಪ',551',21',ಗಂಡು'
ALQ1119601',ಲಕ್ಷ್ಮೀದೇವಮ್ಮ',ಬಾಬಣ್ಣ',552',70',ಹೆಣ್ಣು'
ALQ1119619',ನಾರಾಯಣಸ್ವಾಮಿ',ಬಾಬಣ್ಣ',552',47',ಗಂಡು'
ALQ2443141',ನಾಗರಾಜರೆಡ್ಡಿ',ನಾರಾಯಣರೆಡ್ಡಿ',552',47',ಗಂಡು'
ALQ0220590',ಸುಜಾತಮ್ಮ',ನಾರಾಯಣಸ್ವಾಮಿ',552',43',ಹೆಣ್ಣು'
ALQ2157527',ಅರ್ ಸೋಮಶೇಖರ್',ರಾಮಚಂದ್ರ ರೆಡ್ಡಿ',552',26',ಗಂಡು'
ALQ3188539',ನರಸಿಂಹರೆಡ್ಡಿ ಎನ್',ನಾಗರಾಜರೆಡ್ಡಿ',552',19',ಗಂಡು'
ALQ1119627',ಸೂರಪ್ಪ',ವೆಂಕಟಪ್ಪ',553',71',ಗಂಡು'
ALQ1119635',ಶಾರದಮ್ಮ',ಸೂರಪ್ಪ',553',63',ಹೆಣ್ಣು'
ALQ1119643',ಶ್ರೀರಾಮಪ್ಪ',ಊಳಪ್ಪ',554',63',ಗಂಡು'
ALQ0220699',ಮುದ್ದಮ್ಮ',ಶ್ರೀರಾಮಪ್ಪ',554',59',ಹೆಣ್ಣು'
CTR5240965',ಉಮೇಶ',ಶ್ರೀರಾಮಪ್ಪ',554',40',ಗಂಡು'
CTR1742949',ರತ್ನಮ್ಮ',ಉಮೇಶ',554',37',ಹೆಣ್ಣು'
ALQ1119650',ಚೌಡ ರೆಡ್ಡಿ',ಮಲ್ಲಪ್ಪ',556',72',ಗಂಡು'
ALQ1119668',ಶಿವಾರೆಡ್ಡಿ',ಮಲ್ಲಪ್ಪ',556',65',ಗಂಡು'
ALQ1119676',ರತ್ನಮ್ಮ',ಶಿವಾರೆಡ್ಡಿ',556',55',ಹೆಣ್ಣು'
ALQ1119692',ಚಂದ್ರಕಾಂತಮ್ಮ',ಚೌಡ ರೆಡ್ಡಿ',556',55',ಹೆಣ್ಣು'
ALQ1119684',ಪ್ರಸನ್ನಕುಮಾರ',ಶಿವಾರೆಡ್ಡಿ',556',36',ಗಂಡು'
ALQ1119700',ಆದಿನಾರಾಯಣಪ್ಪ',ಪಾತಪ್ಪ',557',57',ಗಂಡು'
ALQ1119718',ಗೌರಮ್ಮ',ಆದಿನಾರಾಯಣಪ್ಪ',557',40',ಹೆಣ್ಣು'
ALQ2503084',ಎಸ್ ಎನ್ ವೆಂಕಟೇಶ',ಮೈಲಾರಪ್ಪ',557',35',ಗಂಡು'
ALQ2503118',ವೀಣಾ',ಎಸ್ ಎಮ್ ವೆಂಕಟೇಶ್',557',31',ಹೆಣ್ಣು'
ALQ2474765',ಎ ಮನುಕುಮಾರ್',ಆದಿನಾರಾಯಣ',557',25',ಗಂಡು'
CTR1581818',ವೆಂಕಟರಮಣಪ್ಪ',ವೆಂಕಟಪ್ಪ',558',80',ಗಂಡು'
ALQ1119726',ಈರಮ್ಮ',ಗೊ ನರಸಿಂಹಪ್ಪ',559',83',ಹೆಣ್ಣು'
ALQ1119734',ಗಂಗಾಧರಪ್ಪ',ಗೊ ನರಸಿಂಹಪ್ಪ',560',50',ಗಂಡು'
ALQ1119742',ಗಂಗರತ್ನಮ್ಮ',ಗಂಗಾಧರಪ್ಪ',560',48',ಹೆಣ್ಣು'
ALQ2991081',ಕೃಷ್ಣಬಾಬುಜಿ',ಗಂಗಾಧರಪ್ಪ',560',22',ಗಂಡು'
ALQ1119775',ನರಸಿಂಹಪ್ಪ',ಗೊ ನರಸಿಂಹಪ್ಪ',561',45',ಗಂಡು'
ALQ1119767',ರಾಜಪ್ಪ',ಗೊ ನರಸಿಂಹಪ್ಪ',561',44',ಗಂಡು'
CTR1740620',ರತ್ನಮ್ಮ',ರಾಜಪ್ಪ',561',36',ಹೆಣ್ಣು'
ALQ1119783',ಅಕ್ಕಲಪ್ಪ',ಗೊ ನರಸಿಂಹಪ್ಪ',562',70',ಗಂಡು'
ALQ1119791',ಗಂಗಾಧರಪ್ಪ',ಅಕ್ಕಲಪ್ಪ',562',38',ಗಂಡು'
ALQ1119833',ಟಿ ಕೆ ಚಿನ್ನಪ್ಪಯ್ಯ',ಕೃಷ್ಣ ರೆಡ್ಡಿ',564',65',ಗಂಡು'
ALQ1119841',ಲಕ್ಷ್ಮೀದೇವಮ್ಮ',ಟಿ ಕೆ ಚಿನ್ನಪ್ಪಯ್ಯ',564',53',ಹೆಣ್ಣು'
ALQ0830687',ನೇತಾಜಿ ಎನ್ ಸಿ',ಚಿನ್ನಪ್ಪಯ್ಯಟಿ ಕೆ',564',34',ಗಂಡು'
ALQ2157550',ಕೆಸುಶೀಲ',ನೇತಾಜಿ ಎನ್ ಸಿ',564',31',ಹೆಣ್ಣು'
ALQ1119866',ಅಶ್ವತ್ಥರೆಡ್ಡಿ',ನಂಜ ರೆಡ್ಡಿ',565',60',ಗಂಡು'
ALQ1119874',ಅಶ್ವತ್ಥಮ್ಮ',ಅಶ್ವತ್ಥ ರೆಡ್ಡಿ',565',50',ಹೆಣ್ಣು'
ALQ2443240',ಜಿ ವೀಣಾ',ಎನ್ ರಾಮಕೃಷ್ಣರೆಡ್ಡಿ',565',40',ಹೆಣ್ಣು'
ALQ2443257',ಎನ್ ರಾಮಕೃಷ್ಣಾರೆಡ್ಡಿ',ನರಸಿಂಹರೆಡ್ಡಿ',565',36',ಗಂಡು'
ALQ1119882',ನಾಗಮಣಮ್ಮ',ಚೌಡ ರೆಡ್ಡಿ',566',46',ಹೆಣ್ಣು'
CTR1583764',ಲಕ್ಷ್ಮೀದೇವಮ್ಮ',ಆದಿನಾರಾಯಣ ರೆ',567',69',ಹೆಣ್ಣು'
CTR1742873',ಲಕ್ಷ್ಮೀನಾರಾಯಣ ರೆಡ್ಡಿ',ಆದಿನಾರಾಯಣ',567',47',ಗಂಡು'
CTR1742899',ಆನಂದರೆಡ್ಡಿ',ಆದಿನಾರಾಯಣರೆಲ್ಲ',567',36',ಗಂಡು'
ALQ2443703',ಆರ್\u200c ಮಂಜುಳ',ಆನಂದರೆಡ್ಡಿ',567',33',ಹೆಣ್ಣು'
ALQ1119890',ಅಶ್ವತ್ಥ ರೆಡ್ಡಿ',ನಾರಾಯಣ ರೆಡ್ಡಿ',568',70',ಗಂಡು'
ALQ1119908',ರಾಜಮ್ಮ',ಅಶ್ವತ್ಥ ರೆಡ್ಡಿ',568',55',ಹೆಣ್ಣು'
ALQ2443737',ಕೆಎ ತಿಪ್ಪರೆಡ್ಡಿ',ಅಶ್ವತ್ಥರೆಡ್ಡಿ',568',28',ಗಂಡು'
ALQ3066917',ಜೆ ಶ್ರಾವಣಿ',ಕೆ ಎ ತಿಪ್ಪರೆಡ್ಡಿ',568',22',ಹೆಣ್ಣು'
CTR1580786',ಕೃಷ್ಣಾ ರೆಡ್ಡಿ ಕೆ ಎ',ಆದಿ ರೆಡ್ಡಿ',569',58',ಗಂಡು'
CTR1743228',ರುಹ್ಮಣಮ್ಮ',ಕೃಷ್ಣಾರೆಡ್ಡಿ',569',55',ಹೆಣ್ಣು'
ALQ1119916',ಚೌಡಮ್ಮ',ಗಂಗ ರೆಡ್ಡಿ',570',60',ಹೆಣ್ಣು'
CTR1583681',ಸುನಂದಮ್ಮ',ನಾಗರಾಜರೆಡ್ಡಿ',570',47',ಹೆಣ್ಣು'
ALQ1818095',ಜಗನ್ನಾಥ ಜಿ',ಗಂಗರೆಡ್ಡಿ ಕೆ ಎನ್',570',29',ಹೆಣ್ಣು'
ALQ1119932',ತಿಪ್ಪ ರೆಡ್ಡಿ',ನಾಗ ರೆಡ್ಡಿ',571',50',ಗಂಡು'
CTR1743178',ಶಿವಮ್ಮ',ತಿಪ್ಪ ರೆಡ್ಡಿ',571',44',ಹೆಣ್ಣು'
CTR1743186',ಲಕ್ಷ್ಮೀದೇವಮ್ಮ',ಲಕ್ಷ್ಮಣರೆಡ್ಡಿ',571',36',ಹೆಣ್ಣು'
ALQ3189016',ಅಶೋಕ ಟಿ',ತಿಪ್ಪರೆಡ್ಡಿ',571',19',ಗಂಡು'
ALQ1119965',ಆದಿನಾರಾಯಣಪ್ಪ',ಬೀಮಣ್ಣ',572',67',ಗಂಡು'
ALQ1119973',ಯಶೋದಮ್ಮ',ಆದಿನಾರಾಯಣಪ್ಪ',572',61',ಹೆಣ್ಣು'
ALQ0041723',ಶ್ರೀನಿವಾಸಪ್ಪ',ಆದಿನಾರಾಯಣ',572',40',ಗಂಡು'
ALQ2503076',ಕೆ ಮುನಿರತ್ನ',ಶ್ರೀನಿವಾಸಪ್ಪ',572',39',ಹೆಣ್ಣು'
ALQ1119981',ಯಲ್ಲಮ್ಮ ಯಲ್ಲಮ್ಮ',ವೆಂಕಟೇಶಪ್ಪ',573',55',ಹೆಣ್ಣು'
ALQ1119999',ನಾರಾಯಣಮ್ಮ',ಲಕ್ಷ್ಮಯ್ಯ',574',77',ಹೆಣ್ಣು'
ALQ1120005',ರಾಮಕೃಷ್ಣಪ್ಪ',ಲಕ್ಷ್ಮಯ್ಯ',574',42',ಗಂಡು'
ALQ1120039',ನರಸಿಂಹಪ್ಪ',ನಾರಾಯಣಪ್ಪ',575',44',ಗಂಡು'
ALQ0039917',ಪೆದ್ದಕ್ಕೆ',ಪೆನ್ನಪ್ಪಗಾರಿ ಗಂಗಪ್ಪ',577',64',ಹೆಣ್ಣು'
ALQ1120070',ರಾಮಕೃಷ್ಣಪ್ಪ',ಗಂಗಪ್ಪ',577',45',ಗಂಡು'
CTR1584267',ನಾರಾಯಣಪ್ಪ',ವೆಂಕಟರವಣಪ್ಪ',577',43',ಗಂಡು'
ALQ1119312',ಸರಸ್ವತಮ್ಮ',ನಾರಾಯಣಪ್ಪ',577',38',ಹೆಣ್ಣು'
ALQ1120088',ಬಿಜಿ ಶ್ರೀರಾಮರೆಡ್ಡಿ',ಗಂಗಪ್ಪ',578',74',ಗಂಡು'
ALQ1120096',ನಾಗರಾಜಮ್ಮ',ಶ್ರೀರಾಮ ರೆಡ್ಡಿ',578',55',ಹೆಣ್ಣು'
CTR1581131',ಎಸ್ ವೇಣುಗೋಪಾಲ್ ರೆ',ಬಿ ಜಿ ಶ್ರೀರಾಮರೆಡ್ಡಿ',578',40',ಗಂಡು'
CTR1741719',ಎಸ್ ಶೇಷಾದ್ರಿರೆಡ್ಡಿ',ಬಿ ಜಿ ಶ್ರೀರಾಮರೆಡ್',578',36',ಗಂಡು'
ALQ1818152',ಎಮ್ ಸುನಿತ',ವೇಣುಗೋಪಾಲರೆರಿ',578',32',ಹೆಣ್ಣು'
ALQ2102663',ಲಕ್ಷ್ಮೀದೇವಮ್ಮ',ಎಸ್ ಶೇಷಾದ್ರಿರೆಡ್ಡಿ',578',27',ಹೆಣ್ಣು'
ALQ1120104',ಗಂಗಮ್ಮ',ಅಪ್ಪ ರೆಡ್ಡಿ',579',80',ಹೆಣ್ಣು'
ALQ1120112',ಅಪ್ಪ ರೆಡ್ಡಿ',ಗಂಗಪ್ಪ',579',75',ಗಂಡು'
ALQ1120120',ಗಂಗರತ್ನಮ್ಮ',ಬಿ ಅಪ್ಪ ರೆಡ್ಡಿ',579',50',ಹೆಣ್ಣು'
ALQ1120146',ಅಕ್ಕಲಪ್ಪ',ಪೆ ಆದಿಮೂರ್ತಿ',580',45',ಗಂಡು'
ALQ1120153',ಶಾರದಮ್ಮ',ಅಕ್ಕಲಪ್ಪ',580',37',ಹೆಣ್ಣು'
ALQ1120161',ಆದಿನಾರಾಯಣ ರೆಡ್ಡಿ',ಚಿನ್ನಚೌಡನ್ನಗಾರಿ ನಂಜ ರೆಡ್ಡಿ',581',51',ಗಂಡು'
ALQ1120179',ಸರಸ್ವತಮ್ಮ',ಆದಿನಾರಾಯಣ ರೆಡ್ಡಿ',581',45',ಹೆಣ್ಣು'
ALQ1120187',ಚನ್ನಪೌಡನ್ನಗಾರಿ ನಂಜರೆಡ್ಡಿ',ಚಿನ್ನಪ್ಪಯ್ಯ',582',75',ಗಂಡು'
ALQ1120195',ಸರಸ್ವತಮ್ಮ',ಚಿ ನಂಜ ರೆಡ್ಡಿ',582',55',ಹೆಣ್ಣು'
ALQ0221713',ಲಕ್ಷ್ಮೀನಾರಾಯಣರೆಡ್ಡಿ ಎನ್',ನಂಜರೆಡ್ಡಿ ಸಿ',582',33',ಗಂಡು'
ALQ1818160',ಸುರೇಶ್',ಸಿ ನಂಜರೆಡ್ಡಿ',582',32',ಗಂಡು'
ALQ1120211',ಗಂಗರಾಜಮ್ಮ',ತಿಪ್ಪರೆಡ್ಡಿ',583',61',ಹೆಣ್ಣು'
CTR1742790',ಸಂಜೀವರೆಡ್ಡಿ',ತಿಪ್ಪರೆಡ್ಡಿ',583',36',ಗಂಡು'
ALQ2442564',ಭಾರತಿ',ಸಂಜೀವರೆಡ್ಡಿ',583',28',ಹೆಣ್ಣು'
ALQ1120229',ನಾರಾಯಣಸ್ವಾಮಿ',ಪೆನ್ನಪ್ಪಗಾರಿ ಆದಿಮೂರ್ತಿ',584',55',ಗಂಡು'
ALQ0831156',ಗಂಗರತ್ನಮ್ಮ',ನಾರಾಯಣಸ್ವಾಮಿ',584',47',ಹೆಣ್ಣು'
CTR1580836',ಲಕ್ಷ್ಮೀದೇವಮ್ಮ',ಪೆನ್ನಪ್ಪಗಾರಿ ಮಲ್ಲಿಕಾರ್ಜುನ',585',44',ಹೆಣ್ಣು'
ALQ2221174',ಶಿವಕುಮಾರ್ ಎಂ',ಪಿ ಮಲ್ಲಿಕಾರ್ಜುನ',585',25',ಗಂಡು'
ALQ1120245',ಹನು ತಪ್ಪ',ನಾರಾಯಣಪ್ಪ',586',50',ಗಂಡು'
ALQ1120252',ರಾಮಕೃಷ್ಣಪ್ಪ',ನಾರಾಯಣಪ್ಪ',586',46',ಗಂಡು'
CTR1743210',ನಾಗರತ್ನಮ್ಮ',ಹನುಮಂತಪ್ಪ',586',45',ಹೆಣ್ಣು'
ALQ0830877',ಗಂಗರತ್ನಮ್ಮ',ರಾಮಕೃಷ್ಣಪ್ಪ',586',38',ಹೆಣ್ಣು'
ALQ3080322',ಶಶಿಕಳ ಹೆಚ್',ಹನುಮಂತಪ್ಪ ಇ ಎನ್',586',20',ಹೆಣ್ಣು'
ALQ3189008',ಅಶ್ವಿನಿ ಆರ್',ರಾಮಕೃಷ್ಣಪ್ಪ',586',19',ಹೆಣ್ಣು'
CTR1743566',ಆದಿನಾರಾಯಣಪ್ಪ',ನಾರಾಯಣಪ್ಪ',587',60',ಗಂಡು'
ALQ1120260',ರಾಮಾಂಜಮ್ಮ',ಆದಿನಾರಾಯಣಪ್ಪ',587',51',ಹೆಣ್ಣು'
ALQ2110658',ನರೇಶ ಎ',ಆದಿನಾರಾಯಣ',587',28',ಗಂಡು'
ALQ1120294',ಲಕ್ಷ್ಮೀನರಸಮ್ಮ',ಶಿರವಾರಂ ನರಸಿಂಹಪ್ಪ',588',60',ಹೆಣ್ಣು'
ALQ1120344',ಆದಿನಾರಾಯಣ ರೆಡ್ಡಿ',ಕೋಟನ್ನಗಾರಿ ನಂಜಿ',590',80',ಗಂಡು'
ALQ1120351',ಶಿವಮ್ಮ',ಶರಣರ',70',',ಹೆಣ್ಣು'
ALQ1120369',ಚೌಡ ರೆಡ್ಡಿ',ಆದಿನಾರಾಯಣ',590',46',ಗಂಡು'
ALQ1120377',ಆನಂದ ರೆಡ್ಡಿ',ಆದಿನಾರಾಯಣ ರೆಡ್ಡಿ',590',42',ಗಂಡು'
CTR1740703',ಲಕ್ಷ್ಮೀದೇವಮ್ಮ',ಚೌಡರೆಡ್ಡಿ',590',44',ಹೆಣ್ಣು'
ALQ0219733',ಸುಜಾತ',ಆನಂದರೆಡ್ಡಿ',590',34',ಹೆಣ್ಣು'
ALQ2969210',ನವೀನ್ ಕುಮಾರ್ ಸಿ',ಚೌಡರೆಡ್ಡಿ',590',22',ಗಂಡು'
CTR1743335',ರಾಮಚಂದ್ರರೆಡ್ಡಿ',ನರಸಿಂಹರೆಡ್ಡಿ',591',58',ಗಂಡು'
CTR1740737',ಗಂಗರತ್ನಮ್ಮ',ರಾಮಚಂದ್ರರೆಡ್ಡಿ',591',53',ಹೆಣ್ಣು'
ALQ3017969',ಚಂದ್ರಶೇಖರ ಆರ್',ರಾಮಚಂದ್ರರೆಡ್ಡಿ',591',23',ಗಂಡು'
ALQ2122281',ನಂಜರೆಡ್ಡಿ',ಗಂಗರೆಡ್ಡಿ',592',38',ಗಂಡು'
ALQ1120385',ಹನುಮಂತಪ್ಪ',ಪಾತಪ್ಪ',593',54',ಗಂಡು'
CTR1583459',ರಾಮಾಂಜಿನಮ್ಮ',ಹನುಮಂತಪ್ಪ',593',48',ಹೆಣ್ಣು'
ALQ2443158',ರಘು',ಹನುಮಂತಪ್ಪ',593',27',ಗಂಡು'
ALQ2443125',ಹೆಚ್ ರವಿ',ಹನುಮಂತಪ್ಪ',593',24',ಗಂಡು'
CTR1742915',ಕೃಷ್ಣಪ್ಪ',ಪಾತಪ್ಪ',594',43',ಗಂಡು'
CTR1742188',ಗೌರಮ್ಮ',ಕೃಷ್ಣಪ್ಪ',594',38',ಹೆಣ್ಣು'
CTR5240197',ಅಶ್ವತ್ತಮ್ಮ',ಬಿ ಎನ್ ರಾಮಕೃಷ್ಣಾರೆಡ್ಡಿ',595',53',ಹೆಣ್ಣು'
CTR1583012',ರಾಮಾಂಜಿನಪ್ಪ',ಪಾತಪ್ಪ',595',43',ಗಂಡು'
CTR1742329',ಗಂಗಮ್ಮ',ರಾಮಾಂಜಿನಪ್ಪ',595',40',ಹೆಣ್ಣು'
ALQ2221224',ನಾಗಮಣಿ',ಪಿ ಸೋಮಶೇಖರ್',595',33',ಹೆಣ್ಣು'
ALQ2012433',ವೆಂಕಟೇಶ್ ಎನ್ ವಿ',ವೆಂಕಟರಮಣಪ್ಪ',596',47',ಗಂಡು'
ALQ3077195',ನಾರಾಯಣ ಎನ್ ವಿ',ವೆಂಕಟೇಶ್',596',22',ಗಂಡು'
ALQ3189024',ಶ್ರೀನಿವಾಸ',ಎನ್ ವಿ ವೆಂಕಟೇಶ',596',19',ಗಂಡು'
ALQ2443182',ಹನುಮಂತರಾಯಪ್ಪ',ನಾರಾಯಣಪ್ಪ',601',76',ಗಂಡು'
ALQ2442580',ಬೀರಪ್ಪ',ಲಕ್ಷ್ಮಯ್ಯ',602',35',ಗಂಡು'
ALQ3066933',ನಾಗಮಣಿ',ವಿಜಯಕುಮಾರ್',602',23',ಹೆಣ್ಣು'
ALQ3195948',ಮೀನ',ಗುರುಸ್ವಾಮಿ',605',19',ಹೆಣ್ಣು'
ALQ2443554',ಕೆ ಸುಜಾತ',ಎನ್ ವೆಂಕಟೇಶ್',612',42',ಹೆಣ್ಣು'
ALQ1818467',ಲಕ್ಷ್ಮಿನಾರಾಯಣಪ್ಪ',ನಂಜುಂಡಪ್ಪ',616',44',ಗಂಡು'
ALQ2443596',ಎಸ್ ಮಂಜುನಾಥ ತಾಯಿಯ',ಸರಸ್ವತಮ್ಮ',623',24',ಗಂಡು'
ALQ2337889',ಕೆಜಿ ಗಿರೀಶ',ಗೋವಿಂದಪ್ಪ',64ಬಿ',27',ಗಂಡು'
ALQ2991073',ಭಾರ್ಗವ್ ಎಸ್',ಶ್ರೀರಾಮಪ್ಪ',647',22',ಗಂಡು'
CTR1740125',ರಾಮಚಂದ್ರರೆಡ್ಡಿ ಟಿ',ತಿಪ್ಪರೆಡ್ಡಿ',294ಸಿ',58',ಗಂಡು'
CTR1741784',ನಾಗಲಕ್ಷ್ಮಮ್ಮ',ರಾಮಚಂದ್ರರೆಡ್ಡಿ',294ಸಿ',53',ಹೆಣ್ಣು'
ALQ3017993',ಆರ್\u200c ಪ್ರಿಯಾಂಕ',ಟಿ ರಾಮಚಂದ್ರರೆಡ್ಡಿ',294ಸಿ',27',ಹೆಣ್ಣು'
ALQ1117472',ನಾರಾಯಣಸ್ವಾಮಿ ಪಿ',ಬಿ ಪಾತಪ್ಪ',337ಎ',51',ಗಂಡು'
CTR1582774',ಶಾಂತಮ್ಮ',ನಾರಾಯಣಸ್ವಾಮಿ',337ಎ',38',ಹೆಣ್ಣು'
ALQ3017944',ಪ್ರಶಾಂತ್ ಎನ್',ನಾರಾಯಣಸ್ವಾಮಿ',337ಎ',21',ಗಂಡು'
CTR1742352',ಜಯಮ್ಮ',ಲಕ್ಷ್ಮೀನಾರಾಯಣ',541ಎ',37',ಹೆಣ್ಣು'
ALQ2157592',ಎನ್ ಶಿರೀಷಾ',ಬಿ ಎನ್ ಲಕ್ಷ್ಮೀನಾರಾಯಣರೆಡ್ಡಿ',548 1',35',ಹೆಣ್ಣು'
ALQ3226255',ವಿನೋದ್ ಕುಮಾರ್',ಚಂದ್ರಪ್ಪ',551',23',ಗಂಡು'
ALQ3221876',ಮಂಜುಳ ಸಿ',ಮನುಕುಮಾರ್ ಎ',557',20',ಹೆಣ್ಣು'
CTR1580950',ಕೋಮಲ',ನರಸಿಂಹಪ್ಪ',561ಎ',37',ಹೆಣ್ಣು'
CTR1583442',ಲಲಿತಮ್ಮ',ಲಕ್ಷ್ಮೀನಾರಾಯಣರೆಡ್ಡಿ',567ಎ',37',ಹೆಣ್ಣು'
CTR1743558',ಲಕ್ಷ್ಮಣರೆಡ್ಡಿ',ನಾಗ ರೆಡ್ಡಿ',571ಎ',45',ಗಂಡು'
ALQ2188589',ನರಸಿಂಹಪ್ಪ',ಲಕ್ಷ್ಮೀನರಸಿಂಹನ',575ಎ',36',ಗಂಡು'
ALQ1120054',ಶ್ರೀನಿವಾಸಲು',ಗಂಗಪ್ಪ',576ಎ',50',ಗಂಡು'
CTR1584648',ನಾಗಲಕ್ಷ್ಮಮ್ಮ',ಶ್ರೀನಿವಾಸಲು',576ಎ',44',ಹೆಣ್ಣು'
ALQ2969194',ವಿಜಯ ಕುಮಾರ',ಶ್ರೀನಿವಾಸಲು',576 ಎ',24',ಗಂಡು'
CTR1584176',ಜಮ್ಮ',ವೆಂಕಟೇಶಪ್ಪ',577 ಬಿ',38',ಹೆಣ್ಣು'
ALQ2443414',ಕೋಡಿರ್ಲಪ್ಪ',ಗೋವಿಂದಪ್ಪ',577ಬಿ',25',ಗಂಡು'
ALQ3017936',ಗೀತಾ',ಕೋಡಿರ್ಲಪ್ಪ',577ಬಿ',23',ಹೆಣ್ಣು'
ALQ1120310',ಆದಿನಾರಾಯಣರೆಡ್ಡಿ',ಶಿರವಾರಂ ನಾರಾಯಣ ರೆಡ್ಡಿ',588ಎ',50',ಗಂಡು'
ALQ1120328',ಸರೋಜಮ್ಮ',ಆದಿನಾರಾಯಣ ರೆ',588ಎ',46',ಹೆಣ್ಣು'
ALQ2443448',ಎ ಶಂಕರ',ಆದಿನಾರಾಯಣ',588ಎ',24',ಗಂಡು'
CTR1583061',ರಾಮಲಿಂಗಾ ರೆಡ್ಡಿ',ನರಸಿಂಹ ರೆಡ್ಡಿ',589ಎ',65',ಗಂಡು'
ALQ1120336',ತಿಪ್ಪಕ್ಕ',ರಾಮಲಿಂಗಾರೆಡ್ಡಿ',589ಎ',60',ಹೆಣ್ಣು'
CTR5240817',ಬಿ ಎನ್ ರಾಮಕೃಷ್ಣಾರೆಡ್ಡಿ',ಬಿ ನಾರಾಯಣರೆ',595 ಎ',65',ಗಂಡು'
ALQ0831339',ಆರ್ ಸಂದೀಪ',ಬಿ ಎನ್ ರಾಮಕೃಷ್ಣ',595ಎ',35',ಗಂಡು'
ALQ2474773',ಕೆ ಅನಿತ',ಆರ್ ಸಂದೀಪ್',595ಎ',30',ಹೆಣ್ಣು'
ALQ1119924',ಗಂಗರಾಜಮ್ಮ',ಆದಿನಾರಾಯಣದ',595 ಬಿ',43',ಹೆಣ್ಣು'
CTR1744093',ಅಶ್ವತ್ಥಪ್ಪ',ಚಿನ್ನನಾರಾಯಣಪ್ಪ',595 ಸಿ',68',ಗಂಡು'
CTR1744101',ಸರೋಜಮ್ಮ',ಅಶ್ವತ್ಥಪ್ಪ',595ಸಿ',56',ಹೆಣ್ಣು'
ALQ2221182',ರಾಮಾಂಜಿನಪ್ಪ',ಅಶ್ವತ್ಥಪ್ಪ',595 ಸಿ',27',ಗಂಡು'
ALQ3213360',ಕೃಷ್ಣಬಾಬು ಎನ್ ಜಿ',ಲೇಟ್ ಗಂಗಾಧರಪ್ಪ ಎನ್ ಎ',602 ಎ',19',ಗಂಡು'
ALQ1818327',ಗಂಗಣ್ಣ',ಮುತ್ತಣ್ಣ',602 ಬಿ',33',ಗಂಡು'
ALQ1818285',ಲಕಿ ಮಿ',ಗಂಗಣ್ಣ',602 ಬಿ',31',ಹೆಣ್ಣು'
ALQ2443646',ಪದ್ಮ',ರಾಜಣ್ಣ',602 ಬಿ',24',ಹೆಣ್ಣು'
ALQ3066925',ಗಂಗಕ್ಕೆ',ಶೇಖರ್\u200c ಬಾಬು',602ಬಿ',24',ಹೆಣ್ಣು'
ALQ3197381',ನಾರಾಯಣಸ್ವಾಮಿ',ಆದಿ ನಾರಾಯಣ',602 ಡಿ',51',ಗಂಡು'
ALQ3197431',ಶಿವಮ್ಮ',ನಾರಾಯಣಸ್ವಾಮಿ',602 ಡಿ',46',ಹೆಣ್ಣು'
ALQ3195906',ವಿ ಸಜಾತ',ಅಂಜಿನಪ್ಪ',602 ಡಿ',21',ಹೆಣ್ಣು'
ALQ1120534',ನಾರಾಯಣಸ್ವಾಮಿ',ವೆಂಕಟರಾಮಪ್ಪ',34',60',ಗಂಡು'
CTR1583624',ಜಯಮ್ಮ',ದೊಡ್ಡನಂಜುಂಡಪ್ಪ',576',56',ಹೆಣ್ಣು'
ALQ2585701',ನಾರಾಯಣಮ್ಮ',ದೊಡ್ಡನಂಜುಂಡಪ್ಪ',596',90',ಹೆಣ್ಣು'
ALQ1120401',ಶ್ರೀರಾಮಪ್ಪ',ದೊಡ್ಡನಂಜುಂಡಪ್ಪ',596',65',ಗಂಡು'
CTR1584283',ವೆಂಕಟಲಕ್ಷ್ಮಮ್ಮ',ಶ್ರೀರಾಮಪ್ಪ',596',55',ಹೆಣ್ಣು'
ALQ1120427',ವೆಂಕಟೇಶ',ದೊಡ್ಡನಂಜುಂಡನ',596',53',ಗಂಡು'
ALQ1120435',ನಾಗಮ್ಮ',ವೆಂಕಟೇಶ',596',45',ಹೆಣ್ಣು'
ALQ1818178',ಸುರೇಶ್',ಶ್ರೀರಾಮಪ್ಪ',596',32',ಗಂಡು'
ALQ2443588',ಶುಭ',ಸುರೇಶ',596',31',ಹೆಣ್ಣು'
ALQ2474781',ಹೆಚ್ ವಿ ಹರೀಶ',ವೆಂಕಟೇಶ',596',25',ಗಂಡು'
ALQ3160918',ನವೀನ',ಶ್ರೀರಾಮಪ್ಪ',596',20',ಗಂಡು'
ALQ2188639',ಆದಿನಾರಾಯಣ',ನಂಜುಂಡಯ್ಯ',597',50',ಗಂಡು'
ALQ2188555',ರಮೇಶಬಾಬು',ನಂಜುಂಡಯ್ಯ',597',48',ಗಂಡು'
ALQ2188621',ಗೋಪಿಬಾಬು',ನಂಜುಂಡಯ್ಯ',597',46',ಗಂಡು'
ALQ1120484',ನರಸಿಂಹಪ್ಪ',ಮಸ್ತಾನಪ್ಪ',598',70',ಗಂಡು'
ALQ1120492',ಲಕ್ಷ್ಮೀದೇವಮ್ಮ',ನರಸಿಂಹಪ್ಪ',598',58',ಹೆಣ್ಣು'
ALQ1120500',ರಾಮಕೃಷ್ಣಪ್ಪ',ನರಸಿಂಹಪ್ಪ',598',45',ಗಂಡು'
ALQ0832097',ವರಲಕ್ಷ್ಮೀ',ನಾರಾಯಣಸ್ವಾಮಿ',600',41',ಹೆಣ್ಣು'
ALQ0831909',ಶ್ರೀನಿವಾಸಪ್ಪ',ನಾರಾಯಣಸ್ವಾಮಿ',600',30',ಗಂಡು'
ALQ2221133',ಶೋಭ',ಶ್ರೀನಿವಾಸ',600',28',ಹೆಣ್ಣು'
ALQ2585719',ರವೀಂದ್ರನಾಥ',ಹನುಮಂತಪ್ಪ',601',49',ಗಂಡು'
ALQ1120583',ಮಂಜುನಾಥ',ಹನುಮಂತಪ್ಪ',601',45',ಗಂಡು'
ALQ2221117',ಚಂದ್ರಮ್ಮ',ಆದಿನಾರಾಯಣ ಆರ್',755',39',ಹೆಣ್ಣು'
ALQ2517381',ವಿಜಯ್',ಮುತ್ತಣ್ಣ',602',23',ಗಂಡು'
ALQ3188497',ಪುಟ್ಟಮ್ಮ ಜಿ',ಟಿ ಮಂಜುನಾಥ',',20',ಹೆಣ್ಣು'
ALQ2214641',ಕೋಡಿರ್ಲಪ್ಪ',ತಾತಯ್ಯ',0',45',ಗಂಡು'
ALQ2213478',ಕೆಂಪಣ್ಣ',ಅಂಜಿನಪ್ಪ',0',41',ಗಂಡು'
ALQ2213445',ಸುಬ್ಬಮ್ಮಾ',ಲೇಟ್ ಅಂಜಿನಪ್ಪ',0',40',ಹೆಣ್ಣು'
ALQ2214633',ಕರಿಯಮ್ಮ',ಕೆಂಪಣ್ಣ',0',39',ಹೆಣ್ಣು'
ALQ2213437',ಅಂಜಿನಪ್ಪ',ನಾರಾಯಣಪ್ಪ',0',36',ಗಂಡು'
ALQ2214542',ರಾಮಾಂಜಿ',ದೊಡ್ಡ ಅಂಜಿನಪ್ಪ',0',35',ಗಂಡು'
ALQ2214690',ಶಿವಪ್ಪ',ಗಂಗಪ್ಪ',0',33',ಗಂಡು'
ALQ2213460',ಅಂಬಿಕ',ಶ್ರೀನಿವಾಸ',0',32',ಹೆಣ್ಣು'
ALQ2214534',ಚೆಟ್ಟೆಮ್ಮ',ರಾಮಾಂಜಿ',0',31',ಹೆಣ್ಣು'
ALQ2214617',ಚಿಕ್ಕ ರಂಗಪ್ಪ',ಸಿದ್ದಪ್ಪ',0',29',ಗಂಡು'
ALQ2214708',ಆದಮ್ಮ',ರವಿ',0',29',ಹೆಣ್ಣು'
ALQ2214716',ಬೇಬಿ',ಶಿವಪ್ಪ',0',28',ಹೆಣ್ಣು'
ALQ2214609',ಕರಿಯಮ್ಮ',ಚಿಕ್ಕ ರಂಗಪ್ಪ ಎಸ್',0',27',ಹೆಣ್ಣು'
ALQ2443133',ನಂಜುಂಡಪ್ಪ',ತಾತಯ್ಯ',0',80',ಗಂಡು'
ALQ2013084',ಅಕ್ಕಲಮ್ಮ',ನಂಜರೆಡ್ಡಿ',0',71',ಹೆಣ್ಣು'
ALQ2443208',ಎನ್ ಮಂಜುನಾಥ',ನಂಜುಂಡಪ್ಪ',0',54',ಗಂಡು'
ALQ2013092',ಎನ್ ಆದಿನಾರಾಯಣರೆಡ್ಡಿ',ನಂಜರೆಡ್ಡಿ',0',50',ಗಂಡು'
ALQ2122356',ಮಾರಯ್ಯ',ಕೋರ್ಲಪ್ಪ',0',48',ಗಂಡು'
ALQ2213825',ಅಂಜಿನಮ್ಮಾ',ತಿಪ್ಪೇಸ್ವಾಮಿ',0',44',ಗಂಡು'
ALQ2214567',ಮಾರಣ್ಣ',ಅಂಜೀನಪ್ಪ',0',43',ಗಂಡು'
CTR1740208',ಆದಿಮೂರ್ತಿ ತಾಯಿಯ',ಮುನೆಮ್ಮ',0',42',ಗಂಡು'
ALQ2443471',ಕರಿಯಣ್ಣ',ಅಶ್ವತ್ಥಪ್ಪ',0',41',ಗಂಡು'
ALQ2013001',ಟಿ ಕೆ ನಾಗೇಶ್',ಕಾಳೇಗೌಡ',0',39',ಗಂಡು'
ALQ2213841',ಶ್ರೀನಿವಾಸ',ತಿಪ್ಪೆಸ್ವಾಮಿ',0',38',ಗಂಡು'
ALQ2214526',ರತ್ನಮ್ಮ',ಸಿದ್ದಪ್ಪ',0',34',ಹೆಣ್ಣು'
ALQ2443489',ಡಿ ಎನ್ ಶೋಭ',ಎನ್ ಆದಿನಾರಾಯಣರೆಡ್ಡಿ',0',36',ಹೆಣ್ಣು'
ALQ2443547',ಮಾಲ',ಕರಿಯಣ್ಣ',0',36',ಹೆಣ್ಣು'
ALQ2012995',ಜೆ ಜಿ ಶೈಲಜ',ಟಿ ಕೆ ನಾಗೇಶ್',0',35',ಹೆಣ್ಣು'
ALQ2012979',ಎಸ್ ಆದಿನಾರಾಯಣರೆಡ್ಡಿ',ಶ್ರೀರಾಮರೆಡ್ಡಿ',0',34',ಗಂಡು'
ALQ2213874',ಮಾರಕ್ಕೆ',ಮಾರಣ್ಣಾ',0',34',ಹೆಣ್ಣು'
ALQ2013035',ಎಂ ಎನ್ ರವೀಂದ್ರನಾಥ್',ಎಂ ಕೆನರಸಿಂಹರ',0',33',ಗಂಡು'
ALQ1818996',ಮಂಜುಳಾ',ಅದಿಮೂರ್ತಿ',0',33',ಹೆಣ್ಣು'
ALQ2012987',ಸುಜಾತ',ನರಸಿಂಹರೆಡ್ಡಿ',0',33',ಹೆಣ್ಣು'
ALQ2213486',ರವಿ',ಮಲ್ಲೇಶಪ್ಪಾ',ನಂ',32',ಗಂಡು'
ALQ2214658',ಎಸ್ ರಂಗನಾಥ',ಸಿದ್ದಪ್ಪ',0',32',ಗಂಡು'
ALQ2395069',ಶಿವಮ್ಮ',ಕರಿಯಪ್ಪ',0',32',ಹೆಣ್ಣು'
ALQ2213866',ರಂಗನಾಥ ಏನ್',ನಂಜುಂಡಪ್ಪಾ',0',31',ಗಂಡು'
ALQ2013027',ಸುರೇಶ',ನಾಗರಾಜಪ್ಪ',0',31',ಗಂಡು'
ALQ2214575',ಸುವರ್ಣ',ಎಸ್ ರಂಗನಾಥ್',0',30',ಹೆಣ್ಣು'
ALQ2013068',ಪುಷ್ಟಾ',ಅಂಬರೀಶ್',0',30',ಹೆಣ್ಣು'
ALQ2013050',ನಾಗಭೂಷಣ ರೆಡ್ಡಿ',ನಂಜರೆಡ್ಡಿ',0',29',ಗಂಡು'
ALQ2214682',ಲಕಿ',ಎನ್ ರಂಗನಾಥ',0',29',ಹೆಣ್ಣು'
ALQ2213858',ಗೀತಾ',ಗಿರಿಬಾಬು',0',28',ಹೆಣ್ಣು'
ALQ2013043',ಮಾರಯ್ಯ ತಾಯಿಯ',ಸಿದ್ದಮ್ಮ',0',28',ಗಂಡು'
ALQ2394567',ಭಾಗ್ಯಮ್ಮ',ಮಾರಯ್ಯ',0',26',ಹೆಣ್ಣು'
ALQ2443570',ರತ್ನ ತಾಯಿಯ',ಸುಬ್ಬಮ್ಮ',0',25',ಹೆಣ್ಣು'
ALQ2443364',ಚಿಟ್ಟಿ',ಗಂಗಪ್ಪ',0',25',ಹೆಣ್ಣು'
ALQ2443638',ಸುಜಾತ',ಗಂಗಧರ',0',25',ಹೆಣ್ಣು'
ALQ2503001',ಎಮ್ ಕೆನಂಜಾರೆಡ್ಡಿ',ಎಮ್ ಎಸ್ ಕೃಷ್ಣಾರೆಡ್ಡಿ',1',23',ಗಂಡು'
ALQ2517340',ಟಿ ಮಂಜುನಾಥ',ಅಂಜಿನಮ್ಮ',0',23',ಗಂಡು'
ALQ3042181',ಆರ್\u200c ನಾಗಲಕ್ಷ್ಮೀ',ರವೀಂದ್ರನಾಥ',0',22',ಹೆಣ್ಣು'
ALQ3079944',ನರೇಂದ್ರ ಆರ್',ರವೀಂದ್ರ',0',20',ಗಂಡು'
ALQ2107134',ಶ್ರವಂತಿ',ಎಮ್ ಆರ್ ವಿವೇಕ್',1',33',ಹೆಣ್ಣು'
ALQ1818087',ವರಲಕ್ಷ್ಮಿ',ಲಕ್ಷ್ಮೀನಾರಾಯಣ',63',45',ಹೆಣ್ಣು'
ALQ2488716',ರಘು',ವೆಂಕಟಪ್ಪ',72',34',ಗಂಡು'
ALQ2487874',ರತ್ನಮ್ಮ',ವೆಂಕಟಯ್ಯ',72',31',ಹೆಣ್ಣು'
ALQ0220558',ಆದಿಲಕ್ಷ್ಮಮ್ಮ',ಸಿದ್ದಪ್ಪ',207',58',ಹೆಣ್ಣು'
ALQ3042173',ಗಾಯಿತ್ರಿ',ಗಿರಿಬಾಬು',207',25',ಹೆಣ್ಣು'
ALQ3158821',ಅಣ್ಣಪ್ಪ',ಮಲ್ಲೇಶಪ್ಪ',21ಡಿ',38',ಗಂಡು'
ALQ3158813',ಪಾರ್ವತಮ್ಮ',ಅಣ್ಣಪ್ಪ',21ಡಿ',33',ಹೆಣ್ಣು'
ALQ2214666',ಅಂಜಿನಮ್ಮ',ರವಿ',21ಡಿ',27',ಹೆಣ್ಣು'
ALQ2122240',ಚಿಕ್ಕ ಅಂಜಿನಪ್ಪ',ವೆಂಕಟಪ್ಪ',219',61',ಗಂಡು'
ALQ2345718',ನಂಜರೆಡ್ಡಿ',ನಂಜುಡಪ್ಪ',250',78',ಗಂಡು'
ALQ2213494',ಗುರುಸ್ವಾಮಿ',ಅಂಜಿನಪ್ಪಾ',30',35',ಗಂಡು'
ALQ2221125',ಎ ಕುಸುಮ',ಆದಿನಾರಾಯಣರೆರ',361',26',ಹೆಣ್ಣು'
ALQ0831891',ಸಿದ್ದಪ್ಪ',ಪೆದ್ದಾದಿಮೂರ್ತಿ',460',66',ಗಂಡು'
ALQ3080348',ಆಂಜನೇಯಲು ಎಸ್',ಸಿದ್ದಪ್ಪ',460',22',ಗಂಡು'
ALQ3188505',ಎಸ್ ಲಕ್ಷ್ಮೀ',ಸಿದ್ದಪ್ಪ',460',19',ಹೆಣ್ಣು'
ALQ2517399',ತ್ರಿವೇಣಿ',ರಾಮಾಂಜಿನಪ್ಪ',488',23',ಹೆಣ್ಣು'
ALQ0041731',ವೆಂಕಟೇಶಪ್ಪ',ಬೀಮಣ್ಣ',573',63',ಗಂಡು'
ALQ2443174',ಭಾನು',ರಾಮಕೃಷ್ಣಪ್ಪ',598',39',ಹೆಣ್ಣು'
ALQ2443166',ಸರಸ್ವತಮ್ಮ',ರವೀಂದ್ರನಾಥ',601',44',ಹೆಣ್ಣು'
CTR5090469',ಆದಿಲಕ್ಷ್ಮಮ್ಮ',ಕೋಡೀಡ್ಲಪ್ಪ',602',75',ಹೆಣ್ಣು'
CTR1583848',ಸಿದ್ದಮ್ಮ',ಕೋಡೀಪ್ಲೆಪ್ಪ',602',60',ಹೆಣ್ಣು'
ALQ2443505',ಗಂಗಪ್ಪ',ವೆಂಕಟಪ್ಪ',602',56',ಗಂಡು'
ALQ2443687',ಲಿಂಗಮ್ಮ',ಗಂಗಪ್ಪ',602',51',ಹೆಣ್ಣು'
CTR5090477',ನಾರಾಯಣಸ್ವಾಮಿ',ಕೊಡಿರ್ಲಪ್ಪ',602',50',ಗಂಡು'
CTR5090451',ದುರ್ಗಮ್ಮ',ನಾರಾಯಣಸ್ವಾಮಿ',602',46',ಹೆಣ್ಣು'
ALQ1120633',ಕೆ ಅಂಬರೀಷ',ಕೋಡಿರ್ಲಪ್ಪ',602',45',ಗಂಡು'
ALQ3001955',ರತ್ನಮ್ಮ',ನಾರಾಯಣಸ್ವಾಮಿ',602',44',ಹೆಣ್ಣು'
ALQ2443497',ಮಾರಕ್ಕೆ',ಲೇಟ್ ಶಿವಾಜಿ',602',35',ಹೆಣ್ಣು'
ALQ2443695',ಗಂಗ',ಗಂಗಪ್ಪ',602',29',ಹೆಣ್ಣು'
ALQ2443562',ರಾಮು',ಲಕ್ಷ್ಮಯ್ಯ',602',26',ಗಂಡು'
ALQ2443612',ಎಸ್ ಮಂಜುನಾಥ',ಲೇಟ್ ಶಿವಾಜಿ',602',26',ಗಂಡು'
ALQ2443729',ಮಂಜುನಾಥ',ಗಂಗಪ್ಪ',602',26',ಗಂಡು'
ALQ2443604',ಎನ್ ಮಂಜುನಾಥ',ನಾರಾಯಣಸ್ವಾಮಿ',602',25',ಗಂಡು'
ALQ2517365',ಆಂಜನೇಯ',ಶಿವಣ್ಣ',602',24',ಗಂಡು'
ALQ2991040',ANNAPPA N',ನಾರಾಯಣಸ್ವಾಮಿ',602',23',ಗಂಡು'
ALQ3018017',ಸುಮಿತ್ರ',ಆಂಜನೇಯ',602',22',ಹೆಣ್ಣು'
ALQ3080389',ನೇತ್ರ',ಎನ್ ಅಣ್ಣಪ್ಪ',602',21',ಹೆಣ್ಣು'
ALQ3188877',ಬಾಬುಡಿ',ದೊಡ್ಡ ಅಂಜಿನಪ್ಪ',602',19',ಗಂಡು'
ALQ3079910',ಭಾಗ್ಯಮ್ಮ ಎನ್',ಎನ್ ಮಂಜುನಾಥ',602',19',ಹೆಣ್ಣು'
ALQ0831412',ವೆಂಕಟರೋಣಪ್ಪ',ಮಸ್ತಾನಪ್ಪ',603',70',ಗಂಡು'
ALQ1120708',ರತ್ನಮ್ಮ',ವೆಂಕಟರೋಣಪ್ಪ',603',65',ಹೆಣ್ಣು'
ALQ1120716',ಲಕ್ಷ್ಮೀನಾರಾಯಣ',ವೆಂಕಟರೋಣಪ್ಪ',603',47',ಗಂಡು'
ALQ0221549',ಶಿವಕುಮಾರ ವಿ',ವೆಂಕಟರೋಣಪ್ಪ',603',41',ಗಂಡು'
ALQ1120757',ಮಂಜುನಾಥ',ನಾರಾಯಣಪ್ಪ',604',38',ಗಂಡು'
ALQ2585743',ಮಾರಕ್ಕೆ',ನಾರಾಯಣಪ್ಪ',605',65',ಹೆಣ್ಣು'
ALQ2188647',ಗಂಗಮ್ಮ',ಚಿಕ್ಕ ಅಂಜಿನಪ್ಪ',605',52',ಹೆಣ್ಣು'
ALQ0831958',ಗಂಗರತ್ನಮ್ಮ',ಆಂಜಿನಪ್ಪ',605',49',ಹೆಣ್ಣು'
ALQ0830901',ಮಂಜಣ್ಣ',ನಾರಾಯಣಪ್ಪ',605',48',ಗಂಡು'
ALQ2217628',ಮಾರಕ್ಕೆ',ದೊಡ್ಡಅಂಜಿನಪ್ಪ',605',43',ಹೆಣ್ಣು'
ALQ3160900',ಮುನಿಯಕ್ಕ',ಅಂಜಿನಪ್ಪ',605',21',ಹೆಣ್ಣು'
ALQ0041582',ಆದಮ್ಮ',ವೆಂಕಟಸ್ವಾಮಿ',606',77',ಹೆಣ್ಣು'
ALQ0220020',ತಿಪ್ಪೇಸ್ವಾಮಿ',ವೆಂಕಟಸ್ವಾಮಿ',606',59',ಗಂಡು'
ALQ0831388',ಲಕ್ಷ್ಮಮ್ಮ',ತಿಪ್ಪೇಸ್ವಾಮಿ',606',51',ಹೆಣ್ಣು'
ALQ2122562',ರಾಮಾಂಜಿ',ವೆಂಕಟಸ್ವಾಮಿ',606',37',ಗಂಡು'
ALQ2122505',ಅಶ್ವತ್ಥಮ್ಮ',ರಾಮುಂಜಿನಪ್ಪ',606',37',ಹೆಣ್ಣು'
ALQ2122554',ಮಂಜುಳ',ರಾಮಂಜಿನಪ್ಪ',606',27',ಹೆಣ್ಣು'
ALQ1120807',ಎಂ ಲಕ್ಷ್ಮೀನಾರಾಯಣಪ್ಪ',ವೆಂಕಟರಾಮಪ್ಪ',607',60',ಗಂಡು'
ALQ1120815',ವಿಜಯಮ್ಮ',ಲಕ್ಷ್ಮೀನಾರಾಯಣ',607',53',ಹೆಣ್ಣು'
ALQ2969244',ಅನುರಾಧ',ಎಂ ಎಲ್ ಮಂಜುನಾಥ',607',28',ಹೆಣ್ಣು'
ALQ2966786',ಎಂ ಎಲ್ ಮಂಜುನಾಥ',ಎಂ ಲಕ್ಷ್ಮೀನಾರಾಯಣಪ್ಪ',607',28',ಗಂಡು'
ALQ2540375',ಪ್ರಮೀಳ ಎನ್',ನರಸಿಂಹಪ್ಪ',607',23',ಹೆಣ್ಣು'
ALQ2585768',ಆದಿನಾರಾಯಣಪ್ಪ',ನಾರಾಯಣಪ್ಪ',609',61',ಗಂಡು'
ALQ0221473',ಸರಸ್ವತಮ್ಮ',ಆದಿನಾರಾಯಣಪ್ಪ',609',53',ಹೆಣ್ಣು'
ALQ2221166',ಸೌಮ್ಯ ಎಂ',ಶ್ರೀನಿವಾಸ ಎ',609',25',ಹೆಣ್ಣು'
ALQ2443745',ವೆಂಕಟೇಶ',ಆದಿನಾರಾಯಣ',609',25',ಗಂಡು'
ALQ1120849',ರಾಜಪ್ಪ',ನಾರಾಯಣಪ್ಪ',610',65',ಗಂಡು'
ALQ0220921',ಆರ್ ಹನುಮಂತರಾಯಪ್ಪ',ರಾಜಪ್ಪ',610',41',ಗಂಡು'
ALQ2157519',ಜಿ ಎಸ್ ಮಂಜುಳ', ಹನುಮಂತರಾಯಪ್ಪ',610',30',ಹೆಣ್ಣು'
ALQ2105823',ಗಿರಿಬಾಬು',ಮಂಜುನಾಥ',610',27',ಗಂಡು'
ALQ1120856',ಗುಮ್ಮ',ಕುಂಟಿವೆಂಕಟಪ್ಪ',611',75',ಹೆಣ್ಣು'
ALQ1120864',ನಾರಾಯಣಸ್ವಾಮಿ',ಕುಂಟಿವೆಂಕಟಪ್ಪ',611',54',ಗಂಡು'
CTR5240015',ಮಂಜುನಾಥ',ಕುಂಟಿವೆಂಕಟಪ್ಪ',611',50',ಗಂಡು'
ALQ1120872',ನಾರಾಯಣಮ್ಮ',ನಾರಾಯಣಸ್ವಾಮಿ',611',50',ಹೆಣ್ಣು'
CTR5090493',ಸಣ್ಣಕ್ಕೆ',ಮಂಜುನಾಥ',611',43',ಹೆಣ್ಣು'
ALQ1818426',ಗುರುಮೂರ್ತಿ',ಗುಡ್ಡಮಯ್ಯ',611',42',ಗಂಡು'
ALQ1818418',ದೊಡ್ಡಮ್ಮ',ಗುರುಮೂರ್ತಿ',611',35',ಹೆಣ್ಣು'
ALQ2442556',ದೇವರಾಜು',ಗಿರಪ್ಪ',611',31',ಗಂಡು'
ALQ3194107',ಜ್ಯೋತಿ ಗುಂಡಪಲ್ಲಿ',ಶಿವಕುಮಾರ್ ಎನ್',611',29',ಹೆಣ್ಣು'
ALQ2443679',ಮಂಜುಳ',ದೇವರಾಜು',611',28',ಹೆಣ್ಣು'
ALQ2102515',ಶಿವಕುಮಾರ್ ಎನ್',ನಾರಾಯಣಸ್ವಾಮಿ',611',27',ಗಂಡು'
ALQ3189032',ನವೀನ್ ಕುಮಾರ್ ಎಮ್',ಮಂಜುನಾಥ',611',19',ಗಂಡು'
ALQ1120880',ನಂಜಪ್ಪ',ವೆಂಕಟರವಣಪ್ಪ',612',77',ಗಂಡು'
CTR1581701',ರಾಜಪ್ಪ',ವೆಂಕಟರೋಣಪ್ಪ',612',63',ಗಂಡು'
ALQ1120906',ಪದ್ಮಾವತಮ್ಮ',ರಾಜಪ್ಪ',612',56',ಹೆಣ್ಣು'
ALQ1120914',ಎನ್ ವೆಂಕಟೇಶ',ನಂಜಪ್ಪ',612',49',ಗಂಡು'
ALQ1818459',ಎನ್ ರವೀಂದ್ರ',ನಂಜಪ್ಪ',612',43',ಗಂಡು'
ALQ0832063',ಚಾಮ್\u200cಕುಮಾರ್ ಆರ್',ರಾಜಪ್ಪ',612',34',ಗಂಡು'
ALQ0831370',ಆರ್ ಕಿರಣ್ ಕುಮಾರ್',ರಾಜಪ್ಪ',612',32',ಗಂಡು'
ALQ2157543',ಎಸ್ ಲಕ್ಷ್ಮೀ',ಚಾಯಿಕುಮಾರ್',612',29',ಹೆಣ್ಣು'
ALQ2969228',ಕೋಮಲ',ಆರ್ ಕಿರಣ್ ಕುಮಾರ',612',25',ಹೆಣ್ಣು'
ALQ1120955',ಆದಿಲಕ್ಷ್ಮಮ್ಮ',ಗೋಪಾಲಪ್ಪ',615',70',ಹೆಣ್ಣು'
ALQ2966729',ನಾಗರಾಜಪ್ಪ',ಗೋಪಾಲಪ್ಪ',615',55',ಗಂಡು'
CTR5090311',ರತ್ನಮ್ಮ',ನಾಗರಾಜಪ್ಪ',615',51',ಹೆಣ್ಣು'
ALQ2157600',ನಾಗಲಕ್ಷ್ಮಿ',ಸುರೇಶ್',615',30',ಹೆಣ್ಣು'
CTR5240767',ನಾಗರಾಜಪ್ಪ ಎನ್',ನಂಜುಂಡಪ್ಪ',616',42',ಗಂಡು'
ALQ0040766',ಶೋಭಾ',ಎನ್ ನಾಗರಾಜಪ್ಪ',616',38',ಹೆಣ್ಣು'
ALQ2991057',ಪದ್ಮವತಮ್ಮ',ಲಕ್ಷ್ಮೀನಾರಾಯಣ',616',38',ಹೆಣ್ಣು'
ALQ1818475',ಪದ್ಮಾ ಎನ್',ಲಕ್ಷ್ಮೀನಾರಾಯಣ',616',36',ಹೆಣ್ಣು'
ALQ1120963',ಜಿ ಆದಿನಾರಾಯಣಪ್ಪ',ನಾರಾಯಣಪ್ಪ',617',75',ಗಂಡು'
ALQ1120971',JAYAKASHAMMA',ಆದಿನಾರಾಯಣ',617',65',ಹೆಣ್ಣು'
ALQ0220475',ಅಂಬರೀಶ',ಆದಿನಾರಾಯಣ',617',44',ಗಂಡು'
CTR1742923',ಸತೀಶ್',ಆದಿನಾರಾಯಮಪ್ಪ',617',37',ಗಂಡು'
ALQ2517407',ಗಂಗರತ್ನಮ್ಮ ಎಮ್ ವಿ',ಸತೀಶ್',617',33',ಹೆಣ್ಣು'
ALQ2517423',ಸಾವಿತ್ರಮ್ಮ',ಲೇಟ್ ನಾರಾಯಣ',618',50',ಹೆಣ್ಣು'
ALQ1120997',ಅಶ್ವಥಪ್ಪ',ಮುದ್ದಪ್ಪ',618',46',ಗಂಡು'
ALQ1121003',ಮಂಜುಳ',ಅಶ್ವಥಪ್ಪ',618',44',ಹೆಣ್ಣು'
ALQ3017902',ಕಲ್ಯಾಣ್ ಎ',ಅಶ್ವತ್ಥಪ್ಪ',618',21',ಗಂಡು'
ALQ1121045',ಗಂಗ ರೆಡ್ಡಿ',ಕೃಷ್ಣಪ್ಪ',619',45',ಗಂಡು'
ALQ0221044',ಗಾಯತ್ರಿ',ಗಂಗರೆಡ್ಡಿ',619',38',ಹೆಣ್ಣು'
CTR1580778',ನಂಜುಂಡ ರೆಡ್ಡಿ',ನಾರಾಯಣರೆಡ್ಡಿ',621',65',ಗಂಡು'
ALQ2966745',ಶಾಂತಮ್ಮ',ಆದಿನಾರಾಯಣರೆಡ್ಡಿ',621',49',ಹೆಣ್ಣು'
ALQ1121060',ವೆಂಕಟಲಕ್ಷ್ಮಮ್ಮ',ನಂಜುಂಡ ರೆಡ್ಡಿ',621',45',ಹೆಣ್ಣು'
ALQ2966760',ನರೇಂದ್ರ ಎನ್ ಎ ತಾಯಿಯ',ಶಾಂತಮ್ಮ',621',23',ಗಂಡು'
ALQ3079936',ಎನ್ ನರಸಿಂಹರೆಡ್ಡಿ',ಎನ್ ನಂಜುಂಡರೆಡ್ಡಿ',621',20',ಗಂಡು'
ALQ2503035',ನರಸಮ್ಮ',ನಾನೆಪ್ಪ',622',66',ಹೆಣ್ಣು'
ALQ2503068',ಲಕ್ಷ್ಮೀದೇವಮ್ಮ',ಶ್ರೀರಾಮರೆಡ್ಡಿ',622',49',ಹೆಣ್ಣು'
ALQ2443661',ಸರಸ್ವತಮ್ಮ',ನಾನೆಪ್ಪ',622',48',ಹೆಣ್ಣು'
CTR1744275',ಶ್ರೀರಾಮರೆಡ್ಡಿ',ಜಿ ಗಂಗರೆಡ್ಡಿ',622',47',ಗಂಡು'
ALQ1121102',ಆದಿನಾರಾಯಣ ರೆಡ್ಡಿ',ನರಸಿಂಹ ರೆಡ್ಡಿ',623',55',ಗಂಡು'
CTR1742592',ರಾಮಕೃಷ್ಣ ರೆಡ್ಡಿ ಎನ್',ನರಸಿಂಹ ರೆಡ್ಡಿ',63',50',ಗಂಡು'
ALQ1121110',ಲಕ್ಷ್ಮೀದೇವಮ್ಮ',ಆದಿನಾರಾಯಣ ರೆ',63',47',ಹೆಣ್ಣು'
CTR1743244',ಸುಜಾತ ಎನ್',ಎನ್ ರಾಮಕೃಷ್ಣಾರ',63',43',ಹೆಣ್ಣು'
ALQ2503050',ಸಂತೋಷ ಎ',ಆದಿನಾರಾಯಣರೆಡಿ',623',23',ಗಂಡು'
ALQ0831982',ನಾಗಮಣಿ',ನಾಗಭೂಷಣರೆಡ್ಡಿ',624',34',ಹೆಣ್ಣು'
CTR1583327',ಎನ ರಾಮ ರೆಡ್ಡಿ',ನಂಜುಂಡ ರೆಡ್ಡಿ',625',80',ಗಂಡು'
CTR1743806',ಕಾಂತಮ್ಮ',ನಂಜುಂಡರೆಡ್ಡಿ',625',48',ಹೆಣ್ಣು'
ALQ2966737',ಎನ್ ವೆಂಕಟಶಿವಾರೆಡ್ಡಿ ತಾಯಿಯ',ಕಾಂತಮ್ಮ',625',22',ಗಂಡು'
ALQ1121128',ಸೋಮಪ್ಪ',ನಾರಾಯಣಪ್ಪ',627',80',ಗಂಡು'
ALQ1121136',ರತ್ನಮ್ಮ',ಸೋಮಪ್ಪ',627',65',ಹೆಣ್ಣು'
ALQ1121151',ನಂಜುಂಡಪ್ಪ',ಸೋಮಪ್ಪ',627',48',ಗಂಡು'
ALQ0220707',ಎಸ್ ರಾಮಕೃಷ್ಣಪ್ಪ',ಸೋಮಪ್ಪ',627',46',ಗಂಡು'
ALQ0831990',ಮುನಿಲಕ್ಷ್ಮಮ್ಮ',ನಂಜುಂಡಪ್ಪ',627',40',ಹೆಣ್ಣು'
ALQ1121169',ಆದಮ್ಮ',ನರಸಿಂಹ ರೆಡ್ಡಿ',628',76',ಹೆಣ್ಣು'
ALQ1121177',ರಾಜಾರೆಡ್ಡಿ',ನರಸಿಂಹ ರೆಡ್ಡಿ',628',47',ಗಂಡು'
ALQ1121185',ಬಾಲಪ್ಪ',ನರಸಿಂಹ ರೆಡ್ಡಿ',628',45',ಗಂಡು'
ALQ0830950',ಕೆ ವಿ ಪದ್ಮ',ಬಿ ಎನ ರಾಜಾರೆಡ್ಡಿ',628',41',ಹೆಣ್ಣು'
ALQ0040360',ಅರಣ',ಬಾಲರೆಡ್ಡಿ',628',34',ಹೆಣ್ಣು'
ALQ1121193',ಲಕ್ಷ್ಮೀದೇವಮ್ಮ',ಶ್ರೀರಾಮ ರೆಡ್ಡಿ',629',60',ಹೆಣ್ಣು'
ALQ2443315',ಎಸ್ ಆದಿನಾರಾಯಣರೆಡ್ಡಿ',ಶ್ರೀರಾಮರೆಡ್ಡಿ',629',34',ಗಂಡು'
ALQ1121201',ಅಶ್ವತ್ಥ ರೆಡ್ಡಿ',ನರಸಿಂಹ ರೆಡ್ಡಿ',630',58',ಗಂಡು'
ALQ1121219',ಅಚ್ಚಮ್ಮ',ಅಶ್ವತ್ಥ ರೆಡ್ಡಿ',630',54',ಹೆಣ್ಣು'
ALQ2157576',ಬಿ ಎ ಮಂಜುಳ',ಆಶ್ವತ್ತರೆಡ್ಡಿ',630',27',ಹೆಣ್ಣು'
ALQ1121227',ಸಂಜೀವ ರೆಡ್ಡಿ',ನರಸಿಂಹ ರೆಡ್ಡಿ',631',51',ಗಂಡು'
ALQ1121235',ಕಾಂತಮ್ಮ',ಸಂಜೀವ ರೆಡ್ಡಿ',631',46',ಹೆಣ್ಣು'
ALQ1121243',ಬಿ ಎನ ಶ್ರೀರಾಮ ರೆಡ್ಡಿ',ಆದೆಪ್ಪ',632',73',ಗಂಡು'
ALQ1114529',ರವೀಂದ್ರ ರೆಡ್ಡಿ ಬಿ ಎಸ್',ಬಿ ಎಂ ಶ್ರೀರಾಮರ',632',48',ಗಂಡು'
ALQ0221226',ಶ್ರೀನಿವಾಸರೆಡ್ಡಿ ಬಿ ಎಸ್',ಶ್ರೀರಾಮರೆಡ್ಡಿ ಬಿ ಎನ್',632',45',ಗಂಡು'
ALQ1114511',ವೀಣಾ ಎಂ ಆರ್',ರವೀಂದ್ರರೆಡ್ಡಿ ಬಿ ಎ',632',42',ಹೆಣ್ಣು'
CTR5240569',ಪಿ ಎನ್ ನಿರ್ಮಲ',ಬಿ ಎಸ್ ಶ್ರೀನಿವಾಸರೆಡ್ಡಿ',632',40',ಹೆಣ್ಣು'
ALQ1121250',ಕಾಂತಮ್ಮ',ನಂಜುಂಡಪ್ಪ',633',55',ಹೆಣ್ಣು'
ALQ0220301',ರಮೇಶ ಎನ',ನಂಜುಂಡಪ್ಪ',633',38',ಗಂಡು'
ALQ1121144',ಎಸ ಜಯಮ್ಮ',ನಂಜುಂಡಪ್ಪ',633',36',ಹೆಣ್ಣು'
ALQ1818483',ಮಮತ',ರಮೇಶ್ ಎನ್',633',35',ಹೆಣ್ಣು'
ALQ1121276',ಸಾವಿತ್ರಮ್ಮ',ಕೃಷ್ಣಪ್ಪ',634',55',ಹೆಣ್ಣು'
ALQ2966778',ಕೆಗಿರೀಶ',ಕೃಷ್ಣಪ್ಪ',634',27',ಗಂಡು'
CTR5240700',ಶಿವಮ್ಮ',ಮುನಿಯಪ್ಪ',635',76',ಹೆಣ್ಣು'
ALQ1121284',ಮುನಿಯಪ್ಪ',ನಾರಾಯಣಪ್ಪ',635',75',ಗಂಡು'
CTR1743905',ಕೃಷ್ಣಪ್ಪ ಎನ್',ನಾರಾಯಣಪ್ಪ',636',52',ಗಂಡು'
CTR5240650',ಗೋವಿಂದಮ್ಮ',ಕೃಷ್ಣಪ್ಪ',636',43',ಹೆಣ್ಣು'
ALQ2991032',ಕೆ ಪವನ್ ಕುಮಾರ್',ಎನ್ ಕೃಷ್ಣಪ್ಪ',636',22',ಗಂಡು'
ALQ3130929',ಕಿರಣ್ ಕುಮಾರ್',ಕೃಷ್ಣಪ್ಪ ಎನ್',636',20',ಗಂಡು'
ALQ1121300',ಲಕ್ಷ್ಮೀದೇವಮ್ಮ',ನಂಜಪ್ಪ',638',62',ಹೆಣ್ಣು'
CTR1743772',ಲಕ್ಷ್ಮೀನಾರಾಯಣಪ್ಪ ಎನ್',ನಂಜಪ್ಪ',638',48',ಗಂಡು'
ALQ2585792',ವೆಂಕಟೇಶಪ್ಪ',ನಂಜಪ್ಪ',638',41',ಗಂಡು'
ALQ0830547',ಕಮಲಮ್ಮ',ಹನುಮಂಥ ರೆಡ್ಡಿ',639',79',ಹೆಣ್ಣು'
ALQ0830851',ವೆಂಕಟೇಶ',ಹನುಮಂಥ ರೆಡ್ಡಿ',639',58',ಗಂಡು'
ALQ2122521',ರಾದಮ್ಮ',ವೆಂಕಟೇಶ',639',50',ಹೆಣ್ಣು'
ALQ0041251',ಗೀತ',ನಾಗೇಶ',639',50',ಹೆಣ್ಣು'
ALQ1121334',ಎಂ ಕೆ ನರಸಿಂಹರೆಡ್ಡಿ',ಕೊಂಡಾರೆಡ್ಡಿ',640',85',ಗಂಡು'
ALQ1121342',ನಿರ್ಮಲ',ಎಂ ಕೆ ನರಸಿಂಹ ರೆ',640',73',ಹೆಣ್ಣು'
ALQ1121359',ಎಂ ಎನ್ ರಾಜೇಂದ್ರಪ್ರಸಾದ್ ಇತರೆ ಸಂಬಂಧಿಯ',ಎಂ ಕೆ ನರಸಿಂಹ ರೆಡ್ಡಿ',640',59',ಗಂಡು'
ALQ1121367',ಎಂ ತುಳಸಿ',ಎಂ ಎನ್ ರಾಜೇಂದ್ರಪ್ರಸಾದ್',640',53',ಹೆಣ್ಣು'
ALQ1114610',ಎಂ ಆರ್ ವಿಕ್ರಮ್',ಎಂ ಎನ್ ರಾಜೇಂದ್ರ ಪ್ರಸಾದ್',640',32',ಗಂಡು'
ALQ2540409',ಎಮ್ ಸಂಧ್ಯಾ',ಎಮ್ ಆರ್ ವಿಕ್ರಮ್',640',32',ಹೆಣ್ಣು'
ALQ2221208',ಸುರೇಶಬಾಬುಬಿ ಎನ್',ನರಸಿಂಹರೆಡ್ಡಿ ಬಿ',641',28',ಗಂಡು'
ALQ2188613',ಎಂ ವಿ ಶ್ರೀನಿವಾಸರೆಡ್ಡಿ',ವೆಂಕಟರಮಣ ರೆ',642',74',ಗಂಡು'
CTR5240106',ಎಂ ವಿ ರಾಮಕೃಷ್ಣ ರೆಡ್ಡಿ',ಎಂ ವೆಂಕಟರವಣ',642',70',ಗಂಡು'
ALQ1121466',ಎಂ ಆರ್ ಮಂಜುಳ',ಎಂ ವಿ ರಾಮಕೃಷ್ಣರೆ',642',60',ಹೆಣ್ಣು'
ALQ1114636',ಮಂಜುನಾಥರೆಡ್ಡಿ',ವೆಂಕಟರಮಣರ್ರೆ',642',60',ಗಂಡು'
ALQ1114669',ಶ್ರೀರಾಮರೆಡ್ಡಿ',ವೆಂಕಟರಮಣರೆಡ್ಡಿ',642',55',ಗಂಡು'
ALQ0830554',ಎಂ ಆರ್\u200c ವೀವೇಕಾನಂದ',ಎಂ ವಿ ರಾಮಕೃಷ್ಣಾರೆಡ್ಡಿ',642',39',ಗಂಡು'
ALQ2585818',ಶ್ರೀರಾಮಪ್ಪ',ಪೆದ್ದಪ್ಪಯ್ಯ',647',55',ಗಂಡು'
CTR1584010',ಲಲಿತಮ್ಮ',ಶ್ರೀರಾಮಪ್ಪ',647',47',ಹೆಣ್ಣು'
ALQ2443711',ಸುಧಾರಾಣಿ ಎಸ್',ಶ್ರೀರಾಮಪ್ಪ',647',25',ಹೆಣ್ಣು'
ALQ2122661',ಕುಲಾಯಪ್ಪ',ಗಂಗಯ್ಯ',828',60',ಗಂಡು'
ALQ0041137',ಗಂಗಮ್ಮ',ಕುಲಾಯಪ್ಪ',828',50',ಹೆಣ್ಣು'
ALQ2540391',ಗಂಗಾಧರ',ಕುಲಾಯಪ್ಪ',828',27',ಗಂಡು'
ALQ3045838',ಕೆಆಶಾ',ಕುಲಾಯಪ್ಪ',828',22',ಹೆಣ್ಣು'
ALQ0041186',ಸಣ್ಣಕ್ಕೆ',ನಂಜುಂಡಪ್ಪ',313ಎ',56',ಹೆಣ್ಣು'
ALQ0221275',ಎ ಪೂರಮ್ಮ',ಮಾರಯ್ಯ',460ಎ',43',ಹೆಣ್ಣು'
ALQ2966752',ಸಿದ್ದಪ್ಪ',ಮಾರಯ್ಯ',460 ಎ',22',ಗಂಡು'
ALQ0221481',ರಾಧಮ್ಮ',ಜಿ ರಾಮಾಂಜಿನೇಯ',488ಬಿ',41',ಹೆಣ್ಣು'
ALQ3017928',ಆರ್ ಗೋಪಾಲಕೃಷ್ಣ',ರಾಮಾಂಜಿ',488ಬಿ',21',ಗಂಡು'
ALQ1818186',ರಂಗನಾಥ್',ಮುತ್ತಣ್ಣ',602 3',36',ಗಂಡು'
CTR5090345',ಮಾರಕ್ಕೆ',ಆಂಜಿನಪ್ಪ',602ಎ',86',ಹೆಣ್ಣು'
ALQ1120666',ರಾಮಲಿಂಗಮ್ಮ',ಗಂಗಾಧರಪ್ಪ',602ಎ',57',ಹೆಣ್ಣು'
CTR5240189',ಮಂಜಮ್ಮ',ಗಂಗಾಧರಪ್ಪ',602ಎ',55',ಹೆಣ್ಣು'
ALQ3080363',ಲಕ್ಷ್ಮಮ್ಮ',ಗಂಗಾಧರಪ್ಪ',602 ಎ',30',ಹೆಣ್ಣು'
CTR1741792',ಆದಿಲಕ್ಷ್ಮಮ್ಮ',ಮುತ್ತಣ್ಣ',602ಬಿ',68',ಹೆಣ್ಣು'
ALQ1120682',ವರದರಾಜು',ಮುತ್ತಣ್ಣ',602 ಬಿ',52',ಗಂಡು'
ALQ1818301',ದೊಡ್ಡ ಅಂಜಿನಪ್ಪ',ಪೆದ್ದ ಆದಿ ಮೂರ್ತಿ',602 ಬಿ',51',ಗಂಡು'
ALQ1818343',ರಾಜನ್ನ',ಆದಿ ಮೂರ್ತಿ',602 ಬಿ',50',ಗಂಡು'
ALQ0830760',ಸುಶೀಲಮ್ಮ',ವರದರಾಜು',602 ಬಿ',48',ಹೆಣ್ಣು'
ALQ1818293',ಮುತ್ತಕ್ಕ',ಪೆದ್ದ ಅಂಜಿನಪ್ಪ',602 ಬಿ',43',ಹೆಣ್ಣು'
ALQ1818335',ಸಿದ್ದಮ್ಮ',ರಾಜಣ್ಣ',602 ಬಿ',43',ಹೆಣ್ಣು'
ALQ1818319',ರಾಮಲಿಂಗಮ್ಮ',ರಂಗನಾಥ್',602 ಬಿ',32',ಹೆಣ್ಣು'
ALQ2443463',ನೇತ್ರ',ಆರ್\u200c ಮಧು',602 ಬಿ',26',ಹೆಣ್ಣು'
ALQ2969236',ಶೇಖರ್ ಬಾಬು',ದೊಡ್ಡ ಅಂಜಿನಪ್ಪ',602 ಬಿ',22',ಗಂಡು'
CTR5090683',ಸಣ್ಣಮ್ಮ',ಶಿವಣ್ಣ',602 ಸಿ',60',ಹೆಣ್ಣು'
CTR1582600',ಗಂಗಪ್ಪ',ಕೋಡಿರ್ಲಪ್ಪ',602 ಸಿ',3',ಗಂಡು'
ALQ0830802',ಶಿವಮ್ಮ',ಶಿವಣ್ಣ',602ಸಿ',45',ಹೆಣ್ಣು'
CTR5090519',ಸಿದ್ದಕ್ಕೆ',ಶಿವಣ್ಣ',602 ಸಿ',44',ಹೆಣ್ಣು'
ALQ3042165',ಆದಿನಾರಾಯಣಪ್ಪ',ಬಸಪ್ಪ',602ಡಿ',74',ಗಂಡು'
ALQ2188597',ಆದಮ್ಮ',ನಾರಾಯಣಪ್ಪ',602 ಡಿ',57',ಹೆಣ್ಣು'
CTR5240056',ಸಿದ್ದಪ್ಪ',ಕೋಡೀದ್ಲಪ್ಪ',602 ಡಿ',53',ಗಂಡು'
ALQ2188530',ನಾಗರಾಜು',ನಾರಾಯಣಪ್ಪ',602 ಡಿ',44',ಗಂಡು'
ALQ1818277',ಜಗರೆಡ್ಡಿ',ನಾರಾಯಣಪ್ಪ',602 ಡಿ',41',ಗಂಡು'
ALQ2188548',ಲಿಂಗಮ್ಮ',ಅಜಿತ್',602 ಡಿ',36',ಹೆಣ್ಣು'
ALQ1818251',ಮಾರಕ್ಕೆ',ಜಗರೆಡ್ಡಿ',602 ಡಿ',36',ಹೆಣ್ಣು'
ALQ3161007',ಅಜಿತ್',ಆದಿನಾರಾಯಣಪ',602ಡಿ',34',ಗಂಡು'
ALQ2188605',ರವಿ',ನಾರಾಯಣಪ್ಪ',602 ಡಿ',29',ಗಂಡು'
ALQ2443455',ಅಂಜಿನಪ್ಪ',ಮಾರಪ್ಪ',602ಡಿ',27',ಗಂಡು'
ALQ3045846',ಜಯಮ್ಮ',ಬಾಬು',602 ಡಿ',26',ಹೆಣ್ಣು'
ALQ3042199',ಬಾಬು',ಆದಿನಾರಾಯಣ',602ಡಿ',25',ಗಂಡು'
ALQ3160850',ಮಹೇಶ್',ಆದಿನಾರಾಯಣಪ್ಪ',602ಡಿ',25',ಗಂಡು'
ALQ1120765',ಭೂಲಕ್ಷ್ಮೀ',ಮಂಜುನಾಥ',604ಎ',36',ಹೆಣ್ಣು'
ALQ0830893',ಅಂಜಿನಮ್ಮ',ಮಂಜಣ್ಣ',605ಎ',43',ಹೆಣ್ಣು'
ALQ0830992',ಮಾರಕ್ಕೆ',ಅಂಜಿನಪ್ಪ',605',41',ಹೆಣ್ಣು'
CTR5240031',ಸುಧಾಕರ ಎಲ್',ಲಕ್ಷ್ಮೀನಾರಾಯಣಪ್ಪ',607ಎ',37',ಗಂಡು'
ALQ2221190',ತುಲಸಿ',ಸುಧಾಕರ ಎಲ್',607 ಎ',30',ಹೆಣ್ಣು'
CTR1583632',ಎಂ ನರಸಿಂಹಪ್ಪ',ವೆಂಕಟರಾಮಪ್ಪ',607ಬಿ',61',ಗಂಡು'
ALQ2443398',ರತ್ನಮ್ಮ',ಎಂ ನರಸಿಂಹಪ್ಪ',607ಬಿ',55',ಹೆಣ್ಣು'
ALQ1818384',ರೂಪ',ಶಿವಕುಮಾರ್',607 ಬಿ',31',ಹೆಣ್ಣು'
ALQ2157618',ವಿಶಾಲಕ್ಷಮ್ಮ',ಎನ್ ರವೀಂದ್ರ',612 1',36',ಹೆಣ್ಣು'
CTR1743046',ಉಮಾದೇವಿ ಆರ',ವೆಂಕಟೇಶಪ್ಪ',612 ಎ',36',ಹೆಣ್ಣು'
CTR5240866',ರೂಪ ಬಿ ಎಲ್',ಎಸ್ ರಾಮಕೃಷ್ಣಪ್ಪ',627',35',ಹೆಣ್ಣು'
ALQ1121375',ಎಂ ಮಂಜುಳ',ಎಂ ಎನ್ ರವೀಂದ್ರನಾಥ',640ಬಿ',46',ಹೆಣ್ಣು'
ALQ3042215',ಎಂ ಕೆ ಲೋಕೇಶ್',ಎಂ ಎಸ್ ಕೃಷ್ಣಾರೆಡ್ಡಿ',6410',21',ಗಂಡು'
CTR5090303',ಎಂ ಎಸ್ ರಾಮಚಂದ್ರ ರೆಡ್ಡಿ',ಸಂಜೀವ ರೆಡ್ಡಿ',641ಎ',76',ಗಂಡು'
ALQ1121409',ಜಯಮ್ಮ',ರಾಮಚಂದ್ರ ರೆಡ್ಡಿ',641ಎ',70',ಹೆಣ್ಣು'
ALQ2585800',ಎಂ ಅರ ಲಕ್ಷ್ಮೀನಾರಾಯಣ',ರಾಮಚಂದ್ರ ರೆಡ್ಡಿ',641ಎ',51',ಗಂಡು'
ALQ1121425',ಎಂ ಆರ್\u200c ಮಂಜುನಾಥ ರೆಡ್ಡಿ',ಎಂ ಎಸ್ ರಾಮಚಂದ್ರ ರೆಡ್ಡಿ',641ಎ',49',ಗಂಡು'
ALQ0831206',ಎಂ ಸಿ ಕಾಂಚನ',ನಾರಾಯಣಗೌಡ',641ಎ',38',ಹೆಣ್ಣು'
ALQ0831214',ಲಕ್ಷ್ಮೀ',ಮಂಜುನಾಥರೆಡ್ಡಿ',641ಎ',35',ಹೆಣ್ಣು'
CTR5240429',ಎಂ ಎಸ್ ಲಕ್ಷ್ಮೀಪತಿ ರೆಡ್ಡಿ',ಸಂಜೀವ ರೆಡ್ಡಿ',641ಬಿ',77',ಗಂಡು'
ALQ1121441',ನಾಗಲಕ್ಷ್ಮಿ',ಲಕ್ಷ್ಮೀಪತಿ ರೆಡ್ಡಿ ಎಂ ಎಸ್',641ಬಿ',56',ಹೆಣ್ಣು'
ALQ1121433',ಪ್ರಭಾವತಮ್ಮ',ಸೋಮಶೇಖರ ರೆಡ್ಡಿ',641ಸಿ',51',ಹೆಣ್ಣು'
ALQ2443422',ಎಂ ಎಸ್ ಜಿತೇಂದ್ರ',ಸೋಮಶೇಖರ್ ಎಂ ಎಸ್',641ಸಿ',25',ಗಂಡು'
ALQ1121383',ಎಂ ಎಸ್ ಕೃಷ್ಣ ರೆಡ್ಡಿ',ಸಂಜೀವ ರೆಡ್ಡಿ',641ಡಿ',57',ಗಂಡು'
ALQ1121391',ಲಲಿತಮ್ಮ',ಕೃಷ್ಣ ರೆಡ್ಡಿ',641ಡಿ',50',ಹೆಣ್ಣು'
ALQ2221141',ಆರ್ ಮಧು',ರಾಜಣ್ಣ',6021 ಬಿ',26',ಗಂಡು'
ALQ2105906',ಎಮ್ ಎಚ್ ನಾಗೇಶ್ ತಾಯಿಯ',ಕಮಲಮ್ಮ',0',55',ಗಂಡು'
ALQ2110021',ಎಮ್ ಎಸ್ ವೆಂಕಟೇಶ್',ಎಮ್ವಿ ಶ್ರೀನಿವಾಸ ರೆಡ್ಡಿ',0',45',ಗಂಡು'
ALQ2101194',ಭೂಲಕ್ಷ್ಮಮ್ಮ',ಗಂಗದರಪ್ಪ',0',40',ಹೆಣ್ಣು'
ALQ0830729',ಸಂಪತ್ ಕುಮಾರ್',ಜಯಣ್ಣ',0',32',ಗಂಡು'
ALQ0219782',ಶಾಂತಮ್ಮ',ಆರ್ ಶಂಕರ್',0',34',ಹೆಣ್ಣು'
ALQ2991099',ಎನ್ ಆರ್ ಲಾವಣ್ಯ',ಎಂ ಎಸ್ ವೆಂಕಟೇ',0',43',ಹೆಣ್ಣು'
ALQ2122547',ಶ್ರೀನಿವಾಸ',ಎಂ ಆದಿನಾರಾಯಣಪ್ಪ',0',35',ಗಂಡು'
ALQ2013118',ಎನ್ ಸಜಾತ',ಅಶ್ವತ್ತಪ್ಪ',0',35',ಹೆಣ್ಣು'
ALQ2443323',ಆದಿಲಕ್ಷ್ಮಮ್ಮ',ಜಿ ರಾಜಣ್ಣ',0',28',ಹೆಣ್ಣು'
ALQ2443307',ಜಿರಾಜಣ್ಣ',ಗಂಗಾಧರಪ್ಪ',0',27',ಗಂಡು'
ALQ2503019',ಜಿ ರೂಪ',ಗಂಗಾಧರಪ್ಪ',0',25',ಹೆಣ್ಣು'
ALQ3131406',ವರಲಕ್ಷ್ಮೀ ',ರತ್ನಮ್ಮ',12',21',ಹೆಣ್ಣು'
ALQ1818079',ಲಲಿತ',ನರಸಿಂಹರೆಡ್ಡಿ',13',29',ಹೆಣ್ಣು'
ALQ2517431',ಸ್ವಾತಿ ಎನ್',ಜಿ ಬಾಲಾಜಿ',116',25',ಹೆಣ್ಣು'
ALQ1118496',ಲಕ್ಷ್ಮಮ್ಮ',ಅಶ್ವಥಪ್ಪ',495',69',ಹೆಣ್ಣು'
ALQ1118504',ಶ್ರೀನಿವಾಸ',ಅಶ್ವಥಪ್ಪ',495',49',ಗಂಡು'
CTR5090485',ರಾಮಾಂಜಮ್ಮ',ಕೆ ಅಂಬರೀಶ್',602',37',ಹೆಣ್ಣು'
ALQ2585784',ನಾಗರತ್ನಮ್ಮ',ಶ್ರೀರಾಮರೆಡ್ಡಿ',622',45',ಹೆಣ್ಣು'
CTR1743780',ಜಯಮ್ಮ',ಬಿ ಎನ್ ಶ್ರೀರಾಮ',632',69',ಹೆಣ್ಣು'
ALQ1121508',ಗೋಪಾಲ',ರಂಗಪ್ಪ',643',47',ಗಂಡು'
ALQ0219790',ಶಂಕರ್ ಆರ್',ರಂಗಪ್ಪ',643',42',ಗಂಡು'
ALQ1121516',ಅಂಬಿಕ',ಗೋಪಾಲ',643',38',ಹೆಣ್ಣು'
ALQ1121524',ಶ್ರೀರಾಮಪ್ಪ',ರಾಮಪ್ಪ',644',75',ಗಂಡು'
CTR5240171',ಗಂಗರಾಜಮ್ಮ',ಶ್ರೀರಾಮಪ್ಪ',644',71',ಹೆಣ್ಣು'
CTR1583004',ಪಾಪಣ್ಣ',ಶ್ರೀರಾಮರೆಡ್ಡಿ',644',37',ಗಂಡು'
ALQ2157568',ಜ್ಯೋತಿ ಜಿ',ಪಾಪನ್ನ',644',31',ಹೆಣ್ಣು'
ALQ0830471',ಬಯ್ಯಮ್ಮ',ಗಂಗಯ್ಯ',645',75',ಹೆಣ್ಣು'
ALQ0041681',ಗಂಗರೆಡ್ಡಿ',ಗಂಗಯ್ಯ',645',51',ಗಂಡು'
ALQ0830752',ರತ್ನಮ್ಮ',ಗಂಗ ರೆಡ್ಡಿ',645',46',ಹೆಣ್ಣು'
ALQ1121532',ಆದಿ ರೆಡ್ಡಿ',ಗಂಗಯ್ಯ',646',60',ಗಂಡು'
ALQ1121540',ಅಲುವೇಲಮ್ಮ',ಆದಿ ರೆಡ್ಡಿ',646',53',ಹೆಣ್ಣು'
ALQ0830828',ಗಂಗರೆಡ್ಡಿ',ಆದಿರೆಡ್ಡಿ',646',36',ಗಂಡು'
ALQ3045861',ಎ ಮಂಜುಳ',ಗಂಗರೆಡ್ಡಿ',646',27',ಹೆಣ್ಣು'
ALQ3188463',ಆದಿಲಕ್ಷ್ಮಮ್ಮ',ಚಿಕ್ಕರಾಮಪ್ಪ',648',73',ಹೆಣ್ಣು'
ALQ1121565',ನಾಗಪ್ಪ',ಚಿಕ್ಕರಾಮಪ್ಪ',648',54',ಗಂಡು'
ALQ1121573',ಈಶ್ವರಮ್ಮ',ನಾಗಪ್ಪ',648',47',ಹೆಣ್ಣು'
ALQ2503092',ರಮೇಶ',ನಾಗಪ್ಪ',648',27',ಗಂಡು'
ALQ3045820',ವೈಗಂಗಾದೇವಿ',ಎನ್ ರಮೇಶ್',648',25',ಹೆಣ್ಣು'
CTR1743079',ಜಯಪ್ಪ',ಕೊಟ್ಟಾದನ್ನಗಾರಿ ಆದಪ್ಪ',650',65',ಗಂಡು'
ALQ1121599',ಆದಿಲಕ್ಷ್ಮಮ್ಮ',ಜಯಪ್ಪ',650',60',ಹೆಣ್ಣು'
ALQ1121615',ಅಶ್ವಥಮ್ಮ',ವೆಂಕಟರೋಣಪ್ಪ',651',85',ಹೆಣ್ಣು'
ALQ1121623',ಅಶ್ವಥಪ್ಪ',ವೆಂಕಟರೋಣಪ್ಪ',651',46',ಗಂಡು'
ALQ0220517',ರಾಮಲಕ್ಷ್ಮಿಮ್ಮ',ಅಶ್ವಥಪ್ಪ',651',42',ಹೆಣ್ಣು'
ALQ1121631',ಗೋವಿಂದಪ್ಪ',ವೆಂಕಟರೋಣಪ್ಪ',652',53',ಗಂಡು'
CTR1584077',ಅಂಜಮ್ಮ',ಗೋವಿಂದಪ್ಪ',652',45',ಹೆಣ್ಣು'
ALQ1114677',ಗೋಪಾಲ ಬಿ ಎ',ಅಶ್ವತ್ಥಪ್ಪ ಬಿ',652',39',ಗಂಡು'
CTR1584044',ಕಾವೇರಮ್ಮ ಎಂಬಿ',ಗೋಪಾಲ ಬಿ ಎ',652',36',ಹೆಣ್ಣು'
CTR1583160',ಪಾಪನ್ನ',ರಾಮಪ್ಪ',653',54',ಗಂಡು'
ALQ1121672',ಸಿಂಗ್ರಮ್ಮ',ಪೆನ್ನಯ್ಯಗಾರಿ ಕೋಡೀಪ್ತಪ್ಪ',654',85',ಹೆಣ್ಣು'
ALQ1121680',ಗಂಗಪ್ಪ',ಪೆನ್ನಯ್ಯಗಾರಿ ಕೋಡೀಪ್ಲೆಪ್ಪ',654',60',ಗಂಡು'
CTR1742584',ಗಂಗಮ್ಮ',ಗಂಗಪ್ಪ',654',55',ಹೆಣ್ಣು'
ALQ2443299',ಅಮಲ',ಒಬಳೇಶಪ್ಪ',654',30',ಹೆಣ್ಣು'
ALQ1121698',ಗಂಗ ರೆಡ್ಡಿ',ನಾರಾಯಣಪ್ಪ',655',70',ಗಂಡು'
CTR1742410',ಪಾರ್ವತಮ್ಮ',ಗಂಗ ರೆಡ್ಡಿ',655',65',ಹೆಣ್ಣು'
ALQ0830844',ನರಸಿಂಹ್ಮರೆಡ್ಡಿ ಜಿ',ಗಂಗಾರೆಡ್ಡಿ',655',36',ಗಂಡು'
ALQ3001963',ಎನ್ ಸುಕನ್ಯ',ನರಸಿಂಹರೆಡ್ಡಿ ಜಿ',655',25',ಹೆಣ್ಣು'
ALQ0831842',ವರಲಕ್ಷ್ಮಮ್ಮ',ನರಸಿಂಹ ರೆಡ್ಡಿ',657',45',ಹೆಣ್ಣು'
ALQ2517357',ಎನ್ ರಘು ತಾಯಿಯ',ವರಲಕ್ಷ್ಮಮ್ಮ',657',27',ಗಂಡು'
CTR1743053',ಆದಿನಾರಾಯಣ ರೆಡ್ಡಿ',ಗಂಗ ರೆಡ್ಡಿ',658',60',ಗಂಡು'
CTR1743061',ಲಕ್ಷ್ಮೀನರಸಮ್ಮ',ಆದಿನಾರಾಯಣ',658',53',ಹೆಣ್ಣು'
ALQ2221216',ಗಂಗಾಧರಪ್ಪ',ಆದಿನಾರಾಯಣರ್ರೆ',658',31',ಗಂಡು'
ALQ2442754',ಎಮ್ ಮಮತ',ಗಂಗಾಧರಪ್ಪ',658',24',ಹೆಣ್ಣು'
CTR1743087',ಎಶಿವಾರೆಡ್ಡಿ',ಆದಿನಾರಾಯಣ',659',49',ಗಂಡು'
ALQ1121730',ರಾಜಮ್ಮ',ಶಿವಾರೆಡ್ಡಿ',659',50',ಹೆಣ್ಣು'
ALQ1121748',ಗಂಗರೆಡ್ಡಿ ಎ',ಆದಿನಾರಾಯಣರ',659',47',ಗಂಡು'
ALQ2188571',ಶೋಭಾ',ಗಂಗರೆಡ್ಡಿ',659',40',ಹೆಣ್ಣು'
ALQ3017910',ಎಸ್ ಮಂಜುನಾಥ',ಶಿವಾರೆಡ್ಡಿ',659',21',ಗಂಡು'
CTR1743939',ಆದಿನಾರಾಯಣ ರೆಡ್ಡಿ',ಚಿಕ್ಕ ಆದಿರೆಡ್ಡಿ',660',95',ಗಂಡು'
CTR1743947',ಅಶ್ವತ್ಥಮ್ಮ',ಆದಿನಾರಾಯಣ',660',78',ಹೆಣ್ಣು'
ALQ2503100',ಎಂ ಎ ಆದಿಲಕ್ಷ್ಮಮ್ಮ',ಲೇಟ್ ಆನಂದ ರೆಡ್ಡಿ',660',32',ಹೆಣ್ಣು'
ALQ0041483',ಚಿಕ್ಕ ಆದಿರೆಡ್ಡಿ',ನಾರಾಯಣ ರೆಡ್ಡಿ',661',75',ಗಂಡು'
ALQ0040964',ರತ್ನಮ್ಮ',ಚಿಕ್ಕ ಆದಿರೆಡ್ಡಿ',661',70',ಹೆಣ್ಣು'
ALQ0040949',ಸುಜಾತ',ಚಿಕ್ಕ ಆದಿರೆಡ್ಡಿ',661',45',ಹೆಣ್ಣು'
CTR1744119',ರವೀಂದ್ರ ರೆಡ್ಡಿ',ಚಿಕ್ಕ ಆದಿರೆಡ್ಡಿ',661',43',ಗಂಡು'
ALQ2157535',ವಿ ಪವಿತ್ರ ತಾಯಿಯ',ಸಜಾತ',661',29',ಹೆಣ್ಣು'
ALQ1121789',ಜಯಮ್ಮ',ನರಸಿಂಹ ರೆಡ್ಡಿ',662',63',ಹೆಣ್ಣು'
ALQ1121797',ರಾಜಮ್ಮ',ಲಕ್ಷ್ಮಣ ರೆಡ್ಡಿ',662',44',ಹೆಣ್ಣು'
ALQ1121805',ಆದಿಲಕ್ಷ್ಮಮ್ಮ',ನಾರಾಯಣಪ್ಪ',663',65',ಹೆಣ್ಣು'
ALQ3042207',ಎನ್ ನರಸಿಂಹರೆಡ್ಡಿ',ಲೇಟ್ ನಾರಾಯಣರೆಡ್ಡಿ ',663',30',ಗಂಡು'
ALQ2157584',ಎಸ್ ಅಶೋಕ್',ಶ್ರೀರಾಮರೆಡ್ಡಿ',663',27',ಗಂಡು'
ALQ0041475',ಸರಸ್ವತಮ್ಮ',ಚಿಕ್ಕಗಂಗ ರೆಡ್ಡಿ',664',55',ಹೆಣ್ಣು'
ALQ0221606',ಪ್ರಕಾಶರೆಡ್ಡಿ ಸಿ',ಚಿಕ್ಕಗಂಗರೆಡ್ಡಿ',713',38',ಗಂಡು'
ALQ2442572',ಎಸ್ ನಾಗಮಣಿ',ಸಿ ಪ್ರಕಾಶ್\u200c ರೆಡ್ಡಿ',664',34',ಹೆಣ್ಣು'
ALQ1817386',ಹನುಮಂತಪ್ಪ',ರಂಗಪ್ಪ',665',80',ಗಂಡು'
ALQ1121854',ಅಕತೋಟಿಲಕ್ಷ್ಮೀನರಸಮ್ಮ',ನಾರಾಯಣಪ್ಪ',665',60',ಹೆಣ್ಣು'
ALQ1121862',ಅಶ್ವತ್ಥಪ್ಪ',ಆದೆಪ್ಪ',666',53',ಗಂಡು'
ALQ2221232',ಕೆ ಭಾಗ್ಯಮ್ಮ',ಸಂಪತ್ ಕುಮಾರ್',666',26',ಹೆಣ್ಣು'
CTR1581040',ನರಸಿಂಹಮೂರ್ತಿ',ಆದಿನಾರಾಯಣಪ್ಪ',668',65',ಗಂಡು'
CTR5090014',ರತ್ನಮ್ಮ',ನರಸಿಂಹಮೂರ್ತಿ',668',55',ಹೆಣ್ಣು'
CTR5090022',ನಂಜಮ್ಮ',ನರಸಿಂಹಮೂರ್ತಿ',668',46',ಹೆಣ್ಣು'
ALQ1121888',ಅನುಸೂಯಮ್ಮ',ಜಿ ಆದಿನಾರಾಯಣ ರೆಡ್ಡಿ',669',63',ಹೆಣ್ಣು'
CTR5090030',ನರಸಿಂಹ ರೆಡ್ಡಿ',ಗಂಗಯ್ಯ',669',45',ಗಂಡು'
ALQ1121896',ಜಿ ಆದಿನಾರಾಯಣ ರೆಡ್ಡಿ',ಗಂಗ ರೆಡ್ಡಿ',679',65',ಗಂಡು'
ALQ0221382',ಪಿ ಲಕ್ಷ್ಮೀ ನಾರಾಯಣ',ಪಾಪಣ್ಣ',1170',30',ಗಂಡು'
ALQ2443224',ಬಡಗಿ ಅಶ್ವತ್ಥಪ್ಪ',ಬಡಗಿ ಆದಿನಾರಾಯಣಪ್ಪ',653ಬಿ',74',ಗಂಡು'
ALQ1121482',ಅಶ್ವತ್ಥಮ್ಮ',ಶ್ರೀನಿವಾಸ',653ಬಿ',39',ಹೆಣ್ಣು'
CTR1583038',ಲಕ್ಷ್ಮಣರೆಡ್ಡಿ',ಸೋಮರೆಡ್ಡಿ',662ಎ',48',ಗಂಡು'
ALQ3017951',ಎಲ್ ಅಶ್ವಿನಿ',ಲಕ್ಷ್ಮಣ ಣರೆಡ್ಡಿ',662ಎ',21',ಹೆಣ್ಣು'
ALQ3188471',ನವ್ಯ ಎಲ್',ಲಕ್ಷ್ಮಣರೆಡ್ಡಿ ಎಸ್',662 ಎ',19',ಹೆಣ್ಣು'
ALQ1121813',ಶ್ರೀರಾಮ ರೆಡ್ಡಿ',ಚಿಕ್ಕಪ್ಪಯ್ಯ',663ಎ',77',ಗಂಡು'
ALQ1121821',ಮುದ್ದಮ್ಮ',ಶ್ರೀರಾಮ ರೆಡ್ಡಿ',663ಎ',70',ಹೆಣ್ಣು'
ALQ1121839',ನಾಗಭೂಷಣ ರೆಡ್ಡಿ',ಶ್ರೀರಾಮ ರೆಡ್ಡಿ',663ಎ',47',ಗಂಡು'
CTR1584135',ಎನ್ ಮ್ಮ',ಆದಿನಾರಾಯಣರೆಡ್ಡಿ',663ಎ',39',ಹೆಣ್ಣು'
ALQ3045853',ಎನ್ ಹರೀಶ',ನಾಗಭೂಷಣರೆಡ್ಡಿ',663 ಎ',21',ಗಂಡು'
CTR1583079',ನರಸಿಂಹರೆಡ್ಡಿ',ಶ್ರೀರಾಮರೆಡ್ಡಿ',663 ಬಿ',38',ಗಂಡು'
CTR1743285',ಜಯಮ್ಮ',ನಾಗಭೂಷಣರೆಡ್ಡಿ',663ಸಿ',43',ಹೆಣ್ಣು'
ALQ3240405',ADARSH U',UMESH',554',18',ಗಂಡು'
ALQ3240421',MEGANA B L',LAKSHMINARAYA',549',18',ಹೆಣ್ಣು'
ALQ3240488',MANOJ N',NAJUNDAPPA',551',18',ಗಂಡು'
ALQ3240504',MAHESH H',HANUMANTHAPPA',586',18',ಗಂಡು'
ALQ3247608',BALAJI R',RAMAKRISHNAPPA G',577',18',ಗಂಡು'
ALQ3240397',PADMA C',CHIKKA ANJINAPPA',219',18',ಹೆಣ್ಣು'
ALQ3240447',MANJULA G',MANJUNATHA',602',18',ಹೆಣ್ಣು'
ALQ3249828',NARAYANAMMA',GURUMURTHI',0',60',ಹೆಣ್ಣು'
ALQ2443224',MANJULA G',MANJUNATHA',602',18',ಹೆಣ್ಣು'
ALQ3252491',N KAVITHA',NARAYANASWAMI',602',19',ಹೆಣ್ಣು'
ALQ3255932',LAKSHMI',S MANJUNATHA',602',19',ಹೆಣ್ಣು'
ALQ3266269',NAVYA R',RAMAKRISHNA REDDY N',0',18',ಹೆಣ್ಣು'