ALQ2128742',ಗಂಗರತ್ನಮ್ಮ',ಗಂಗಾರಾಜುವಿ',0',43',ಹೆಣ್ಣು',',',','
ALQ2244861',ಕೆ ಸೋಮಶೇಖರ್',ಕೃಷ್ಣಪ್ಪ',0',38',ಗಂಡು',',',','
ALQ2346542',ಪ್ರಕಾಶ್',ಗಂಗಾಧರಪ್ಪ',0',33',ಗಂಡು',',',','
ALQ2244879',ಶಿಲ್ಪಾ ಎಮ್',ಕೆ ಸೋಮಶೇಖರ್',0',33',ಹೆಣ್ಣು',',',','
ALQ2333359',ಗಜೇಂದ್ರ ಜಿ',ಗಂಗಾಧರಪ್ಪ',0',30',ಗಂಡು',',',','
ALQ2333573',ಹರೀಶ ಟಿ',ತಿಮ್ಮರಾಯಪ್ಪ',0',28',ಗಂಡು',',',','
ALQ2330025',ವಸಂತ ಜೆ',ಜಗನ್ನಾಧ ಕೆ',0',26',ಗಂಡು',',',','
ALQ2448728',ಕೃಷ್ಣಪ್ಪ ಬಿ ವಿ',ಬಿ ಎನ್ ವೆಂಕಟಪ್ಪ',0',62',ಗಂಡು',',',','
ALQ2406189',ಕೃಪಾಶಂಕರ್ ಕೆಆರ್',ರಾಮಸ್ವಾಮಿ ಕೆ ಎಮ್',0',55',ಗಂಡು',',',','
ALQ2448702',ಶಸಿಕಲ',ಬಿ ವಿ ಕೃಷ್ಣಪ್ಪ',0',51',ಹೆಣ್ಣು',',',','
ALQ2551703',ಗಂಗರಾಜುವಿ',ಬಿ ವೆಂಕಟಪ್ಪ',0',45',ಗಂಡು',',',','
ALQ2204329',ಸುನಂದಮ್ಮ',ನರಸಿಂಹಪ್ಪ',0',45',ಹೆಣ್ಣು',',',','
ALQ2551737',GANGARATNAMMA',GANGARAJU V',0',43',ಹೆಣ್ಣು',',',','
ALQ2448868',ನಾರಾಯಣ ಎಸ್ ಎಂ',ಮುನಿಯಪ್ಪ',0',43',ಗಂಡು',',',','
MVJ1412378',ಮಂಜುನಾಥ',ಲೇಟ್ ಕರಿಯಣ್ಣ',0',40',ಗಂಡು',',',','
ALQ2497600',ಬಾಲಕೃಷ್ಣ ವಿ',ವೆಂಕಟಪ್ಪ',0',37',ಗಂಡು',',',','
ALQ2406031',ಲತಾಕೆ ಎನ್',ಕೃಪಾಶಂಕರ್ ಕೆ ಆರ್',0',37',ಹೆಣ್ಣು',',',','
ALQ2059004',ಗೌರಮ್ಮ',ಬಾಲಕೃಷ್ಣ ವಿ',0',32',ಹೆಣ್ಣು',',',','
ALQ2248953',ಜಿ ಎ ವೆಂಕಟೇಶ',ಅಶ್ವತ್ಥ ನಾರಾಯಣಪ್ಪ',0',31',ಗಂಡು',',',','
ALQ2248938',ರಮೇಶ ಎ',ಅಶ್ವತ್ಥನಾರಾಯಣಪ್ಪ',0',28',ಗಂಡು',',',','
ALQ2448777',ಲೋಕೇಶ ಬಿ ಕೆ',ಕೃಷ್ಣಪ್ಪ ಬಿ ವಿ',0',28',ಗಂಡು',',',','
ALQ2551570',NARENDRA BABU N',NARASIMHAPPA',0',27',ಗಂಡು',',',','
ALQ2532489',ANIL KUMAR',GANGADHARAPPA',0',26',ಗಂಡು',',',','
ALQ2978666',DEEPA N',NARASIMHAPPA',0',25',ಹೆಣ್ಣು',',',','
ALQ2978641',MADHU KUMAR',MAILARAPPA',0',24',ಗಂಡು',',',','
ALQ2532497',NAVEEN G ',GANGADHARAPPA',0',24',ಗಂಡು',',',','
ALQ2406023',GANGARAJU G ',R GANGAPPA',0',24',ಗಂಡು',',',','
ALQ2448710',LAKSHMINARAYANA',KRISHNAPPA B Y',0',24',ಗಂಡು',',',','
ALQ3053725',PRUTHVIRAJ G',GOPAL N',0',23',ಗಂಡು',',',','
ALQ2978658',GIRISH KUMAR',MAILARAPPA',0',22',ಗಂಡು',',',','
ALQ3179512',GANGAMMA',GANGAMMA',1',44',ಹೆಣ್ಣು',',',','
ALQ2179521',PADMAVATHI B R',LAKSHMISAGAR',1',35',ಹೆಣ್ಣು',',',','
ALQ2751170',ವಿ ವೆಂಕಟಸ್ವಾಮಿ',VENKATARAVANAPPA',1',70',ಗಂಡು',',',','
ALQ2751188',GANGAMMA',ವಿ ವೆಂಕಟಸ್ವಾಮಿ',1',65',ಹೆಣ್ಣು',',',','
ALQ1466150',LAKSHMAMMA',A T NAGARAJAPPA',1',55',ಹೆಣ್ಣು',',',','
ALQ0812396',ವಿ ಲಕ್ಷ್ಮೀಸಾಗರ್',ವಿ ವೆಂಕಟಸ್ವಾಮಿ',1',41',ಗಂಡು',',',','
ALQ0812883',ರಾಮಕ್ಕೆ',ಎಸ್ ರಾಮಯ್ಯ',',66',ಹೆಣ್ಣು',',',','
ALQ1468636',ಆರ್ ಗಂಗಾಧರಪ್ಪ',ರಾಮಯ್ಯ',',48',ಗಂಡು',',',','
ALQ1468644',ರತ್ನಮ್ಮ',ಆರ್ ಗಂಗಾಧರಪ್ಪ',',44',ಹೆಣ್ಣು',',',','
ALQ0813618',ಜಿ ವೆಂಕಟೇಶ್',ವಿ ಗಂಗಾಧರಪ್ಪ',',35',ಗಂಡು',',',','
ALQ2405918',ವಸಂತಿ ಜೋಸಯ್ಯ',ಲೇ ಪಾಲ್ ಜೋಸಯ್ಯ',2',78',ಹೆಣ್ಣು',',',','
ALQ3179488',ನಾಗಪ್ಪ ಬಾಲಸುಬ್ರಮಣ್ಯ',ಎಮ್ ಎಸ್ ನಾಗಪ್ಪ',2',55',ಗಂಡು',',',','
ALQ2405884',ಜೆಜೊಸೆಫ್ ಡ್ಯಾನಿಯಲ್',ಪಾಲ್\u200c ಜೋಸಯ್ಯ',2',49',ಗಂಡು',',',','
ALQ2405900',ರಾಣಿ ಡ್ಯಾನಿಯಲ್',ಜೋಸೆಫ್ ಡ್ಯಾನಿಯಲ್',2',29',ಹೆಣ್ಣು',',',','
ALQ3158177',ಎಮ್ ಆರ್ ಚಂದ್ರಶೇಖರ್',ರಾಜಶೇಖರ್',2',22',ಗಂಡು',',',','
ALQ3179439',ಜೆಸುಲಿನ್ ಪ್ರಿಯ ಡ್ಯಾನಿಯಲ',ಜೆ ಜೋಸೆಫ್ ಡ್ಯಾನಿಯಲ್',2',19',ಹೆಣ್ಣು',',',','
ALQ1466168',ಟಿ ಸಿ ತಿಮ್ಮರಾಯಪ್ಪ',ಚಿಕ್ಕಕರಿಯಪ್ಪ',2',75',ಗಂಡು',',',','
ALQ3179454',ಎಸ್ ಕೀರ್ತಿರಾಜನ್',ಸುಕ್ಕುರಾಜ್ ಸಿಂಗ್',2',61',ಗಂಡು',',',','
ALQ1466176',ನಾಗರತ್ನಮ್ಮ',ಟಿ ಸಿ ತಿಮ್ಮರಾಯಣ್',2',43',ಹೆಣ್ಣು',',',','
MVJ1415082',ಮಂಗಳಮ್ಮ',ಟಿ ಸಿ ತಿಮ್ಮರಾಯ',2',36',ಹೆಣ್ಣು',',',','
ALQ2248706',ಸಂತೋಷ ಜಿ ಎನ್',ನಾರಾಯಣಪ್ಪ ಎಮ್',3',28',ಗಂಡು',',',','
MVJ4043345',ಸಿ ನಂಜಪ್ಪ',ಚಿಕ್ಕ ಕರಿಯಣ್ಣ',3',62',ಗಂಡು',',',','
MVJ4043600',ಸರೋಜಮ್ಮ',ನಂಜಪ್ಪ',3',60',ಹೆಣ್ಣು',',',','
MVJ1413426',ಎನ್ ಶ್ರೀನಿವಾಸಮೂರ್ತಿ',ಸಿ ನಂಜಪ್ಪ',3',40',ಗಂಡು',',',','
ALQ0812271',ಎನ್ ಮೋಹನ್ ಬಾಬು',ಸಿ ನಂಜಪ್ಪ',3',36',ಗಂಡು',',',','
ALQ1859677',ಭಾರತಮ್ಮ',ಶ್ರೀನಿವಸಮೂರ್ತಿ',3',30',ಹೆಣ್ಣು',',',','
ALQ2551695',ಮಂಜುನಾಥ್ ಎನ್',ನಾರಾಯಣಸ್ವಾಮಿ',4',33',ಗಂಡು',',',','
ALQ2532422',ಬಿ ನಯನ',ವಿ ಬಾಲಕೃಷ್ಣ',4',24',ಹೆಣ್ಣು',',',','
ALQ3061231',ಗೌತಮಿ ಟಿ',ತಿಮ್ಮರಾಯಪ್ಪ',4',23',ಹೆಣ್ಣು',',',','
ALQ3061223',ತೇಜ ಟಿ',ತಿಮ್ಮರಾಯಪ್ಪ ವಿ',4',21',ಗಂಡು',',',','
ALQ2751212',ಸುಮಾಲಿಯಮ್ಮ',ಡಿ ವೆಂಕಟರವಣಪ್ಪ',4',80',ಹೆಣ್ಣು',',',','
ALQ1466184',ನಾರಾಯಣಸ್ವಾಮಿ',ಡಿ ವೆಂಕಟರವಣತ',4',60',ಗಂಡು',',',','
ALQ2751196',ಬಾಲಕೃಷ್ಣ ವಿ',ಡಿ ವೆಂಕಟರವಣಪ್ಪ',4',57',ಗಂಡು',',',','
ALQ0813139',ಲಕ್ಷ್ಮಮ್ಮ',ನಾರಾಯಣಸ್ವಾಮಿ',4',50',ಹೆಣ್ಣು',',',','
ALQ1466192',ತಿಮ್ಮರಾಯಪ್ಪ',ವೆಂಕಟರವಣಪ್ಪ',4',50',ಗಂಡು',',',','
ALQ2751220',ವಿ ಗಂಗಾಧರ',ಡಿ ವೆಂಕಟರವಣಪ್ಪ',4',47',ಗಂಡು',',',','
ALQ1466200',ಮೀನಾಕ್ಷಿ',ತಿಮ್ಮರಾಯಪ್ಪ',4',45',ಹೆಣ್ಣು',',',','
ALQ1466218',ಜಿಟಿ ಭಾಗೀರಥಿ',ವಿ ಬಾಲಕೃಷ್ಣ',4',45',ಹೆಣ್ಣು',',',','
MVJ1414994',ಶಾಂತಮ್ಮ',ವಿ ಗಂಗಾಧರ',4',38',ಹೆಣ್ಣು',',',','
ALQ0813162',ಸರಸ್ವತಮ್ಮ',ಜಿ ತಿಮ್ಮರಾಯ್ಯ',4',34',ಹೆಣ್ಣು',',',','
ALQ2179570',ರವಿಕಿರಣ್ ಬಿ',ವಿ ಬಾಲಕೃಷ್ಣ',4',27',ಗಂಡು',',',','
ALQ2448785',ಮುನಿಲಕ್ಷ್ಮಿ',ಮಂಜುನಾಥ ಎನ್',4',24',ಹೆಣ್ಣು',',',','
ALQ3025202',ಗಂಗರಾಜುಟಿ',ಲೇಟ್ ತಿಮ್ಮರಾಯಪ್ಪ',5',23',ಗಂಡು',',',','
ALQ3179462',ರಂಜಿತ ಟಿ',ತಿಮ್ಮರಾಯಪ್ಪ',5',19',ಗಂಡು',',',','
MVJ1413186',ಗಂಗಮ್ಮ ',ಗಂಗಮ್ಮ',5',55',ಹೆಣ್ಣು',',',','
MVJ1415272',ರತ್ನಮ್ಮ',ತಿಮ್ಮರಾಯಪ್ಪ',5',45',ಹೆಣ್ಣು',',',','
MVJ1415512',ಆರ್\u200c ಗಂಗಾಧರಪ್ಪ',ರಂಗಪ್ಪ',6',73',ಗಂಡು',',',','
MVJ1412725',ನರಸಮ್ಮ',ಆರ್ ಗಂಗಾಧರಪ್ಪ',6',65',ಹೆಣ್ಣು',',',','
ALQ1466226',ಗಂಗಪ್ಪ',ಆರ್ ಗಂಗಾದರಪ',6',50',ಗಂಡು',',',','
ALQ2751238',ಗೋವಿಂದಮ್ಮ',ನರಸಿಂಹಪ್ಪ',6',50',ಹೆಣ್ಣು',',',','
MVJ1414788',ಸಜ್ಜಮ್ಮ',ಗಂಗಪ್ಪ',6',45',ಹೆಣ್ಣು',',',','
ALQ2751246',ನಾರಯಣಪ್ಪ',ಆರ್ ಗಂಗಾಧರ',6',44',ಗಂಡು',',',','
ALQ0813097',ಜಿ ರಂಗನಾಥ',ಆರ್ ಗಂಗಾಧರಪ್ಪ',6',41',ಗಂಡು',',',','
MVJ2399871',ಸುಧಾ',ನಾರಯಣಪ್ಪ',6',38',ಹೆಣ್ಣು',',',','
ALQ2359222',ಹರ್ಷಿತ್\u200c ಬಾಬ',ಗಂಗರಾಜು',7',26',ಗಂಡು',',',','
ALQ3101631',ರಂಜಿತ್ ಜಿ ಎನ್',ನಾಗರಾಜಿ ಸಿ',7',20',ಗಂಡು',',',','
MVJ1413012',ಚಿಕ್ಕಗಂಗಪ್ಪ',ದೊಡ್ಡಗಂಗಪ್ಪ',7',85',ಗಂಡು',',',','
MVJ1412832',ಲಕ್ಷ್ಮಮ್ಮ',ಚಿಕ್ಕಗಂಗಪ್ಪ',7',75',ಹೆಣ್ಣು',',',','
MVJ1466085',ಸಿ ಗಂಗರಾಜು',ಚಿಕ್ಕಗಂಗಪ್ಪ',7',56',ಗಂಡು',',',','
ALQ0813782',ಜೆ ಸಿ ನಾಗಪ್ಪ',ಚಿಕ್ಕಗಂಗಪ್ಪ',7',51',ಗಂಡು',',',','
MVJ1466242',ಎಚ್ ಶಾರದಮ್ಮ',ಸಿ ಗಂಗರಾಜು',7',48',ಹೆಣ್ಣು',',',','
ALQ2208189',ಹರೀಶ ಎನ್',ನಾರಾಯಣಪ್ಪ ಸಿ',8',29',ಗಂಡು',',',','
ALQ1859255',ನಾರಾಯಣಪ್ಪ',ಚಿಕ್ಕಅಪ್ಪಯ್ಯ',8',60',ಗಂಡು',',',','
ALQ1466242',ಸಿದ್ದಮ್ಮ',ನಾರಾಯಣಪ್ಪ',8',50',ಹೆಣ್ಣು',',',','
ALQ3025186',ವೀಣಾ ಕೆ ಎನ್',ಹರೀಶ್ ಎನ್',8',24',ಗಂಡು',',',','
ALQ2532430',ಶಂಕರ ಸಿ ಜಿ',ಗಂಗಾಧರಪ್ಪ ಸಿಜಿ',9',39',ಗಂಡು',',',','
ALQ2533446',ಆರತಿ ಎನ್',ಶಂಕರ ಸಿಜಿ',9',34',ಹೆಣ್ಣು',',',','
ALQ1466259',ಗಂಗಾಧರಪ್ಪ',ಚಿಕ್ಕಅಪ್ಪಯ್ಯ',9',70',ಗಂಡು',',',','
ALQ2532430',ಮಲ್ಲಮ್ಮ',ಗಂಗಾಧರಪ್ಪ',9',60',ಹೆಣ್ಣು',',',','
ALQ0275883',ಜಿ ಶಂಕರ',ಗಂಗಾಧರಪ್ಪ',9',39',ಗಂಡು',',',','
ALQ1466267',ನಾರಾಯಣಪ್ಪ',ಗಂಗಪ್ಪ',10',65',ಗಂಡು',',',',ST'
MVJ1414804',ಆಂಜನಮ್ಮ',ನಾರಾಯಣಪ್ಪ',10',60',ಹೆಣ್ಣು',',',',ST'
MVJ2400083',ಸಿದ್ದಪ್ಪ',ನಾರಯಣಪ್ಪ',10',48',ಗಂಡು',',',',ST'
MVJ1414598',ಸುಜಾತಮ್ಮ',ಗಂಗಪ್ಪ',10',44',ಹೆಣ್ಣು',',',',ST'
MVJ2400257',ಗಂಗಪ್ಪ',ನಾರಾಯಣಪ್ಪ',10',42',ಗಂಡು',',',',ST'
ALQ2356095',ಎನ್ ನಾಗಪ್ಪ',ನಾರಾಯಣಪ್ಪ',10',41',ಗಂಡು',',',',ST'
MVJ1414606',ಸರೋಜಮ್ಮ',ಸಿದ್ದಪ್ಪ',10',40',ಹೆಣ್ಣು',',',',ST'
ALQ3133543',ಶಿವಕುಮಾರ್ ಎಸ್',ಸಿದ್ದಪ್ಪ',10',21',ಗಂಡು',',',',ST'
ALQ3179223',ರಂಜಿತ್ ಜಿ',ಗಂಗಪ್ಪ',10',19',ಗಂಡು',',',',ST'
ALQ1466275',ಗಂಗಾಧರಪ್ಪ',ಗಂಗಪ್ಪ',11',75',ಗಂಡು',',',',ST'
ALQ1466283',ಅಲುಮೇಲಮ್ಮ',ಜಿ ರಾಮಚಂದ್ರಪ್ಪ',11',47',ಹೆಣ್ಣು',',',',ST'
ALQ0272419',ಜಿ ರಮೇಶ',ಗಂಗಾಧರಪ್ಪ',11',38',ಗಂಡು',',',',ST'
ALQ2248730',ವಸಂತ',ಲೇಟ್ ಜಿ ರಾಮಚಂದ್ರಪ್ಪ',11',26',ಗಂಡು',',',',ST'
ALQ1466309',ಗಂಗಾಧರಪ್ಪ',ಚಿಕ್ಕನಾಗಯ್ಯ',12',65',ಗಂಡು',',',',ST'
ALQ1466317',ನಾಗಮ್ಮ',ಗಂಗಾಧರಪ್ಪ',12',55',ಹೆಣ್ಣು',',',',ST'
ALQ2551745',ಅನಿಲ್ ಕುಮಾರ್',ಗಂಗಾಧರಪ್ಪ',12',29',ಗಂಡು',',',',ST'
ALQ2551711',ಸುನೀಲ್ ಕುಮಾರ್',ಗಂಗಾಧರಪ್ಪ',12',23',ಗಂಡು',',',',ST'
ALQ1466325',ವೆಂಕಟಶಾಮಿ',ಚಿಕ್ಕನಾಗಯ್ಯ',13',60',ಗಂಡು',',',',ST'
ALQ1466333',ಮುನಿಯಮ್ಮ',ವೆಂಕಟಶಾಮಿ',13',50',ಹೆಣ್ಣು',',',',ST'
ALQ2979920',ಶಿವ ಶಂಕರ ವಿ',ವೆಂಕಟಸ್ವಾಮಿ',13',31',ಗಂಡು',',',',ST'
ALQ3213782',ಡಿ ವಂದನ',ಶಿವಶಂಕರ ವಿ',13',22',ಹೆಣ್ಣು',',',',ST'
ALQ2448736',ಗಂಗಪ್ಪ ಜಿ',ಅಶ್ವತಪ್ಪ',14',62',ಗಂಡು',',',',ST'
MVJ1415439',ನರಸಮ್ಮ',ಗಂಗಪ್ಪ',14',60',ಹೆಣ್ಣು',',',',ST'
MVJ1413533',ಜಿ ಶಿವಶಂಕರಪ್ಪ',ಜಿ ಗಂಗಪ್ಪ',14',41',ಗಂಡು',',',',ST'
ALQ2532463',ಹೆಚ್ ಉಷಾ',ಜಿ ಶಿವಶಂಕರಪ್ಪ',14',33',ಹೆಣ್ಣು',',',',ST'
ALQ2059350',ಸುದರ್ಶನ್',ಗಂಗಪ್ಪ',14',29',ಗಂಡು',',',',ST'
MVJ2400711',ಗಂಗಪ್ಪ ',ನರಸಮ್ಮ',15',53',ಗಂಡು',',',',ST'
ALQ2751253',ಆನಂದಮ್ಮ',ಗಂಗಪ್ಪ',15',50',ಹೆಣ್ಣು',',',',ST'
ALQ2751261',ಸಿದ್ದಯ್ಯ',ಲೇಟ್ ದೊಡ್ಡನಾಗಯ್ಯ',16',68',ಗಂಡು',',',',ST'
ALQ1466358',ರಾಮಕ್ಕೆ',ಹನುಮಕ್ಕ',17',63',ಹೆಣ್ಣು',',',',ST'
ALQ0813444',ಸಿದ್ದಗಂಗಮ್ಮ',ಹನುಮಪ್ಪ',17',44',ಹೆಣ್ಣು',',',',ST'
ALQ0813204',ಹೆಚ್ ನಾಗರಾಜ',ಹನುಮಪ್ಪ',17',40',ಗಂಡು',',',',ST'
ALQ0813022',ಸಿದ್ದರಾಮಪ್ಪ',ಲೇಟ್ ಗಂಗಪ್ಪ',18',63',ಗಂಡು',',',',ST'
MVJ3367596',ಗಂಗಾಧರಪ್ಪ',ಮರಿಯಪ್ಪ',18',58',ಗಂಡು',',',',KURUBA'
ALQ1466366',ಗೌರಮ್ಮ',ಸಿದ್ದರಾಮಪ್ಪ',18',55',ಹೆಣ್ಣು',',',',ST'
ALQ0813253',ಎಸ್ ಶ್ರೀನಾಥ',ಸಿದ್ದರಾಮಯ್ಯ',18',32',ಗಂಡು',',',',ST'
ALQ2248789',ರವಿಕಿರಣ ಜಿ',ಗಂಗಾಧರಪ್ಪ ಎಮ್',18',28',ಗಂಡು',',',',KURUBA'
ALQ3128865',ಕವಿತ ಹೆಚ್ ಕೆ',ಎಸ್ ಶ್ರೀನಾಥ',18',26',ಹೆಣ್ಣು',',',',ST'
ALQ2248771',ಶಿವನಂದ',ಗಂಗಾಧರಪ್ಪ ಎಮ್',18',25',ಗಂಡು',',',',KURUBA'
MVJ3367828',ಎನ್ ಶಿವರಾಮು',ನಂಜಪ್ಪ',19',45',ಗಂಡು',',',',ST'
MVJ4043956',ರತ್ಮಮ್ಮಕೆ',ಜಿ ಎನ್ ಶಿವರಾಮ',19',41',ಹೆಣ್ಣು',',',',ST'
MVJ4043964',ಗಂಗಮ್ಮ',ಲಕ್ಷ್ಮೀನಾರಾಯಣಪ್ಪ',20',45',ಹೆಣ್ಣು',',',',ST'
ALQ2179562',ಆನಂದ ಎಲ್',ಲಕ್ಷ್ಮೀನಾರಾಯಣಪ್ಪ ಎನ್',20',26',ಗಂಡು',',',',ST'
ALQ2551588',ಶ್ರೀಧರ ಎಲ್',ಲಕ್ಷ್ಮೀನಾರಾಯಣ',20',23',ಗಂಡು',',',',ST'
ALQ1466382',ತಿಮ್ಮಪ್ಪ ',ವೆಂಕಟಮ್ಮ',21',63',ಹೆಣ್ಣು',',',',ST'
ALQ2751279',ಗಂಗಮ್ಮ',ತಿಮ್ಮಪ್ಪ',21',53',ಹೆಣ್ಣು',',',',ST'
ALQ0272369',ಜೆ ಟಿ ಜಗದೀಶ್',ತಿಮ್ಮಪ್ಪ',21',34',ಗಂಡು',',',',KURUBA'
ALQ2751287',ಗಂಗಾಧರಪ್ಪ',ಮುದ್ದಪ್ಪ',22',65',ಗಂಡು',',',',UPPARA'
ALQ1466390',ಗಂಗಮ್ಮ',ಗಂಗಾಧರಪ್ಪ',22',59',ಹೆಣ್ಣು',',',',UPPARA'
ALQ1468917',ಮುದ್ದುಕೃಷ್ಣ',ಗಂಗಾಧರಪ್ಪ',22',43',ಗಂಡು',',',',UPPARA'
MVJ1414390',ಮಹಾದೇವ',ಗಂಗಾಧರಪ್ಪ',22',38',ಗಂಡು',',',',UPPARA'
ALQ2551687',ಶೈಲಜ',ಮಹದೇವ',22',28',ಹೆಣ್ಣು',',',',UPPARA'
MVJ1412360',ನರಸಿಂಹರಮೂರ್ತಿ',ಗಂಗಾಧರಪ್ಪ',23',47',ಗಂಡು',',',',UPPARA'
MVJ2399194',ಗೌರಮ್ಮ',ನರಸಿಂಹಮೂರ್ತಿ',23',40',ಹೆಣ್ಣು',',',',UPPARA'
MVJ4043683',ನರಸಿಂಹಮೂರ್ತಿ',ಓಬಳಪ್ಪ',23',40',ಗಂಡು',',',',UPPARA'
ALQ2532513',ಎಮ್ ಎನ್ ಆಶಾ',ನರಸಿಂಹಮೂರ್ತಿ',23',31',ಹೆಣ್ಣು',',',',UPPARA'
ALQ3203833',ಗಂಗರಾಜು ಎನ್',ನರಸಿಂಹಮೂರ್ತಿ',23',21',ಗಂಡು',',',',UPPARA'
ALQ2751303',ನರಸಿಂಹಪ್ಪ',ಪಾಪಣ್ಣ',24',60',ಗಂಡು',',',',UPPARA'
ALQ0277715',ಗಂಗಾಧರಪ್ಪ',ಪಾಪಣ್ಣ',25',67',ಗಂಡು',',',',UPPARA'
ALQ1466424',ಲಕ್ಷ್ಮಮ್ಮ',ಗಂಗಾಧರಪ್ಪ',25',55',ಹೆಣ್ಣು',',',',UPPARA'
ALQ0272393',ತಿಮ್ಮರಾಜ ಜಿ',ಪಿ ಗಂಗಾಧರಪ್ಪ',25',42',ಗಂಡು',',',',UPPARA'
ALQ1468974',ಜಿ ಆನಂದ ',ಪಿ ಗಂಗಾಧರಯ್ಯ',25',36',ಗಂಡು',',',',UPPARA'
ALQ3101409',ರಕ್ಷಿತಾ',ಆನಂದ ಜಿ',25',22',ಹೆಣ್ಣು',',',',UPPARA'
ALQ1466432',ಗಂಗಮ್ಮ',ನಂಜಪ್ಪ',26',65',ಹೆಣ್ಣು',',',',KURUBA'
ALQ1466440',ಲಕ್ಷ್ಮೀದೇವಮ್ಮ',ನಂಜಪ್ಪ',26',55',ಹೆಣ್ಣು',',',',KURUBA'
ALQ2751311',ಗಂಗಾಧರ',ನಂಜಪ್ಪ',26',47',ಗಂಡು',',',',KURUBA'
ALQ2448819',ಎನ್ ಗಂಗಾಧರ',ನಂಜಪ್ಪ',26',45',ಗಂಡು',',',',KURUBA'
MVJ4044178',ನಾಗರಾಜ',ನಂಜಪ್ಪ',26',41',ಗಂಡು',',',',KURUBA'
MVJ4043105',ಬಸವರಾಜು',ನಂಜಪ್ಪ',26',37',ಗಂಡು',',',',KURUBA'
ALQ2248920',ಮಂಜುನಾಥ ಎನ್',ನಂಜಪ್ಪ',26',34',ಗಂಡು',',',',KURUBA'
MVJ4043576',ನಾಗಮಣಿ',ನಾಗರಾಜು',26',34',ಹೆಣ್ಣು',',',',KURUBA'
ALQ2249050',ಭಾಗ್ಯಮ್ಮ',ಬಸವರಾಜು ಎನ್',26',29',ಹೆಣ್ಣು',',',',KURUBA'
ALQ2248813',ಗಿರೀಶ್ ಎನ್',ಲೇಟ್ ನಂಜಪ್ಪ',26',29',ಗಂಡು',',',',KURUBA'
ALQ2248961',ಕೆ ಆರ್ ಮಮತ',ಮಂಜುನಾಥ',26',27',ಹೆಣ್ಣು',',',',KURUBA'
ALQ2249043',ಬಾಲಕೃಷ್ಣ ಎನ್',ನಂಜಪ್ಪ',26',26',ಗಂಡು',',',',KURUBA'
ALQ2551653',ಅಶ್ವಿನಿ ಬಿ ಜಿ',ಗಿರೀಶ್ ಎನ್',26',24',ಹೆಣ್ಣು',',',',KURUBA'
ALQ3133618',ಜಯಂತಿ ಬಿ ಜಿ',ಬಾಲಕೃಷ್ಣ',26',21',ಹೆಣ್ಣು',',',',KURUBA'
ALQ3134350',ರಾಘವೇಂದ್ರ ಜಿ',ಗಂಗಾಧರ',26',20',ಗಂಡು',',',',KURUBA'
ALQ3179249',ಅರುಣ್ ಎನ್',ನಾಗರಾಜಪ್ಪ',26',19',ಗಂಡು',',',',KURUBA'
ALQ1466457',ರಾಮಪ್ಪ',ಲೇಟ್ ಅಳ್ಳಪ್ಪ',27',70',ಗಂಡು',',',',KURUBA'
ALQ1466465',ಲಕ್ಷ್ಮಮ್ಮ',ರಾಮಪ್ಪ',27',65',ಹೆಣ್ಣು',',',',KURUBA'
ALQ1466473',ಚಿಕ್ಕಮ್ಮ',ರಾಮಪ್ಪ',27',55',ಹೆಣ್ಣು',',',',KURUBA'
ALQ0812677',ಹರೀಶ',ರಾಮಪ್ಪ',27',40',ಗಂಡು',',',',KURUBA'
ALQ2128726',ಪದ್ಮಾವತಿ',ಹರೀಶ್',27',30',ಹೆಣ್ಣು',',',',KURUBA'
ALQ2551638',ರಾಜೇಶ್ ಆರ್',ರಾಮಪ್ಪ',27',23',ಗಂಡು',',',',KURUBA'
ALQ3179496',ಶೋಭ ಎಸ್ ಆರ್',ಸೋಮನಾಥ ಆರ್',27',22',ಹೆಣ್ಣು',',',',KURUBA'
MVJ3367703',ಮುದ್ದಮ್ಮ',ಗಂಗಾಧರಪ್ಪ',28',50',ಹೆಣ್ಣು',',',',KURUBA'
ALQ2751337',ತಿಮ್ಮರಾಯಪ್ಪ',ಮರಿಯಪ್ಪ',28',48',ಗಂಡು',',',',KURUBA'
MVJ1414770',ಗಂಗಾದೇವಮ್ಮ',ತಿಮ್ಮರಾಯಪ್ಪ',28',43',ಹೆಣ್ಣು',',',',KURUBA'
ALQ2248888',ಗಂಗರಾಜುಜಿ',ಗಂಗಾಧರಪ್ಪ ಎವ',28',31',ಗಂಡು',',',YES',KURUBA'
ALQ2751345',ಗಂಗಪ್ಪ',ಜಿಲ್ಲೆರಾಮಯ್ಯ',29',95',ಗಂಡು',',',','
ALQ2406221',ಮಲ್ಲಕ್ಕ',ಗಂಗಪ್ಪ',29',76',ಹೆಣ್ಣು',',',',KURUBA'
ALQ1466481',ವೆಂಕಟರವಣಪ್ಪ',ಗಂಗಪ್ಪ',29',63',ಗಂಡು',',',',KURUBA'
ALQ1466499',ಸಂಜೀವಮ್ಮ',ವೆಂಕಟರವಣಪ್ಪ',29',55',ಹೆಣ್ಣು',',',',KURUBA'
ALQ2751352',ಗಂಗಾಧರಪ್ಪ',ಗಂಗಪ್ಪ',29',49',ಗಂಡು',',',',KURUBA'
ALQ1466507',ವಿಜಯಮ್ಮ',ಗಂಗಾಧರಪ್ಪ',29',45',ಹೆಣ್ಣು',',',',KURUBA'
ALQ0813329',ವಿ ಶಂಕರ್',ಜಿ ವೆಂಕಟರಾಯಪ್ಪ',29',33',ಗಂಡು',',',',KURUBA'
ALQ3133568',ಪುಷ್ಪಾವತಿ ',ಶಂಕರ ಎನ್',29',25',ಹೆಣ್ಣು',',',',KURUBA'
ALQ3179363',ಲಲಿತ ಜಿ',ಗಂಗಾಧರಪ್ಪ',29',20',ಹೆಣ್ಣು',',',',KURUBA'
ALQ2751360',ಶ್ರೀನಿವಾಸ ಟಿ',ಡಿ ತಿಮ್ಮರಾಯಪ್ಪ',30',50',ಗಂಡು',',',',KURUBA'
ALQ1466515',ಶಿವಪ್ಪ',ಡಿ ತಿಮ್ಮರಾಯಪ್ಪ',30',47',ಗಂಡು',',',',KURUBA'
ALQ1466523',ವೆಂಕಟರತ್ನಮ್ಮ',ಶ್ರೀನಿವಾಸ',30',45',ಹೆಣ್ಣು',',',',KURUBA'
MVJ4043675',ವೆಂಕಟಪ್ಪ',ಡಿ ತಿಮ್ಮರಾಯಪ್ಪ',30',37',ಗಂಡು',',',',KURUBA'
ALQ2406098',ಶಶಿಕುಮಾರ್ ಗೌಡ ಜಿ ಎಸ್',ಶ್ರೀನಿವಾಸ',30',24',ಗಂಡು',',',',KURUBA'
ALQ2978633',ಪವನ್ ಕುಮಾರ್ ಗೌಡ ಎನ್',ಶಿವಪ್ಪ ಟಿ',30',22',ಗಂಡು',',',',KURUBA'
ALQ2980050',ಗಂಗೂಬಾಯಿ ಎಸ್',ಶ್ರೀನಿವಾಸ ಟಿ',30',22',ಹೆಣ್ಣು',',',',KURUBA'
ALQ2751386',ಸಂಜೀವಮ್ಮ',ಡಿ ಗಂಗಪ್ಪ',31',72',ಹೆಣ್ಣು',',',',KURUBA'
ALQ1466531',ಚಂದ್ರಶೇಖರ',ಡಿ ಗಂಗಪ್ಪ',31',50',ಗಂಡು',',',',KURUBA'
ALQ2751394',ನಾಗಪ್ಪ',ಡಿ ಗಂಗಪ್ಪ',31',45',ಗಂಡು',',',',KURUBA'
MVJ3366895',ತಿಮ್ಮರಾಯಪ್ಪ ಟಿ',ಡಿ ಗಂಗಪ್ಪ',31',44',ಗಂಡು',',',',KURUBA'
MVJ2399855',ಭಾಗ್ಯಮ್ಮ',ಚಂದ್ರಶೇಖರ',31',42',ಹೆಣ್ಣು',',',',KURUBA'
MVJ2399848',ರತ್ನಮ್ಮ',ನಾಗಪ್ಪ',31',42',ಹೆಣ್ಣು',',',',KURUBA'
MVJ2400380',ವೆಂಕಟೇಶ',ಡಿ ಗಂಗಪ್ಪ',31',38',ಗಂಡು',',',',KURUBA'
ALQ0271973',ನಾಗರತ್ನಮ್ಮ',ವೆಂಕಟೇಶ್',31',33',ಹೆಣ್ಣು',',',',KURUBA'
ALQ2532505',ಅನಿಲ್ ಕುಮಾರ್ ಸಿ',ಚಂದ್ರಶೇಖರ್',31',24',ಗಂಡು',',',',KURUBA'
ALQ2551612',ಗಂಗರಾಜು',ನಾಗಪ್ಪ',31',23',ಗಂಡು',',',',KURUBA'
ALQ3128857',ನಾರಾಯಣಸ್ವಾಮಿ',ಚಂದ್ರಶೇಖರ್',31',21',ಗಂಡು',',',',KURUBA'
ALQ3179389',ಗಂಗೋತ್ರಿ ಎನ್',ನಾಗಪ್ಪ',31',20',ಹೆಣ್ಣು',',',','
ALQ2751402',ಭಾರತಮ್ಮ',ವೆಂಕಟಶಾಮಿ',32',65',ಹೆಣ್ಣು',',',',KURUBA'
ALQ0812255',ಸಿ ಗಂಗರಾಜು',ಚಿಕ್ಕವೆಂಕಟರವಣಪ್ಪ',32',32',ಗಂಡು',',',',KURUBA'
ALQ2340206',ಸೌಮ್ಯ ಆರ್ ಇತರೆ ಸಂಬಂಧಿಯ',ಭಾರತವ',32',25',ಹೆಣ್ಣು',',',',KURUBA'
MVJ4043287',ಕಾಳಪ್ಪ',ಜಿಲ್ಲೆ ರಾಮಯ್ಯ',33',75',ಗಂಡು',',',',KURUBA'
MVJ1414564',ರಾಮಲಕ್ಷ್ಮಮ್ಮ',ಕಾಳಪ್ಪ',33',60',ಹೆಣ್ಣು',',',',KURUBA'
MVJ1415652',ಗಂಗಾಧರಪ್ಪ',ತಿಮ್ಮಪ್ಪ',33',45',ಗಂಡು',',',',KURUBA'
MVJ2400471',ಸತ್ಯನಾರಾಯಣ ಕೆ',ಕಾಳಪ್ಪ',33',43',ಗಂಡು',',',',KURUBA'
MVJ1414432',ಯಶೋಧಮ್ಮ',ಗಂಗಾಧರ',33',40',ಹೆಣ್ಣು',',',',KURUBA'
MVJ2400034',ನಾಗಭೂಷಣ',ಕಾಳಪ್ಪ',33',36',ಗಂಡು',',',',KURUBA'
ALQ0812420',ಎನ್ ಎಂ ಶೈಲಜ',ಸತ್ಯನಾರಾಯಣ',33',35',ಹೆಣ್ಣು',',',',KURUBA'
ALQ2448769',ನಾಗಮಣಿ ಜಿ',ನಾಗಭೂಷಣ್ಣ',33',24',ಹೆಣ್ಣು',',',',KURUBA'
ALQ2979995',ತ್ಯಾಗರಾಜು',ಗಂಗಾಧರಪ್ಪ ಟಿ',33',22',ಗಂಡು',',',',KURUBA'
ALQ3179231',ತಿಮ್ಮರಾಜು',ಗಂಗಾಧರಪ್ಪ ಟಿ',33',19',ಗಂಡು',',',',KURUBA'
ALQ1466549',ಗಂಗಾಧರಪ್ಪ',ಗಂಗಪ್ಪ',34',65',ಗಂಡು',',',',KURUBA'
ALQ2751428',ತಿಮ್ಮರಾಯಪ್ಪ',ಗಂಗಪ್ಪ',34',59',ಗಂಡು',',',',KURUBA'
ALQ1466556',ಗಂಗರತ್ನಮ್ಮ',ಗಂಗಾಧರಪ್ಪ',34',55',ಹೆಣ್ಣು',',',',KURUBA'
MVJ1414945',ಗಂಗಮ್ಮ',ತಿಮ್ಮರಾಯಪ್ಪ',34',46',ಹೆಣ್ಣು',',',',KURUBA'
MVJ3366804',ಗೌರಮ್ಮ',ರಾಮಪ್ಪ',35',80',ಹೆಣ್ಣು',',',',AGASARU'
ALQ1466580',ಅಶ್ವತ್ಥಪ್ಪ ತಾಯಿಯ',ಗೌರಮ್ಮ',35',47',ಗಂಡು',',',',AGASARU'
MVJ1466143',ಶಿವಪ್ಪ ',ಗೌರಮ್ಮ',35',44',ಗಂಡು',',',',AGASARU'
ALQ3179371',ಗೌರಮ್ಮ',ಶಿವಪ್ಪ',35',35',ಹೆಣ್ಣು',',',',AGASARU'
ALQ3179280',ಹೇಮಂತ',ಶಿವಪ್ಪ',35',22',ಗಂಡು',',',',AGASARU'
ALQ1859263',ವೆಂಕಟರವಣ',ಎಳೆಯಪ್ಪ',36',85',ಗಂಡು',',',','
MVJ1413285',ರಾಮಕ್ಕೆ',ವೆಂಕಟರವಣಪ್ಪ',36',73',ಹೆಣ್ಣು',',',',KURUBA'
ALQ1466598',ನಾಗರಾಜ',ವೆಂಕಟರವಣ',36',53',ಗಂಡು',',',',KURUBA'
ALQ1466606',ಬಾಗ್ಯಮ್ಮ',ನಾಗರಾಜ',36',45',ಹೆಣ್ಣು',',',',KURUBA'
ALQ2526135',ಭಾಗ್ಯಮ್ಮ',ವೆಂಕಟರವಣಪ್ಪ',36',40',ಹೆಣ್ಣು',',',',KURUBA'
ALQ2208171',ಶ್ರೀನಿವಾಸ',ನಾಗರಾಜ',36',27',ಗಂಡು',',',',KURUBA'
ALQ3133675',ಮಂಜುಳ ಟಿ ಎನ್',ಶ್ರೀನಿವಾಸ',36',22',ಹೆಣ್ಣು',',',',KURUBA'
ALQ1466614',ಗಂಗಾಧರಪ್ಪ',ವೆಂಕಟರವಣಪ್ಪ',37',60',ಗಂಡು',',',',KURUBA'
ALQ2751436',ಲಕ್ಷ್ಮೀದೇವಮ್ಮ',ಗಂಗಾಧರಪ್ಪ',37',55',ಹೆಣ್ಣು',',',',KURUBA'
ALQ1466622',ರಾಮಕೃಷ್ಣ',ವೆಂಕಟರವಣಪ್ಪ',37',52',ಗಂಡು',',',',KURUBA'
ALQ1466630',ತಿಮ್ಮಕ್ಕ',ಗಂಗಾಧರಪ್ಪ',37',45',ಹೆಣ್ಣು',',',',KURUBA'
ALQ1466648',ನಾರಾಯಣಮ್ಮ',ರಾಮಕೃಷ್ಣ',37',43',ಹೆಣ್ಣು',',',',KURUBA'
ALQ0813147',ಸಿ ಮಂಜುಳ',ರಂಗನಾಥ',37',33',ಹೆಣ್ಣು',',',',UPPARA'
ALQ2248987',ನವೀನ್ ಕುಮಾರ್ ಅರ್',ರಾಮಕೃಷ್ಣಪ್ಪ',37',25',ಗಂಡು',',',',KURUBA'
ALQ2448744',ಗಂಗರಾಜುಜಿ',ಗಂಗಾಧರಪ್ಪ',37',25',ಗಂಡು',',',',KURUBA'
ALQ2551620',ಕಾಂತರಾಜು',ನಾಗರಾಜು',37',24',ಗಂಡು',',',',KURUBA'
ALQ2751444',ನಾಗರಾಜುಎ ಟಿ',ತಿಮ್ಮಯ್ಯ',38',61',ಗಂಡು',',',',KURUBA'
MVJ1465814',ಹರೀಶ ಎ ಎನ್',ನಾಗರಾಜು ಎ ಟಿ',38',36',ಗಂಡು',',',',KURUBA'
ALQ2448835',ಸುಷ್ಮಾ',ಎ ಎನ್ ಹರೀಶ',38',25',ಹೆಣ್ಣು',',',',KURUBA'
ALQ3203841',ಸಹನ',ಅನಂತರಾಜು ಎ ಎ',38',19',ಹೆಣ್ಣು',',',',KURUBA'
ALQ1466655',ಗಂಗಾಧರಪ್ಪ',ವೆಂಕಟಪ್ಪ',39',70',ಗಂಡು',',',',KURUBA'
MVJ2400547',ಗೀರಿಶ',ಗಂಗಾಧರಪ್ಪ',39',37',ಗಂಡು',',',',KURUBA'
ALQ1470632',ಕಾಂತಮ್ಮ',ಗಂಗಾಧರಪ್ಪ',39',32',ಹೆಣ್ಣು',',',',KURUBA'
MVJ1413913',ಕೆ ರಾಮಚಂದ್ರಪ್ಪ',ಕೊಂಡ್ಲಪ್ಪ',40',60',ಗಂಡು',',',',KURUBA'
ALQ2751451',ರತ್ನಮ್ಮ',ಕೆ ರಾಮಚಂದ್ರಪ್ಪ',40',50',ಹೆಣ್ಣು',',',',KURUBA'
ALQ2551562',ಶುಷ್ಕ ಆರ್',ರಾಮಚಂದ್ರಪ್ಪ ಕೆ',40',24',ಹೆಣ್ಣು',',',',KURUBA'
MVJ1415629',ಅಶ್ವತ್ಥನಾರಾಯಣ',ಲಿಂಗಪ್ಪ',41',48',ಗಂಡು',',',',KURUBA'
MVJ1414226',ನಾಗರಾಜ',ಲಿಂಗಪ್ಪ',41',45',ಗಂಡು',',',',KURUBA'
MVJ1414655',ಪಾರ್ವತಮ್ಮ',ಅಶ್ವತ್ಥನಾರಾಯಣ',41',45',ಹೆಣ್ಣು',',',',KURUBA'
MVJ1413210',ಚೌಡಮ್ಮ',ನಾಗರಾಜ',41',43',ಹೆಣ್ಣು',',',',KURUBA'
ALQ0272112',ಡಿ ಎಸ್ ಶ್ಯಾಮಲ',ನಾಗರಾಜು',41',32',ಹೆಣ್ಣು',',',',ST'
ALQ1469444',ವಿಜಯಲಕ್ಷ್ಮಿ',ವಿ ಗಂಗರಾಜು',41',32',ಹೆಣ್ಣು',',',',KURUBA'
ALQ2532471',ಗಿರೀಶ್',ಅಶ್ವತ್ಥನಾರಾಯಣ',41',25',ಗಂಡು',',',',KURUBA'
ALQ3133972',ಲೋಕೇಶ್',ನಾಗರಾಜ',41',21',ಗಂಡು',',',',KURUBA'
MVJ4043980',ಗಂಗಮ್ಮ',ಬಾಬಣ್ಣ',42',60',ಹೆಣ್ಣು',',',',KURUBA'
MVJ4043972',ಭಾಗೀರಥಿ',ರಾಮಾಂಜಿನಪ್ಪ',42',43',ಹೆಣ್ಣು',',',',KURUBA'
ALQ1466689',ಗಂಗಮ್ಮ',ಗಂಗಾಧರಪ್ಪ',43',60',ಹೆಣ್ಣು',',',',KURUBA'
MVJ1414382',ಉಮೇಶ',ಗಂಗಾಧರಪ್ಪ',43',38',ಗಂಡು',',',',KURUBA'
ALQ0813113',ಗೌರಮ್ಮ',ಜಿ ಉಮೇಶ್',43',34',ಹೆಣ್ಣು',',',',KURUBA'
MVJ4043998',ಮಂಜುಳ',ವಿ ಗೊಪಾಲ್',44',52',ಹೆಣ್ಣು',',',',SADRU'
ALQ2751469',ತಮ್ಮಣ್ಣಪ್ಪ',ಪಿ ಟಿ ಶಾಂತರಾಜ',44',43',ಗಂಡು',',',',SADRU'
ALQ1466721',ಗಂಗಾಧರಪ್ಪ',ಚಿಕ್ಕಗಂಗಪ್ಪ',45',70',ಗಂಡು',',',',KURUBA'
MVJ1414713',ಕಮಲಮ್ಮ',ಗಂಗಾಧರಪ್ಪ',45',63',ಹೆಣ್ಣು',',',',KURUBA'
MVJ3366903',ತಿಮ್ಮರಾಯಪ್ಪ',ಚಿಕ್ಕಗಂಗಪ್ಪ',45',60',ಗಂಡು',',',',KURUBA'
MVJ3367299',ಗಂಗಮ್ಮ',ವೆಂಕಟರವಣಪ್ಪ',45',55',ಹೆಣ್ಣು',',',',KURUBA'
ALQ1466739',ಈಶ್ವರಮ್ಮ',ತಿಮ್ಮರಾಯಪ್ಪ',45',53',ಹೆಣ್ಣು',',',',KURUBA'
MVJ3366812',ನಾರಾಯಣಪ್ಪ',ಚಿಕ್ಕಗಂಗಪ್ಪ',45',52',ಗಂಡು',',',',KURUBA'
MVJ3367695',ತಿಪ್ಪಮ್ಮ',ನಾರಾಯಣಪ್ಪ',45',47',ಹೆಣ್ಣು',',',',KURUBA'
ALQ2249076',ಹೇಮಂತ್ ಕುಮಾರ್ ಟಿ',ತಿಮ್ಮರಾಯಪ್ಪ',45',30',ಗಂಡು',',',',KURUBA'
ALQ2348050',ಶಶಿಧರ',ಗಂಗಾಧರಪ್ಪ',45',28',ಗಂಡು',',',',KURUBA'
ALQ2341097',ಜಗದೀಶ',ನಾರಾಯಣಪ್ಪ',45',25',ಗಂಡು',',',',KURUBA'
ALQ3101078',ಚೇತನ',ನಾರಾಯಣಪ್ಪ',45',21',ಗಂಡು',',',',KURUBA'
ALQ2751477',ಜಿ ತಿಮ್ಮಯ್ಯ',ಹೆಚ್ ಗಂಗಯ್ಯ',46',78',ಗಂಡು',',',',KURUBA'
ALQ2208130',ರಾಮಕೃಷ್ಣ ಜಿ',ಗಂಗಯ್ಯ ಹೆಚ್',46',72',ಗಂಡು',',',YES',KURUBA'
MVJ4043303',ಗಂಗಾಧರಪ್ಪ',ಹೆಚ್ ಗಂಗಯ್ಯ',46',66',ಗಂಡು',',',',KURUBA'
ALQ1466747',ತಿಮ್ಮಕ್ಕ',ತಿಮ್ಮಯ್ಯ',46',65',ಹೆಣ್ಣು',',',',KURUBA'
ALQ1466754',ಗಂಗಮ್ಮ',ಗಂಗಾಧರಪ್ಪ',46',55',ಹೆಣ್ಣು',',',',KURUBA'
ALQ2751485',ರಾಜಶೇಖರ ಜಿ ಟಿ',ಜಿ ತಿಮ್ಮಯ್ಯ',46',45',ಗಂಡು',',',',KURUBA'
MVJ1413491',ಜಿ ಟಿ ಯತೀಶ್',ಜಿ ತಿಮ್ಮಯ್ಯ',46',40',ಗಂಡು',',',',KURUBA'
MVJ1413483',ಜಿ ಟಿ ಧನುಂಜಯ',ಜಿ ತಿಮ್ಮಯ್ಯ',46',40',ಗಂಡು',',',',KURUBA'
MVJ1413970',ಜಿ ಸತೀಶ್',ಗಂಗಾಧರಪ್ಪ',46',39',ಗಂಡು',',',',KURUBA'
ALQ0812248',ಎ ಅಶ್ವತ್ಥಮ್ಮ',ಜಿ ಟಿ ರಾಜಶೇಖರ್',46',37',ಹೆಣ್ಣು',',',',KURUBA'
ALQ3025178',ಜಿ ಸುನಿತ',ಲೇಟ್ ರಾಮಕೃಷ್ಣ ಎ',46',36',ಹೆಣ್ಣು',',',',KURUBA'
ALQ1469543',ಜಿ ಟಿ ಪವನ್ ಕುಮಾರ್',ಜಿ ತಿಮ್ಮಯ್ಯ',46',34',ಗಂಡು',',',YES',KURUBA'
ALQ2179513',ಅನುರಾಧ ಕೆಜಿ',ಯತೀಶ್ ಜಿ ಟಿ',46',34',ಹೆಣ್ಣು',',',YES',KURUBA'
ALQ2208106',ಜೀವನ್ ಜಿ ಅರ್',ರಾಮಕೃಷ್ಣ',46',34',ಗಂಡು',',',YES',KURUBA'
ALQ1469550',ಜಿ ರವೀಶ್ ಕುಮಾರ್',ಜಿ ಗಂಗಾಧರಯ್ಯ',46',33',ಗಂಡು',',',YES',KURUBA'
ALQ2179620',ಸರಸ್ವತಿ ಬಿ ಪಿ',ಜಿ ಸತೀಶ್',46',30',ಹೆಣ್ಣು',',',',KURUBA'
ALQ1466762',ಹನುಮಕ್ಕ',ಉಪ್ಪಿರ ನರಸಿಂಹಪ್ಪ',47',80',ಹೆಣ್ಣು',',',',UPPARA'
MVJ4044269',ಗಂಗರಾಜು',ಉಪ್ಪಿರ ನರಸಿಂಹ',47',55',ಗಂಡು',',',',UPPARA'
MVJ1415215',ಗಂಗಪ್ಪ',ಚಿಕ್ಕತಿಮ್ಮಯ್ಯ',47',55',ಗಂಡು',',',',UPPARA'
MVJ2400000',ಉಮಾದೇವಿ',ಗಂಗಪ್ಪ',47',50',ಹೆಣ್ಣು',',',',UPPARA'
MVJ4044301',ನಾರಾಯಣಮ್ಮ',ಗಂಗರಾಜು',47',45',ಹೆಣ್ಣು',',',',UPPARA'
ALQ0812768',ಶಂಕರ',ಉ ನರಸಿಂಹಪ್ಪ',47',40',ಗಂಡು',',',',UPPARA'
ALQ2532455',ನಾಗೇಶ',ಗಂಗಪ್ಪ',47',27',ಗಂಡು',',',',UPPARA'
ALQ2551752',ಆಶಾ ಎನ್',ನಾಗೇಶ್',47',24',ಹೆಣ್ಣು',',',',UPPARA'
ALQ2532521',ಕಿರಣ್ ಕುಮಾರ್',ಗಂಗರಾಜು',47',23',ಗಂಡು',',',',UPPARA'
MVJ1412790',ಮಂಗಮ್ಮ',ಉಗಾದಪ್ಪ',48',70',ಹೆಣ್ಣು',',',',ST'
ALQ2496354',ರಾಮಕ್ಕೆ',ಲೇಟ್ ನರಸಪ್ಪ',48',65',ಹೆಣ್ಣು',',',',ST'
MVJ1415520',ನರಸಿಂಹಪ್ಪ',ಗಂಗಪ್ಪ',48',63',ಗಂಡು',',',',ST'
ALQ0812750',ನರಸಿಂಹಮೂರ್ತಿ',ಉಗಿರಿದಪ್ಪ',48',40',ಗಂಡು',',',',ST'
MVJ1412402',ಲಕ್ಷ್ಮಿ ಕಾಂತ',ಉಗಾದಪ್ಪ',48',37',ಗಂಡು',',',',ST'
ALQ0812735',ಮಂಜುಳ',ತೆಂ ಉಗಾದಪ್ಪ',48',36',ಹೆಣ್ಣು',',',',ST'
MVJ2400752',ಜಿ ಚಿಕ್ಕಗಂಗಪ್ಪ',ಗಂಗಪ್ಪ',49',85',ಗಂಡು',',',',DEATH'
MVJ2400760',ರಂಗಮ್ಮ',ಜಿ ಚಿಕ್ಕಗಂಗಪ್ಪ',49',75',ಹೆಣ್ಣು',',',',ST'
ALQ0274787',ಬಾಲಪ್ಪ',ತೆಂ ಚಿಕ್ಕಗಂಗಪ್ಪ',49',60',ಗಂಡು',',',',ST'
ALQ1466770',ನಾಗಪ್ಪ',ತೆಂ ಚಿಕ್ಕಗಂಗಪ್ಪ',49',55',ಗಂಡು',',',YES',ST'
MVJ2400778',ಆದಿಲಕ್ಷ್ಮಮ್ಮ',ಗಂಗಾಧರಪ್ಪ',49',55',ಹೆಣ್ಣು',',',',ST'
ALQ0813089',ಪದ್ದಕ್ಕೆ',ಬಾಲಪ್ಪ',49',50',ಹೆಣ್ಣು',',',',ST'
ALQ2128940',ಭಾಗ್ಯಮ್ಮ',ನಾಗಪ್ಪ',49',48',ಹೆಣ್ಣು',',',YES',ST'
ALQ3061215',ಲಕ್ಷ್ಮೀಶ ಬಿ',ಬಾಲಪ್ಪ',49',23',ಗಂಡು',',',',ST'
ALQ1466796',ವೆಂಕಟಮ್ಮ',ಗಂಗಾಧರಪ್ಪ',50',55',ಹೆಣ್ಣು',',',',KURUBA'
ALQ0812834',ರಾಜಣ್ಣ',ಗಂಗಾಧರಪ್ಪ',50',42',ಗಂಡು',',',',KURUBA'
MVJ2399962',ಶಂಕರ',ಗಂಗಾಧರಪ್ಪ',50',40',ಗಂಡು',',',',KURUBA'
ALQ0812651',ಸುನಂದಮ್ಮ ಎಮ್',ರಾಜಣ್ಣ ಜೆ',50',35',ಹೆಣ್ಣು',',',',KURUBA'
ALQ3213790',ಮಮತ ಹೆಚ್ ಟಿ',ಪ್ರಕಾಶ್',50',25',ಹೆಣ್ಣು',',',',KURUBA'
MVJ1412899',ನಾಗಮ್ಮ',ಮರಿಯಪ್ಪ',51',73',ಹೆಣ್ಣು',',',',KURUBA'
ALQ2751493',ಗಂಗಾಧರಪ್ಪ',ಮರಿಯಪ್ಪ',51',40',ಗಂಡು',',',',KURUBA'
MVJ1412717',ಪರಿಮಳ',ಎಂ ಗಂಗಾಧರಪ್ಪ',51',38',ಹೆಣ್ಣು',',',',KURUBA'
MVJ1415595',ರಾಧಮ್ಮ',ಮರಿಯಪ್ಪ',51',36',ಹೆಣ್ಣು',',',',KURUBA'
ALQ3158193',ತೇಜಸ್ವಿನಿ',ಗಂಗಾಧರಪ್ಪ',51',20',ಹೆಣ್ಣು',',',',NO VOTE'
ALQ3203817',ಉಷಾ',ಗಂಗಾಧರಪ್ಪ',51',19',ಹೆಣ್ಣು',',',',KURUBA'
MVJ1413319',ತಿಮ್ಮಕ್ಕ',ವೆಂಕಟಪ್ಪ',52',75',ಹೆಣ್ಣು',',',',KURUBA'
MVJ2400265',ಗೋವಿಂದಪ್ಪ',ತಿಮ್ಮಪ್ಪ',52',60',ಗಂಡು',',',',KURUBA'
MVJ1412709',ರತ್ನಮ್ಮ',ಗೋವಿಂದಪ್ಪ',52',47',ಹೆಣ್ಣು',',',',KURUBA'
ALQ2448751',ಮನೋಹರ',ಗೋವಿಂದಪ್ಪ',52',24',ಗಂಡು',',',',KURUBA'
MVJ2399996',ಲಕ್ಷ್ಮಮ್ಮ',ತಿಮ್ಮಪ್ಪ',53',80',ಹೆಣ್ಣು',',',',KURUBA'
MVJ2400463',ವೆಂಕಟರವಣಪ್ಪ',ಲೇಟ್ ಗಂಗಪ್ಪ',53',73',ಗಂಡು',',',',DEATH'
MVJ1415116',ಗಂಗಾಧರಪ್ಪ',ಲೇಟ್ ಗಂಗಪ್ಪ',53',65',ಗಂಡು',',',',KURUBA'
MVJ1415173',ಗೌರಮ್ಮ',ವೆಂಕಟರವಣಪ್ಪ',53',65',ಹೆಣ್ಣು',',',',KURUBA'
MVJ1415165',ಪಾರ್ವತಮ್ಮ',ಗಂಗಾಧರಪ್ಪ',53',57',ಹೆಣ್ಣು',',',',KURUBA'
MVJ1414457',ಟಿ ನಾಗಪ್ಪ',ತಿಮ್ಮಪ್ಪ',53',55',ಗಂಡು',',',',KURUBA'
ALQ1466838',ಟಿ ಶ್ರೀನಿವಾಸಪ್ಪ',ತಿಮ್ಮಪ್ಪ',53',50',ಗಂಡು',',',',KURUBA'
ALQ0275909',ಟಿ ಗಂಗರಾಜು',ತಿಮ್ಮಪ್ಪ',53',45',ಗಂಡು',',',',KURUBA'
MVJ1415231',ಬಾಗ್ಯಮ್ಮ',ಟಿ ನಾಗಪ್ಪ',53',45',ಹೆಣ್ಣು',',',',KURUBA'
MVJ2400737',ವಿ ಗೋಪಾಲ',ವೆಂಕಟರವಣಪ್ಪ',53',44',ಗಂಡು',',',',KURUBA'
ALQ2751527',ಗಂಗರಾಜುಟಿ',ತಿಮ್ಮಪ್ಪ',53',44',ಗಂಡು',',',',KURUBA'
ALQ0812636',ತಿಪ್ಪಮ್ಮ',ಟಿ ಗಂಗರಾಜು',53',40',ಹೆಣ್ಣು',',',',KURUBA'
ALQ0812875',ಸುಶೀಲ',ಟಿ ಗಂಗರಾಜು',53',38',ಹೆಣ್ಣು',',',',KURUBA'
ALQ1469774',ಎನ್ ಸಂಜೀವಮ್ಮ',ಜಿ ಟಿ ಶ್ರೀನಿವಾಸ್',53',34',ಹೆಣ್ಣು',',',',KURUBA'
ALQ0813071',ರಂಗಮ್ಮ',ವಿ ಗೋಪಾಲ್',53',34',ಹೆಣ್ಣು',',',',KURUBA'
ALQ2448876',ನವೀನ್ ಕುಮಾರ್ ಜಿ ಎನ್',ನಾಗಪ್ಪ ಟಿ',53',26',ಗಂಡು',',',',KURUBA'
ALQ2448827',ಪ್ರವೀಣ್ ಕುಮಾರ್ ಜಿ ಎನ್',ನಾಗಪ್ಪ ಟಿ',53',25',ಗಂಡು',',',',KURUBA'
ALQ3100948',ರಾಕೇಶ',ಶ್ರೀನಿವಾಸ',53',21',ಗಂಡು',',',',KURUBA'
MVJ1415488',ಅಶ್ವತ್ಥನಾರಾಯಣ',ಲೇಟ್ ವೆಂಕಟಪ್ಪ',54',65',ಗಂಡು',',',',KURUBA'
ALQ1466846',ತಿಮ್ಮಕ್ಕ',ಅಶ್ವತ್ಥನಾರಾಯಣ',54',55',ಹೆಣ್ಣು',',',',KURUBA'
ALQ3133683',ನಂದಿನಿ ಆರ್',ರಮೇಶ ಎ',54',23',ಹೆಣ್ಣು',',',',KURUBA'
MVJ1415405',ಗಂಗಮ್ಮ',ತಿಮ್ಮಪ್ಪ',55',75',ಹೆಣ್ಣು',',',',KURUBA'
ALQ1466853',ನಾಗಪ್ಪ',ತಿಮ್ಮಪ್ಪ',55',60',ಗಂಡು',',',',KURUBA'
ALQ1466861',ನಾರಾಯಣಪ್ಪ',ತಿಮ್ಮಪ್ಪ',55',55',ಗಂಡು',',',',KURUBA'
ALQ1466879',ಸಂಜೀವಮ್ಮ',ನಾಗಪ್ಪ',55',45',ಹೆಣ್ಣು',',',',KURUBA'
ALQ1466887',ಲಿಂಗಮ್ಮ',ನಾರಾಯಣಪ್ಪ',55',44',ಹೆಣ್ಣು',',',',KURUBA'
MVJ1412576',ರಮೇಶ್',ನಾಗಪ್ಪ',55',38',ಗಂಡು',',',',KURUBA'
ALQ0272641',ಸುರೇಶ',ನಾಗಪ್ಪ',55',36',ಗಂಡು',',',',KURUBA'
ALQ2448843',ಗಂಗರಾಜು ಎನ್',ನಾರಾಯಣಪ್ಪ ಟಿ',55',26',ಗಂಡು',',',',KURUBA'
ALQ2751535',ಸು ಗಂಗಪ್ಪ',ಗಂಗಪ್ಪ',56',77',ಗಂಡು',',',',DEATH'
ALQ2751543',ವೆಂಕಟಮ್ಮ',ಸು ಗಂಗಪ್ಪ',56',72',ಹೆಣ್ಣು',',',',SHETBALAJIGA'
MVJ3367638',ಲಕ್ಷ್ಮಯ್ಯ',ಲೇಟ್ ಗಂಗಪ್ಪ',56',67',ಗಂಡು',',',YES',SHETBALAJIGA'
ALQ2751550',ರತ್ನಮ್ಮ',ಲಕ್ಷ್ಮಯ್ಯ',56',55',ಹೆಣ್ಣು',',',',SHETBALAJIGA'
ALQ2751568',ಗಂಗಾಧರಪ್ಪ',ಸು ಗಂಗಪ್ಪ',56',53',ಗಂಡು',',',',SHETBALAJIGA'
ALQ0813691',ಬಾಲಪ್ಪ',ಸು ಗಂಗಪ್ಪ',56',50',ಗಂಡು',',',',SHETBALAJIGA'
ALQ3179306',ಭೂಲಕ್ಷ್ಮೀ',ಬಾಲಪ್ಪ',56',42',ಹೆಣ್ಣು',',',',SHETBALAJIGA'
ALQ2406080',ಸುವರ್ಣಮ್ಮ ಎಸ್ ಎನ್',ಗಂಗಾಧರಪ್ಪ',56',41',ಹೆಣ್ಣು',',',',SHETBALAJIGA'
ALQ1859479',ಕವಿತ',ನಾಗರಾಜು',56',31',ಹೆಣ್ಣು',',',',ST'
ALQ2551661',ನಾಗರಾಜ ಎಲ್',ಲಕ್ಷ್ಮಯ್ಯ',56',30',ಗಂಡು',',',',SHETBALAJIGA'
ALQ1466929',ಕೆ ಜಗನ್ನಾಥ',ಕರಿಯಣ್ಣ',57',49',ಗಂಡು',',',',KURUBA'
MVJ1414630',ರಾಮಾಂಜಮ್ಮ',ಕೆ ಜಗನ್ನಾಥ',57',40',ಹೆಣ್ಣು',',',',KURUBA'
ALQ3189040',ಕಲ್ಯಾಣ್ ಕುಮಾರ್ ಜೆ',ಜಗನ್ನಾಥ್',57',19',ಗಂಡು',',',',KURUBA'
MVJ1413335',ಗಂಗಲಕ್ಷ್ಮಮ್ಮ',ಕೃಷ್ಣಪ್ಪ',59',70',ಹೆಣ್ಣು',',',',KURUBA'
ALQ1469824',ನಂಜುಡಪ್ಪ',ಗಂಗಪ್ಪ',60',43',ಗಂಡು',',',',KURUBA'
MVJ1412931',ಮುದ್ದಮ್ಮ',ನಂಜುಡಪ್ಪ',60',38',ಹೆಣ್ಣು',',',',KURUBA'
ALQ2551729',ನಿರಂಜನ್ ಎನ್',ನಂಜುಂಡಪ್ಪ',60',22',ಗಂಡು',',',YES',KURUBA'
ALQ0272591',ತಿಮ್ಮಪ್ಪ',ಲೇಟ್ ಎಳಪ್ಪ',61',75',ಗಂಡು',',',',KURUBA'
MVJ1415421',ಗಿರಿಜಾಂಬ',ತಿಮ್ಮಪ್ಪ',61',58',ಹೆಣ್ಣು',',',',KURUBA'
MVJ1411974',ವೆಂಕಟೇಶ ಜಿ ಟಿ',ತಿಮ್ಮಪ್ಪ',61',37',ಗಂಡು',',',',KURUBA'
ALQ2326957',ಗೌರಿಮಣಿ ಕೆ',ವೆಂಕಟೇಶ್',61',27',ಹೆಣ್ಣು',',',',KURUBA'
ALQ3100930',ಗಾಯಿತ್ರಿಸಿ',ಜಿ ಟಿ ಜಗದೀಶ್',61',20',ಹೆಣ್ಣು',',',YES',KURUBA'
ALQ1466994',ನಾರಾಯಣಪ್ಪ',ಮುದ್ದಪ್ಪ',63',60',ಗಂಡು',',',',UPPARA'
ALQ2751584',ನರಸಿಂಹಪ್ಪ',ಮುದ್ದಪ್ಪ',63',55',ಗಂಡು',',',',UPPARA'
ALQ1467000',ಉಮಾದೇವಿ',ನಾರಾಯಣಪ್ಪ',63',55',ಹೆಣ್ಣು',',',',UPPARA'
MVJ1414127',ಬಾಲಕೃಷ್ಣ',ಮುದ್ದಪ್ಪ',63',50',ಗಂಡು',',',',UPPARA'
ALQ2751592',ಮಂಜುಳಾದೇವಿ',ನರಸಿಂಹಪ್ಪ',63',50',ಹೆಣ್ಣು',',',',UPPARA'
ALQ1467018',ಲೀಲಾವತಿ',ಗೋವಿಂದಪ್ಪ',63',46',ಹೆಣ್ಣು',',',',UPPARA'
ALQ1467026',ಗೋವಿಂದಪ್ಪ',ಮುದ್ದಪ್ಪ',63',46',ಗಂಡು',',',',UPPARA'
MVJ1414135',: ಸುಶೀಲಮ್ಮ',ಬಾಲಕೃಷ್ಣ',63',45',ಹೆಣ್ಣು',',',',UPPARA'
ALQ3053709',ಜಲಜಾಕ್ಷಿ',ಬಾಲಕೃಷ್ಣ ಎಂ',63',25',ಹೆಣ್ಣು',',',',UPPARA'
ALQ2406239',ಆದರ್ಶ ಕುಮಾರ್',ಗೋವಿಂದಪ್ಪ',63',24',ಗಂಡು',',',',UPPARA'
ALQ2551604',ಪ್ರದೀಪ್',ಬಾಲಕೃಷ್ಣ',63',24',ಗಂಡು',',',',UPPARA'
ALQ0813774',ಶಿವಮ್ಮ',ಜಿ ಸಿ ನಾಗಪ್ಪ',64',50',ಹೆಣ್ಣು',',',',KURUBA'
ALQ1469865',ವನಜ',ಜಿ ಕೃಷ್ಣಪ್ಪ',64',33',ಹೆಣ್ಣು',',',',KURUBA'
ALQ1859487',ನಂಜುಂಡಪ್ಪ',ನರಸಿಂಹಪ್ಪ',69',33',ಗಂಡು',',',',UPPARA'
ALQ2532448',ವಾಣಿ',ನಂಜುಂಡಪ್ಪ',69',34',ಹೆಣ್ಣು',',',',UPPARA'
ALQ1859503',ವಿ ಸುರೇಶ್',ವೆಂಕಟರೋಣಪ್ಪ',86',31',ಗಂಡು',',',',KURUBA'
MVJ1412642',ಜಿ ಕೃಷ್ಣಪ್ಪ',ಸಿಜಿ ಗಂಗಾಧರಪ್ಪ',98',41',ಗಂಡು',',',',KURUBA'
ALQ1859511',ಸಿ ದೇವರಾಜು ',ಭಾರತಮ್ಮ',100',29',ಗಂಡು',',',',KURUBA'
ALQ3134327',ಸುಮಿತ್ರ',ದೇವರಾಜು',100',24',ಹೆಣ್ಣು',',',',KURUBA'
ALQ1859529',ಜಿ ಚಂದ್ರಶೇಖರ್',ಗಂಗಾಧರಪ್ಪ',105',30',ಗಂಡು',',',',KURUBA'
MVJ4044186',ಕುಮಾರಸ್ವಾಮಿ',ಪಳನಿಸ್ವಾಮಿ',109',74',ಗಂಡು',',',',KURUBA'
ALQ2203057',ಕೆ ರಾಮಯ್ಯ',ಕರಿಯಣ್ಣ',110',78',ಗಂಡು',',',YES',KURUBA'
MVJ1414622',ಸಿದ್ದಮ್ಮ',ಕೆ ರಾಮಯ್ಯ',110',68',ಹೆಣ್ಣು',',',YES',KURUBA'
MVJ2400133',ಅರ್ ಶಿವಕುಮಾರ್',ಕೆ ರಾಮಯ್ಯ',110',44',ಗಂಡು',',',YES',KURUBA'
ALQ1859735',ಸೋಮನಾಥ ಆರ್',ರಾಮಪ್ಪ',146',29',ಗಂಡು',',',',KURUBA'
ALQ0813063',ತ್ರಿವೇಣಿ',ಚಿಕ್ಕ ವೆಂಕಟೇಶ್',156',31',ಹೆಣ್ಣು',',',',KURUBA'
MVJ3367562',ಚೌಡಪ್ಪ',ನ್ಯಾತಪ್ಪ',176',47',ಗಂಡು',',',',ST'
MVJ1412824',ಗಂಗಮ್ಮ',ಚೌಡಪ್ಪ',176',44',ಹೆಣ್ಣು',',',',ST'
ALQ2328243',ಮಣಿಕಂಠ',ಚೌಡಪ್ಪ',176',26',ಗಂಡು',',',',ST'
ALQ2248995',ಅನಂತ ರಾಜು ಎ ಎನ್',ನಾಗರಾಜು ಎಟಿ',30ಎ',34',ಗಂಡು',',',',KURUBA'
MVJ2399830',ಪದ್ಮಾವತಿ',ಶಿವಪ್ಪ',30ಬಿ',44',ಹೆಣ್ಣು',',',',KURUBA'
ALQ0813527',ನಾರಾಯಣಮ್ಮ',ರಾಮೇಶ್',331',34',ಹೆಣ್ಣು',',',',KURUBA'
MVJ2399343',ಚಂದ್ರಕಳ',ಅಶ್ವತ್ಥಪ್ಪ',35ಬಿ',42',ಹೆಣ್ಣು',',',',AGASARU'
ALQ2406213',ಗಿರಿಜ',ಜಿ ಎ ವೆಂಕಟೇಶ್',354',29',ಹೆಣ್ಣು',',',',KURUBA'
MVJ2400166',ವಿ ಗಂಗರಾಜ',ವೆಂಕಟರವಣಪ್ಪ',45ಎ',41',ಗಂಡು',',',',KURUBA'
ALQ2448850',ಲಾವಣ್ಯ',ನಾರಾಯಂ ಎಸ್ ಎ',530',28',ಹೆಣ್ಣು',',',',DELETED'
MVJ2400620',ಜಿ ಸುರೇಶ',ಗಂಗಾಧರಪ್ಪ',53ಎ',42',ಗಂಡು',',',',KURUBA'
ALQ2406205',ಸುಗುಣ',ಜಿ ಸುರೇಶ್',53',28',ಹೆಣ್ಣು',',',',KURUBA'
ALQ3025160',ಶಶಿಕಲ ವಿ ಎಸ್',ಜಿ ಶಂಕರ',53ಎ',22',ಹೆಣ್ಣು',',',',KURUBA'
ALQ3226859',ನವೀನ್ ಜಿ',ಗಂಗಾಧರಪ್ಪ',56',19',ಗಂಡು',',',YES',SHETBALAJIGA'
ALQ1469840',ಅಶೋಕ್',ನಾರಯಣಪ್ಪ',63ಎ',37',ಗಂಡು',',',',UPPARA'
ALQ2406072',ಸುಕನ್ಯ ಜಿ ಎಲ್',ಅಶೋಕ್ ಕುಮಾರ್',63',28',ಹೆಣ್ಣು',',',',UPPARA'
MVJ4043584',ರೇಣುಕಮ್ಮ',ಗೋವಿಂದಪ್ಪ',63ಸಿ',35',ಹೆಣ್ಣು',',',',UPPARA'
ALQ0813311',ಶಂಕರಪ್ಪ',ಕಾಳಪ್ಪ',661/33',34',ಗಂಡು',',',',UPPARA'
ALQ3239589',MALLESHA',ASHWATHAPPA',41',18',ಗಂಡು',',',',KURUBA'
ALQ3239597',MAHESH KUMAR T',TIMMARAYAPPA M ',28',19',ಗಂಡು',',',',KURUBA'
ALQ3239605',PRERANA G',GANGARAJU C',07',19',ಹೆಣ್ಣು',',',',KURUBA'
ALQ3239613',SANJAY GOWDA G',GANGADHARA V',04',19',ಗಂಡು',',',',KURUBA'
ALQ3239621',SUNIL KUMAR GOWDA G S',SHIVAPPA',30',18',ಗಂಡು',',',',KURUBA'
ALQ3239639',KALPANA S',JAGADEESHA',45',22',ಹೆಣ್ಣು',',',',ST'
ALQ3251766',SUPRIYA M G',GOVINDAPPA',0',18',ಹೆಣ್ಣು',',',',UPPARA'
ALQ3251832',AMARAVATHI B N ',GANGARAJU N',',21',ಹೆಣ್ಣು',',',',SC'
ALQ3254133',G JAYAMMA',NAGARAJU G',97',34',ಹೆಣ್ಣು',',',',SC'
ALQ3264777',BHOOMIKA',GANGARAJ N',55',18',ಹೆಣ್ಣು',',',',KURUBA'
ALQ3100203',JYOTHI A',SHASHIDHARA',45',23',ಹೆಣ್ಣು',',',',KURUBA'
ALQ3270097',AMRUTA S',V SURESH',74',19',ಹೆಣ್ಣು',',',',KURUBA'