ALQ3106473',ಪವಿತ್ರ ಎಸ್ ಆರ್',ರಾಮಾಂಜಿನಪ್ಪ',0',21',ಹೆಣ್ಣು',',ST',STUDENT',NO'
ALQ3106648',ಸಂಜೀವಮ್ಮ ಎಸ್ ಎನ್',ನಾರಾಯಣಪ್ಪ',0',20',ಹೆಣ್ಣು',',SC',STUDENT',NO'
ALQ2331510',ಓಂಕಾರ್ ಎಸ್',ಶ್ರೀರಾಮಯ್ಯ ಎಸ್ ಎನ್',1',26',ಗಂಡು',',ST',FARMER',NO'
ALQ1868504',ಶ್ರೀರಾಮಯ್ಯ ಎಸ್ ಎನ್',ಕುರಿನರಸಿಂಹಯ್ಯ',1',55',ಗಂಡು',',ST',CONTRACTOR',NO'
ALQ2850899',ಗಂಗರತ್ನಮ್ಮ',ಶ್ರೀರಾಮಯ್ಯ',1',53',ಹೆಣ್ಣು',',ST',HOUSE -WIFE',NO'
ALQ0049668',ಎಸ್ ಕಿರಣ್\u200cಕುಮಾರ್',ಶ್ರೀರಾಮಪ್ಪ',1',32',ಗಂಡು',',ST',BUSINESS',NO'
ALQ2379311',ಬುಡ್ಡಸೋಮಯ್ಯ ಜಿ',ಗಂಗಪ್ಪ',2',49',ಗಂಡು',',ST',KOOLI',NO'
ALQ2135499',ಪುಷ್ಟ',ನಾರಾಯಣಪ್ಪ',2',37',ಹೆಣ್ಣು',',ST',HOUSE -WIFE',NO'
ALQ2850907',ಗಂಗಪ್ಪ',ಬೋಡಯ್ಯ',2',91',ಗಂಡು',',ST',AGED',NO'
ALQ2850915',ಸೋಮಕ್ಕ',ಗಂಗಪ್ಪ',2',81',ಹೆಣ್ಣು',',ST',KOOLI',NO'
ALQ1868520',ನಾರಾಯಣಪ್ಪ',ಗಂಗಪ್ಪ',2',47',ಗಂಡು',',ST',FARMER',NO'
MVJ2262194',ಆಂಜಿನಮ್ಮ',ಬುಡ್ಡಸೋಮಯ್ಯ',2',40',ಹೆಣ್ಣು',',ST',KOOLI',NO'
MVJ3960705',ಬಾಲಕೃಷ್ಣ ಎಸ್ ಜಿ',ಗಂಗಪ್ಪ',2',37',ಗಂಡು',YES',ST',HOTEL MANAGEMENT',NO'
ALQ3226412',ನಾಗರಾಜ ',CHIKKAGANGAPPA',3',38',ಗಂಡು',',DELETED',',NO'
ALQ3222775',ನಾಗರಾಜ',ಚಿಕ್ಕಗಂಗಪ್ಪ ತಂದೆ',3',38',ಗಂಡು',',ST',KAIDI',NO'
ALQ2850923',ಚಿಕ್ಕಗುಡಿಗಂಗಪ್ಪ',ಸೋಮಯ್ಯ',3',71',ಗಂಡು',',ST',FARMER',NO'
ALQ2850931',ಚೆನ್ನಕ್ಕ',ಚಿಕ್ಕಗುಡಿಗಂಗಪ್ಪ',3',67',ಹೆಣ್ಣು',',ST',HOUSE -WIFE',NO'
ALQ2850949',ಚಿಕ್ಕನರಸಿಂಹಯ್ಯ',ತಿಪ್ಪಣ್ಣ',3',63',ಗಂಡು',',DELETED',',NO'
ALQ2850956',ಸೋಮಕ್ಕ',ಚಿಕ್ಕನರಸಿಂಹಯ್ಯ',3',57',ಹೆಣ್ಣು',',ST',HOUSE -WIFE',NO'
ALQ2850964',ಎಸ್ ಸಿ ಸೋಮಯ್ಯ',ಚಿಕ್ಕಗುಡಿಗಂಗಪ್ಪ',3',49',ಗಂಡು',',ST',FARMER',NO'
ALQ2850972',ರವೀಂದ್ರಕುಮಾರ್ ',CHIKKAGUDIGANGAPPA',3',44',ಗಂಡು',',ST',DELETED',NO'
MVJ2262228',ರತ್ನಮ್ಮ',ರವಿಂದ್ರ ಕುಮಾರ್',3',41',ಹೆಣ್ಣು',',ST',HOUSE -WIFE',NO'
MVJ2262202',ಗಂಗಾಧರಯ್ಯ',ಚಿಕ್ಕ ಗುಡಿಗಂಗಪ್ಪ',3',41',ಗಂಡು',',ST',FARMER',NO'
ALQ2374973',ಸರೋಜಮ್ಮ',ಸೋಮಯ್ಯ ಎಸ್',3',33',ಹೆಣ್ಣು',',ST',HOUSE -WIFE',NO'
ALQ2376242',ಗೌರಮ್ಮ',ಗಂಗಾಧರಯ್ಯ',3',32',ಹೆಣ್ಣು',',ST',HOUSE -WIFE',NO'
ALQ0815209',ರಾಧಮ್ಮ',ನಾಗರಾಜು ಎಸ್ ಎತ',4',34',ಹೆಣ್ಣು',YES',ST',',NO'
ALQ2181501',ಭಾಗ್ಯಮ್ಮ',ಈಶ್ವರ ನಾಯಕ್',4',29',ಹೆಣ್ಣು',',ST',TYILOR',NO'
ALQ2850980',ನಂಜಪ್ಪ',ಗಂಗಪ್ಪ',4',67',ಗಂಡು',',ST',FARMER',NO'
ALQ2850998',ಆಂಜಿನಮ್ಮ',ನಂಜಪ್ಪ',4',62',ಹೆಣ್ಣು',',ST',HOUSE -WIFE',NO'
MVJ3960408',ಈಶ್ವರನಾಯಕ',ನಂಜಪ್ಪ',4',38',ಗಂಡು',',ST',FLOWER MARCHANT',NO'
MVJ2262343',ಎಸ್ ಎನ್ ನಾಗರಾಜು',ನಂಜಪ್ಪ',4',37',ಗಂಡು',YES',ST',',NO'
MVJ2262772',ಚೆಂಚಪ್ಪ',ಗಂಗಪ್ಪ',5',77',ಗಂಡು',',ST',KURI',NO'
ALQ2851004',ಚಿಕ್ಕರಾಮಯ್ಯ ',ಗಂಗಪ್ಪ',6',91',ಗಂಡು',',DELETED',',NO'
ALQ2851012',ಹನುಮಕ್ಕ',ನರಸಿಂಹಯ್ಯ',6',63',ಹೆಣ್ಣು',',ST',HOUSE -WIFE',NO'
MVJ2262392',ಎಂ ಎನ್ ಹರೀಶ್ ಕುಮಾರ್',ನರಸಿಂಹಯ್ಯ',6',38',ಗಂಡು',YES',ST',KOOLI',NO'
ALQ2225530',ಸತೀಶ್ ನಾಯ್ಕ',ಸೋಮಯ್ಯ',7',36',ಗಂಡು',',ST',HOUSE -WIFE',NO'
ALQ0049296',ಸಂಧ್ಯಾರಾಣಿ',ಸದಾಶಿವನಾಯಕ',7',32',ಹೆಣ್ಣು',',ST',HOUSE -WIFE',NO'
ALQ2181493',ಜಗದೀಶ್ ನಾಯಕ ಎಸ್',ಸೋಮಯ್ಯ ಎಸ್',7',31',ಗಂಡು',',ST',UNEMPLOYE',NO'
ALQ2213932',ಪ್ರಥ್ವಿ ನಾಯಕ್ ಎಸ್ ಬಿ',ಸಿ ಬಸಣ್ಣ',7',29',ಗಂಡು',',ST',BANK EMPLOYE',NO'
ALQ2993319',ನಂದಿನಿ ಎಸ್ ಬಿ',ಸಿ ಬಸಣ್ಣ',7',25',ಹೆಣ್ಣು',YES',ST',SOFTWARE',NO'
ALQ2410389',ನಂದಿಶ ಎಸ್',ಸೋಮಶಂಕರ',7',24',ಗಂಡು',',ST',KOOLI',NO'
ALQ2851020',ಸೋಮಕ್ಕ',ನ್ಯಾತಪ್ಪ',7',85',ಹೆಣ್ಣು',',ST',AGED',NO'
ALQ2851038',ಸೋಮಯ್ಯ',ಚಿಕ್ಕಗಂಗಪ್ಪ',7',82',ಗಂಡು',',DELETED',',NO'
ALQ2851046',ಲಕ್ಷ್ಮೀನರಸಮ್ಮ',ಸೋಮಯ್ಯ',7',65',ಹೆಣ್ಣು',',ST',HOUSE -WIFE',YES'
ALQ1868538',ಸದಾಶಿವನಾಯಕ',ಚಿಕ್ಕಗಂಗಪ್ಪ',7',62',ಗಂಡು',',ST',FARMER',NO'
ALQ2851053',ಸಿ ಬಸಣ್ಣ',ಚಿಕ್ಕಗಂಗಯ್ಯ',7',58',ಗಂಡು',',ST',RE-ARMY',NO'
ALQ2851061',ಲಕ್ಷ್ಮೀಕಾಂತಮ್ಮ',ಸೋಮಶಂಕರ',7',57',ಹೆಣ್ಣು',',ST',HOUSE -WIFE',NO'
ALQ2851079',ರತ್ನಮ್ಮ',ಸೋಮಯ್ಯ',7',57',ಹೆಣ್ಣು',',ST',HOUSE -WIFE',NO'
ALQ2851087',ಅನ್ನಪೂರ್ಣಮ್ಮ',ಬಸವರಾಜು',7',55',ಹೆಣ್ಣು',',ST',HOUSE -WIFE',NO'
ALQ2851111',ಸಾದಶಿವನಾಯಕ',ಸೋಮಯ್ಯ',7',45',ಗಂಡು',',ST',FARMER',NO'
MVJ2262467',ರಮೇಶ್ ನಾಯಕ',ಸೋಮಯ್ಯ',7',39',ಗಂಡು',YES',ST',HOTEL MANAGEMENT',NO'
ALQ2851103',ಎಸ್ ತಿಪಯ್ಯ',ಎಂ ಸೋಮಯ್ಯ',8',76',ಗಂಡು',',ST',AGED',NO'
MVJ2262277',ಗಂಗಮ್ಮ',ತಿಪ್ಪಯ್ಯ ಎನ್',8',65',ಹೆಣ್ಣು',',ST',AGED',NO'
MVJ2262285',ಸುದೀಂದ್ರಕುಮಾರ್ ಟಿ',ತಿಪ್ಪಯ್ಯ ಎನ್',8',52',ಗಂಡು',',ST',RE-ARMY',NO'
ALQ1868546',ಎಸ್ ಟಿ ನಾಗರಾಜ',ತಿಪ್ಪಯ್ಯ ಎಸ್',8',50',ಗಂಡು',',ST',POLITICIAN',NO'
ALQ2851129',ಬಿ ಎನ್ ಶಾಂತಮ್ಮ',ಸುದೀಂದ್ರ ಕುಮಾರ್',8',41',ಹೆಣ್ಣು',',ST',HOUSE -WIFE',NO'
ALQ2386415',ಪಾರ್ವತಮ್ಮ',ಪಾಪಣ್ಣ',9',30',ಹೆಣ್ಣು',',ST',HOME',YES'
ALQ3184678',ಶಿವಾನಂದ ಎಸ್ ಆರ್',ರಂಗಪ್ಪ',9',19',ಗಂಡು',',ST',STUDENT',NO'
ALQ2851095',ಕದಿರಮ್ಮ',ಪಾಪಣ್ಣ',9',71',ಹೆಣ್ಣು',',ST',HOUSE -WIFE',NO'
ALQ2851137',ರಮಾದೇವಿ',ಪಾಪಣ್ಣ',9',42',ಹೆಣ್ಣು',',ST',ANGANAVADI -TEACHER',NO'
ALQ1868587',ಸರೋಜಮ್ಮ',ರಾಮಕೃಷ್ಣಪ್ಪ',9',37',ಹೆಣ್ಣು',',ST',ASHA WORKER',NO'
ALQ3184660',ಪವನ್ ಕಲ್ಯಾಣ್ ಆರ್',ರಾಮಕೃಷ್ಣಪ್ಪ',9',19',ಗಂಡು',',ST',PRIVATE JOB',NO'
ALQ2851145',ಬಿ ಸೋಮಯ್ಯ',ಬುಡ್ಡಣ್ಣ',11',77',ಗಂಡು',',ST',AGED',NO'
ALQ2851152',ನರಸಮ್ಮ',ಬಿ ಸೋಮಯ್ಯ',11',72',ಹೆಣ್ಣು',',ST',AGED',NO'
ALQ2851160',ಎಸ್ ರಾಮಕೃಷ್ಣ',ಬಿ ಸೋಮಯ್ಯ',11',53',ಗಂಡು',',ST',GOV-TEACHER',NO'
ALQ0050385',ಎಸ್ ರಘುನಾಥ',ಸೋಮಯ್ಯ ಬಿ',11',45',ಗಂಡು',',ST',COIN SHOP',NO'
ALQ2851178',ಪಾರ್ವತಮ್ಮ ಟಿ ಟಿ',ರಾಮಕೃಷ್ಣಪ್ಪ ಎಸ್',11',43',ಹೆಣ್ಣು',',ST',HOUSE -WIFE',NO'
ALQ0050377',ಹೆಚ್ ಎನ್ ರಾಧಮ್ಮ',ರಘನಾಥ',11',37',ಹೆಣ್ಣು',',ST',GARMENTS',NO'
ALQ2500296',ಸುಷ್ಯ ಎಸ್ ಆರ್',ರಾಮಕೃಷ್ಣ ಎಸ್',11',23',ಹೆಣ್ಣು',',ST',SOFTWARE',NO'
ALQ3106440',ಎಸ್ ಆರ್ ಲೋಕೇಶ್',ಎಸ್ ರಾಮಕೃಷ್ಣ',11',20',ಗಂಡು',',ST',STUDENT',NO'
ALQ2851186',ನರಸಮ್ಮ',ಚಂದ್ರಶೇಖರ',12',44',ಹೆಣ್ಣು',',ST',SCHOOL-FOOD MAKER',NO'
ALQ1541432',ರಾಧ ಎಸ್ ಸಿ',ಚಂದ್ರಶೇಖರ್',12',31',ಹೆಣ್ಣು',',ST',TYILOR',YES'
ALQ2978955',ಪವನ್ ಕುಮಾರ್ ಎಸ್ ಸಿ',ಚಂದ್ರಶೇಖರ ಎಸ್',12',22',ಗಂಡು',',ST',KOOLI',NO'
ALQ0049890',ಸಾಕಮ್ಮ',ಕುರಿನರಸಿಂಹಯ್ಯ',1ಎ',81',ಹೆಣ್ಣು',',ST',AGED',NO'
ALQ2851194',ಗಂಗಾಧರಪ್ಪ',ಜಿ ಸೋಮಯ್ಯ',13',67',ಗಂಡು',',ST',GAARE',NO'
ALQ2851202',ಗೌರಮ್ಮ',ಗಂಗಾಧರಪ್ಪ',13',63',ಹೆಣ್ಣು',',ST',COIN SHOP',NO'
MVJ2262350',ಎಸ್ ಜಿ ನರೇಂದ್ರಬಾಬು',ಗಂಗಾಧರಪ್ಪ',13',41',ಗಂಡು',YES',ST',KOOLI',NO'
ALQ0050203',ಮದನಗೋಪಾಲ',ಗಂಗಾಧರಪ್ಪ',13',34',ಗಂಡು',YES',ST',FACTORY WORKER',NO'
ALQ2181519',ಅನುರಾಧ ಎಸ್',ನರೇಂದ್ರ ಬಾಬು ಎಸ್',13',26',ಹೆಣ್ಣು',YES',ST',HOUSE -WIFE',NO'
ALQ2220317',ನಿರ್ಮಲ ಎಮ್ ಎ',ಮದನ್ ಗೊಪಾಲ್',13',26',ಹೆಣ್ಣು',YES',ST',HOUSE -WIFE',NO'
ALQ3222460',ಸಂದ್ಯಾ ಎನ್',ಎಸ್ ಕಿರಣ್ ಕುಮಾ',1',19',ಹೆಣ್ಣು',',ST',STUDENT',NO'
ALQ2851210',ರಾಮಪ್ಪ',ಚಿನ್ನಪ್ಪ',14',69',ಗಂಡು',',ST',AGED',NO'
ALQ2851228',ಸೋಮಕ್ಕೆ',ರಾಮಯ್ಯ',14',64',ಹೆಣ್ಣು',',ST',HOUSE -WIFE',NO'
ALQ2851236',CHIKAPAIYA R',ರಾಮಯ್ಯ',14',48',ಗಂಡು',',ST',BUSINESS',NO'
ALQ2851244',ಶಿವಶಂಕರ ಆರ್',ರಾಮಪ್ಪ',14',41',ಗಂಡು',',ST',FARMER',NO'
ALQ2213924',ವರಲಕ್ಷಮ್ಮ',ಚಿಕ್ಕಪ್ಪಯ್ಯ',14',37',ಹೆಣ್ಣು',',ST',HOUSE -WIFE',NO'
ALQ2181543',ಭಾರತಿ ಎಸ್ ಎನ್',ಶಿವಶಂಕರ್',14',28',ಹೆಣ್ಣು',',ST',HOUSE -WIFE',NO'
ALQ2851251',ನರಸಮ್ಮ',ಮಾಳಯ್ಯ',15',62',ಹೆಣ್ಣು',',ST',KOOLI',NO'
MVJ2262426',ವಿಶ್ವನಾಥ್ ಎಂ',ಮಾಳಪ್ಪ',15',39',ಗಂಡು',',ST',PVT-TEACHER',NO'
MVJ2262244',ಎಸ್ ಎಂ ಮಂಜುನಾಥ',ಮಾಳಯ್ಯ',15',36',ಗಂಡು',',ST',DTH WORK',NO'
ALQ0049510',ಭಾರತಮ್ಮ',ವಿಶ್ವನಾಥ ಎಮ್',15',36',ಹೆಣ್ಣು',',ST',HOUSE -WIFE',NO'
ALQ2181550',ಭಾಗ್ಯಮ್ಮ',ಮಂಜುನಾಥ್ ಎಸ್ ಎಂ',15',30',ಹೆಣ್ಣು',',ST',HOUSE -WIFE',NO'
ALQ1541994',ನರಸಿಂಹಯ್ಯ ',ಬೋಡಯ್ಯ',16',83',ಗಂಡು',',DELETED',',NO'
ALQ2851269',ಬಾಲಪ್ಪ',ಬೋಡಯ್ಯ',16',72',ಗಂಡು',',DELETED',',NO'
ALQ2851277',ಸೋಮಕ್ಕ',ಬಾಲಪ್ಪ',16',67',ಹೆಣ್ಣು',',DEATH',',NO'
ALQ2851285',ಬಸವರಾಜು',ಬಾಲಪ್ಪ',16',45',ಗಂಡು',YES',ST',PRIVATE JOB',NO'
MVJ2262715',ವಿನೋದಮ್ಮ',ಬಿ ಬಸವರಾಜು',16',41',ಹೆಣ್ಣು',YES',ST',PRIVATE JOB',NO'
MVJ2262731',ಗಂಗಾಧರಪ್ಪ',ಬಾಲಪ್ಪ',16',40',ಗಂಡು',',ST',KURI',NO'
MVJ2262269',ನರಸಿಂಹಮೂರ್ತಿ',ಬಾಲಪ್ಪ',16',36',ಗಂಡು',',ST',PRIVATE JOB',NO'
ALQ1541457',ಮೋಹನ್ ಕುಮಾರ್ ಎಸ್ ಬಿ',ಬಾಲಪ್ಪ',16',32',ಗಂಡು',',ST',PVT-GENARAL MANAGER',NO'
ALQ0049882',ಮುನಿರತ್ನಮ್ಮ',ಗಂಗಾಧರಪ್ಪ',16',30',ಹೆಣ್ಣು',',ST',HOUSE -WIFE',NO'
ALQ2181600',ಮಂಜುಳ ಎಸ್',ನರಸಿಂಹಮೂರ್ತಿ',16',28',ಹೆಣ್ಣು',',ST',HOUSE -WIFE',NO'
ALQ2189140',ಲಕ್ಷ್ಮೀದೇವಮ್ಮ ಎಸ್ ಬಿ',ಬಾಲಪ್ಪ',16',27',ಹೆಣ್ಣು',',ST',ARMY',NO'
ALQ2851293',ಹನುಮಕ್ಕ',ಸೋಮಯ್ಯ',17',97',ಹೆಣ್ಣು',',ST',AGED',NO'
ALQ0050211',ಮಾಳಯ್ಯ',ಸೋಮಯ್ಯ',17',53',ಗಂಡು',',ST',KOOLI',NO'
MVJ2263051',ಎಸ್ ಗಂಗಾಧರಯ್ಯ',ಸೋಮಯ್ಯ',17',47',ಗಂಡು',',ST',ARMY',NO'
MVJ3960549',ಆಶ್ವತ್ತಮ್ಮ',ಮಾಳಯ್ಯ',17',43',ಹೆಣ್ಣು',',ST',HOUSE -WIFE',NO'
MVJ2263044',ಎಂ ಯು ಶೋಭ',ಎಸ್ ಗಂಗಾಧರಪ್ಪ',17',37',ಹೆಣ್ಣು',YES',ST',HOUSE -WIFE',NO'
ALQ2386712',ಅನಿಲ್ ಕುಮಾರ್ ಎಸ್ ಎಂ',ಮಾಳಪ್ಪ',17',26',ಗಂಡು',',ST',STUDENT',NO'
ALQ2500312',ಎಸ್ ಎಮ್ ನಿತಿನ್ ಕುಮಾರ್',ಮಾಳಪ್ಪ',17',23',ಗಂಡು',',ST',KOOLI',NO'
ALQ2851301',ಪೆದ್ದಪ್ಪಯ್ಯ',ಪಾಪಣ್ಣ',18',63',ಗಂಡು',YES',ST',PRIVATE JOB',NO'
MVJ2262798',ಗೌರಮ್ಮ',ಪೆದ್ದಪ್ಪಯ್ಯ',18',54',ಹೆಣ್ಣು',',ST',HOUSE -WIFE',NO'
ALQ2851319',ನಾರಾಯಣಪ್ಪ',ಪಾಪಣ್ಣ',18',52',ಗಂಡು',',ST',FARMER',NO'
ALQ2851327',ರತ್ನಮ್ಮ',ನಾರಾಯಣಪ್ಪ',18',47',ಹೆಣ್ಣು',',ST',HOUSE -WIFE',NO'
ALQ2385730',ಎನ್ ಹರೀಶ್',ಕೆನರಸಿಂಹಪ್ಪ',18',37',ಗಂಡು',',ST',TRACTOR DRIVER',NO'
ALQ0049551',ಜ್ಯೋತಿ ಎಸ್ ಎನ್',ಎಂ ಎನ್ ಹರೀಶ್',18',32',ಹೆಣ್ಣು',',ST',HOUSE -WIFE',NO'
ALQ2535888',ಕವಿತ ಎಸ್ ಎನ್',ನಾರಾಯಣಪ್ಪ',18',23',ಹೆಣ್ಣು',',ST',HOUSE -WIFE',NO'
ALQ2851335',ಗಂಗಮ್ಮ',ಚಂಚಪ್ಪ',19',70',ಹೆಣ್ಣು',',ST',AGED',NO'
ALQ2851343',ಪಾಪನ್ನ',ಮಾಳಯ್ಯ',19',70',ಗಂಡು',',ST',AGED',NO'
ALQ2851350',ಗಂಗಮ್ಮ',ಪಾಪನ್ನ',19',57',ಹೆಣ್ಣು',',ST',KOOLI',NO'
ALQ2851368',ರಂಗಪ್ಪ ಎಸ್ ಸಿ',ಎಸ್ ಚಂಚನಾಯಕ',19',51',ಗಂಡು',',ST',HOME',NO'
ALQ0049734',ಜಯರಾಮಯ್ಯ ಎಸ್ ಸಿ',ಚಂಚಪ್ಪ',19',47',ಗಂಡು',',ST',KURI',NO'
ALQ2851376',ಲಲಿತಮ್ಮ',ರಂಗಪ್ಪ',19',45',ಹೆಣ್ಣು',',ST',HOUSE -WIFE',NO'
MVJ3613452',ಸೋಮಯ್ಯ',ಚಂಚಪ್ಪ',19',39',ಗಂಡು',',ST',KOOLI',NO'
ALQ0049346',ಎಸ್ ಸಿ ರಾಜಣ್ಣ',ಪಾಪಣ್ಣ',19',36',ಗಂಡು',',ST',KOOLI',NO'
MVJ3960614',ಕಣ್ಣಯ್ಯ',ಚಂಚನಾಯ್ಕ',19',34',ಗಂಡು',',ST',PRIVATE JOB',NO'
ALQ2189256',ಮೀನಾ',ಸೋಮಯ್ಯ ಎಸ್ ಸಿ',19',27',ಹೆಣ್ಣು',',ST',KOOLI',NO'
ALQ2500304',ಪ್ರಸನ್ನಕುಮಾರ್ ಎಸ್ ಆರ್',ರಂಗಪ್ಪ',19',23',ಗಂಡು',',ST',STUDENT',NO'
ALQ3074408',ಜಯಂತಿ',ಕಣ್ಣಯ್ಯ',19',23',ಹೆಣ್ಣು',',ST',HOUSE -WIFE',NO'
ALQ3057965',ನವೀನ್ ಕುಮಾರ್ ಎಸ್ ಸಿ',ಚಿಕ್ಕ ಪಾಪಣ್ಣ',19',21',ಗಂಡು',',ST',FACTORY WORKER',NO'
ALQ2851384',ರಾಮಂಜಿನಪ್ಪ',ಚಿಕ್ಕಗಂಗಪ್ಪ',20',53',ಗಂಡು',',ST',FARMER',NO'
ALQ2851392',ಕಾಂತಮ್ಮ',ರಾಮಂಜಿನಪ್ಪ',20',48',ಹೆಣ್ಣು',',ST',HOUSE -WIFE',NO'
ALQ2851400',ಸಾವಿತ್ರಮ್ಮ',ಲಕ್ಷ್ಮಿನಾರಾಯಣಪ್ಪ',21',50',ಹೆಣ್ಣು',',ST',HOUSE -WIFE',NO'
ALQ2410397',ನಾಗಮ್ಮ ಎಸ್ ಎಲ್',ಭಾಸ್ಕರ್ ಬಿ',21',31',ಹೆಣ್ಣು',',ST',FACTORY WORKER',NO'
ALQ2220218',ಮಂಜುನಾಥ ಎಸ್ ಎಲ್',ಲಕ್ಷ್ಮೀನಾರಾಯಣಪ್ಪ',21',25',ಗಂಡು',',ST',FACTORY WORKER',NO'
ALQ2851418',ರಾಮಾಂಜಿನಪ್ಪ',ನರಸಿಂಹಯ್ಯ ಎಸ್ ಎಮ್',22',51',ಗಂಡು',',ST',SOCITY WORKER',NO'
ALQ2851426',ಶಶಿಕಲಾ',ರಾಮಾಂಜಿನಪ್ಪ',22',47',ಹೆಣ್ಣು',',ST',KOOLI',NO'
ALQ3106481',ಅರವಿಂದ ಎಸ್ ಆರ್',ರಾಮಾಂಜಿನಪ್ಪ',22',43',ಗಂಡು',',ST',FACTORY WORKER',NO'
ALQ2408433',ಬ್ರಹ್ಮಣಿ ಎಸ್ ಆರ್',ರಾಮಾಂಜಿನಪ್ಪ',22',24',ಹೆಣ್ಣು',',ST',PRIVATE JOB',NO'
ALQ2851434',ರಾಮನಾಯಕ್ ಎಸ್',ಸೋಮನಾಯಕ್ ಆರ್',24',66',ಗಂಡು',',ST',GAARE',NO'
ALQ2851442',ಜಯಮ್ಮ',ರಾಮನಾಯ್ಕ',24',57',ಹೆಣ್ಣು',',ST',HOUSE -WIFE',NO'
MVJ2262442',ನಾಗಮಣಿ ಎಸ್ ಆರ್',ನಾಗರಾಜ',24',37',ಹೆಣ್ಣು',',ST',KOOLI',NO'
ALQ154 1481',ಎಸ್ ಆರ್ ಮಂಜುಳ',ರಾಮನಾಯಕ್',24',31',ಹೆಣ್ಣು',',ST',PRIVATE JOB',NO'
ALQ2356392',ಗೀತ ಎಸ್ ಎನ್',ತಿಮ್ಮಯ್ಯ ಆರ್ ಟಿ',25',29',ಹೆಣ್ಣು',',ST',UNEMPOLYE',NO'
ALQ0050187',ರಾಮಕೃಷ್ಣ',ದೊಡ್ಡನರಸಿಂಹಯ್ಯ',28',45',ಗಂಡು',',ST',KOOLI',NO'
ALQ2851525',ನಾಗರಾಜು',ದೊಡ್ಡನರಸಿಂಹಯ',28',43',ಗಂಡು',',ST',KOOLI',NO'
MVJ3613825',ಎಸ್ ಎನ್ ಅನಸೂಯ',ರಾಮಕೃಷ್ಣಯ್ಯ ಎಸ',28',36',ಹೆಣ್ಣು',',ST',KOOLI',NO'
ALQ2220333',ಅನಿತ ವಿ',ನಾಗರಾಜು',28',26',ಹೆಣ್ಣು',',ST',HOUSE -WIFE',NO'
ALQ2851533',ಎಸ್ ಸಿ ತಿಪ್ಪಯ್ಯ',ಚಿಕ್ಕಪ್ಪಯ್ಯ',29',51',ಗಂಡು',',ST',FARMER',NO'
ALQ2851541',ನಾಗರಾಜ',ಎಸ್ ಸಿ ಚಿಕ್ಕಪ್ಪಯ',29',45',ಗಂಡು',',ST',FARMER',NO'
MVJ3960507',ಪದ್ಮ',ಎಸ್ ಸಿ ತಿಪ್ಪಯ್ಯ',29',37',ಹೆಣ್ಣು',',ST',HOUSE -WIFE',NO'
ALQ3106465',ರಂಜಿತ್ ಕುಮಾರ್ ಎಸ್ ಟಿ',ಎಸ್ ಸಿ ತಿಪ್ಪಯ್ಯ',29',20',ಗಂಡು',',ST',STUDENT',NO'
ALQ2851558',ಲಕ್ಷ್ಮಿದೇವಮ್ಮ',ಚಿಕ್ಕವೀರಪ್ಪ',30',57',ಹೆಣ್ಣು',',ST',AGED',NO'
ALQ0049643',ರವಿಚಂದ್ರ',ಲೇಟ್ ಚಿಕ್ಕವೀರಪ್ಪ',30',32',ಗಂಡು',',ST',KOOLI',NO'
ALQ2385524',ರೋಜ ಜಿ ಎನ್',ರವಿಚಂದ್ರ',30',25',ಹೆಣ್ಣು',',ST',FACTORY WORKER',NO'
ALQ2386696',ಮಣಿಸ್ವಾಮಿ ಎಸ್ ಸಿ',ಚಿಕ್ಕವೀರಪ್ಪ',30',25',ಗಂಡು',',ST',FARMER',NO'
ALQ0049775',ಲಕ್ಷ್ಮಮ್ಮ',ರಾಮಾಂಜಿನಪ್ಪ',31',62',ಹೆಣ್ಣು',',ST',HOUSE -WIFE',NO'
ALQ2851574',ಚಿಕ್ಕಪ್ಪಯ್ಯ',ಸೋಮಯ್ಯ',33',67',ಗಂಡು',',ST',SCHOOL- FOOD MAKER',NO'
ALQ2851566',ನರಸಮ್ಮ',ಚಿಕ್ಕಪ್ಪಯ್ಯ',33',63',ಹೆಣ್ಣು',',ST',HOUSE -WIFE',NO'
ALQ2851582',ಚಿಕ್ಕನರಸಪ್ಪ',ಕುರಿಸೋಮಯ್ಯ',34',67',ಗಂಡು',',ST',FARMER',NO'
ALQ2851590',ನಾಗಲಕ್ಷ್ಮಮ್ಮ',ಚಿಕ್ಕನರಸಪ್ಪ',34',63',ಹೆಣ್ಣು',',ST',HOUSE -WIFE',NO'
MVJ2262459',ಸಿ ಸೋಮು',ಚಿಕ್ಕನರಸಪ್ಪ',34',38',ಗಂಡು',',ST',HOME',YES'
MVJ3960432',ಮಂಜುನಾಥ ಎಸ್ ಸಿ',ಚಿಕ್ಕನರಸಪ್ಪ',34',33',ಗಂಡು',YES',ST',AUTO DRIVER',NO'
ALQ1868611',ವರಲಕ್ಷ್ಮೀ ಎಸ್ ಸಿ',ಚಿಕ್ಕನರಸಪ್ಪ',34',30',ಹೆಣ್ಣು',',ST',PRIVATE JOB',NO'
ALQ2851608',ಸೋಮಯ್ಯ',ದೊಡ್ಡಗಂಗಪ್ಪ',36',60',ಗಂಡು',',ST',FARMER',NO'
ALQ2851616',ಗಂಗಮ್ಮ',ಸೋಮಯ್ಯ',36',54',ಹೆಣ್ಣು',',ST',HOUSE -WIFE',NO'
ALQ2181477',ರಂಗನಾಥ್ ಎಸ್',ಸೋಮಯ್ಯ ಎಸ್',36',29',ಗಂಡು',',ST',PRIVATE JOB',NO'
ALQ2851624',ಬಿ ಜಿ ತಿಪ್ಪಣ್ಣನಾಯಕ್',ಗಂಗಪ್ಪ',37',81',ಗಂಡು',',ST',RE-TEACHER',NO'
ALQ2851632',ರಾಧಮ್ಮ',ಬಿ ಜಿ ತಿಪ್ಪಣ್ಣನಾಯ್ಕ',37',71',ಹೆಣ್ಣು',',ST',AGED',NO'
ALQ2851640',ಅಶ್ವತ್ತಪ್ಪ',ಕದಿರಪ್ಪ',39',70',ಗಂಡು',',ST',FARMER',NO'
ALQ2851657',ಲಿಂಗಮ್ಮ',ಅಶ್ವತ್ತಪ್ಪ',39',65',ಹೆಣ್ಣು',',ST',HOUSE -WIFE',NO'
ALQ2851665',ರಂಗಮ್ಮ',ಗಂಗಾಧರಪ್ಪ',39',46',ಹೆಣ್ಣು',',ST',FARMER',NO'
ALQ2851673',ನಾಗರಾಜ',ಅಶ್ವತ್ತಪ್ಪ',39',45',ಗಂಡು',YES',ST',FACTORY WORKER',NO'
ALQ2851681',ನರಸಿಂಹಮೂರ್ತಿ',ಅಶ್ವತ್ತಪ್ಪ',39',43',ಗಂಡು',',ST',WATER MAN',NO'
ALQ2997369',ಪುಷ್ಪ ಹೆಚ್ ಜಿ',ನಾಗರಾಜ',39',38',ಹೆಣ್ಣು',YES',ST',HOUSE -WIFE',NO'
MVJ3960572',ನರಸಮ್ಮ',ನರಸಿಂಹಮೂರ್ತಿ',39',36',ಹೆಣ್ಣು',',ST',KOOLI',NO'
ALQ2500270',ಅಶೋಕ ಎಸ್ ಜಿ',ಗಂಗಾಧರ',39',23',ಗಂಡು',',ST',PVT EMPLOYE',NO'
ALQ3045606',ನವೀನ ಎಸ್ ಜಿ',ಗಂಗಾಧರಪ್ಪ',39',21',ಗಂಡು',',ST',PRIVATE JOB',NO'
ALQ2851699',ರಾಮಪ್ಪ',ಕದಿರಪ್ಪ',40',77',ಗಂಡು',',ST',AGED',NO'
ALQ2851707',ಸಾಕಮ್ಮ',ರಾಮಪ್ಪ',40',71',ಹೆಣ್ಣು',',ST',AGED',NO'
ALQ2851715',ಲಕ್ಷ್ಮೀಪತಿ',ರಾಮಪ್ಪ',40',49',ಗಂಡು',',ST',FARMER',NO'
ALQ3106499',ಎಸ್ ಎಲ್ ನಂದೀಶ',ಲಕಿಪತಿ',40',21',ಗಂಡು',',ST',FACTORY WORKER',NO'
ALQ2189272',ಎಸ್ ಡಿ ರಾಮಕ್ರಿಷ್ಣಯ್ಯ',ಲೇಟ್ ದೊಡ್ಡಗಂಗ',41',51',ಗಂಡು',',ST',RE-ARMY',NO'
ALQ1542042',ಹನುಮಂತರಾಯ',ದೊಡ್ಡಗಂಗಪ್ಪ',41',46',ಗಂಡು',',ST',PRIVATE JOB',NO'
ALQ2189264',ಡಿ ಎನ್ ಲಕ್ಷ್ಮಮ್ಮ',ಎಸ್ ಡಿ ರಾಮಕ್ರಿಷ್ಣಯ್ಯ',41',41',ಹೆಣ್ಣು',',ST',HOUSE -WIFE',NO'
ALQ0048967',ವೆಂಕಟಲಕ್ಷ್ಮಮ್ಮ',ಕೆ ವಿ ಲಕ್ಷ್ಮೀಪತಿ',41',40',ಹೆಣ್ಣು',',ST',HOUSE -WIFE',NO'
ALQ0049783',ರತ್ನಮ್ಮ',ಹನುಮಂತರಾಯಪ್ಪ',41',38',ಹೆಣ್ಣು',',ST',FACTORY WORKER',NO'
MVJ2262319',ಆಂಜಿನಪ್ಪ',ರಂಗಪ್ಪ',42',47',ಗಂಡು',',ST',KOOLI',NO'
MVJ2262640',ಎಸ್ ಆರ್ ವೆಂಕಟೇಶ',ರಂಗಪ್ಪ',42',43',ಗಂಡು',',ST',KOOLI',NO'
MVJ2262624',ಮುದ್ದರಂಗಯ್ಯ',ರಂಗಪ್ಪ',42',39',ಗಂಡು',',ST',KOOLI',NO'
ALQ0049627',ರಾಮಾಂಜಿನಮ್ಮ',ಎಸ್ ಆರ್ ವೆಂಕಟೇ',42',30',ಹೆಣ್ಣು',',ST',KOOLI',NO'
ALQ2181451',ಗಾಯಿತ್ರಿ ಹೆಚ್ ಎ',ಮುದ್ದರಂಗಯ್ಯ',42',29',ಹೆಣ್ಣು',',ST',KOOLI',NO'
ALQ2851731',ಆಂಜಿನಮ್ಮ',ಚಿಕ್ಕಗಂಗಪ್ಪ',43',70',ಹೆಣ್ಣು',',ST',AGED',NO'
ALQ2851749',ರಾಮಚಂದಪ್ಪ',ಚಿಕ್ಕಗಂಗಪ್ಪ',43',47',ಗಂಡು',YES',ST',PRIVATE JOB',NO'
ALQ2851756',ಮಾಳಪ್ಪ',ಚಿಕ್ಕಗಂಗಪ್ಪ',43',45',ಗಂಡು',',DELETED',',NO'
ALQ0049437',ಶಾಂತಮ್ಮ',ಮಾಳಪ್ಪ',43',35',ಹೆಣ್ಣು',',DELETED',',NO'
ALQ0049403',ಗಂಗಮ್ಮ',ರಾಮಚಂದ್ರಪ್ಪ',43',35',ಗಂಡು',YES',ST',HOUSE -WIFE',NO'
ALQ2851772',ತಿಮ್ಮಕ್ಕ',ಅಶ್ವತ್ತಪ್ಪ',45',57',ಹೆಣ್ಣು',',ST',HOUSE -WIFE',NO'
ALQ0050138',ಸಿದ್ದಲಿಂಗಯ್ಯ',ಅಶ್ವತಪ್ಪ',45',34',ಗಂಡು',',ST',BUSINESS',NO'
ALQ0049650',ಎಸ್ ಎ ಪ್ರಸಾದ್',ಅಶ್ವತ್ಥಪ್ಪ',45',32',ಗಂಡು',',ST',BUSINESS',NO'
ALQ2410355',ರಾಧಮ್ಮ',ಸಿದ್ದಲಿಂಗಯ್ಯ',45',25',ಹೆಣ್ಣು',',ST',HOUSE -WIFE',NO'
ALQ2851780',ಸೋಮಯ್ಯ',ಸೋಮಯ್ಯ',46',65',ಗಂಡು',',ST',AGED',NO'
ALQ2851798',ಲಕ್ಷ್ಮೀನರಸಮ್ಮ',ಸೋಮಯ್ಯ',46',55',ಹೆಣ್ಣು',',ST',KOOLI',NO'
MVJ2262806',ಎಸ್ ಸುರೇಶ್',ಸೋಮಯ್ಯ',46',37',ಗಂಡು',',ST',FACTORY WORKER',NO'
ALQ2378347',ಸುಜಾತಮ್ಮ',ಸೋಮಯ್ಯ ಎಸ್',46',32',ಹೆಣ್ಣು',',ST',FACTORY WORKER',NO'
ALQ2181592',ಸುನಿತ ಎಸ್ ಎಲ್',ಸುರೇಶ್ ಎಸ್',46',27',ಹೆಣ್ಣು',',ST',FACTORY WORKER',NO'
ALQ2851806',ಗಂಗರತ್ನಮ್ಮ',ದೊಡ್ಡನರಸಿಂಹಯ',47',55',ಹೆಣ್ಣು',',ST',SCHOOL-FOOD MAKER',NO'
MVJ3960424',ನರಸಿಂಹಮೂರ್ತಿ ಎಸ್ ಡಿ ತಾಯಿಯ',ಗಂಗರತ್ನಮ್ಮ',47',36',ಗಂಡು',',ST',COIN SHOP',YES'
ALQ2851814',ಗಂಗಮ್ಮ',ಆವಲಪ್ಪ',48',93',ಹೆಣ್ಣು',',DELETED',',NO'
ALQ2851822',ಎಸ್ ಎ ನರಸಿಂಹಯ್ಯ',ಆವಲಪ್ಪ',48',62',ಗಂಡು',',ST',POLITICAL',NO'
MVJ3960556',ನರಸಮ್ಮ',ಎಸ್ ಎ ನರಸಿಂಹಯ',48',43',ಹೆಣ್ಣು',',ST',HOUSE -WIFE',NO'
ALQ2181410',ಶಿಲ್ಪ ಎಸ್ ಎನ್',ಎಸ್ ಎ ನರಸಿಂಹಯ್ಯ',48',27',ಹೆಣ್ಣು',',ST',POLISH',NO'
ALQ2509396',ರಾಧಿಕ ಎಸ್ ಎನ್',ನರಸಿಂಹಯ್ಯ ಎಸ',48',23',ಹೆಣ್ಣು',',ST',STUDENT',NO'
ALQ0049411',ಸೋಮಯ್ಯ',ಸಿದ್ದಪ್ಪ',49',63',ಗಂಡು',',ST',KOOLI',NO'
ALQ0049270',ಆಂಜಮ್ಮ',ಸೋಮಯ್ಯ',49',57',ಹೆಣ್ಣು',',ST',KOOLI',NO'
ALQ0049544',ಶಶಿಕಲಾ',ಸೋಮಶಂಕರ',49',37',ಹೆಣ್ಣು',YES',ST',FACTORY WORKER',NO'
MVJ2262418',ಎಸ್ ಸೋಮಶಂಕರ',ಸೋಮಯ್ಯ',49',36',ಗಂಡು',YES',ST',FACTORY WORKER',NO'
ALQ2851830',ಎಸ್ ಕೆ ಗಂಗಾಧರ',ಕುನ್ನಪ್ಪ',50',49',ಗಂಡು',',ST',KOOLI',NO'
MVJ2262525',ಕೆ ಸುಬ್ಬರಾಯಪ್ಪ',ಕುನ್ನಪ್ಪ',50',44',ಗಂಡು',',ST',KOOLI',NO'
MVJ2262616',ಡಿ ಎಚ್ ಚೌಡಮ್ಮ',ಎಸ್ ಕೆ ಅಶ್ವತ್ಥಪ್ಪ',50',43',ಹೆಣ್ಣು',',ST',KOOLI',NO'
ALQ2189165',ಸಮಿತ ಎನ್',ಸುಬ್ಬರಾಯಪ್ಪ ಎಸ್',50',33',ಹೆಣ್ಣು',',ST',KOOLI',NO'
ALQ2851848',ದಾಳಮ್ಮ',ಗಂಗಪ್ಪ',51',80',ಹೆಣ್ಣು',',ST',AGED',NO'
MVJ2262376',ಸೋಮಯ್ಯ',ಎಸ್ ಜಿ ಗಂಗಪ್ಪ',51',63',ಗಂಡು',',ST',FARMER',NO'
ALQ2851855',ಮಕೃಷ್ಣಪ್ಪ',ಗಂಗಪ್ಪ',51',60',ಗಂಡು',',ST',KOOLI',NO'
ALQ2851863',ನಾಗರಾಜ',ಗಂಗಪ್ಪ',51',55',ಗಂಡು',',ST',KOOLI',NO'
MVJ2262384',ಗಂಗಮ್ಮ',ಸೋಮಯ್ಯ ಎಸ್ ಜಿ',51',54',ಹೆಣ್ಣು',',ST',KOOLI',NO'
ALQ2851871',ನಿಂಗಮ್ಮ',ರಾಮಕೃಷ್ಣಪ್ಪ',51',53',ಹೆಣ್ಣು',',ST',FACTORY WORKER',NO'
ALQ2851889',ಗಂಗಮ್ಮ',ನಾಗರಾಜ',51',50',ಹೆಣ್ಣು',',ST',KOOLI',NO'
ALQ0049445',ಜಯಣ ಎಸ್ ಜಿ',ಲೇಟ್ ಗಂಗಪ್ಪ',51',49',ಗಂಡು',YES',ST',FACTORY WORKER',NO'
ALQ1542059',ಗಂಗಾಧರಯ್ಯ ಎಸ್ ಜಿ',ಗಂಗಪ್ಪ',51',44',ಗಂಡು',YES',ST',RE-ARMY',NO'
MVJ3960440',ಶಾರದಮ್ಮ ಎನ್',ಗಂಗಾಧರಯ್ಯ ಎಸ',51',36',ಹೆಣ್ಣು',YES',ST',HOUSE -WIFE',NO'
ALQ2189231',ರಂಗಪ್ಪ ಎಸ್',ಎಸ್ ಜಿ ಸೋಮಯ',51',27',ಗಂಡು',YES',ST',HOSPITAL WORKER',NO'
ALQ3143831',ನರೇಶ್ ಕುಮಾರ್ ಎಸ್ ಎನ್',ನಾಗರಾಜು ಎಸ್ ಜಿ',51',24',ಗಂಡು',YES',ST',FACTORY WORKER',NO'
ALQ2535904',ಅಶೋಕ್ ಎಸ್ R',ರಾಮಕೃಷ್ಣಪ್ಪ',51',23',ಗಂಡು',',DELETED',',NO'
ALQ2979086',ಗಂಗರಾಜು ಎಸ್',ಸೋಮಯ್ಯ ಎಸ್ ಜಿ',51',22',ಗಂಡು',',ST',HOSPITAL WORKER',NO'
ALQ3144821',ಶಂಕರ ಎಸ್ ಎನ್',ನಾಗರಾಜಪ್ಪ',51',21',ಗಂಡು',',ST',LARY DRIVER',NO'
ALQ3106622',ಅರ್ಚನ ಎಸ್ ಆರ್',ರಾಮಕೃಷ್ಣಪ್ಪ',51',20',ಹೆಣ್ಣು',',ST',STUDENT',NO'
ALQ2851897',ಎಚ್ ಗಂಗಯ್ಯ',ಹನುಮಂತಪ್ಪ',52',80',ಗಂಡು',',ST',AGED',NO'
ALQ2851905',ನಂಜಮ್ಮ',ಎಚ್ ಗಂಗಯ್ಯ',52',75',ಹೆಣ್ಣು',',ST',AGED',NO'
ALQ1542067',ಎಸ್ ಜಿ ಹನುಮಂತರಾಯ',ಎಚ್ ಗಂಗಯ್ಯ',52',49',ಗಂಡು',YES',ST',POLISH',NO'
ALQ2851913',ನರಸಪ್ಪಜಿ',ಎಚ್ ಗಂಗಯ್ಯ',52',45',ಗಂಡು',',ST',GOV -TEACHER',NO'
ALQ2189280',ಮಂಜುಳ ವಿ ಎರ್',ಹನುಮಂತ ರಾಯತ',52',42',ಹೆಣ್ಣು',YES',ST',HOUSE -WIFE',NO'
ALQ1542083',ವಿ ಗಿರೀಶ ಇತರೆ ಸಂಬಂಧಿಯ',ಹೆಚ್ ಗಂಗಯ್ಯ',52',31',ಗಂಡು',YES',ST',MATRO',NO'
ALQ3106812',ರಾಹುಲ್ ಹೆಚ್',ಹನುಮಂತರಾಯಪ್ಪ ಎಸ್ ಜಿ',52',20',ಗಂಡು',',ST',STUDENT',NO'
ALQ2851921',ನ್ಯಾತಪ್ಪ',ಸೋಮಯ್ಯ',54',70',ಗಂಡು',',ST',AGED',NO'
ALQ0050328',ನಲ್ಲಸೋಮಕ್ಕ',ನ್ಯಾತಪ್ಪ',54',65',ಹೆಣ್ಣು',',ST',AGED',NO'
ALQ2183648',ಶಿವಶಂಕರ',ನ್ಯಾತಪ್ಪ',54',44',ಗಂಡು',',ST',KOOLI',NO'
MVJ3960416',ಕುಮಾರ',ನ್ಯಾತಪ್ಪ',54',38',ಗಂಡು',',ST',KOOLI',NO'
MVJ3960499',ಎನ್ ಅಶ್ವತ್ಥಪ್ಪ',ನ್ಯಾತಪ್ಪ',54',37',ಗಂಡು',',ST',KOOLI',NO'
ALQ2349793',ಆದಿಲಕ್ಷ್ಮೀ ಟಿ ಎನ್',ಶಿವಶಮಕರ',54',31',ಹೆಣ್ಣು',',ST',KOOLI',NO'
ALQ2220390',ಕವಿತ ಟಿ',ಕುಮಾರ',54',26',ಹೆಣ್ಣು',',ST',KOOLI',NO'
ALQ2385763',ನಾಗರಾಜು ಎಸ್ ಕೆ',ಕೃಷ್ಣಪ್ಪ',56',38',ಗಂಡು',YES',SC',FACTORY WORKER',NO'
ALQ2385417',ರಾಮು ಎಸ್ ಕೆ',ಕೃಷ್ಣಪ್ಪ',56',36',ಗಂಡು',YES',SC',FACTORY WORKER',NO'
ALQ2386662',ರಾಜು ಎಸ್ ಕೆ',ಕೃಷ್ಣಪ್ಪ',56',32',ಗಂಡು',YES',SC',FACTORY WORKER',NO'
ALQ2385656',ಅಶ್ವತ್ಥಪ್ಪ ಎಸ್ ಕೆ',ಕೃಷ್ಣಪ್ಪ',56',30',ಗಂಡು',YES',SC',FACTORY WORKER',NO'
ALQ3075447',ಯಶೋಧ',ನಾಗರಾಜು ಎಸ್ ಕೆ',56',30',ಹೆಣ್ಣು',YES',SC',HOUSE -WIFE',NO'
ALQ2385888',ನಾರಾಯಣ ಎಸ್ ಕೆ',ಕೃಷ್ಣಪ್ಪ',56',29',ಗಂಡು',YES',SC',FACTORY WORKER',NO'
ALQ3184884',ದಿವ್ಯ',ರಾಮು ಎಸ್ ಕೆ',56',24',ಹೆಣ್ಣು',',SC',HOUSE -WIFE',NO'
ALQ2851939',ಗಂಗಪ್ಪ',ನರಸಿಂಹಪ್ಪ',58',60',ಗಂಡು',',SC',KOOLI',NO'
ALQ2851947',ಲಕ್ಷ್ಮೀನರಸಮ್ಮ',ಗಂಗಪ್ಪ',58',55',ಹೆಣ್ಣು',',SC',KOOLI',NO'
ALQ3106515',ವರಲಕ್ಷ್ಮಿ ಎಸ್ ಜಿ',ಗಂಗಪ್ಪ',58',20',ಹೆಣ್ಣು',',SC',STUDENT',NO'
ALQ2851962',ನರಸಿಂಹಯ್ಯ',ನರಸಿಂಹಪ್ಪ',59',75',ಗಂಡು',',SC',KOOLI',NO'
ALQ2851970',ತಿಮ್ಮಕ್ಕ',ನರಸಿಂಹಯ್ಯ',59',70',ಹೆಣ್ಣು',',SC',HOUSE -WIFE',NO'
MVJ3960374',ನಾಗರಾಜು',ನರಸಿಂಹಪ್ಪ',59',40',ಗಂಡು',',SC',KOOLI',NO'
ALQ1868660',ಕಾಂತಮ್ಮ',ಗಂಗಾಧರ',59',31',ಹೆಣ್ಣು',',SC',HOUSE -WIFE',NO'
ALQ1868652',ನರಸಿಂಹಮೂರ್ತಿ ಎಸ್ ಎನ್',ನರಸಿಂಹಯ್ಯ',59',29',ಗಂಡು',',SC',COIN SHOP',YES'
ALQ1868645',ಗಂಗಾಧರ ಎಸ್ ಎನ್',ನರಸಿಂಹಪ್ಪ',59',29',ಗಂಡು',YES',SC',PVT-TEACHER',NO'
ALQ2181568',ರತ್ನಮ್ಮ',ನಾಗರಾಜು',59',29',ಹೆಣ್ಣು',',SC',HOUSE -WIFE',NO'
ALQ2181428',ಗಂಗಮ್ಮ ಎಸ್ ಎನ್',ನರಸಿಂಹಪ್ಪ',59',27',ಹೆಣ್ಣು',YES',SC',HOUSE -WIFE',NO'
ALQ2535896',ಅಜಯ್ ಕುಮಾರ್ ಎಸ್ ಎ',ನರಸಿಂಹಪ್ಪ',59',24',ಗಂಡು',',SC',FACTORY WORKER',NO'
ALQ2851988',ತಿಮ್ಮಕ್ಕ',ಸಂಜೀವಪ್ಪ',60',60',ಹೆಣ್ಣು',',SC',EX-GP-MEMBER',NO'
MVJ3613288',ಮಾರುತೀಶ ಎಸ್',ಸಂಜೀವಪ್ಪ',60',35',ಗಂಡು',',SC',GOV-TEACHER',NO'
ALQ0049494',ಶಂಕರಪ್ಪ ಎಸ್',ಸಂಜೀವರಾಯಪ',60',32',ಗಂಡು',',SC',PVT-TEACHER',NO'
MVJ3960689',ನರಸಿಂಹಪ್ಪ',ಜೂಲಪ್ಪ',61',61',ಗಂಡು',',SC',KOOLI',NO'
MVJ3613973',ಸಂಜೀವರಾಯಪ್ಪ',ಗಂಗಪ್ಪ',62',38',ಗಂಡು',',SC',KOOLI',NO'
ALQ2851996',ರಂಗಮ್ಮ',ಬೋಡಪ್ಪ',63',65',ಹೆಣ್ಣು',',SC',AGED',NO'
ALQ2189223',ರವಿಚಂದ್ರ ಎಸ್ ಡಿ',ದೊಡ್ಡನರಸಿಂಹಯ್ಯ',63',28',ಗಂಡು',',SC',AUTO DRIVER',NO'
ALQ2852002',ಗಂಗಾಧರ',ಮೂಗಪ್ಪ',64',53',ಗಂಡು',',SC',KURI',NO'
ALQ0049502',ಕೊಲ್ಲಮ್ಮ',ಗಂಗಾಧರ',64',50',ಹೆಣ್ಣು',',SC',HOUSE -WIFE',NO'
ALQ2535870',ನಿರ್ಮಲ ಎಸ್ ಜಿ',ಗಂಗಾಧರಪ್ಪ',64',24',ಹೆಣ್ಣು',',SC',STUDENT',NO'
ALQ3106531',ಪವಿತ್ರ ಎಸ್ ಜಿ',ಗಂಗಾಧರಪ್ಪ',64',20',ಹೆಣ್ಣು',',SC',STUDENT',NO'
ALQ2852010',ಸಾಕಮ್ಮ',ಮೂಗಪ್ಪ',66',72',ಹೆಣ್ಣು',',SC',AGED',NO'
MVJ3614229',ಗೋವಿಂದಪ್ಪ',ಓಬಳಪ್ಪ',67',70',ಗಂಡು',',SC',AGED',NO'
ALQ2852028',ಗಂಗಮ್ಮ',ಗೋವಿಂದಪ್ಪ',67',70',ಹೆಣ್ಣು',',SC',AGED',NO'
ALQ2852036',ಬ್ರಹ್ಮಾನಂದ',ಗೋವಿಂದಪ್ಪ',67',45',ಗಂಡು',',SC',GAARE',NO'
MVJ3613999',ಕೃಷ್ಣಪ್ಪ',ಗೋವಿಂದಪ್ಪ',67',41',ಗಂಡು',',SC',GAARE',NO'
MVJ3613742',ಗಂಗಮ್ಮ',ಬ್ರಹ್ಮಾನಂದ',67',36',ಹೆಣ್ಣು',',DEATH',',NO'
ALQ2213957',ಭ್ರಂದಾದೇವಿ ಪಿ ಎನ್',ಕೃಷ್ಣಪ್ಪ',67',30',ಹೆಣ್ಣು',',SC',FACTORY WORKER',NO'
ALQ2181469',ಕರೋತಿಮ್ಮಯ್ಯ ಎಸ್ ಜಿ',ಗೋವಿಂದಪ್ಪ',67',28',ಗಂಡು',',SC',FACTORY WORKER',NO'
ALQ2852044',ಗಂಗಪ್ಪ',ಚಿಕ್ಕನರಸಿಂಹಪ್ಪ',69',65',ಗಂಡು',',SC',KOOLI',NO'
MVJ3614260',ಮಂಜುನಾಥ',ಗಂಗಪ್ಪ',69',36',ಗಂಡು',YES',SC',CAR DRIVER',NO'
ALQ2997351',ಎನ್ ಜ್ಯೋತಿ',ಮಂಜುನಾಥ ಎಸ್ ಜಿ',69',33',ಹೆಣ್ಣು',YES',SC',HOUSE -WIFE',NO'
ALQ3074390',ಭಾಗ್ಯಲಕ್ಷ್ಮೀ',ಯೋಗಾನಂದ',69',32',ಹೆಣ್ಣು',',SC',KOOLI',NO'
ALQ0049924',ಗಂಗಮ್ಮ',MU GANGAPPA',71',63',ಹೆಣ್ಣು',',DELETED',',NO'
ALQ2181584',ಗಂಗಮ್ಮ',ಕದಿರಪ್ಪ',71',53',ಹೆಣ್ಣು',',SC',KOOLI',NO'
ALQ2386787',ಗಂಗಾಧರ ಎಸ್ ಸಿ',ಚಿಕ್ಕಪ್ಪಯ್ಯ',71',31',ಗಂಡು',',SC',KOOLI',NO'
ALQ2852077',ಚಿಕ್ಕಪ್ಪಯ್ಯ',ಜೂಲಪ್ಪ',73',70',ಗಂಡು',',SC',KOOLI',NO'
ALQ2852085',ಲಕ್ಷ್ಮಮ್ಮ',ಚೆನ್ನಪ್ಪ',73',62',ಹೆಣ್ಣು',',SC',KOOLI',NO'
ALQ0049973',ಸಿದ್ದಪ್ಪ',ಚೆನ್ನಪ್ಪ',73',47',ಗಂಡು',',SC',KOOLI',NO'
MVJ2262764',ಚಿಕ್ಕಣ್ಣ',ಚನ್ನಪ್ಪ',73',39',ಗಂಡು',',SC',KOOLI',NO'
ALQ2339836',ಸುಮ ಹೆಚ್',ಸಿದ್ದಪ್ಪ',73',31',ಹೆಣ್ಣು',',SC',KOOLI',NO'
ALQ2535839',ವನಜಾಕ್ಷಿ ಎಸ್ ಹೆಚ್',ಚಿಕ್ಕಣ್ಣ',73',24',ಹೆಣ್ಣು',',SC',KOOLI',NO'
ALQ2852093',ನರಸಪ್ಪ',ಕೂಡ್ಲಪ್ಪ',74',65',ಗಂಡು',',SC',KOOLI',NO'
ALQ2852101',ಜಯಮ್ಮ',ನರಸಪ್ಪ',74',60',ಹೆಣ್ಣು',',SC',HOUSE -WIFE',NO'
ALQ2220341',ಮಂಜುನಾಥ ಎಸ್ ಎನ್',ನರಸಪ್ಪ',74',30',ಗಂಡು',',SC',KOOLI',NO'
ALQ2220382',ರಾಧ',ಮಂಜುನಾಥ್ ಎಸ್ ಎನ್',74',28',ಹೆಣ್ಣು',',SC',KOOLI',NO'
ALQ2220408',ನರಸಿಂಹಮೂರ್ತಿ',ನರಸಪ್ಪ',74',27',ಗಂಡು',',SC',TEMPO DRIVER',NO'
ALQ3107158',ಗಾಯಿತ್ರಿ ಬಿ ಎಂ',ನರಸಿಂಹಮೂರ್ತಿ',74',20',ಹೆಣ್ಣು',',SC',KOOLI',NO'
ALQ2852119',ನಾರಾಯಣಪ್ಪ',ಗಂಗಪ್ಪ',75',57',ಗಂಡು',',SC',KOOLI',NO'
ALQ2852127',ಗಂಗರತ್ನಮ್ಮ',ನಾರಾಯಣಪ್ಪ',75',49',ಹೆಣ್ಣು',',SC',KOOLI',NO'
ALQ0049692',ತಿಪ್ಪಣ್ಣ',ನಾರಾಯಣಪ್ಪ',75',31',ಗಂಡು',',SC',KOOLI',NO'
ALQ2410348',ನರಸಿಂಹಮೂರ್ತಿ ಎಸ್ ಎ',ನಾರಾಯಣಪ್ಪ',75',24',ಗಂಡು',',SC',FACTORY WORKER',NO'
ALQ0049874',ನಾರಾಯಣಪ್ಪ',ನರಸಿಂಹಪ್ಪ',76',50',ಗಂಡು',',SC',KURI',NO'
ALQ2852143',ಸಿದ್ದಗಂಗಪ್ಪ',ನರಸಿಂಹಪ್ಪ',76',48',ಗಂಡು',',SC',KOOLI',NO'
ALQ2852135',ಮಿಮ್ಮ',ನಾರಾಯಣ',76',47',ಹೆಣ್ಣು',',SC',KOOLI',NO'
MVJ3613643',ನರಸಮ್ಮ',ಸಿದ್ದಗಂಗಪ್ಪ',76',44',ಹೆಣ್ಣು',',SC',KOOLI',NO'
ALQ0049312',ಲಕ್ಷ್ಮಮ್ಮ',ನರಸಿಂಹಮೂರ್ತಿ',76',38',ಹೆಣ್ಣು',YES',SC',KOOLI',NO'
ALQ2535847',ಮೂರ್ತಿ',ನರಸಿಂಹಪ್ಪ',76',29',ಗಂಡು',YES',SC',HOME',YES'
ALQ2189157',ಮಂಜುನಾಧ ಎಸ್ ಎನ್',ನಾರಾಯಣಪ್ಪ',76',28',ಗಂಡು',',SC',PRIVATE JOB',NO'
ALQ2410371',ರೋಜ ಎಸ್ ಎನ್',ನಾರಾಯಣಪ್ಪ',76',25',ಹೆಣ್ಣು',',SC',STUDENT',NO'
ALQ2410330',ಹರೀಶ್ ಕುಮಾರ್ ಎಸ್',ಸಿದ್ದಪ್ಪ',76',24',ಗಂಡು',',SC',KOOLI',NO'
ALQ3030400',ಮೀನಾಕ್ಷಿ ಎಸ್',ಸಿದ್ದಪ್ಪ',76',22',ಹೆಣ್ಣು',',SC',KOOLI',NO'
ALQ3196094',ಮೇಗೇಶ ಎಂ',ಮೂರ್ತಿ',76',19',ಗಂಡು',YES',SC',KOOLI',NO'
ALQ2852150',ನರಸಿಂಹಪ್ಪ',ಮಾರಪ್ಪ',77',50',ಗಂಡು',',SC',KOOLI',NO'
ALQ2852168',ಗಂಗಮ್ಮ',ನರಸಿಂಹಪ್ಪ',77',45',ಹೆಣ್ಣು',',SC',KOOLI',NO'
ALQ3106507',ಎಸ್ ಎನ್ ಕಿರಣ್',ನರಸಿಂಹಪ್ಪ',77',21',ಗಂಡು',',SC',STUDENT',NO'
ALQ2852200',ಗಂಗಪ್ಪ ',ಮಾರಪ್ಪ',79',65',ಗಂಡು',',DELETED',',NO'
ALQ2852218',ಮುದ್ದಮ್ಮ',ಗಂಗಪ್ಪ',79',60',ಹೆಣ್ಣು',',SC',HOUSE -WIFE',NO'
ALQ0049791',ಕೆ ವಿ ಭಾರತಮ್ಮ',ಎಸ್ ಸಿ ಸೋಮಶೇಖರ',79',39',ಹೆಣ್ಣು',',ST',HOUSE -WIFE',NO'
ALQ2103224',ಗಂಗಾದೇವಿ ಕೆ',ನರಸಿಂಹಮೂರ್ತಿ',79',28',ಹೆಣ್ಣು',',SC',FACTORY WORKER',NO'
ALQ2500320',ಮಂಜುನಾಥ ಎಸ್ ಜಿ',ಗಂಗಪ್ಪ',79',23',ಗಂಡು',',SC',FACTORY WORKER',NO'
ALQ1542158',ಸೂರ್ಯಕಾಂತಮ್ಮ',ಗಂಗಾಧರಪ್ಪ',80',47',ಹೆಣ್ಣು',',SC',HOUSE -WIFE',NO'
ALQ3074424',ಅಂಬಿಕ ಎಸ್ ಜಿ',ಲೇಟ್ ನರಸಿಂಹಮೂರ್ತಿ',80',29',ಹೆಣ್ಣು',',SC',FACTORY WORKER',NO'
ALQ2410405',ಸುರೇಶ ಎಸ್ ಜಿ',ಗಂಗಾಧರಪ್ಪ',80',24',ಗಂಡು',',SC',FACTORY WORKER',NO'
ALQ3106457',ಎಸ್ ಜಿ ಪವನ್ ಕುಮಾರ್',ಗಂಗಾಧರಪ್ಪ',80',20',ಗಂಡು',',SC',JCB DRIVER',NO'
ALQ2852259',ಗಂಗಮ್ಮ',ಪುಟ್ಟನರಸಪ್ಪ',82',70',ಹೆಣ್ಣು',',SC',AGED',NO'
ALQ2852267',ನಾರಾಯಣಪ್ಪ ಎಸ್ ಪಿ',ಪುಟ್ಟನರಸಪ್ಪ',82',50',ಗಂಡು',',SC',KOOLI',NO'
ALQ2852275',ನರಸಪ್ಪ',ಪುಟ್ಟನರಸಪ್ಪ',82',44',ಗಂಡು',',SC',KOOLI',NO'
MVJ3960697',ಕಾಂತರಾಜು',ಪುಟ್ಟನರಸಪ್ಪ',82',37',ಗಂಡು',',SC',KOOLI',NO'
MVJ3960721',ಶಿವಮ್ಮ',ನರಸಪ್ಪ',82',34',ಹೆಣ್ಣು',',SC',HOUSE -WIFE',NO'
ALQ0049353',ಎಸ್ ಪಿ ಪ್ರಭಾಕರ ತಾಯಿಯ',ಗಂಗಮ್ಮ',82',32',ಗಂಡು',',SC',KOOLI',NO'
ALQ2181444',ಕೆ ಟಿ ಅಮ್ಮಜಮ್ಮ',ಕಾಂತರಾಜು',82',27',ಹೆಣ್ಣು',',SC',HOUSE -WIFE',NO'
ALQ3030392',ಮಧು',ಪ್ರಭಾಕರ ಎಸ್ ಪಿ',82',21',ಹೆಣ್ಣು',',SC',HOUSE -WIFE',NO'
ALQ2852283',ಗಂಗಮ್ಮ',ಎಿಗಂಗಪ್ಪ',83',77',ಹೆಣ್ಣು',',SC',AGED',NO'
ALQ2220309',ಗಾಯತ್ರಿ ಎಸ್ ಜಿ',ರಮೆಶ್',83',33',ಹೆಣ್ಣು',',SC',HOUSE -WIFE',NO'
ALQ2852291',ವೆಂಕಟಮ್ಮ',ಓಬಳಪ್ಪ',84',70',ಹೆಣ್ಣು',',DEATH',',NO'
ALQ2377547',ಕೋಂಡಾರೆಡ್ಡಿ',ಹನುಮಂತರೆಡ್ಡಿ',84',48',ಗಂಡು',',VAKALIGA',FARMER',NO'
ALQ2852309',ಗಂಗಾಧರಪ್ಪ',ಓಬಳಪ್ಪ',84',45',ಗಂಡು',',SC',KOOLI',NO'
MVJ2262335',ಎಸ್ ನರೇಂದ್ರ ಬಾಬು',ಓಬಳಪ್ಪ',84',40',ಗಂಡು',YES',SC',KOOLI',NO'
MVJ2262681',ನಾಗಮ್ಮ',ಗಂಗಾಧರಪ್ಪ',84',39',ಹೆಣ್ಣು',',SC',HOUSE -WIFE',NO'
ALQ2376689',ಅದಿಲಕ್ಷ್ಮಮ್ಮ',ಕೋಂಡಾರೆಡ್ಡಿ',84',38',ಹೆಣ್ಣು',',DELETED',',NO'
ALQ2189181',ಎಸ್ ಒ ಶಿವರಾಜ',ಲೇಟ್ ಓಬಳಪ್ಪ',84',28',ಗಂಡು',',SC',KOOLI',NO'
ALQ3184934',ಅಕಿಲ ಕೆ',ಕೊಂಡಾರೆಡ್ಡಿ',84',21',ಹೆಣ್ಣು',',VAKALIGA',STUDENT',NO'
ALQ3106630',ಸುನಂದಮ್ಮ ಎಸ್ ಎನ್',ಎಸ್ ಒ ಶಿವರಾಜ',84',20',ಹೆಣ್ಣು',',SC',HOUSE -WIFE',NO'
ALQ3184843',ಕೆ ಅರುಣ',ಕೊಂಡಾರೆಡ್ಡಿ',84',19',ಹೆಣ್ಣು',',VAKALIGA',KOOLI',NO'
ALQ2852317',ಗಂಗಮ್ಮ',ಚಿಕ್ಕನರಸಿಂಹಯ್ಯ',85',76',ಹೆಣ್ಣು',',ST',AGED',NO'
ALQ1542174',ರಾಮಕೃಷ್ಣಪ್ಪ',ಚಿಕ್ಕನರಸಿಂಹಯ್ಯ',85',51',ಗಂಡು',',ST',TRACTOR DRIVER',NO'
MVJ3960473',ಉಷಾರಾಣಿ',ರಾಮಕೃಷ್ಣಪ್ಪ',85',44',ಹೆಣ್ಣು',',ST',HOUSE -WIFE',NO'
ALQ2852325',ಲಕ್ಷ್ಮಿದೇವಮ್ಮ',ಚೆಂಚಪ್ಪ',87',63',ಹೆಣ್ಣು',',ST',HOUSE -WIFE',NO'
ALQ1868678',ಎಸ್ ಹೆಚ್ ಮಂಜುನಾಥ',ಹನುಮಂತನಾಯ',87',29',ಗಂಡು',',ST',GP-MEMBER',NO'
ALQ2852358',ರೇಣುಕಾದೇವಿ',ಗಂಗಪ್ಪ',88',78',ಹೆಣ್ಣು',YES',ST',AGED',NO'
ALQ1541937',ಗೋಪಾಲ',ಗಂಗಪ್ಪ',88',39',ಗಂಡು',',ST',FARMER',NO'
ALQ0049866',ಸುಬ್ಬಾರೆಡ್ಡಿ',ವೆಂಕಟರೋಣಪ್ಪ',91',53',ಗಂಡು',',VAKALIGA',TRACTOR DRIVER',NO'
ALQ0049635',ಲಲಿತಮ್ಮ',ಸುಬ್ಬರೆಡ್ಡಿ',91',44',ಹೆಣ್ಣು',',VAKALIGA',HOUSE -WIFE',NO'
ALQ3106341',ಚಿಕ್ಕ ತಿಮ್ಮಯ್ಯ',OBALAPPA',92',57',ಗಂಡು',',DELETED',',NO'
ALQ3106853',ಸುವರ್ಣ',ಚಿಕ್ಕ ತಿಮ್ಮಯ್ಯ',92',55',ಹೆಣ್ಣು',',DELETED',',NO'
ALQ2431211',ಶ್ರೀರಾಮಪ್ಪ',ಸೋಮಯ್ಯ',17 ಎ',70',ಗಂಡು',',ST',AGED',NO'
ALQ2431229',ಲಕ್ಷ್ಮಮ್ಮ',ಶ್ರೀರಾಮಪ್ಪ',17 ಎ',70',ಹೆಣ್ಣು',',ST',KOOLI',NO'
ALQ1868553',ಶಿವಣ್ಣ',ಆರ್ ಸೋಮನಾಯ್ಕ',25ಎ',57',ಗಂಡು',',ST',KOOLI',NO'
ALQ2851459',ಲಕ್ಷ್ಮಮ್ಮ',ಶಿವಣ್ಣ',25',53',ಹೆಣ್ಣು',',ST',KOOLI',NO'
ALQ1542000',ಎಸ್ ಗಂಗಾಧರ',ಸೋಮನಾಯ್ಕ',25ಎ',51',ಗಂಡು',',ST',KOOLI',NO'
ALQ1542018',ಎಸ್ ಪ್ರಕಾಶ',ಸೋಮನಾಯ್ಕ',25ಎ',49',ಗಂಡು',YES',ST',ARMY',NO'
MVJ2262657',ಎಸ್ ಗುರುರಾಜ',ಸೋಮನಾಯ್ಕ',25ಎ',47',ಗಂಡು',YES',ST',GOV-TEACHER',NO'
ALQ0050278',ಪುಟ್ಟನರಸಮ್ಮ',ಗುರುರಾಜು ಎಸ್',25ಎ',37',ಹೆಣ್ಣು',YES',ST',GOV-TEACHER',NO'
ALQ0050260',ರಾಧ',ಎಸ್ ಪ್ರಕಾಶ್',25ಎ',35',ಹೆಣ್ಣು',',ST',HOUSE -WIFE',NO'
ALQ2851467',ನಾಗರಾಜು',ಸೋಮಯ್ಯ',25ಬಿ',57',ಗಂಡು',',ST',KOOLI',NO'
ALQ2851475',ರತ್ನಮ್ಮ',ನಾಗರಾಜು',25ಬಿ',51',ಹೆಣ್ಣು',',ST',HOUSE -WIFE',NO'
ALQ2464410',ತಿಮ್ಮಯ್ಯ ಆರ್ ಟಿ',ತಿಮ್ಮಯ್ಯ',25ಬಿ',43',ಗಂಡು',',ST',KOOLI',NO'
ALQ2464402',ಶೋಭ ಎಸ್ ಎನ್',ನಾಗರಾಜು ಎಸ್',25ಬಿ',34',ಹೆಣ್ಣು',YES',ST',GARMENTS',NO'
MVJ3613809',ರಾಧಮ್ಮ',ಶಿವಣ್ಣ',25U',39',ಹೆಣ್ಣು',',ST',HOUSE -WIFE',NO'
MVJ2262608',ಎಚ್ ಮಂಜುಳ',ಎಸ್ ಟಿ ರಘುನಾಥ',26-0E1/4',36',ಹೆಣ್ಣು',YES',ST',HOUSE -WIFE',NO'
ALQ0049809',ಲಕ್ಷ್ಮೀಕಾಂತಮ್ಮ',ಮಂಜುನಾಥ',26 ಎ',38',ಹೆಣ್ಣು',',ST',HOUSE -WIFE',NO'
ALQ2181527',ಅಂಜಲಿದೇವಿ',ಎಸ್\u200cಎನ್\u200c ಚಂಚಪ್ಪ',26ಎ',32',ಹೆಣ್ಣು',',ST',KOOLI',NO'
MVJ2262210',ಎಸ್ ಎನ್ ಮಂಜುನಾಥ',ಚೇರ್ ಮನ್ ನಂಜಪ್ಪ',26 ಎ',46',ಗಂಡು',',ST',KOOLI',NO'
MVJ2262251',ಗಂಗಮ್ಮ',ಗಂಗಾಧರಪ್ಪ',26',40',ಹೆಣ್ಣು',',ST',KOOLI',NO'
MVJ2262236',ಎಸ್ ಎನ್ ಚಂಚಪ್ಪ',ಚೇರ್ಮನ್ ನಂಜಪ',26 ಲಾ',40',ಗಂಡು',',ST',KOOLI',NO'
ALQ0049676',ಎಸ್ ಟಿ ರಘುನಾಥ',ತಿಪ್ಪಣ್ಣನಾಯ್ಕ ಬಿ',26ಬಿ',49',ಗಂಡು',YES',ST',GOV-TEACHER',NO'
MVJ3960457',ರಾಮಯ್ಯ',ಸೋಮಯ್ಯ',27ಎ',77',ಗಂಡು',',ST',AGED',NO'
ALQ2851491',ಶಿವಶಂಕರ',ಆರ್ ರಾಮಯ್ಯ',27ಎ',44',ಗಂಡು',',ST',KOOLI',NO'
ALQ2135481',ರಾಜಮ್ಮ',ಶಿವಶಂಕರ್',27 ಎ',40',ಹೆಣ್ಣು',',ST',KOOLI',NO'
ALQ2851509',ಸೋಮಶೇಖರ',ಕುನ್ನಪ್ಪ',27ಬಿ',53',ಗಂಡು',',ST',KOOLI',NO'
ALQ2851517',ಪಾರ್ವತಮ್ಮ',ಸೋಮಶೇಖರ',27ಬಿ',47',ಹೆಣ್ಣು',',ST',SCHOOL-FOOD MAKER',NO'
ALQ1541598',ಬಿ ಭಾಗ್ಯಲಕ್ಷ್ಮೀ',ಎನ್ ಎಂ ನರೇಶ್ ಬಾಬು',44 ಎ',34',ಹೆಣ್ಣು',YES',ST',FACTORY WORKER',NO'
ALQ0048983',ಹೆಚ್ ಎನ್ ನರೇಶಬಾಬು',ಮುದ್ದುರಾಮಪ್ಪ',44ಎ',34',ಗಂಡು',YES',ST',FACTORY WORKER',NO'
MVJ2262301',ಭಾಗ್ಯಮ್ಮ',ಎಸ್ ಕೆ ಗಂಗಾಧರ',50ಎ',41',ಹೆಣ್ಣು',',ST',KOOLI',NO'
ALQ0049395',ಲಕ್ಷ್ಮೀನರಸಮ್ಮ',ಜಯಣ್ಣ',51ಡಿ',41',ಹೆಣ್ಣು',',ST',KOOLI',NO'
ALQ1542141',ಕುರಿಸೋಮಯ್ಯ',ಚಿಕ್ಕಪ್ಪಯ್ಯ',78ಎ',77',ಗಂಡು',',ST',AGED',NO'
ALQ2852176',ಲಕ್ಷ್ಮಮ್ಮ',ಕುರಿಸೋಮಯ್ಯ',78ಎ',71',ಹೆಣ್ಣು',',ST',AGED',NO'
ALQ0050302',ಅಶ್ವತ್ತಮ್ಮ',ಚಿಕ್ಕಗಂಗಪ್ಪ',78ಬಿ',72',ಹೆಣ್ಣು',',ST',AGED',NO'
ALQ2852192',ಎಸ್ ಸಿ ಸೋಮಶೇಖರಯ್ಯ',ಲೇಟ್ ಚಿಕ್ಕಗಂಗಪ್ಪ',78ಬಿ',49',ಗಂಡು',',ST',AMC LABOR',NO'
ALQ2852226',ನರಸಿಂಹಪ್ಪ',ನರಸೀಯಪ್ಪ',80ಎ',70',ಗಂಡು',',SC',KOOLI',YES'
ALQ2852234',ಜಯಮ್ಮ',ನರಸಿಂಹಪ್ಪ',80ಎ',45',ಹೆಣ್ಣು',',SC',KOOLI',NO'
ALQ2852242',ನಾರಾಯಣಪ್ಪ',ನರಸೀಯಪ್ಪ',81ಬಿ',50',ಗಂಡು',',SC',KOOLI',YES'
MVJ3960648',ಚಿಕ್ಕಗಂಗಮ್ಮ',ನಾರಾಯಣಪ್ಪ',81ಬಿ',45',ಹೆಣ್ಣು',',SC',KOOLI',NO'
ALQ3074416',ನರಸಿಂಹಮೂರ್ತಿ',ಅಂಜಿನಪ್ಪ',81ಬಿ',30',ಗಂಡು',',SC',KOOLI',NO'
ALQ3030384',ಲೀಲಮ್ಮ ಎಸ್ ಎನ್',ನಾರಾಯಣಪ್ಪ',81ಬಿ',22',ಹೆಣ್ಣು',',SC',KOOLI',NO'
ALQ0049593',ವೆಂಕಟಲಕ್ಷ್ಮಮ್ಮ',ನಾರಾಯಣಪ್ಪ',82ಎ',38',ಹೆಣ್ಣು',',SC',KOOLI',NO'
ALQ2852333',ಹನುಮಂತನಾಯ್ಕ',ನರಸಿಂಹಯ್ಯ',87ಎ',60',ಗಂಡು',',ST',FARMER',NO'
ALQ2852341',ಸರಸ್ವತಮ್ಮ',ಹನುಮಂತನಾಯ್ಕ',87ಎ',55',ಹೆಣ್ಣು',',SC',HOUSE -WIFE',NO'
ALQ2410363',ಪ್ರಶಾಂತ್ ಕುಮಾರ್ ಎಸ್ ಹೆಚ್',ಹನುಮಂತನಾಯ',87ಎ',24',ಗಂಡು',',SC',STUDENT',NO'
ALQ3237716',ರಮೇಶ್ ಎಸ್ ಎನ್',ನರಸಪ್ಪ ಎಸ್ ಎನ್',25',18',ಗಂಡು',',SC',STUDENT',NO'
ALQ3238383',SP PUSHPALATHA',ಪಾಪಣ್ಣ',0',36',ಹೆಣ್ಣು',',ST',FACTORY WORKER',NO'
ALQ3238391',ದರ್ಶನ್',ಗಂಗಾಧರ್',50',18',ಗಂಡು',',ST',FACTORY WORKER',NO'
ALQ3238409',ಸಂತೋಷ್',ರವಿಂದ್ರ ಕುಮಾರ್',3',18',ಗಂಡು',',ST',STUDENT',NO'
ALQ3238417',ಪ್ರೇಮ',ನಾರಾಯಣಪ್ಪ',82',18',ಹೆಣ್ಣು',',SC',STUDENT',NO'
ALQ3238425',ಮಮತಾ',ಗಂಗಾಧರಪ್ಪ',64',18',ಹೆಣ್ಣು',',SC',STUDENT',NO'
ALQ3238433',SWATHI S R ',ರಾಮಕೃಷ್ಣಪ್ಪ',85',18',ಹೆಣ್ಣು',YES',ST',PRIVATE JOB',NO'
ALQ3238441',ಸೊಮೇಶ್',ಚಿಕ್ಕಾ ವೀರಪ್ಪ',30',18',ಗಂಡು',',ST',STUDENT',NO'
ALQ3238458',ಬಸವರಾಜು',SOMAIAH',3',18',ಗಂಡು',',ST',STUDENT',NO'
ALQ3253176',SOMASHEKARAYYA',CHIKKA GANGAPPA',7',55',ಗಂಡು',',ST',FARMER',NO'
ALQ3253184',GANGAMMA',MU GANGAPPA',71',62',ಹೆಣ್ಣು',',SC',AGED',NO'
ALQ3253192',GANGAMMA',MU GANGAPPA',71',62',ಹೆಣ್ಣು',',DELETED',',NO'
ALQ3253317',SHANTAMMA',MALLAPPA',43',35',ಹೆಣ್ಣು',YES',ST',FACTORY WORKER',NO'
ALQ3253325',SHANTAMMA',MALLAPPA',43',35',ಹೆಣ್ಣು',',DELETED',',NO'
ALQ3253333',RAVINDRA KUMAR',CHIKKA GANGAPPA',3',43',ಗಂಡು',',ST',DAIRY',NO'
ALQ3253341',RAVINDRA KUMAR',CHIKKA GANGAPPA',3',43',ಗಂಡು',',DELETED',',NO'
ALQ3253358',GANGAPPA',MARAPPA',79',71',ಗಂಡು',',SC',AGED',NO'
ALQ3253366',SUVARNA',CHIKKA TIMMAYYA',92',55',ಹೆಣ್ಣು',YES',SC',HOUSE -WIFE',NO'
ALQ3253374',SUVARNA',CHIKKA TIMMAYYA',92',55',ಹೆಣ್ಣು',',DELETED',',NO'
ALQ3253986',LAKSHMI DEVAMMA',RAVI CHANDRA REDDY',#00',35',ಹೆಣ್ಣು',',VAKALIGA',HOUSE -WIFE',NO'
ALQ3253994',RAVI CHANDRA REDDY',HANUMANTHA REDDY',#00',45',ಗಂಡು',',VAKALIGA',FARMER',NO'