ALQ2583318',ವಿಜಯಲಕ್ಷ್ಮಿ',ಮಂಜುನಾಥ',180',46',ಹೆಣ್ಣು',',EDIGA',HOUSE -WIFE',NO'
ALQ1813294',ಎಳಮ್ಮ',ನಾಗರಾಜಪ್ಪ',0',51',ಹೆಣ್ಣು',',KURUBA',FARMER',NO'
ALQ1813286',ಎಆಂಜಿನಪ್ಪ',ಅಂಜಿನಪ್ಪ',0',44',ಗಂಡು',',SC',FARMER',NO'
ALQ1813302',ವೀಣಾ',ಕೆ ಆರ್ ನಂಜುಂಡಯ',0',30',ಹೆಣ್ಣು',',EDIGA',HOUSE -WIFE',NO'
ALQ2006229',ಗಂಗರತ್ನಮ್ಮ ಎಂ ಜಿ',ಎಸ್ ಸೋಮಶೇಖರ',ಕೋನಾಪುರ',28',ಹೆಣ್ಣು',',EDIGA',HOUSE -WIFE',NO'
ALQ3139573',ಕಾವ್ಯ ಟಿ ಪಿ',ಎನ್ ಅನಿಲ್ ಕುಮಾರ್',19',20',ಹೆಣ್ಣು',',',',NO'
ALQ2340321',ಎನ್ ನಳಿನ',ಕೆ ಎಸ್ ರಮೇಶ್',46',24',ಹೆಣ್ಣು',',EDIGA',GARMENTS',NO'
ALQ2121150',ಅರುಣ',ರಾಮಾಂಜಿನಪ್ಪ',67',36',ಹೆಣ್ಣು',',KURUBA',FARMER',NO'
ALQ3218872',ಶ್ರೀನಿವಾಸ',ಶಾಂತರಾಜ್',121',19',ಗಂಡು',',SHETBALAJIGA',HOME',YES'
ALQ2121168',ಲಕ್ಷ್ಮೀದೇವಮ್ಮ',ಕೃಷ್ಣಪ್ಪ',152',61',ಹೆಣ್ಣು',',KURUBA',HOUSE -WIFE',NO'
MVJ1889724',ಮುರಳಿ',ಕೃಷ್ಣಪ್ಪ',152',42',ಗಂಡು',YES',KURUBA',CAB DRIVER',NO'
ALQ2121192',ರಾಜಕುಮಾರ',ಕೃಷ್ಣಪ್ಪ',152',36',ಗಂಡು',YES',KURUBA',CIVIL ENGINEER',NO'
ALQ1034016',ನಾರಾಯಣಮ್ಮ',ಅಂಜಿನಪ್ಪ',153',86',ಹೆಣ್ಣು',',EDIGA',HOUSE -WIFE',NO'
ALQ1034032',ಬ ಅಶ್ವತ್ಥಪ್ಪ',ನರಸಿಂಹಪ್ಪ',154',67',ಗಂಡು',',SC',FARMER',NO'
ALQ1034040',ಆದಿಲಕ್ಷ್ಮಮ್ಮ',ಬ ಅಶ್ವತ್ಥಪ್ಪ',154',59',ಹೆಣ್ಣು',',SC',HOUSE -WIFE',NO'
ALQ1034057',ಎ ನರಸಿಂಹಮೂರ್ತಿ',ಅಶ್ವತ್ಥಪ್ಪ',154',44',ಗಂಡು',',SC',HOME',NO'
MVJ4202479',ಹೆಚ್ ಎ ಮಂಜುಳ',ನರಸಿಂಹಮೂರ್ತಿ',154',40',ಹೆಣ್ಣು',',SC',HOUSE -WIFE',NO'
ALQ0415091',ಕೆ ವೆಂಕಟೇಶ',ಬಿ ಕೃಷ್ಣಪ್ಪ',154',37',ಗಂಡು',',SC',TEMPO DRIVER',NO'
ALQ1812874',ಬ ಹನುಮಂತಪ್ಪ',ನರಸಿಂಹಪ್ಪ',155',71',ಗಂಡು',',SC',CLOTH BUSINESS',NO'
ALQ1034099',ರಾಮಕ್ಕೆ',ಹನುಮಂತಪ್ಪ',155',51',ಹೆಣ್ಣು',',SC',KOOLI',NO'
ALQ1812882',ಬ ನಾರಾಯಣಪ್ಪ',ನರಸಿಂಹಪ್ಪ',157',64',ಗಂಡು',',SC',FARMER',NO'
ALQ1812890',ನಾರಾಯಣಮ್ಮ',ನಾರಾಯಣಪ್ಪ',157',56',ಹೆಣ್ಣು',',SC',HOUSE -WIFE',NO'
ALQ2097657',ಮಂಜುನಾಥ ಎನ್',ನಾರಾಯಣ್ಣಪ್ಪ',157',29',ಗಂಡು',YES',SC',PRIVATE JOB',NO'
ALQ2391860',ಅನಿಲ್ ಕುಮಾರ್ ಜಿ',ಗೋವಿಂದಪ್ಪ',157',28',ಗಂಡು',',SC',TATA DRIVER',NO'
ALQ2955458',ಧನಲಕ್ಷ್ಮೀ ಬಿ',ಎನ್ ಮಂಜುನಾಥ',157',27',ಹೆಣ್ಣು',',SC',HOUSE -WIFE',NO'
ALQ2114965',ಎನ್ ಸಂತೋಷ್ ಕುಮಾರ್',ನಾರಾಯಣಪ್ಪ',157',27',ಗಂಡು',',SC',PRIVATE JOB',NO'
ALQ2391761',ಭಾಗ್ಯಮ್ಮ ಬಿ ಎಸ್',ಅನಿಲ್ ಕುಮಾರ್',157',26',ಹೆಣ್ಣು',',SC',HOUSE -WIFE',NO'
ALQ3139243',ಸಿ ಎನ್ ಮೀನಾಕ್ಷಿ',ಎನ್ ಸಂತೋಷ್ ಕುಮಾರ್',157',23',ಹೆಣ್ಣು',',SC',HOUSE -WIFE',NO'
ALQ1034107',ಅಂಜಿನಮ್ಮ',ತಿಪ್ಪಣ್ಣ',158',64',ಹೆಣ್ಣು',',SC',HOUSE -WIFE',NO'
MVJ4202792',ಚಿಕ್ಕಅಂಜನಪ್ಪ',ತಿಪ್ಪಣ್ಣ',158',38',ಗಂಡು',',SC',HOUSE -WIFE',NO'
ALQ1034123',ನಾರಾಯಣಸ್ವಾಮಿ',ನಾರಾಯಣಪ್ಪ',159',57',ಗಂಡು',YES',SC',KOOLI',NO'
ALQ0074831',ವೆಂಕಟಮ್ಮ',ಮರ್ರೆಪ್ಪ',160',59',ಹೆಣ್ಣು',',SC',KOOLI',NO'
ALQ1034149',ತಿಪ್ಪಣ್ಣ',ಮರಿಯಪ್ಪ',160',36',ಗಂಡು',DEATH',',',NO'
ALQ1813021',ಗಂಗಾಧರ',ಮರ್ರೆಪ್ಪ',160',35',ಗಂಡು',',SC',BUTTI MAKER',NO'
ALQ1813039',ಎನ್ ಗಂಗಮ್ಮ',ನರಸಿಂಹಮೂರ್ತಿ',160',33',ಹೆಣ್ಣು',',SC',BUTTI MAKER',NO'
ALQ2583169',ಸಾಕಮ್ಮ',ನಾರಾಯಣಪ್ಪ',161',74',ಹೆಣ್ಣು',',SC',HOUSE -WIFE',NO'
MVJ3615747',ಪ್ರಭಾಕರ',ನಾರಾಯಣಪ್ಪ',161',46',ಗಂಡು',',EDIGA',KURI',NO'
ALQ2583177',ನಾಗರಾಜ',ನಾರಾಯಣಪ್ಪ',161',42',ಗಂಡು',',EDIGA',PETTY SHOP',NO'
MVJ3615739',ಚೌಡಮ್ಮ',ಪ್ರಭಾಕರ',181',41',ಹೆಣ್ಣು',',EDIGA',HOUSE -WIFE',NO'
MVJ1889740',ಲಕ್ಷ್ಮೀದೇವಮ್ಮ',ನಾಗರಾಜ',161',38',ಹೆಣ್ಣು',',EDIGA',HOUSE -WIFE',NO'
ALQ2231413',ಅಶೋಕ ಕುಮಾರ್ ಪಿ',ಪ್ರಭಾಕರ',161',25',ಗಂಡು',',EDIGA',AUTO DRIVER',NO'
ALQ2485563',ಪಿ ಶರತ್ ಬಾಬು',ಪ್ರಭಾಕರ',161',23',ಗಂಡು',',EDIGA',CHECK POST',NO'
ALQ1034156',ಕೆ ವಿ ವೀರಣ್ಣ',ವೀರಭದ್ರಪ್ಪ',162',72',ಗಂಡು',',LINGAYATH',COOK',NO'
MVJ1889161',ಸುನಂದಮ್ಮ',ಕೆ ವಿ ವೀರಣ್ಣ',162',67',ಹೆಣ್ಣು',',LINGAYATH',COOK',NO'
MVJ1889617',ಕೆ ವಿ ಆನಂದ',ಕೆ ವಿ ವೀರಣ್ಣ',162',45',ಗಂಡು',DEATH',',',NO'
ALQ1034164',ಕೆ ವಿ ವೀರಭದ್ರಯ್ಯ',ಕೆ ವಿ ವೀರಣ್ಣ',162',43',ಗಂಡು',',LINGAYATH',SCHOOL STAFF',NO'
ALQ1033588',ಪಾರಿಜಾತ',ಕೆ ವಿ ಆನಂದ',162',38',ಹೆಣ್ಣು',YES',LINGAYATH',PRIVATE JOB',NO'
ALQ2152254',ಹೇಮಲತ ಜಿ ಎ',ವೀರಭದ್ರಯ್ಯ ಕೆ ವಿ',162',26',ಹೆಣ್ಣು',',LINGAYATH',STUDENT',NO'
ALQ3083326',ವಿನುತ ಎ',ಅನಂದ ಕೆ ವಿ',162',20',ಹೆಣ್ಣು',YES',LINGAYATH',PRIVATE JOB',NO'
ALQ1034180',ಸುಬ್ಬಲಕ್ಷ್ಮಮ್ಮ',ಡಿ ಎಸ್ ನಾರಾಯಣಶೆಟ್ಟಿ',163',66',ಹೆಣ್ಣು',',SHETBALAJIGA',HOUSE -WIFE',NO'
MVJ1889047',ಎ ಶಾಂತರಾಜು',ಅನಂತ ಪದ್ಮನಾಭಯ್ಯ ಎ',163',56',ಗಂಡು',',SHETBALAJIGA',PETTY SHOP',NO'
MVJ1889054',ಎಸ್ ಸುನಿತ',ಎ ಶಾಂತರಾಜು',163',49',ಹೆಣ್ಣು',',SHETBALAJIGA',PETTY SHOP',NO'
ALQ2583185',ಎಸ್ ಗೋಪಾಲ',ಸತ್ಯಪ್ಪ',164',46',ಗಂಡು',',UPLAS',KOOLI',NO'
MVJ1888395',ಎಸ್ ಅಂಜನಪ್ಪ',ಸತ್ಯಪ್ಪ',164',38',ಗಂಡು',',UPLAS',BORE BUSINESS',NO'
ALQ0014688',ಗಂಗಮ್ಮ',ಎಸ್ ಆಂಜನಪ್ಪ',164',37',ಹೆಣ್ಣು',',UPLAS',HOUSE -WIFE',NO'
ALQ1034214',ಸಲ್ಮಾ',ಅನೀಫ್',165',36',ಹೆಣ್ಣು',',MUSLIM',KOOLI',NO'
ALQ1034222',ಜೋರಾಂಬಿ',ಹುಸೇನ್ ಸಾಬಿ',166',56',ಹೆಣ್ಣು',',MUSLIM',GARRE',NO'
ALQ1034230',ಅನೀಫ್ ಹೆಚ್ ಹುಸೇನ್ ಸಾಬ್ ತಾಯಿಯ',ಜೋರಾಂಬಿ',166',38',ಗಂಡು',',MUSLIM',COOK',NO'
MVJ4202420',ರತ್ನಮ್ಮ',ಕಸುವಪ್ಪ',167',55',ಹೆಣ್ಣು',',EDIGA',COOK',NO'
ALQ2583193',ಕೆ ಎಸ್ ವೀರಣ್ಣ',ಶಿವಣ್ಣ',168',59',ಗಂಡು',',LINGAYATH',POLITICIAN,FARMER'
ALQ2583201',ಸರೋಜಮ್ಮ ಬಿ',ಕೆ ಎಸ್ ವೀರಣ್ಣ',168',49',ಹೆಣ್ಣು',',LINGAYATH',POLITICIAN,FARMER'
ALQ2231405',ಶ್ರೀಧರ್ ಕೆ ವಿ',ವೀರಣ್ಣ ಕೆ ಎಸ್',168',25',ಗಂಡು',',LINGAYATH',PRIVATE JOB',NO'
ALQ2485936',ಸುಹಾಸ್ ಕೆ ವಿ',ವೀರಣ್ಣ',168',23',ಗಂಡು',',LINGAYATH',PRIVATE JOB',NO'
ALQ1034248',ಎನ್ ಕೃಷ್ಣಮೂರ್ತಿ',ನಾರಾಯಣಪ್ಪ',169',57',ಗಂಡು',',KURUBA',FARMER',NO'
ALQ1034255',ರಾಮಪ್ಪ',ನಾರಾಯಣಪ್ಪ',169',55',ಗಂಡು',',KURUBA',FARMER',NO'
ALQ1812908',ರತ್ನಮ್ಮ',ಎನ್ ಕೃಷ್ಣಮೂರ್ತಿ',169',54',ಹೆಣ್ಣು',',KURUBA',FARMER',NO'
ALQ1812916',ಶಾಂತಮ್ಮ',ರಾಮಪ್ಪ',169',48',ಹೆಣ್ಣು',',KURUBA',FARMER',NO'
MVJ1889732',ಗಂಗಾಧರಪ್ಪ',ನಾರಾಯಣಪ್ಪ',169',44',ಗಂಡು',',KURUBA',FARMER',NO'
ALQ0414573',ರಾಮಾಂಜಿನಮ್ಮ',ಎನ್ ಗಂಗಾಧರಪ್ಪ',169',37',ಹೆಣ್ಣು',',KURUBA',FARMER',NO'
ALQ0074823',ಬಿ ರಾಘವೇಂದ್ರ',ರಾಮಪ್ಪ',169',35',ಗಂಡು',',KURUBA',FARMER',NO'
ALQ1813054',ಕೆ ಮಂಜುನಾಥ',ಎನ್ ಕೃಷ್ಣಮೂರ್ತಿ',169',30',ಗಂಡು',',KURUBA',SOLAR EMPLOYEE',NO'
ALQ2112787',ಸುಧಾಕರ ಕೆ',ಕೃಷ್ಣಮೂರ್ತಿ',169',27',ಗಂಡು',',KURUBA',POLITICIAN',NO'
ALQ2231371',ಅಶ್ವಿನಿ',ಆರ್ ರಾಘವೇಂದ್ರ',169',25',ಹೆಣ್ಣು',',KURUBA',HOUSE -WIFE',NO'
ALQ3082393',ಭಾಗ್ಯಮ್ಮ ಕೆ ಎಸ್',ಕೆ ಮಂಜುನಾಥ',169',20',ಹೆಣ್ಣು',',KURUBA',HOUSE -WIFE',NO'
ALQ3083169',ಭಾಸ್ಕರ್\u200c ಜಿ',ಗಂಗಾಧರಪ್ಪ ಎನ್',169',20',ಗಂಡು',YES',KURUBA',STUDENT',NO'
ALQ1034289',ನಾಗಮ್ಮ',ಅಶ್ವತ್ತಪ್ಪ',170',70',ಹೆಣ್ಣು',',KURUBA',HOUSE -WIFE',NO'
ALQ1034297',ಎ ರಾಮಾಂಜಿನಪ್ಪ',ಅಶ್ವತ್ಥಪ್ಪ',170',39',ಗಂಡು',',KURUBA',FARMER',NO'
ALQ2583219',ಲಕ್ಷ್ಮಪ್ಪ',ಅಂಜನಪ್ಪ',171',56',ಗಂಡು',',KURUBA',POLITICIAN',NO'
ALQ2583227',ಜಯಮ್ಮ',ಲಕ್ಷ್ಮಪ್ಪ',171',53',ಹೆಣ್ಣು',',KURUBA',POLITICIAN',NO'
ALQ0415000',ಎಲ್ ಅಂಜಿನಪ್ಪ',ಲಕ್ಷ್ಮಯ್ಯ',171',34',ಗಂಡು',',KURUBA',BUSINESS',NO'
ALQ2355238',ಮಮತ ಎನ್',ಅಂಜಿನಪ್ಪ ಎಲ್',171',26',ಹೆಣ್ಣು',',KURUBA',HOUSE -WIFE',NO'
ALQ2583235',ಲಕ್ಷ್ಮಯ್ಯ',ಕಸುವಪ್ಪ',172',69',ಗಂಡು',',EDIGA',FARMER',NO'
ALQ2583243',ತಾಯಕ್ಕ',ಲಕ್ಷ್ಮಯ್ಯ',172',64',ಹೆಣ್ಣು',',EDIGA',HOUSE -WIFE',NO'
MVJ1888056',ರಾಜ್\u200cಕುಮಾರ್',ಲಕ್ಷ್ಮಯ್ಯ',172',36',ಗಂಡು',YES',EDIGA',PRIVATE JOB',NO'
ALQ2485571',ಸೌಂದರ್ಯ',ರಾಜಕುಮಾರ್',172',23',ಹೆಣ್ಣು',YES',EDIGA',HOUSE -WIFE',NO'
ALQ1034313',ಚಂದ್ರಪ್ಪ',ಕಸುವಪ್ಪ',173',56',ಗಂಡು',',EDIGA',KOOLI',NO'
CTR2531150',ಚನ್ನಮ್ಮ',ಚಂದ್ರಪ್ಪ',173',50',ಹೆಣ್ಣು',',EDIGA',KOOLI',NO'
ALQ1034321',ನರಸಿಂಹರಾಜು',ಚಂದ್ರಪ್ಪ',173',36',ಗಂಡು',',EDIGA',KOOLI',NO'
MVJ1889898',ಭಾಗ್ಯಮ್ಮ',ಹನುಮಂತಪ್ಪ',174',49',ಹೆಣ್ಣು',',EDIGA',KOOLI',NO'
ALQ2583268',ನಾಗರಾಜಪ್ಪ',ಆಂಜಿನಪ್ಪ',175',57',ಗಂಡು',',EDIGA',KOOLI',NO'
ALQ1812924',ರಾಮಕ್ಕೆ',ನಾಗರಾಜಪ್ಪ',175',49',ಹೆಣ್ಣು',',EDIGA',KOOLI',YES'
ALQ1812932',ರತ್ನಮ್ಮ',ನಾಗರಾಜಪ್ಪ',175',43',ಹೆಣ್ಣು',',EDIGA',KOOLI',YES'
MVJ3616331',ಎನ್ ಅಶ್ವತ್ಥಪ್ಪ',ನಾಗರಾಜಪ್ಪ',175',38',ಗಂಡು',',EDIGA',GARMENTS',NO'
ALQ1033604',ಲಕ್ಷ್ಮೀದೇವನ್ನ ಎಲ್',ಅಶ್ವತ್ಥಪ್ಪ',175',34',ಹೆಣ್ಣು',',EDIGA',GARMENTS',NO'
ALQ1034370',ಅಶ್ವತ್ಥಮ್ಮ',ಗಂಗಾಧರಪ್ಪ',176',61',ಹೆಣ್ಣು',',KURUBA',KOOLI',NO'
ALQ1034388',ರಮೇಶ',ಗಂಗಾಧರಪ್ಪ',176',39',ಗಂಡು',DEATH',KURUBA',',NO'
ALQ1034396',ಜಿ ರವಿ',ಗಂಗಾಧರಪ್ಪ',176',38',ಗಂಡು',',KURUBA',KOOLI',NO'
ALQ1813070',ಶಿವಮ್ಮ',ಜಿ ರವಿ',176',37',ಹೆಣ್ಣು',',KURUBA',HOUSE -WIFE',NO'
ALQ1813062',ಅಶ್ವತ್ಥಮ್ಮ',ರಮೇಶ್',176',36',ಹೆಣ್ಣು',',KURUBA',KOOLI',NO'
ALQ2583276',ಮಾ ಅಶ್ವತ್ಥಪ್ಪ',ಮಾಳೂರಪ್ಪ',177',71',ಗಂಡು',',KURUBA',KOOLI',NO'
ALQ0414631',ಅನಂದ',ಮಾ ಅಶ್ವತ್ಥಪ್ಪ',177',41',ಗಂಡು',',KURUBA',KOOLI',NO'
MVJ4202511',ನಾಗಮ್ಮ',ಆನಂದ',177',37',ಹೆಣ್ಣು',',KURUBA',HOUSE -WIFE',NO'
ALQ1034404',ಗಂಗರತ್ನಮ್ಮ',ಬೀರಪ್ಪ',178',44',ಹೆಣ್ಣು',',KURUBA',COOK',NO'
ALQ0075002',: ಲಕ್ಷ್ಮೀದೇವಮ್ಮ',ಸಿದ್ದಪ್ಪ',179',66',ಹೆಣ್ಣು',',EDIGA',HOUSE -WIFE',NO'
ALQ2583284',ರಾಮಕೃಷ್ಣಪ್ಪ ಕೆ',ಕಸುವಪ್ಪ',179',60',ಗಂಡು',YES',EDIGA',KOOLI',NO'
ALQ0074401',ಶಿವಣ್ಣ ಎಸ್',ಸಿದ್ದಪ್ಪ',179',47',ಗಂಡು',DEATH',EDIGA',',NO'
ALQ1034420',ಭಾರತಮ್ಮ',ರಾಮಕೃಷ್ಣಪ್ಪ',179',47',ಹೆಣ್ಣು',',EDIGA',HOUSE -WIFE',NO'
ALQ3161163',ಅರುಣ್ ಮಂಜುನಾಥ',ಶಿವಾನಂದಪ್ಪ',179',47',ಗಂಡು',',EDIGA',',NO'
ALQ0074716',ಮಂಜುನಾಥ',ಸಿದ್ದಪ್ಪ',179',41',ಗಂಡು',YES',EDIGA',BAR BUSINESS',NO'
ALQ1034412',ಮಂಜುಳ',ಶಿವಕುಮಾರ್',179',40',ಹೆಣ್ಣು',',EDIGA',HOUSE -WIFE',NO'
ALQ1034438',ಎಸ್ ಮಂಜುಳ',ಮಂಜುನಾಥ',179',39',ಹೆಣ್ಣು',',EDIGA',HOUSE -WIFE',NO'
ALQ1033620',ಚಂದ್ರಕಳ',ಶಿವಕುಮಾರ್',179',37',ಹೆಣ್ಣು',',EDIGA',HOUSE -WIFE',NO'
ALQ1033612',ಹೆಚ್ ಸುಜಾತ',ಮಂಜುನಾಥ',179',34',ಹೆಣ್ಣು',',EDIGA',HOUSE -WIFE',NO'
ALQ2955441',ವರ್ಣ ಸುಷ್ಮ ಆರ್ ಜಿ',ಕೆರಾಮಕೃಷ್ಣ',179',28',ಹೆಣ್ಣು',YES',EDIGA',PRIVATE JOB',NO'
ALQ2955433',ಆಕರ್ಷ್ ಪ್ರತೀಕ್ ಆರ್ ಕೆ',ಕೆರಾಮಕೃಷ್ಣ',179',22',ಗಂಡು',YES',EDIGA',STUDENT',NO'
ALQ3161239',ಜಯಸೂರ್ಯ ಎಸ್',ಶಿವಪ್ಪ ಎಸ್',179',22',ಗಂಡು',YES',EDIGA',STUDENT',NO'
ALQ2583300',ಮಂಜುನಾಥ',ಕೃಷ್ಣಪ್ಪ',180',53',ಗಂಡು',',EDIGA',FARMER',NO'
ALQ2583326',ಗಂಗಮ್ಮ',ಶ್ರೀರಾಮಪ್ಪ',181',71',ಹೆಣ್ಣು',',EDIGA',AGED',NO'
ALQ1034453',ಗಂಗಾಧರಯ್ಯ ಎಸ್',ಶ್ರೀರಾಮಪ್ಪ',181',43',ಗಂಡು',',EDIGA',FARMER',NO'
ALQ1812940',ಕಸುವಯ್ಯ',ಅಂಜಿನಪ್ಪ',182',69',ಗಂಡು',',EDIGA',KOOLI',NO'
ALQ1033646',ಚೆನ್ನಮ್ಮ',ಕಸುವಯ್ಯ',182',64',ಹೆಣ್ಣು',',EDIGA',HOUSE -WIFE',NO'
ALQ1034461',ರಾಜಪ್ಪ',ಕಸುವಯ್ಯ',182',44',ಗಂಡು',YES',EDIGA',BAR WORKER',NO'
ALQ1034479',ಕೆ ಗಂಗಾಧರಪ್ಪ',ಕಸುವಯ್ಯ',182',38',ಗಂಡು',YES',EDIGA',BAR WOKER',NO'
ALQ2231462',ಮಂಜುಳ',ರಾಜಪ್ಪ ಕೆ',182',35',ಹೆಣ್ಣು',',EDIGA',HOUSE -WIFE',NO'
ALQ2231397',ಅನುಷ ಎಮ್ ವಿ',ರವಿ',182',25',ಹೆಣ್ಣು',',',',NO'
ALQ3016888',ಶಿಲ್ಪ ಎ',ಕೆಗಂಗಾಧರ್',182',22',ಹೆಣ್ಣು',',',',NO'
ALQ1034495',ನಾಗಮ್ಮ',ನರಸಿಂಹಪ್ಪ',183',61',ಹೆಣ್ಣು',',KURUBA',HOUSE -WIFE',NO'
ALQ0414847',ಎನ್ ಆಂಜನಮೂರ್ತಿ',ನರಸಿಂಹಪ್ಪ',183',40',ಗಂಡು',',EDIGA',ANGANAWADI WORKER',NO'
ALQ1033661',ಹೇಮಾಲತ',ಎನ್ ಅಂಜಿನಮ್ಮ',183',35',ಹೆಣ್ಣು',',EDIGA',HOUSE -WIFE',NO'
ALQ2583342',ರಾಜಮ್ಮ',ನಾರಾಯಣಪ್ಪ',184',54',ಹೆಣ್ಣು',',EDIGA',KOOLI',NO'
MVJ1888379',ಎನ್ ನಾಗೇಂದ್ರಕುಮಾರ್',ನಾರಾಯಣಪ್ಪ',184',37',ಗಂಡು',YES',EDIGA',PRIVATE JOB',NO'
ALQ0414730',ಸಿ ವೇಣುಗೋಪಾಲ್',ಚಿನ್ನಪ್ಪಯ್ಯ',184',36',ಗಂಡು',',EDIGA',PRIVATE JOB',NO'
ALQ0014977',ಎನ್ ಗೋವರ್ದನ',ನಾರಾಯಣಪ್ಪ',184',33',ಗಂಡು',',EDIGA',KOOLI',NO'
ALQ2207983',ದೇವಿ ಸಿ',ಎನ್ ನಾಗೇಂದ್ರ ಕುಮಾರ್',184',27',ಹೆಣ್ಣು',',EDIGA',HOUSE -WIFE',NO'
ALQ2231348',ಸುಜಾತ',ಸಿ ವೇಣುಗೋಪಾಲ',184',25',ಹೆಣ್ಣು',',EDIGA',HOUSE -WIFE',NO'
MVJ1888122',ಅಂಜಿನಪ್ಪ',ಚಿಕ್ಕಅಜ್ಜಪ್ಪ',185',81',ಗಂಡು',',EDIGA',AGED',NO'
ALQ0075275',ರಾಮಪ್ಪ',ಚೆನ್ನಪ್ಪ',186',71',ಗಂಡು',',EDIGA',FARMER',NO'
ALQ1813096',ಮುದ್ದಮ್ಮ',ರಾಮಪ್ಪ',186',66',ಹೆಣ್ಣು',',EDIGA',HOUSE -WIFE',NO'
MVJ4202586',ಆರ್ ನಾಗರಾಜ',ರಾಮಪ್ಪ',186',40',ಗಂಡು',',EDIGA',FARMER',NO'
MVJ4202545',ಮಂಜುಳ',ಶಿವಕುಮಾರ್',186',37',ಹೆಣ್ಣು',',',',NO'
ALQ0075382',ಅರ್ ಚಂದ್ರಶೇಖರ್',ರಾಮಪ್ಪ',186',34',ಗಂಡು',',EDIGA',FARMER',NO'
ALQ1813104',ಜಿ ಹೇಮಲತಾ',ಆರ್ ನಾಗರಾಜು',186',30',ಹೆಣ್ಣು',',EDIGA',HOUSE -WIFE',NO'
ALQ3168135',ಪದ್ಮನಿಕೆ',ಆರ್ ಚಂದ್ರಶೇಖರ್',186',20',ಹೆಣ್ಣು',',EDIGA',HOUSE -WIFE',NO'
ALQ1812957',ಗಂಗಪ್ಪ',ತಿಮ್ಮಯ್ಯ',187',76',ಗಂಡು',',KURUBA',AGED',NO'
ALQ1034511',ಗೋವಿಂದಪ್ಪ',ವೆಂಕಟಪ್ಪ',187',73',ಗಂಡು',',KURUBA',AGED',NO'
ALQ2583359',ಗಿರಿಯಮ್ಮ',ಗಂಗಪ್ಪ',187',71',ಹೆಣ್ಣು',',KURUBA',AGED',NO'
ALQ1034529',ಅಶ್ವತ್ಥಮ್ಮ',ವೆಂಕಟರವಣಪ್ಪ',187',71',ಹೆಣ್ಣು',',KURUBA',AGED,POLITICIAN'
ALQ2583383',ನಾರಾಯಣಪ್ಪ',ವೆಂಕಟಪ್ಪ',187',69',ಗಂಡು',',KURUBA',AGED',NO'
ALQ1034537',ಗಂಗಮ್ಮ',ಗೋವಿಂದಪ್ಪ',187',66',ಹೆಣ್ಣು',',KURUBA',KOOLI',NO'
ALQ2583367',ಸರೋಜಮ್ಮ',ನಾರಾಯಣಪ್ಪ',187',61',ಹೆಣ್ಣು',',KURUBA',KOOLI',NO'
ALQ1034560',ಗೋವಿಂದಪ್ಪ',ಗಂಗೋಜಪ್ಪ',187',50',ಗಂಡು',',KURUBA',FARMER',NO'
ALQ1034545',ಗಣೇಶ ಕೆ',ಕೆಂಪಯ್ಯ',187',48',ಗಂಡು',',KURUBA',FARMER',NO'
ALQ2583375',ಕೆ ಜಿ ವೆಂಕಟಚಲಾವತಿ',ಗಂಗಪ್ಪ',187',46',ಗಂಡು',',KURUBA',FARMER',NO'
MVJ1889476',ಕೆ ಜಿ ಕಾಂತಪ್ಪ',ಗಂಗಪ್ಪ',187',44',ಗಂಡು',',KURUBA',FARMER',NO'
ALQ1034552',ಕೆ ಜಿ ಶ್ರೀನಿವಾಸ',ಗಂಗೋಜಪ್ಪ',187',43',ಗಂಡು',YES',KURUBA',TRAFFIC POLICE',NO'
MVJ1891027',ಹನುಮಂತರಾಯಪ್ಪ',ಗಂಗಪ್ಪ',187',41',ಗಂಡು',',KURUBA',FARMER',NO'
MVJ1889351',ಹನುಮಕ್ಕ',ವೆಂಕಟಾಚಲಪತಿ',187',38',ಹೆಣ್ಣು',YES',KURUBA',PRIVATE JOB',NO'
MVJ4202222',ವಂಕಟಶಾಮಿಗೌಡ ಕೆ ವಿ',ವೆಂಕಟರವಣಪ್ಪ',187',37',ಗಂಡು',',KURUBA',BMTC',NO'
ALQ0415059',ಇಸುನಂದಮ್ಮ',ಗಣೇಶ್ ಕೆ',187',34',ಹೆಣ್ಣು',',KURUBA',FARMER',NO'
ALQ0414813',ಜಿ ನಾಗರಾಜು',ಗೋವಿಂದಪ್ಪ',187',32',ಗಂಡು',',KURUBA',PRIVATE JOB',NO'
ALQ2108389',ಅಧಿಲಕ್ಷ್ಮಮ್ಮ',ಗೋವಿಂದಪ್ಪ',187',29',ಗಂಡು',',KURUBA',HOUSE -WIFE',NO'
ALQ2475028',ಜಿ ಸುಧಾಮಣಿ',ಕೆ ವಿ ವೆಂಕಟಸ್ವಾಮಿ ಗೌಡ',187',26',ಹೆಣ್ಣು',',KURUBA',FARMER',NO'
ALQ3168168',ಚೈತ್ರಕೆ ವಿ',ವೆಂಕಟಚಲಪತಿ ಕೆಜಿ',187',19',ಹೆಣ್ಣು',',KURUBA',STUDENT',NO'
ALQ2583391',ತಿಮ್ಮಪ್ಪ',ದೊಡ್ಡನಾಗಪ್ಪ',190',69',ಗಂಡು',',KURUBA',FARMER',NO'
ALQ3005352',ಸುವರ್ಣಮ್ಮ ಆರ್',ಮಂಜುನಾಥ ಟಿ',190',30',ಹೆಣ್ಣು',',KURUBA',HOUSE -WIFE',NO'
ALQ2006138',ಮಂಜುನಾಥ',ತಿಮ್ಮಯ್ಯ',190',29',ಗಂಡು',',KURUBA',PRIVATE JOB',NO'
MVJ4202446',ನಾಗರಾಜಪ್ಪ',ದೊಡ್ಡನಾಗಪ್ಪ',191',65',ಗಂಡು',',KURUBA',FARMER',NO'
ALQ2438703',ಎನ್ ಅನಿಲ್ ಕುಮಾರ್',ನಾಗರಾಜಪ್ಪ',191',24',ಗಂಡು',',KURUBA',FARMER',NO'
ALQ2583409',ಈರಮ್ಮ',ಸದಾನಂದಪ್ಪ',192',61',ಹೆಣ್ಣು',',LINGAYATH',FARMER',NO'
ALQ1034586',ಸೋಮಕ್ಕ',ಸದಾನಂದಪ್ಪ',192',61',ಹೆಣ್ಣು',',LINGAYATH',FARMER',NO'
ALQ1033695',ಎಸ್ ವಿಜಯ ಕುಮಾರ್',ಲೇ ಸದಾನಂದಪ್ಪ',192',31',ಗಂಡು',YES',LINGAYATH',PRIVATE JOB',NO'
ALQ2006146',ಶಿವರಾಜ್ ಎಸ್ ತಾಯಿಯ',ಸೋಮ್ಮಕ್ಕ',192',30',ಗಂಡು',YES',LINGAYATH',PRIVATE JOB',NO'
ALQ2104784',ಬಸವರಾಜು',ಸದಾನಂದಪ್ಪ',192',27',ಗಂಡು',YES',LINGAYATH',PRIVATE JOB',NO'
ALQ3169802',ವಿಜಯಮ್ಮ ವಿ ಪಿ',ವಿಜಯ್ ಕುಮಾರ್',192',19',ಹೆಣ್ಣು',YES',LINGAYATH',PRIVATE JOB',NO'
ALQ1034594',ಕೆ ಎಸ್ ಗಂಗಾಧರಪ್ಪ',ಸುಬ್ಬರಾಯಪ್ಪ',193',79',ಗಂಡು',',LINGAYATH',AGED',NO'
ALQ2583417',ಗೌರಮ್ಮ',ಕೆ ಎಸ್ ಗಂಗಾಧರಪ್ಪ',193',69',ಹೆಣ್ಣು',DEATH',LINGAYATH',',NO'
MVJ1888213',ಜಿ ಮಲ್ಲಿಕಾರ್ಜುನಯ್ಯ',ಕೆ ಎಸ್ ಗಂಗಾಧರ',193',47',ಗಂಡು',',LINGAYATH',GOVERNMENT TEACHER',NO'
ALQ1812965',ಕೆ ಜಿ ಅನಂದಕುಮಾರ್',ಕೆ ಎಸ್ ಗಂಗಾಧರಪ್ಪ',193',47',ಗಂಡು',',LINGAYATH',BESCOM',NO'
ALQ1033703',ಕೆ ಜಿ ನಂಜುಂಡಯ್ಯ',ಕೆ ಎಸ್ ಗಂಗಾಧರ',193',44',ಗಂಡು',',LINGAYATH',',NO'
MVJ1890110',ಪಿ ಮಲ್ಲಮ್ಮ',ಜಿ ಮಲ್ಲಿಖಾರ್ಜುನಂ',193',40',ಹೆಣ್ಣು',',LINGAYATH',HOUSE -WIFE',NO'
MVJ4202214',ಕೆ ಜಿ ಲೋಕೇಶ',ಕೆ ಎಸ್ ಗಂಗಾಧರಪ್ಪ',193',37',ಗಂಡು',',LINGAYATH',BMTC',NO'
ALQ3045713',ವಿನಯ್ ಎಂ',ಜಿ ಮಲ್ಲಿಕಾರ್ಜುನಯ',193',22',ಗಂಡು',',LINGAYATH',STUDENT',NO'
ALQ3083334',ಎಂ ಯತೀಶ್',ಜಿ ಮಲ್ಲಿಕಾರ್ಜುನ',193',20',ಗಂಡು',',LINGAYATH',STUDENT',NO'
ALQ2583441',ಯಲ್ಲಮ್ಮ',ರಂಗಪ್ಪ',194',86',ಹೆಣ್ಣು',DEATH',',',NO'
ALQ2583425',ರಾಮಾಂಜನಪ್ಪ',ರಂಗಪ್ಪ',194',69',ಗಂಡು',',KURUBA',KURI',NO'
ALQ2583433',ಪುಟ್ಟಮ್ಮ',ರಾಮಾಂಜನಪ್ಪ',194',63',ಹೆಣ್ಣು',',KURUBA',HOUSE -WIFE',NO'
ALQ1034602',ಹನುಮಂತಪ್ಪ',ರಂಗಪ್ಪ',194',61',ಗಂಡು',',KURUBA',FARMER',NO'
ALQ1033711',ಅಶ್ವತ್ಥಪ್ಪ',ರಂಗಪ್ಪ',194',45',ಗಂಡು',',KURUBA',PRIVATE JOB',NO'
ALQ0414797',ಗಂಗಮ್ಮ',ಹನುಮಂತಪ್ಪ',194',40',ಹೆಣ್ಣು',',KURUBA',KOOLI',NO'
ALQ0414474',ಭಾರತಿ ಎನ್',ಅಶ್ವತಪ್ಪ',194',34',ಹೆಣ್ಣು',',KURUBA',GARMENTS',NO'
ALQ2583458',ನಂಜುಂಡಪ್ಪ',ಬಸಪ್ಪ',195',86',ಗಂಡು',',LINGAYATH',AGED',NO'
ALQ0073965',ಈರಮ್ಮ',ನಂಜುಂಡಪ್ಪ',195',79',ಹೆಣ್ಣು',',LINGAYATH',AGED',NO'
MVJ3469707',ಬಸವರಾಜು',ನಂಜುಂಡಪ್ಪ',195',59',ಗಂಡು',',LINGAYATH',FARMER',NO'
MVJ3616745',ಸಾವಿತ್ರಮ್ಮ',ಬಸವರಾಜು',195',53',ಹೆಣ್ಣು',',LINGAYATH',FARMER',NO'
MVJ1888783',ಆರ್ ನಾರಾಯಣಪ್ಪ',ರಾಮಾಂಜಿನಪ್ಪ',195',37',ಗಂಡು',',',',NO'
ALQ1033729',ಬಿ ನಂದೀಶ',ಬಸವರಾಜು',195',33',ಗಂಡು',',LINGAYATH',GARMENTS',NO'
ALQ2006088',ರತ್ನಮ್ಮ ಬಿ ಸಿ',ಆರ್ ನಾರಾಯಣ',195',29',ಹೆಣ್ಣು',',KURUBA',KOOLI',NO'
ALQ2006161',ಸೌಮ್ಯ ಬಿ',ಬಸವರಾಜಪ್ಪ',195',29',ಹೆಣ್ಣು',YES',LINGAYATH',PRIVATE JOB',NO'
ALQ2152189',ಅಶೋಕ್ ಕುಮಾರ್ ಬಿ',ಬಸವರಾಜು',195',27',ಗಂಡು',YES',LINGAYATH',PRIVATE JOB',NO'
ALQ1034628',ಸಾಕಮ್ಮ',ಗಂಗಾಧರಪ್ಪ',196',66',ಹೆಣ್ಣು',',KURUBA',FARMER',NO'
ALQ1034610',ಗಂಗಾಧರಪ್ಪ',ಈರಪ್ಪ',196',59',ಗಂಡು',',KURUBA',FARMER',NO'
MVJ1888809',ಈರಣ್ಣ',ಗಂಗಾಧರಪ್ಪ',196',38',ಗಂಡು',',KURUBA',KURI',NO'
ALQ1033737',ಆದಿನಾರಾಯಣ',ಗಂಗಾಧರಪ್ಪ',196',34',ಗಂಡು',',KURUBA',COOK',NO'
ALQ1813112',ಸಾವಿತ್ರಮ್ಮ',ಈರಣ್ಣ',196',30',ಹೆಣ್ಣು',',KURUBA',KOOLI',NO'
ALQ2967123',ಶೈಲಜಾ',ಆದಿನಾರಾಯಣ ಜಿ',196',25',ಹೆಣ್ಣು',',KURUBA',GARMENTS',NO'
ALQ1034636',ಅಂಜಿನಪ್ಪ',ದೊಡ್ಡನಾಗಪ್ಪ',197',56',ಗಂಡು',',KURUBA',POLITICAN',NO'
MVJ1889377',: ಅಶ್ವತ್ಥಪ್ಪ',ದೊಡ್ಡನಾಗಪ್ಪ',197',56',ಗಂಡು',',KURUBA',FARMER',NO'
MVJ3615507',ತಿಮ್ಮಕ್ಕ',ಅಂಜಿನಪ್ಪ',197',51',ಹೆಣ್ಣು',',KURUBA',FARMER',NO'
MVJ1890920',ಅಲುಮೇಲಮ್ಮ',ಅಶ್ವತ್ಥಪ್ಪ',197',46',ಹೆಣ್ಣು',',KURUBA',HOUSE -WIFE',NO'
ALQ2152163',ಸುರೇಶ್ ಏ',ಆಶ್ವತ್ತಪ್ಪ',197',27',ಗಂಡು',',KURUBA',FARMER',NO'
ALQ3008760',ಅಂಬರೀಶ್',ಅಂಜಿನಪ್ಪ',197',23',ಗಂಡು',',KURUBA',CART DRIVER',NO'
MVJ1887801',ದೊಡ್ಡನಾಗಪ್ಪ',ಅಂಜಿನಪ್ಪ',199',86',ಗಂಡು',',KURUBA',AGED',NO'
ALQ1034651',ಸಿ ರಾಜಕುಮಾರ್',ಚೆನ್ನರಾಯಪ್ಪ',200',43',ಗಂಡು',',EDIGA',KOOLI',NO'
ALQ0014944',ಸಿ ಸತ್ಯನಾರಾಯಣ',ಚನ್ನರಾಯಪ್ಪ',200',41',ಗಂಡು',',EDIGA',KOOLI',NO'
ALQ2583466',ಲಕ್ಷ್ಮಯ್ಯ',ಚನ್ನಪ್ಪ',201',69',ಗಂಡು',',EDIGA',FARMER',NO'
ALQ2583474',ಸಾವಿತ್ರಮ್ಮ',ಲಕ್ಷ್ಮಯ್ಯ',201',63',ಹೆಣ್ಣು',',EDIGA',HOUSE -WIFE',NO'
ALQ2583482',ಕೆ ಎಲ್ ನಾರಾಯಣಸ್ವಾಮಿ',ಲಕ್ಷ್ಮಯ್ಯ',201',48',ಗಂಡು',',EDIGA',FARMER',NO'
MVJ4202487',ಕಾಂತಮ್ಮ',ಕೆ ಎಲ್ ನಾರಾಯಣಸ್ವಾಮಿ',201',39',ಹೆಣ್ಣು',',EDIGA',FARMER',NO'
MVJ4202495',ಲಕ್ಷ್ಮೀದೇವಮ್ಮ',ಓಬಣ್ಣ',201',39',ಹೆಣ್ಣು',',EDIGA',HOUSE -WIFE',NO'
MVJ4202594',ಕಮಲಮ್ಮ',ಲಕ್ಷ್ಮಯ್ಯ',201',35',ಹೆಣ್ಣು',',EDIGA',HOMEE',YES'
ALQ2516755',ಅಂಬರೀಷ್',ಓಬಣ್ಣ',201',23',ಗಂಡು',',EDIGA',PRIVATE JOB',NO'
ALQ2583490',ರಾಮಕೃಷ್ಣಪ್ಪ',ರಾಮಯ್ಯ',202',74',ಗಂಡು',',SADRU',HOUSE -WIFE',NO'
ALQ2583508',ಗೌರಮ್ಮ',ರಾಮಕೃಷ್ಣಪ್ಪ',202',69',ಹೆಣ್ಣು',',SADRU',HOUSE -WIFE',NO'
MVJ3616653',ಆರ್ ಆಶ್ವತ್ಥ ಗೌಡ',ರಾಮಕೃಷ್ಣಪ್ಪ',202',38',ಗಂಡು',',SADRU',KSRTC',NO'
MVJ4202255',ಎಎ ಫುಷ್ಪವತಿ',ಅಶ್ವತ್ಥ ಗೌಡ',202',36',ಹೆಣ್ಣು',',SADRU',HOUSE -WIFE',NO'
ALQ3061991',ಶೋಭ ಆರ್',ರಾಮಣ್ಣ ಆರ್',203',29',ಹೆಣ್ಣು',',SADRU',HOUSE -WIFE',NO'
ALQ2583524',ಶಂಕರೇಗೌಡ ಜಿ',ಕೆ ಎಲ್ ಗಂಗಾಧರ',204',58',ಗಂಡು',',SADRU',HOUSE -WIFE',NO'
ALQ2583532',ರತ್ನಮ್ಮ ಎಸ್ ಎನ್',ಶಂಕರೇಗೌಡ ಜಿ',204',56',ಹೆಣ್ಣು',',SADRU',FARMER',NO'
ALQ1034669',ಎಸ್ ನವೀನ್ ಕುಮಾರ್',ಶಂಕರೇಗೌಡ',204',33',ಗಂಡು',YES',SADRU',BUSINESS',NO'
ALQ2152171',ಶಶಿರೇಖಾ',ಎಸ್ ನವೀನ ಕುಮಾರ್',204',29',ಹೆಣ್ಣು',',SADRU',HOUSE -WIFE',NO'
ALQ2583540',ಕೆ ಎಲ್ ಅಶ್ವತ್ಥಪ್ಪ',ಲಿಂಗಪ್ಪ',205',79',ಗಂಡು',',SADRU',FARMER',NO'
ALQ2583573',ರಾಮಚಂದ್ರಪ್ಪ',ಲಿಂಗಪ್ಪ',205',77',ಗಂಡು',',SADRU',FARMER',NO'
ALQ2583557',ತಿಪ್ಪಮ್ಮ',ರಾಮಚಂದ್ರಪ್ಪ',205',59',ಹೆಣ್ಣು',',SADRU',HOUSE -WIFE',NO'
MVJ4202768',ರಾಜೇಂದ್ರ',ಅಶ್ವತ್ಥಪ್ಪ',205',52',ಗಂಡು',YES',SADRU',PRIVATE JOB',NO'
ALQ2583565',ಪಧ್ಯಾವತಮ್ಮ',ಮಂಜುನಾಥ',205',45',ಹೆಣ್ಣು',',SADRU',PRIVATE JOB',NO'
ALQ2329175',ಚಂದ್ರಶೇಖರಗೌಡ',ಅಶ್ವತ್ತಪ್ಪ',205',42',ಗಂಡು',',SADRU',BORE REPAIR,FARMER'
ALQ1813120',ಆರ್ ಕಾಂತರಾಜು ಇತರೆ ಸಂಬಂಧಿಯ',ಮಂಜುನಾಥ',205',31',ಗಂಡು',DEATH',SADRU',',NO'
ALQ1813138',ಕೆ ರಾಧಮ್ಮ',ಕೆ ಎ ಚಂದ್ರಶೇಖರ್',205',31',ಹೆಣ್ಣು',',SADRU',HOUSE -WIFE',NO'
ALQ2329175',ನಂದಿಶ ಕೆ ಎಮ್',ಲೇಟ್ ಮಂಜುನಾಡ',205',25',ಗಂಡು',',SADRU',SERIAL LIGHT SHOP',NO'
ALQ3016904',ಬಿಂದುಕೆ ಎಂ',ಮಂಜುನಾಥ',205',21',ಹೆಣ್ಣು',',SADRU',HOUSE -WIFE',NO'
ALQ2583581',ಲಕ್ಷ್ಮೀದೇವಮ್ಮ',ವೆಂಕಟರವಣಪ್ಪ',207',68',ಹೆಣ್ಣು',',LINGAYATH',AGED',NO'
ALQ2583599',ಕೆ ವಿ ಶ್ರೀನಿವಾಸ',ವೆಂಕಟರವಣಪ್ಪ',207',46',ಗಂಡು',DEATH',',',NO'
ALQ0414540',ಬಿ ಸುನಿತ',ಕೆ ವಿ ಶ್ರೀನಿವಾಸ್',207',38',ಹೆಣ್ಣು',DEATTH',',',NO'
MVJ4202206',ಕೆ ವಿ ಲೋಕೇಶ್',ವೆಂಕಟರವಣಪ್ಪ',207',36',ಗಂಡು',YES',LINGAYATH',TEMPO DRIVER',NO'
ALQ0414532',ಜೆ ಭಾಗ್ಯಮ್ಮ',ಕೆ ವಿ ಲೋಕೇಶ್',207',34',ಹೆಣ್ಣು',',LINGAYATH',HOUSE -WIFE',NO'
ALQ3082401',SRI HARI S',ಶ್ರೀನಿವಾಸ ಕೆ ವಿ',207',20',ಗಂಡು',DEATH',',',NO'
ALQ0414698',ರಾಮಾಂಜನಪ್ಪ',ಗಂಗಾಧರಪ್ಪ',209',69',ಗಂಡು',',EDIGA',FARMER',NO'
ALQ0414680',ಲಕ್ಷ್ಮಮ್ಮ',ರಾಮಾಂಜನಪ್ಪ',2009',64',ಹೆಣ್ಣು',',EDIGA',FLOOR MILL',NO'
ALQ0414607',ಕೆ ಆರ್ ನಂಜುಂಡಯ್ಯ',ರಾಮಾಂಜಿನಪ್ಪ',209',36',ಗಂಡು',',EDIGA',FARMER',NO'
ALQ0414664',ಪ್ರಮೀಳ ಅರ್',ರಾಮಾಂಜಿನಪ್ಪ',209',33',ಹೆಣ್ಣು',DELETED',',DELETD',NO'
ALQ0414656',ಆರ್ ನಾಗರತ್ನಮ್ಮ',ರಾಮಾಂಜೀನಪ್ಪ',209',33',ಹೆಣ್ಣು',',EDIGA',PRIVATE JOB',NO'
ALQ0414672',ಅರ್ ಲಕ್ಷ್ಮೀ',ರಾಮಾಂಜಿನಪ್ಪ',209',31',ಹೆಣ್ಣು',',DELETED',',NO'
ALQ2393866',ಆರ್ ನಾಗೇಶ್',ರಾಮಾಂಜಿನಪ್ಪ',209',29',ಗಂಡು',YES',EDIGA',PRIVATE JOB',NO'
ALQ1034701',ಎನ್ ಅದಿಲಕ್ಷ್ಮಮ್ಮ',ಕೆ ಜ ತಿಮ್ಮರಾಯಪ್ಪ',210',52',ಹೆಣ್ಣು',',EDIGA',FARMER',NO'
ALQ0414839',ಟಿ ಮಂಜುನಾಥಗೌಡ',ತಿಮ್ಮರಾಯಪ್ಪ',210',35',ಗಂಡು',',EDIGA',KOOLI',NO'
ALQ1813252',ನಾಗಮಣಿ',ಟಿ ಮಂಜುನಾಥ ಗೌಡ',210',35',ಹೆಣ್ಣು',',EDIGA',FARMER',NO'
ALQ0414599',ಟಿ ಶಿವಶಂಕರ್',ತಿಮ್ಮರಾಯಪ್ಪ',210',32',ಗಂಡು',',EDIGA',FARMER',NO'
ALQ2428969',ವಿಜಯ ಲಕ್ಷ್ಮೀ ಜಿ',ಟಿ ಶಿವಶಂಕರ್',210',28',ಹೆಣ್ಣು',',EDIGA',HOUSE -WIFE',NO'
MVJ4202677',ದೇವಿ',ಅಂಜನಮೂರ್ತಿ',211',37',ಹೆಣ್ಣು',',EDIGA',FARMER',NO'
ALQ2152304',ಎ ಪ್ರಸನ್ನ ಕುಮಾರ್',ಅಂಜಿನಮೂರ್ತಿ',211',26',ಗಂಡು',',EDIGA',GARMENTS',NO'
ALQ2583623',ಕೆ ಜಿ ನಾಗರಾಜಪ್ಪ',ಗಂಗಾಧರಪ್ಪ',212',55',ಗಂಡು',',EDIGA',FARMER',NO'
MVJ4202669',ಕೆ ರವೀಂದ್ರಮ್ಮ',ಕೆ ಜಿ ನಾಗರಾಜಪ್ಪ',212',51',ಹೆಣ್ಣು',',EDIGA',ANGANAVADI TEACHAR',NO'
ALQ1813146',ನವೀನ್ ಕುಮಾರ್ ಎನ್',ಕೆ ಜಿ ನಾಗರಾಜಪ್ಪ',212',29',ಗಂಡು',',EDIGA',DRIVER',NO'
ALQ2152239',ಚೌಗಂಗಪ್ಪ',ಚೌಡಪ್ಪ',213',74',ಗಂಡು',',KURUBA',AGED',NO'
ALQ2583631',ಮುದ್ದುಗಂಗಮ್ಮ',ಗಂಗಪ್ಪ',213',69',ಹೆಣ್ಣು',',KURUBA',AGED',NO'
ALQ2583649',ಜಿ ಅಶ್ವತ್ತಪ್ಪ',ಗಂಗಪ್ಪ',213',46',ಗಂಡು',YES',KURUBA',PRIVATE JOB',NO'
ALQ2006104',ಜಿ ಅನಂದ',ಗಂಗಪ್ಪ',213',44',ಗಂಡು',YES',KURUBA',PRIVATE JOB',NO'
ALQ1034719',ಅಶ್ವತ್ಥಮ್ಮ',ಜಿ ಅಶ್ವತ್ಥಪ್ಪ',213',42',ಹೆಣ್ಣು',',KURUBA',HOME',NO'
MVJ1889468',ಗೋಪಿ ಜಿ',ಗಂಗಪ್ಪ',213',36',ಗಂಡು',',KURUBA',FARMER',NO'
ALQ2006104',ಮಂಜುಳ ಎಂ',ಜಿ ಆನಂದ',213',30',ಹೆಣ್ಣು',',KURUBA',HOUSE -WIFE',NO'
ALQ2231439',ಸಿ ಛಾಯ ಕುಮಾರಿ',ಜಿ ಗೋಪಿ',213',30',ಹೆಣ್ಣು',',KURUBA',HOUSE -WIFE',NO'
ALQ2955466',ಸುಧಾಕರ ಎ',ಅಶ್ವತ್ಥಪ್ಪ ಜಿ',213',23',ಗಂಡು',',',',NO'
ALQ1034727',ಶಿವಕುಮಾರಪ್ಪ',ಶಿವಣ್ಣ',214',57',ಗಂಡು',',LINGAYATH',FARMER',NO'
MVJ4202396',ಗೌರಮ್ಮ',ಶಿವಕುಮಾರಪ್ಪ',214',43',ಹೆಣ್ಣು',',LINGAYATH',HOUSE -WIFE',NO'
ALQ2231355',ಎಸ್ ವೀರಶೇಖರ',ಶಿವಕುಮಾರ',214',25',ಗಂಡು',',LINGAYATH',GARMENTS',NO'
ALQ2583656',ಕೆ ಎಸ್ ಮಹಂತೇಶಪ್ಪ',ಸುಬ್ಬರಾಯಪ್ಪ',215',61',ಗಂಡು',',LINGAYATH',KOOLI',NO'
ALQ0014076',ಸರೋಜಮ್ಮ',ಕೆ ಎಸ್ ಮಹಂತೇಶಪ್ಪ',215',54',ಹೆಣ್ಣು',',LINGAYATH',HOUSE -WIFE',NO'
ALQ1812981',ಶಿವಮ್ಮ',ಶಿವಣ್ಣ',217',75',ಹೆಣ್ಣು',',LINGAYATH',AGED',NO'
ALQ1034735',ಕೆ ಎ ಲಿಂಗಪ್ಪ',ಅಶ್ವತ್ಥಪ್ಪ',218',61',ಗಂಡು',',SADRU',AGED',NO'
MVJ4202339',ಜಯಲಕ್ಷ್ಮಮ್ಮ',ಲಿಂಗಪ್ಪ',218',53',ಹೆಣ್ಣು',',SADRU',HOUSE -WIFE',NO'
ALQ2006153',ರವಿಚಂದ್ರ ಕೆ ಎಲ್',ಕೆ ಲಿಂಗಪ್ಪ',218',29',ಗಂಡು',',SADRU',KSRTC',NO'
ALQ3045705',ಎನ್ ರಾಧ',ಕೆಎಲ್ ರವಿಚಂದ್ರ',218',28',ಹೆಣ್ಣು',',SADRU',HOUSE -WIFE',NO'
ALQ2583664',ರಂಗಮ್ಮ',ಕೃಷ್ಣಪ್ಪ',219',71',ಹೆಣ್ಣು',',SADRU',KOOLI',NO'
ALQ1034743',ಕೆ ಸಂಪತ್ತಕುಮಾರ',ಕ್ರಿಷ್ಣಪ್ಪ',219',47',ಗಂಡು',YES',SADRU',',NO'
ALQ1034768',ಕೆ ವಿಶ್ವನಾಥ',ಕ್ರಿಷ್ಣಪ್ಪ',219',39',ಗಂಡು',YES',SADRU',',NO'
ALQ1034750',ಕೋಕಿಲ',ಕೆ ಸಂಪತ್\u200cಕುಮಾರ್',219',37',ಹೆಣ್ಣು',YES',SADRU',',NO'
ALQ1034776',ಪ್ರಮೀಳಾ',ಕೆ ವಿಶ್ವನಾಥ',219',36',ಹೆಣ್ಣು',',',',NO'
ALQ0074740',ಕೆ ಎಲ್ ನಂಜುಂಡಪ್ಪ',ಲಿಂಗಪ್ಪ',220',70',ಗಂಡು',',SADRU',FARMER',NO'
ALQ1034784',ಸರೋಜಮ್ಮ',ನಂಜುಂಡಪ್ಪ',220',63',ಹೆಣ್ಣು',',SADRU',HOUSE -WIFE',NO'
MVJ1889989',ಕೆ ಎನ್ ಪ್ರದೀಪ್\u200cಕುಮಾರ್',ಕೆ ಎಲ್ ನಂಜುಂಡ',220',38',ಗಂಡು',',SADRU',UN EMPLOYE',NO'
ALQ1033984',ಪ್ರಭಾವತಿ ಆರ್',ಕೆ ಎನ್ ಪ್ರದೀಪ್ ಕುಮಾರ್',220',32',ಹೆಣ್ಣು',',SADRU',GARMENTS',NO'
ALQ0414466',ಎನ್ ದಿನೇಶ್ ಕುಮಾರ್',ನಂಜುಂಡಪ್ಪ',220',32',ಗಂಡು',',SADRU',FARMER',NO'
ALQ2583672',ನಂಜುಂಡಪ್ಪ',ನಂಜುಂಡಪ್ಪ',221',71',ಗಂಡು',',SADRU',AGED',NO'
ALQ1812999',ಲಿಂಗಮ್ಮ',ನಂಜುಂಡಪ್ಪ',221',63',ಹೆಣ್ಣು',',SADRU',AGED',NO'
ALQ1034792',ಅಶ್ವತ್ಥಪ್ಪ ಎನ್',ನಂಜುಂಡಪ್ಪ',221',51',ಗಂಡು',',SADRU',FOOD MAKER',NO'
ALQ1034818',ನಂಜೇಗೌಡ',ನಂಜುಂಡಪ್ಪ',221',42',ಗಂಡು',',SADRU',FARMER',NO'
ALQ1034800',ನಾಗಲಕ್ಷ್ಮಮ್ಮ',ಅಶ್ವಥಪ್ಪ',221',41',ಹೆಣ್ಣು',',SADRU',HOUSE -WIFE',NO'
ALQ0073593',ಲಕಿ ದೇವಿ',ನಂಜೇಗೌಡ',221',33',ಹೆಣ್ಣು',',SADRU',HOUSE -WIFE',NO'
ALQ3169810',ಹೇಮಲತಾ ಕೆ ಎ',ಅಶ್ವತ್ಥಪ್ಪ ಎನ್',221',19',ಹೆಣ್ಣು',',SADRU',STUDENT',NO'
MVJ1889625',ಹೆಚ್ ವೆಂಕಟಸ್ವಾಮಿ',ಹನುಮಂತರಾಯ',223',56',ಗಂಡು',',SADRU',HOUSE -WIFE',NO'
ALQ1034826',ಗಂಗಮ್ಮ',ಹೆಚ್ ವೆಂಕಟಸ್ವಾಮಿ',223',46',ಹೆಣ್ಣು',',SADRU',HOUSE -WIFE',NO'
ALQ0042036',ಹೆಚ್ ಗಂಗಾಧರಪ್ಪ',ಹನುಮಂತರಾಯ',223',46',ಗಂಡು',',SADRU',GARMENTS',NO'
ALQ1034842',ನಾಗಮಣಿ',ಹೆಚ್ ಗಂಗಾಧರಪ್ಪ',23',41',ಹೆಣ್ಣು',',SADRU',GARMENTS',NO'
ALQ0014670',ರಾಧಮ್ಮ',ಆರ್ ಸುರೇಶ್',223',31',ಹೆಣ್ಣು',',KURUBA',FARMER',NO'
ALQ2108249',ಶ್ರೀನಿವಾಸ ವಿ',ವೆಂಕಟಸ್ವಾಮಿ',23',27',ಗಂಡು',YES',SADRU',BIO-CEMICAL',NO'
ALQ3016896',ಲಲಿತ ವಿ',ಹೆಚ್ ವೆಂಕಟಸ್ವಾತ',223',21',ಹೆಣ್ಣು',',SADRU',STUDENT',NO'
ALQ3169828',ಶಶಿ ಕುಮಾರ್ ಜಿ',ಗಂಗಾಧರಪ್ಪ ಕೆ ಹೆಚ್',23',19',ಗಂಡು',',SADRU',STUDENT',NO'
MVJ3616646',ನಂಜುಂಡಪ್ಪ ಕೆ ಎಲ್',ಲಿಂಗಪ್ಪ',224',53',ಗಂಡು',',SADRU',FOOD MAKER',NO'
ALQ1034859',ಬ್ರಾಹ್ಮಲಮ್ಮ',ನಂಜುಂಡಪ್ಪ',224',41',ಹೆಣ್ಣು',',SADRU',HOUSE -WIFE',NO'
ALQ2428951',ಹರೀಶ ಕೆ ಎನ್',ನಂಜುಂಡಪ್ಪ',224',24',ಗಂಡು',',SADRU',CAR DRIVER',NO'
ALQ1034867',ಕಮಲಮ್ಮ',ಮುದ್ದಪ್ಪ',226',66',ಹೆಣ್ಣು',',SADRU',KOOLI',NO'
ALQ1033968',ಎಂ ಶಿವಲಿಂಗೇಗೌಡ',ಮುದ್ದೇಗೌಡ',226',38',ಗಂಡು',',SADRU',GARMENTS-DRIVER',NO'
ALQ1033950',ಎಂ ವೇಣುಗೋಪಾಲ',ಮುದ್ದಪ್ಪ',226',32',ಗಂಡು',',SADRU',AUTO DRIVER',NO'
ALQ2152296',ಸಾಗರ ಎಮ್',ಮುದ್ದಪ್ಪ',226',26',ಗಂಡು',YES',SADRU',FACTORY WORKER',NO'
ALQ0042044',ಅಶ್ವತ್ಥಪ್ಪ',ಗೌನಾರಾಯಣನ',227',74',ಗಂಡು',',SADRU',FARMER',NO'
MVJ1888940',ಮಲ್ಲಮ್ಮ',ಅಶ್ವತ್ತಪ್ಪ',227',74',ಹೆಣ್ಣು',',SADRU',HOUSE -WIFE',NO'
MVJ1889864',ನಂಜುಂಡಪ್ಪ',ನಾರಾಯಣಪ್ಪ',227',70',ಗಂಡು',',SADRU',FACTORY WORKER',NO'
MVJ1889484',ವೆಂಕಟರವಣಪ್ಪ',ಸೊರಪ್ಪ',227',61',ಗಂಡು',',SADRU',POLITICAL',NO'
ALQ1034883',ಜಯಮ್ಮ',ನಂಜುಂಡಪ್ಪ',227',51',ಹೆಣ್ಣು',',SADRU',FARMER',NO'
MVJ1888932',ಶಾಂತಮ್ಮ',ವೆಂಕಟೇಶಪ್ಪ',227',42',ಹೆಣ್ಣು',',SADRU',FARMER',NO'
ALQ1034891',ನಾಗರಾಜ',ಅಶ್ವತ್ಥಪ್ಪ',227',34',ಗಂಡು',',SADRU',HOME',YES'
ALQ1033976',ಎನ್ ಮೋಹನ್ ಕುಮಾರ್',ನಂಜುಂಡಪ್ಪ',227',32',ಗಂಡು',YES',SADRU',BUSINESS',NO'
ALQ2152262',ಆಶಾ ವಿ',ನಾಗರಾಜ',227',26',ಹೆಣ್ಣು',',SADRU',TYILOR',NO'
ALQ2485589',ಕೆ ವಿ ಗಂಗರಾಜು',ವೆಂಕಟೇಶ',227',23',ಗಂಡು',YES',SADRU',PRIVATE JOB',NO'
ALQ2955565',ಸುರೇಶ್ ಬಾಬು ಕೆ ವಿ',ಜಿ ಎಸ್ ವೆಂಕಟೇಶ್',227',22',ಗಂಡು',',SADRU',STUDENT',NO'
ALQ1034917',ಶಿವಕುಮಾರ್',ಚಿಕ್ಕನಂಜುಂಡಪ್ಪ',228',52',ಗಂಡು',',LINGAYATH',HOME',NO'
MVJ1888650',ನಾಗಮ್ಮ',ಶಿವಕುಮಾರ್',228',45',ಹೆಣ್ಣು',',LINGAYATH',HOME',NO'
ALQ2102119',ಕೆ ಎಸ್ ಚಂದ್ರಶೇಖರ',ಶಿವಕುಮಾರ್',228',27',ಗಂಡು',YES',LINGAYATH',PRIVATE JOB',NO'
ALQ2231389',ರವಿಕಿರಣ್ ಎಸ್',ಶಿವಕುಮಾರ್',228',25',ಗಂಡು',',LINGAYATH',STUDENT',NO'
ALQ1034925',ಗೌನಂಜುಂಡಪ್ಪ',ವೆಂಕಟರವಣಪ್ಪ',229',74',ಗಂಡು',',SADRU',AGED',NO'
ALQ1034933',ಸಾವಿತ್ರಮ್ಮ',ನಂಜುಂಡಪ್ಪ',229',72',ಹೆಣ್ಣು',',SADRU',AGED',NO'
MVJ1889005',ಕೆ ಎನ್ ಶ್ರೀನಿವಾಸ',ನಂಜುಂಡಪ್ಪ',229',43',ಗಂಡು',',SADRU',BMTC DRIVER',NO'
ALQ0414508',ಸಿ ಜಿ ಸುಧಾಮಣಿ',ಕೆ ಎನ್ ಶ್ರೀನಿವಾಸ್',229',37',ಹೆಣ್ಣು',',SADRU',HOUSE -WIFE',NO'
ALQ1813161',ಚಂದ್ರಕಲಾ',ಎನ್ ರಾಜು',229',34',ಹೆಣ್ಣು',',DEATH',',NO'
ALQ1034974',ಕೆ ಎಸ್ ಆನಂದತೀರ್ಥ',ಕೆ ವಿ ಸತ್ಯಭೀಮಾಚಾರ್',230',52',ಗಂಡು',',BRAHMIN',FARMER',NO'
ALQ1034966',ಎಸ್ ಪಿ ಜಲಜ',ಕೆ ಎಸ್ ನಾಗರಾಜ',230',50',ಹೆಣ್ಣು',',BRAHMIN',HOUSE -WIFE',NO'
ALQ2955573',ಸುಮ ಎ',ಕೆಎಸ್ ಆನಂದ ತೀರ್ಥ',230',22',ಹೆಣ್ಣು',',BRAHMIN',STUDENT',NO'
ALQ1034982',ನಾರಾಯಣಪ್ಪ',ನರಸಿಂಹಪ್ಪ',231',71',ಗಂಡು',',UPPARA',HOUSE -WIFE',NO'
ALQ1034990',ಗಂಗಮ್ಮ',ನಾರಾಯಣಪ್ಪ',231',64',ಹೆಣ್ಣು',',UPPARA',HOUSE -WIFE',NO'
ALQ1813179',ರತ್ನಮ್ಮ',ಗಂಗಾಧರಪ್ಪ ಎನ್',231',40',ಹೆಣ್ಣು',',UPPARA',GARMENTS',NO'
ALQ0414557',ಎನ್ ಗಂಗಾಧರ',ಜಾ ನಾರಾಯಣಪ್ಪ',231',38',ಗಂಡು',',UPPARA',GARMENTS',NO'
ALQ1033943',ಎನ್ ರೇವಣ್ಣ',ನಾರಾಯಣಪ್ಪ',231',32',ಗಂಡು',',UPPARA',GARMENTS',NO'
ALQ1035013',ರಾಮಕೃಷ್ಣಪ್ಪ',ನರಸಿಂಹಪ್ಪ',232',59',ಗಂಡು',',UPPARA',GOVERNMENT WATER MAN',NO'
ALQ1035021',ಲಕ್ಷ್ಮಮ್ಮ',ರಾಮಕೃಷ್ಣಪ್ಪ',232',54',ಹೆಣ್ಣು',',UPPARA',HOUSE -WIFE',NO'
ALQ2006120',ಶುಕ್ಲಾ ಆರ್',ರಾಮಕೃಷ್ಣಪ್ಪ',232',29',ಗಂಡು',',UPPARA',PVT-TEACHER',NO'
ALQ2152247',ನಾರಾಯಣಸ್ವಾಮಿ ಆರ್',ರಾಮಕೃಷ್ಣಪ್ಪ',232',26',ಗಂಡು',',UPPARA',POST MAN',NO'
ALQ3161221',ಗಂಗಲಕ್ಷ್ಮೀ ಎ',ಆರ್ ಶುಕ್ಲ',232',24',ಹೆಣ್ಣು',',UPPARA',HOUSE -WIFE',NO'
ALQ0074286',ಹನುಮಕ್ಕ',ರಂಗಪ್ಪ',233',63',ಹೆಣ್ಣು',',KURUBA',KOOLI',NO'
MVJ3615986',ನಾಗಭೂಷಣ',ರಂಗಪ್ಪ',233',36',ಗಂಡು',',KURUBA',FARMER',NO'
MVJ4202610',ನಾಗಮಣಿ',ನಾಗಭೂಷಣ',233',35',ಹೆಣ್ಣು',',KURUBA',HOUSE -WIFE',NO'
ALQ0014779',ಆರ್ ಸುರೇಶ್ ತಾಯಿಯ',ಹನುಮಕ್ಕ',233',35',ಗಂಡು',',KURUBA',FARMER',NO'
ALQ1033760',ಆರ್ ರವಿ ತಾಯಿಯ',ಹನುಮಕ್ಕ',233',33',ಗಂಡು',YES',KURUBA',PRIVATE JOB',NO'
ALQ3139540',ನಾಗಮಣಿ ಹೆಚ್',ಆರ್ ರವಿ',233',24',ಹೆಣ್ಣು',YES',KURUBA',HOUSE -WIFE',NO'
ALQ1035039',ಸೂಚಿಕ್ಕನಾಗಪ್ಪ',ಅಂಜಿನಪ್ಪ',234',69',ಗಂಡು',',DELETED',',NO'
ALQ1035047',ಚೌಡಮ್ಮ',ಚಿಕ್ಕನಾಗಪ್ಪ',234',67',ಹೆಣ್ಣು',',DEATH',',NO'
ALQ1035054',ರಾಮಾಂಜನಪ್ಪ',ಚಿಕ್ಕನಾಗಪ್ಪ',235',59',ಗಂಡು',',KURUBA',KURI',NO'
ALQ1035062',ಭಾಗ್ಯಮ್ಮ',ರಾಮಾಂಜನಪ್ಪ',235',53',ಹೆಣ್ಣು',',KURUBA',HOUSE -WIFE',NO'
ALQ2152197',ಅರ್ ಶಶಿಧರ',ರಾಮಾಂಜಿನಪ್ಪ',235',26',ಗಂಡು',YES',KURUBA',AMAZON WORKING',NO'
ALQ1035070',ನಂಜಮ್ಮ',ನಾರಾಯಣಪ್ಪ',236',59',ಹೆಣ್ಣು',',SADRU',HOUSE -WIFE',NO'
ALQ1035088',ಶಾರದಮ್ಮ',ನಂಜುಂಡಪ್ಪ',236',53',ಹೆಣ್ಣು',',SADRU',HOUSE-KEEPING',NO'
ALQ1035096',ಕೆ ವೈ ನಾಗರಾಜ',ಯಳ್ಳಪ್ಪ',236',45',ಗಂಡು',',DEATH',',NO'
MVJ1889765',ಎನ್ ಅಶೋಕ',ನಾರಾಯಣಪ್ಪ',236',36',ಗಂಡು',YES',GOWDA',BUSINESS',NO'
ALQ1033778',ಸುಧಾಮಣಿ ಬಿ ಪಿ',ಕೆ ವೈ ನಾಗರಾಜು',236',36',ಹೆಣ್ಣು',',GOWDA',HOUSE -WIFE',NO'
ALQ2152221',ಉಷಾ',ರೇವಣ್ಣ',236',34',ಹೆಣ್ಣು',YES',KURUBA',',NO'
ALQ2006112',ಕವಿತಾಜಿ',ಎ ಅಶೋಕ',236',29',ಹೆಣ್ಣು',',GOWDA',HOUSE -WIFE',NO'
MVJ1889609',ಶಂಕರಪ್ಪ ಎಲ್ ಶಂಕರಪ್ಪ ಎ',ಲಿಂಗಪ್ಪ',237',70',ಗಂಡು',',GOWDA',AGED',NO'
MVJ1889062',ರತ್ನಮ್ಮ',ನಂಜುಂಡಪ್ಪ',237',69',ಹೆಣ್ಣು',',GOWDA',KOOLI',NO'
ALQ1035104',ರಾಧಮ್ಮ',ಶಂಕರಪ್ಪ',237',44',ಹೆಣ್ಣು',',GOWDA',KOOLI',NO'
ALQ3168150',ರಚಿತ',ಶಂಕರಪ್ಪ',237',19',ಹೆಣ್ಣು',',GOWDA',HOUSE -WIFE',NO'
MVJ1889450',ರಾಮಚಂದ್ರಪ್ಪ',ಚನ್ನರಾಯಪ್ಪ',238',71',ಗಂಡು',',GOWDA',AGED',NO'
ALQ2438687',ಗಂಗಾಧರಪ್ಪ',ಚೆನ್ನರಾಯಪ್ಪ',238',64',ಗಂಡು',YES',GOWDA',BUSINESS',NO'
ALQ2438729',ರಾಧಮ್ಮ',ಗಂಗಾಧರಪ್ಪ',238',59',ಹೆಣ್ಣು',YES',GOWDA',HOUSE -WIFE',NO'
ALQ1035112',ಸುಮಿತ್ರಮ್ಮ',ರಾಮಚಂದ್ರಪ್ಪ',238',56',ಹೆಣ್ಣು',',GOWDA',HOUSE -WIFE',NO'
ALQ1035138',ಶ್ರೀರಾಮೇ ಗೌಡ ಕೆಸಿ',ಚನ್ನರಾಯಪ್ಪ',238',49',ಗಂಡು',',GOWDA',BMTC-DRIVER',NO'
ALQ0042127',ಲಕ್ಷ್ಮೀದೇವಮ್ಮ',ಗೊಪಾಲಪ್ಪ',238',41',ಹೆಣ್ಣು',',GOWDA',GOV-SCHOLL FOOD MAKER',NO'
ALQ1813187',ಕೆ ಶೋಭಾ',ಕೆ ಸಿ ಶ್ರೀರಾಮೇಗೌಡ',238',36',ಹೆಣ್ಣು',',GOWDA',HOUSE -WIFE',NO'
ALQ1033786',ನವಿನ್\u200cಕುಮಾರ್\u200c ಅರ್',ರಾಮಚಂದ್ರಪ್ಪ',238',35',ಗಂಡು',',GOWDA',PETROL BUNK',NO'
ALQ2006096',ಆನಂದಕುಮಾರ್ ಕೆ ಆರ್',ರಾಮಚಂದ್ರಪ್ಪ ಕೆ',238',29',ಗಂಡು',',GOWDA',FOOD MAKER',NO'
ALQ2136869',ಶಾಲಿನಿ ಆರ್',ಚಂದ್ರಶೇಕರ್',8',28',ಹೆಣ್ಣು',',GOWDA',FOOD MAKER',NO'
ALQ1035146',ರಾಮಕೃಷ್ಣಪ್ಪ',ಚನ್ನರಾಯಪ್ಪ',240',62',ಗಂಡು',',GOWDA',ELECTRITION',NO'
ALQ1035153',ರಾಧಮಣಿ',ರಾಮಕೃಷ್ಣಪ್ಪ',240',56',ಹೆಣ್ಣು',',GOWDA',HOUSE -WIFE',NO'
ALQ0015008',ಕೆ ಆರ್ ಲೋಕೇಶ್',ರಾಮಕೃಷ್ಣಪ್ಪ',240',33',ಗಂಡು',',DELETED',',NO'
ALQ1813195',ಕೆ ಆರ್ ಸತೀಶ್',ರಾಮಕೃಷ್ಣಪ್ಪ',2400',30',ಗಂಡು',',GOWDA',BMTC DRIVER',NO'
ALQ2967115',ಸಾತ್ಮಿಕ ಕೆ',ಕೆಆರ್ ಲೋಕೇಶ್',240',28',ಹೆಣ್ಣು',',DELETED',',NO'
ALQ3047131',ಕೆ ವಿ ಗಾಯಿತ್ರಿ',ಕೆ ಆರ್ ಸತೀಶ್',240',28',ಹೆಣ್ಣು',',GOWDA',HOUSE -WIFE',NO'
ALQ1035161',ನರಸಿಂಹಪ್ಪ',ಅಂಜಿನಪ್ಪ',242',59',ಗಂಡು',',SC',FARMER',NO'
MVJ1889195',ನಾರಾಯಣಮ್ಮ',ನರಸಿಂಹಪ್ಪ',242',59',ಹೆಣ್ಣು',',SC',GP-MEMBER',NO'
MVJ1890813',ಹನುಮಂತಪ್ಪ',ಅಂಜನಪ್ಪ',242',43',ಗಂಡು',',SC',FARMER',NO'
MVJ1889260',ಶೋಭ',ಹನುಮಂತಪ್ಪ',242',38',ಹೆಣ್ಣು',',SC',FARMER',NO'
ALQ2136877',ರಾಧಮ್ಮ',ಏ ಅಂಜಿನಪ್ಪ',242',33',ಹೆಣ್ಣು',',SC',HOUSE -WIFE',NO'
ALQ3211539',ನವೀನ್ ಹೆಚ್',ಹನುಮಂತಪ್ಪ',242',20',ಗಂಡು',',SC',PRIVATE JOB',NO'
ALQ1035179',ಚಿಕ್ಕಮಣ್ಣಿ',ನಾರಾಯಣಪ್ಪ',243',71',ಗಂಡು',',DELETED',',NO'
ALQ1035187',ನಾಗರಾಜ',ನಾರಾಯಣಪ್ಪ',243',51',ಗಂಡು',',SC',KOOLI',NO'
ALQ0074815',ವೆಂಕಟಲಕ್ಷ್ಮಮ್ಮ',ನಾಗರಾಜ',243',46',ಹೆಣ್ಣು',',SC',KOOLI',NO'
MVJ1888981',ತಿಪ್ಪಕ್ಕ',ಆನಂದ',243',39',ಹೆಣ್ಣು',',SC',KOOLI',NO'
ALQ2116911',ನರಸಿಂಹಮೂರ್ತಿ ಎನ್',ನಾಗರಾಜ್',243',27',ಗಂಡು',',SC',KOOLI',NO'
ALQ3016854',ಮಮತ ಎನ್',ನಾಗರಾಜು',243',22',ಹೆಣ್ಣು',YES',SC',HOUSE -WIFE',NO'
ALQ3016847',ಪದ್ಮಶ್ರೀ',ಆನಂದ',243',21',ಹೆಣ್ಣು',YES',SC',HOUSE -WIFE',NO'
ALQ1035203',ಮುತ್ತಮ್ಮ',ಆಂಜಿನಪ್ಪ',244',76',ಹೆಣ್ಣು',',DELETED',',NO'
ALQ1035211',ತಿಪ್ಪೆರುದ್ರಪ್ಪ',ಆಂಜಿನಪ್ಪ',244',49',ಗಂಡು',',SC',KOOLI-POOJARI',NO'
ALQ1035229',ನರಸಮ್ಮ',ತಿಪ್ಪೆರುದ್ರಪ್ಪ',244',44',ಹೆಣ್ಣು',',SC',KOOLI',NO'
ALQ2428944',ನಾಗಮ್ಮ',ಅಶ್ವತ್ಥಪ್ಪ',244',40',ಹೆಣ್ಣು',',SC',HOUSE -WIFE',NO'
ALQ2106102',ವೆಂಕಟೇಶ ಟಿ',ತಿಪ್ಪೆರುದ್ರಪ್ಪ',244',27',ಗಂಡು',YES',SC',PRIVATE JOB',NO'
ALQ2231447',ಡಿ ನಾರಾಯಣ ಸ್ವಾಮಿ',ತಿಪ್ಪೇರುದ್ರಯ್ಯ',244',25',ಗಂಡು',',SC',HOME',YES'
ALQ0074781',ಗಂಗಾಧರಪ್ಪ',ಕೃಷ್ಣಪ್ಪ',245',62',ಗಂಡು',',SC',SELF EMPLOYED',NO'
ALQ1035237',ನಾರಾಯಣಮ್ಮ',ಗಂಗಾಧರಪ್ಪ',245',51',ಹೆಣ್ಣು',',SC',HOUSE -WIFE',NO'
ALQ1813203',ಜಿ ರಾಮಕೃಷ್ಣ',ಗಂಗಾಧರಪ್ಪ',245',33',ಗಂಡು',',SC',GAARE',NO'
ALQ2356467',ರಾಧಮ್ಮ',ಜಿ ರಾಮಕೃಷ್ಣಪ್ಪ',245',29',ಹೆಣ್ಣು',',SC',GAARE',NO'
ALQ3161155',ಗಂಗರಾಜು ಎನ್',ನಾರಾಯಣಸ್ವಾಮಿ',245',21',ಗಂಡು',YES',SC',PRIVATE JOB',YES'
ALQ2583698',ಗಂಗಮ್ಮ',ನಾರಾಯಣಪ್ಪ',247',66',ಹೆಣ್ಣು',',SC',KOOLI',NO'
MVJ1888759',ರಾಮಚಂದ್ರಪ್ಪ',ನಾರಾಯಣಪ್ಪ',247',38',ಗಂಡು',',SC',KOOLI',NO'
ALQ2583706',ಗಂಗಪ್ಪ',ಮಾಳೂರಪ್ಪ',248',69',ಗಂಡು',',KURUBA',AGED',NO'
ALQ2583714',ಚೌಡಮ್ಮ',ಗಂಗಪ್ಪ',248',64',ಹೆಣ್ಣು',',KURUBA',HOUSE -WIFE',NO'
ALQ1813211',ಸುವರ್ಣಮ್ಮ',ನಾರಾಯಣಪ್ಪ',248',39',ಹೆಣ್ಣು',',KURUBA',KURI',NO'
ALQ1035252',ಜಿ ಗೋಪಾಲಪ್ಪ',ಗಂಗಪ್ಪ',248',38',ಗಂಡು',',DEATH',',NO'
MVJ1888791',ನಾರಾಯಣಪ್ಪ',ಗಂಗಪ್ಪ',248',38',ಗಂಡು',',KURUBA',KURI',NO'
ALQ1813229',ಬೀಬೀಜಾನ್',ಎಸಾನ್ ಸಾಬಿ',249',46',ಹೆಣ್ಣು',',MUSLIM',KOOLI',NO'
ALQ0414565',ಏಸನ್ ಸಾಬಿ ಇತರೆ ಸಂಬಂಧಿಯ',ಬಿಬಿಜಾನ್',249',46',ಗಂಡು',YES',MUSLIM',MISSING',NO'
ALQ3016870',ಸಲ್ಮಎ',ಏಸಾನ್ ಸಾಬಿ',249',22',ಹೆಣ್ಣು',YES',MUSLIM',HOUSE -WIFE',NO'
ALQ0075085',ದ್ಯಾವಮ್ಮ',ನಂಜುಂಡಪ್ಪ',250',70',ಹೆಣ್ಣು',',UPPARA',KOOLI',NO'
ALQ1035260',ನಂಜುಂಡಪ್ಪ',ಹೋಬಳಪ್ಪ',250',69',ಗಂಡು',',UPPARA',KOOLI',NO'
MVJ1890847',ಎನ್ ನರಸಿಂಹಮೂರ್ತಿ',ನಂಜುಂಡಪ್ಪ',250',37',ಗಂಡು',',UPPARA',BMTC-DRIVER',NO'
ALQ2152288',ಜ್ಯೋತಿ ಎಸ್',ಎನ್ ನರಸಿಂಹಮೂರ್ತಿ',250',25',ಹೆಣ್ಣು',',UPPARA',HOUSE -WIFE',NO'
ALQ1035278',ಓಬಳಪ್ಪ',ಓಬಳಪ್ಪ',251',66',ಗಂಡು',',UPPARA',KOOLI',NO'
ALQ2583722',ನಾಗಮ್ಮ',ಹೋಬಳಪ್ಪ',251',51',ಹೆಣ್ಣು',',UPPARA',HOUSE -WIFE',NO'
ALQ2955581',ಗಂಗರಾಜು ಕೆ ಓ',ಓಬಳಪ್ಪ',251',22',ಗಂಡು',',UPPARA',PRIVATE JOB',NO'
ALQ2583730',ಈರಮ್ಮ',ನಂಜುಂಡಪ್ಪ',252',81',ಹೆಣ್ಣು',',LINGAYATH',AGED',NO'
MVJ1888957',ಗಂಗರತ್ನಮ್ಮ',ಈಶ್ವರಪ್ಪ',252',55',ಹೆಣ್ಣು',',',',NO'
ALQ1035294',ಗಂಗಾಧರಪ್ಪ',ನಂಜುಂಡಪ್ಪ',252',51',ಗಂಡು',',LINGAYATH',KOOLI',NO'
MVJ1888833',ನೀಲಮ್ಮ',ಮಲ್ಲಪ್ಪ',252',39',ಹೆಣ್ಣು',',LINGAYATH',KOOLI',NO'
MVJ1888841',ರತ್ನಮ್ಮ',ಗಂಗಾಧರಪ್ಪ',252',39',ಹೆಣ್ಣು',',LINGAYATH',KOOLI',NO'
ALQ2219095',ನಂದೀಶ',ಈಶ್ವರಪ್ಪ',252',28',ಗಂಡು',yes',LINGAYATH',KOOLI',NO'
ALQ3083300',ಪ್ರಶಾಂತ್ ಎಂ',ಮಲ್ಲಪ್ಪ',252',20',ಗಂಡು',',LINGAYATH',KOOLI',NO'
ALQ2583748',ಗಂಗಮ್ಮ',ನಂಜುಂಡಪ್ಪ',253',75',ಹೆಣ್ಣು',',DELETED',',NO'
ALQ1035302',ಭೋಗೆಶ್',ನಂಜುಂಡಪ್ಪ',253',48',ಗಂಡು',',LINGAYATH',FOOD MAKER',NO'
MVJ1888148',ಸುರೇಶ್ ಕುಮಾರ್',ಚಿಕ್ಕಮುನಿಯಪ್ಪ',253',46',ಗಂಡು',',LINGAYATH',GAARE',NO'
ALQ2583755',ಗಂಗಮ್ಮ',ಸುರೇಶ್\u200cಕುಮಾರ್',253',44',ಹೆಣ್ಣು',',LINGAYATH',GAARE',NO'
ALQ0074062',ಪಾರ್ವತಮ್ಮ',ಭೋಗೆಶ್',253',43',ಹೆಣ್ಣು',',LINGAYATH',KOOLI',NO'
ALQ2231421',ನವೀನ ಬಿ',ಬೊಗೆಶಪ್ಪ',253',25',ಗಂಡು',YES',LINGAYATH',PRIVATE JOB',NO'
ALQ3169760',ಕಾವ್ಯ ಎಸ್',ಸುರೇಶ್ ಕುಮಾರ್',253',19',ಹೆಣ್ಣು',',LINGAYATH',STUDENT',NO'
ALQ0414524',ಪಾಪಮ್ಮ',ಮುದ್ದಪ್ಪ',254',80',ಹೆಣ್ಣು',',SADRU',AGED',NO'
MVJ1890698',ಅದಿಲಕ್ಷ್ಮಮ್ಮ',ಚೌಡಪ್ಪ',254',70',ಹೆಣ್ಣು',',KURUBA',HOUSE -WIFE',NO'
ALQ1035310',ಚೌಡಪ್ಪ',ಈರಪ್ಪ',254',61',ಗಂಡು',',KURUBA',KURI',NO'
ALQ2583763',ಲಕ್ಷ್ಮಮ್ಮ',ಚೌಡಪ್ಪ',254',56',ಹೆಣ್ಣು',',DEATH',',NO'
ALQ2347029',ಗಾಯತ್ರಿ ಎ',ಅಶ್ವತ್ಥನಾರಾಯಣ',254',33',ಹೆಣ್ಣು',',KURUBA',HOUSE -WIFE',NO'
ALQ2109288',ಅಶ್ವತ್ಥನಾರಾಯಣ ಕೆ',ಚೌಡಪ್ಪ',254',27',ಗಂಡು',',KURUBA',KOOLI',NO'
ALQ1035328',ನಾರಾಯಣಪ್ಪ',ಈರಪ್ಪ',255',52',ಗಂಡು',',KURUBA',FARMER',NO'
ALQ1035336',ಜಯಮ್ಮ',ನಾರಾಯಣಪ್ಪ',255',51',ಹೆಣ್ಣು',',KURUBA',HOUSE -WIFE',NO'
MVJ1890953',ಆದಮ್ಮ',ಲಕ್ಷ್ಮಪ್ಪ',256',46',ಹೆಣ್ಣು',',KURUBA',KOOLI',NO'
ALQ2006237',ಈರಣ್ಣ ತಾಯಿಯ',ಆದಮ್ಮ',256',29',ಗಂಡು',',KURUBA',GARMENTS',NO'
ALQ3045697',ಎಲ್ ನಾಗರಾಜ',ಲಕ್ಷ್ಮಪ್ಪ',256',23',ಗಂಡು',',KURUBA',KURI',NO'
MVJ4202602',ಶಾರದಮ್ಮ',ಚನ್ನರಾಯಪ್ಪ',257',71',ಹೆಣ್ಣು',',EDIGA',HOUSE -WIFE',NO'
ALQ2583771',ಚನ್ನರಾಯಪ್ಪ',ಚಿನ್ನಪ್ಪ',257',66',ಗಂಡು',',EDIGA',FARMER',NO'
ALQ1035344',ಸಿ ನಾಗರಾಜ',ಚನ್ನರಾಯಪ್ಪ',257',40',ಗಂಡು',',EDIGA',HOME',YES'
MVJ4202461',ಸಿ ಭಾಗ್ಯಮ್ಮ',ಹರೀಶ್',257',38',ಹೆಣ್ಣು',',EDIGA',GARMENTS',NO'
ALQ1813260',ಅನಿಲ್ ಕುಮಾರ್ ಸಿ',ಚನ್ನರಾಯಪ್ಪ',257',31',ಗಂಡು',',EDIGA',FARMER',NO'
ALQ2429983',ಹರೀಷ್',ಕೃಷ್ಣಪ್ಪ',257',31',ಗಂಡು',',EDIGA',FARMER',NO'
ALQ0074922',ಶಾಂತಮ್ಮ',ಚಿಕ್ಕಪ್ಪಯ್ಯ',258',55',ಹೆಣ್ಣು',',KURUBA',KURI',NO'
ALQ2583789',ರಾಮಂಜನಪ್ಪ',ಹನುಮಂತರಾಯ',259',67',ಗಂಡು',',KURUBA',KURI',NO'
ALQ2583797',ಲಕ್ಕಿ ಲಕ್ಷ್ಮೀಕಾಂತಮ್ಮ',ರಾಮಂಜನಪ್ಪ',259',57',ಹೆಣ್ಣು',',KURUBA',HOUSE -WIFE',NO'
ALQ0014985',ಆರ್ ಮಂಜುನಾಥ್',ರಾಮಾಂಜಿನಪ್ಪ',259',34',ಗಂಡು',',KURUBA',GARMENTS',YES'
ALQ2339299',ಎಸ್ ಅರ್ ಅನುಸೂಯ',ಮಂಜುನಾಥ ಆರ್',259',29',ಹೆಣ್ಣು',',KURUBA',HOUSE -WIFE',NO'
ALQ2152270',ಗಿರೀಶ್ ಆರ್',ರಾಮಾಂಜಿನಪ್ಪ',259',26',ಗಂಡು',',KURUBA',GARMENTS',NO'
ALQ1035369',ಆಂಜಿನಮ್ಮ',ಹನುಮಪ್ಪ',260',63',ಹೆಣ್ಣು',',KURUBA',AGED',NO'
ALQ1035377',ವೆಂಕಟೇಶ',ಹನುಮಪ್ಪ',260',43',ಗಂಡು',',KURUBA',FARMER',NO'
MVJ1888254',ಅಶ್ವತ್ಥಮ್ಮ',ವೆಂಕಟೇಶ',260',43',ಹೆಣ್ಣು',',KURUBA',HOUSE -WIFE',NO'
ALQ2393692',ದೇವರಾಜ್ ಕೆ ವಿ',ವೆಂಕತೇಶ',260',24',ಗಂಡು',',KURUBA',STUDENT',NO'
ALQ3062007',ಪ್ರಸನ್ನ ಕುಮಾರ್ ಕೆವಿ',ವೆಂಕಟೇಶ',260',23',ಗಂಡು',',KURUBA',STUDENT',NO'
ALQ1035385',ಚೆಕ್ಕಕೊಂಡಪ್ಪ',ವೆಂಕಟಪ್ಪ',61',76',ಗಂಡು',',EDIGA',AGED',NO'
ALQ1035393',ಆದಮ್ಮ',ಚಿಕ್ಕಕೊಂಡಪ್ಪ',261',69',ಹೆಣ್ಣು',',EDIGA',AGED',NO'
ALQ1035419',ಶ್ರೀರಾಮಪ್ಪ',ಪುಟ್ಟಪ್ಪ',262',49',ಗಂಡು',',EDIGA',FARMER',NO'
MVJ1888130',ಕೆ ಪಿ ಅಶ್ವತ್ಥಪ್ಪ',ಪುಟ್ಟಪ್ಪ',262',46',ಗಂಡು',',EDIGA',KOOLI',NO'
ALQ0073726',ಕೆ ಪಿ ನಾರಾಯಣ',ಪುಟ್ಟಪ್ಪ',62',42',ಗಂಡು',YES',EDIGA',KOOLI',NO'
MVJ1888643',ಗೌರಮ್ಮ',ಶ್ರೀರಾಮಪ್ಪ',262',42',ಹೆಣ್ಣು',',EDIGA',HOUSE -WIFE',NO'
MVJ1888882',ಕಾಂತಮ್ಮ',ಕೆ ಪಿ ಅಶ್ವತ್ಥಪ್ಪ',262',41',ಹೆಣ್ಣು',YES',EDIGA',PRIVATE JOB',NO'
MVJ1889427',ಮಂಜಮ್ಮ',ಕೆ ಪಿ ನಾರಾಯಣಪ್ಪ',262',40',ಹೆಣ್ಣು',YES',EDIGA',',NO'
ALQ0414490',ಮಲ್ಲಿಕಾ',ನಾರಾಯಣ ಕೆ ಪಿ',262',32',ಹೆಣ್ಣು',YES',EDIGA',KOOLI',NO'
ALQ2113686',ಸಚಂದ್ರಶೇಕರ್',ಶ್ರೀರಾಮಾಪ್ಪ',262',27',ಗಂಡು',',EDIGA',AUTO DRIVER',NO'
ALQ3005345',ಪುನಿತ್ ಕುಮಾರ್ ಕೆಎ',ಅಶ್ವತ್ಥಪ್ಪ ಕೆಪಿ',262',25',ಗಂಡು',YES',EDIGA',ELECTRICIAN',NO'
ALQ3045721',ಸಂತೋಷ್ ಕುಮಾರ್ ಎಸ್',ಶ್ರೀರಾಮಪ್ಪ',262',21',ಗಂಡು',',EDIGA',STUDENT',NO'
ALQ1035435',ಗಂಗರತ್ನಮ್ಮ',ಸೀನಪ್ಪ',263',51',ಹೆಣ್ಣು',',EDIGA',KOOLI',NO'
ALQ1033885',ಎಸ್ ರಮೇಶ್',ಸೀನಪ್ಪ',263',34',ಗಂಡು',',EDIGA',KOOLI',NO'
ALQ0415026',ಶಿವಕುಮಾರ್ ಎಸ್',ಸೀನಪ್ಪ',263',32',ಗಂಡು',',EDIGA',WELDING',NO'
MVJ1888171',ಜಿ ಬಲರಾಮಯ್ಯ',ಗಂಗಾಧರಪ್ಪ',265',40',ಗಂಡು',',KURUBA',PRIVATE JOB',NO'
ALQ3169794',ಹೇಮಂತರಾಜುಆರ್',ರಂಗೇಗೌಡ',271',20',ಗಂಡು',',KURUBA',STUDENT',NO'
ALQ0073783',ರಮೇಶ',ಹನುಮಂತರಾಯ',272',39',ಗಂಡು',',KURUBA',FARMER',NO'
ALQ0074245',ವಿ ಹೆಚ್ ಸುಕನ್ಯ',ಹೆಚ್ ರಮೇಶ್',272',33',ಹೆಣ್ಣು',',KURUBA',HOUSE -WIFE',NO'
ALQ2583821',ಲಕ್ಷ್ಮಮ್ಮ',ಗೋಪಾಲಪ್ಪ',524',70',ಹೆಣ್ಣು',',KURUBA',KOOLI',NO'
MVJ4202529',ಸಂಜೀವಮ್ಮ',ಬಿ ಕ್ರಿಷ್ಣಪ್ಪ',154/1',50',ಹೆಣ್ಣು',',SC',KOOLI',NO'
MVJ4202503',ಪ ಕ್ರಿಷ್ಣಪ್ಪ ಇತರೆ ಸಂಬಂಧಿಯ',ಬಿ ಅಶ್ವತ್ಥಪ್ಪ',154/1',59',ಗಂಡು',',SC',BATTE WORKER',NO'
ALQ3045903',ಕೆನರಸಿಂಹಮೂರ್ತಿ',ಬಿ ಕೃಷ್ಣಪ್ಪ',154/1',34',ಗಂಡು',',SC',KOOLI',NO'
ALQ2472009',ಎನ್ ವೀಣಾ',ನರಸಿಂಹಮೂರ್ತಿ',154/1',32',ಹೆಣ್ಣು',',SC',KOOLI',NO'
ALQ2471985',ಎಮ್ ಮುನಿರತ್ನಮ್ಮ',ವೆಂಕಟೇಶ್ ಕೆ',154/1',28',ಹೆಣ್ಣು',YES',SC',HOUSE -WIFE',NO'
ALQ3139730',ಆರ್ ಅಮೀರ್ ಜಾ',ರಸೂಲ್ ಸಾಬ್',166/1',55',ಗಂಡು',',MUSLIM',KOOLI',NO'
ALQ1034446',ಸುನಿತ ತಾಯಿಯ',ಸಾಕಮ್ಮ',179/1',36',ಹೆಣ್ಣು',',DELETED',',NO'
ALQ1034578',ಶ್ಯಾಮಲಮ್ಮ',ಹನುಮಂತರಾಯಪ್ಪ',187/4',38',ಹೆಣ್ಣು',',SC',KOOLI',NO'
MVJ1888262',ಜಿ ಹೊನ್ನಯ್ಯ',ಗಂಗಪ್ಪ',187/5',43',ಗಂಡು',',KURUBA',KURI',NO'
ALQ1033679',ಕೆ ಜಿ ಹನುಮಂತರಾಯಪ್ಪ',ಗಂಗೋಜಪ್ಪ',187/5',41',ಗಂಡು',',KURUBA',KOOLI',NO'
ALQ0074880',ಆರ್ ಜಗದೀಶ್',ರಾಮಚಂದ್ರಪ್ಪ',205/1',36',ಗಂಡು',YES',SADRU',BUSINESS',NO'
ALQ0015347',ನಾಗಮಣಿ ಎಸ್',ಸತ್ಯನಾರಾಯಣ',227/1',37',ಹೆಣ್ಣು',',SADRU',HOUSE -WIFE',NO'
ALQ0015339',ಸತ್ಯನಾರಾಯಣ',ನಂಜುಂಡಪ್ಪ',227/1',36',ಗಂಡು',',SADRU',FARMER',NO'
ALQ2485829',ಹರಪ್ಪ',ಅಲಿಯಪ್ಪ',233/1',48',ಗಂಡು',',KURUBA',FARMER',NO'
ALQ2486157',ಗಂಗಮ್ಮ',ಹರಪ್ಪ',233/1',44',ಹೆಣ್ಣು',',KURUBA',HOUSE -WIFE',NO'
ALQ2516763',ಹೆಚ್ ಮೈಲಾರ ಲಿಂಗ',ಹರಪ್ಪ',233/1',23',ಗಂಡು',',KURUBA',GARMENTS',NO'
MVJ3616109',ನಾರಾಯಣಪ್ಪ',ತಿಮಯ್ಯ',236/1',68',ಗಂಡು',',DELETED',',NO'
MVJ1889971',ಎನ್ ಅನಿಲ್\u200cಕುಮಾರ್',ನಾರಾಯಣಪ್ಪ',236/1',36',ಗಂಡು',',SADRU',PRIVATE JOB',NO'
ALQ3016862',ರಾಧ',ಎನ್ ಅನಿಲ್ ಕುಮಾರ್',236/1',23',ಹೆಣ್ಣು',',SADRU',HOUSE -WIFE',NO'
MVJ1888551',ಆರ್ ಚಂದ್ರಶೇಖರ್',ರಾಮಚಂದ್ರಪ್ಪ',238/1',35',ಗಂಡು',',SADRU',GARMENTS',NO'
ALQ2116051',ಹೆಚ್ ಲಿಂಗಣ್ಣ',ಲೇಟ್ ಹನುಮಂತಪ್ಪ',1',70',ಗಂಡು',',KURUBA',RE-FOOD INPECTER',NO'
ALQ2111482',ಜಿ ರಾಜಮ್ಮ',ಹೆಚ್ ಲಿಂಗಣ್ಣ',1',66',ಹೆಣ್ಣು',',KURUBA',HOUSE -WIFE',NO'
ALQ2136885',ಆರತಿ ಜಿ ಕೆ',ರಾಜ್ ಕುಮಾರ್',152',36',ಹೆಣ್ಣು',YES',KURUBA',',NO'
ALQ1034958',ಕೆ ಎಸ್ ನಾಗರಾಜ',ಕೆ ವಿ ಸತ್ಯಭೀಮಾಚಾರ್',230',64',ಗಂಡು',',BRAHMIN',POOJARI',NO'
ALQ2583805',ಅಶ್ವತ್ಥಮ್ಮ',ಜಡೆನಾರಾಯಣಪ್ಪ',264',79',ಹೆಣ್ಣು',',KURUBA',AGED',NO'
MVJ1890003',ಜಯಮ್ಮ',ಜಡೆನಾರಾಯಣ',264',49',ಹೆಣ್ಣು',',KURUBA',KOOLI',NO'
ALQ2583813',ತಾಯಮ್ಮ',ಗಂಗಾಧರಪ್ಪ',265',61',ಹೆಣ್ಣು',',KURUBA',KOOLI',NO'
ALQ2331429',ವಿ ಎ ನಾಗಮಣಿ',ಬಲರಾಮಯ್ಯ ಜಿ',265',26',ಹೆಣ್ಣು',',KURUBA',HOUSE -WIFE',NO'
ALQ1035450',ಕೆ ಎಂ ರಾಮಚಂದ್ರಯ್ಯ',ದೊಡ್ಡಮುದ್ದಪ್ಪ',268',80',ಗಂಡು',',KURUBA',TEACHER',NO'
ALQ1035468',ಆಶ್ವತ್ಥಮ್ಮ',ಕೆ ಎಂ ರಾಮಚಂದ್ರಯ್ಯ',268',69',ಹೆಣ್ಣು',',DEATH',',NO'
ALQ2121176',ಗೋಪಾಲಪ್ಪ',ಸಂಜೀವಪ್ಪ',268',69',ಗಂಡು',',KURUBA',KOOLI',NO'
ALQ1035500',ಆಕ್ಕಮಹಾದೇವಿ',ರಾಮಕೃಷ್ಣಪ್ಪ',271',71',ಹೆಣ್ಣು',',KURUBA',AGED',NO'
ALQ1035518',ಎನ್ ಆರ್ ರಂಗೇಗೌಡ',ರಾಮಕೃಷ್ಣಪ್ಪ',271',48',ಗಂಡು',',KURUBA',KURI',NO'
ALQ1035526',ಎನ್ ಆರ್ ಮಂಜುನಾಥ',ರಾಮಕೃಷ್ಣಪ್ಪ',271',44',ಗಂಡು',',KURUBA',FARMER',NO'
ALQ1813245',ಡಿ ಆರ್ ಮಂಜುಳಾ',ಎನ್ ಆರ್ ಮಂಜುನಾಥ',271',33',ಹೆಣ್ಣು',',',HOUSE -WIFE',NO'
ALQ0074260',ಹನುಮಂತರಾಯಪ್ಪ',ಅಂಜಿನಪ್ಪ',272',71',ಗಂಡು',',',FARMER',NO'
ALQ0074278',ಗಂಗಮ್ಮ',ಹನುಮಂತರಾಯಪ್ಪ',272',66',ಹೆಣ್ಣು',',',HOUSE -WIFE',NO'
ALQ0074013',ನಾಗರಾಜ',ಗೋಪಾಲಪ್ಪ',168/1',36',ಗಂಡು',',',GARMENTS',NO'
ALQ1813047',ಹೆಚ್ ಶಾಂತಕು',ನಾಗರಾಜ',168/1',31',ಹೆಣ್ಣು',',',HOUSE -WIFE',NO'
ALQ3169836',ಪುನೀತ್ ಎನ್',ನಂಜೇಗೌಡ',221',19',ಗಂಡು',',SADRU',STUDENT',NO'
MVJ1888510',ರತ್ನಮ್ಮ',ರಂಗೇಗೌಡ',271ಎ',37',ಹೆಣ್ಣು',',KURUBA',HOUSE -WIFE',NO'
ALQ3238292',ಹರೀಶ್ ಎಚ್',ಅನುಮಂತಪ್ಪ',194',18',ಗಂಡು',',KURUBA',STUDENT',NO'
ALQ3239050',ಗಿರಿಜಮ್ಮ ಪಿ',ಆರ್ ಶಶಿದಾರ',235',21',ಹೆಣ್ಣು',YES',KURUBA',PRIVATE JOB',NO'
ALQ3240660',ಮುಬಾರಕ್ ಮಾಶಾ',ಅನಿಶ್',165',18',ಗಂಡು',',MUSLIM',STUDENT',NO'
ALQ3243193',ಎನ್ ಮನುಪ್ರಿಯಾ',ನವೀನ್ ಕುಮಾರ್ ಆರ್',238',18',ಹೆಣ್ಣು',',SADRU',HOUSE -WIFE',NO'
ALQ3243201',ಸೌಜನ್ಯ ಜಿ',ಗಂಗದರಪ್ಪ ಎನ್',169',18',ಹೆಣ್ಣು',',KURUBA',STUDENT',NO'
ALQ3246584',ನರೇಂದ್ರ ಕೆ.ಜಿ.',ಗಂಗದರಪ್ಪ',252',18',ಗಂಡು',',LINGAYATH',CRANT DRIVER',NO'
ALQ3240678',ಭನು ಪ್ರಕಾಶ್ ಆರ್',ರಂಗೇಗೌಡ ಎನ್.ಆರ್',271',18',ಗಂಡು',',KURUBA',STUDENT',NO'
ALQ3250461',ಅಕಿಲೇಶ್ ಕೆ.ಎ.',ಅಶ್ವತಪ್ಪ',0',18',ಗಂಡು',',EDIGA',STUDENT',NO'
ALQ3254562',ಎಚ್ ಮಂಜುನಾಥ್',ಅನುಮಂತಪ್ಪ',0',18',ಗಂಡು',',SC',STUDENT',NO'
ALQ3254570',ರೋಜಾ ಸಿ.ಆರ್',ಶಿವಕುಮಾರ್ ಎಸ್',263',27',ಹೆಣ್ಣು',',EDIGA',STUDENT',NO'
ALQ3258324',ಹರ್ಷಿತಾ ಎನ್',ನಾರಾಯಣಪ್ಪ',201',18',ಹೆಣ್ಣು',',',',NO'
ALQ3267036',ಶಿವಣ್ಣ ಎಂ',ಲಕ್ಷ್ಮಿ ದೇವಮ್ಮ',179',47',ಗಂಡು',YES',EDIGA',BUSINESS',NO'
ALQ3268166',ಕೆ.ಎನ್.ರಂಜಿತ್ ಕುಮಾರ್',ನಾಗರಾಜ',41',18',ಗಂಡು',',EDIGA',UN EMPLOYE',NO'
ALQ3268174',ಪ್ರಮಿಲ್ಲಾ ಆರ್',ರಾಮಂಜಿನಪ್ಪ',209',32',ಹೆಣ್ಣು',544',',','