ALQ2169548,ಕೆ ಎಸ್ ವೀರಭದ್ರ',ಶಿವಪ್ಪ',0',27',ಗಂಡು',',LINGAYATH',JCB-DRIVER',NO'
ALQ2421246',ವೆಂಕಟೇಶ ಜಿ',ಮೂಗ ಗಂಗಪ್ಪ',0',54',ಗಂಡು',',DEATH',',NO'
ALQ2091882',ಲಕ್ಷ್ಮೀದೇವಮ್ಮ',ಬೀಮಣ್ಣ',0',45',ಹೆಣ್ಣು',',GOLLA',HOUSE -WIFE',NO'
ALQ2956910',ಅಶ್ವತ್ಥಮ್ಮ',ಚಂದ್ರಪ್ಪ',0',39',ಹೆಣ್ಣು',',GOLLA',HOUSE -WIFE',NO'
ALQ2091809',ಲಕ್ಷ್ಮಮ್ಮ',ಅಶ್ವಥನಾರಾಯಣ',0',36',ಹೆಣ್ಣು',',GOLLA',SMALL-SHOP',NO'
ALQ2091866',ಶೇಖರ್ ಎಂ',ಮದ್ದೂರಪ್ಪ',0',33',ಗಂಡು',',SC',DAIRY WORKER',NO'
ALQ2091858',ಭಾಗ್ಯಮ್ಮ',ಕೊಂಡಪ್ಪ',0',32',ಹೆಣ್ಣು',',NAYAK',KOOLI',NO'
ALQ2091841',ಆಶಾ ಎನ್',ನಾರಾಯಣಪ್ಪ',0',31',ಹೆಣ್ಣು',YES',AGASARU',SOFTWARE-ENGINNER',NO'
ALQ2981058',ಗಾಯಿತ್ರಿ ಜಿ',ಲೇಟ್ ಗೋಪಾಲ',0',31',ಹೆಣ್ಣು',',SC',KOOLI',NO'
ALQ2421378',ಅಶೋಕ',ವೆಂಕಟೇಶ್ ಜಿ',0',29',ಗಂಡು',',NAYAK',TRUCK-DRIVER',NO'
ALQ2091874',ಕೆ ಬಿ ಬೀಮೇಗೌಡ',ಕೇಶವಪ್ಪ',0',29',ಗಂಡು',',GOLLA',PRIVATE JOB',NO'
ALQ2091817',ಮಂಜುವಾಣಿ',ಅಂಜನಪ್ಪ',0',29',ಹೆಣ್ಣು',',AGASARU',PRIVATE JOB',NO'
ALQ2091825',ಅಶೋಕ್ ಕುಮಾರ್ ಕೆ ವಿ',ವೆಂಟೇಶ್ ಎನ್',0',29',ಗಂಡು',',GOLLA',KOOLI',NO'
ALQ2091833',ಶ್ರೀನಾಥ್ ಎಸ್',ಶ್ರೀನಿವಾಸ್',0',29',ಗಂಡು',',GOLLA',PRIVATE JOB',NO'
ALQ2091890',ನವೀನ್ ಕುಮಾರ್ ಜಿ',ಗಂಗಾಧರಪ್ಪ',0',29',ಗಂಡು',',GOLLA',BAR-CASHER',NO'
ALQ2091908',ಸುಬ್ರಮಣ್ಯಕೆ',ಕೊಂಡಪ್ಪ',0',29',ಗಂಡು',',NAYAK',KOOLI',NO'
ALQ2091916',ಸುಷ್ಮಾಜಿ',ಕೆ ಎನ್ ಗಂಗಪ್ಪ',0',29',ಹೆಣ್ಣು',',SC',UN-EMPLOYE',NO'
ALQ2091759',ಅಂಬಿಕ ಎಸ್',ಶ್ರೀನಿವಾಸ್',0',29',ಹೆಣ್ಣು',',GOLLA',BANK-EMPLOYE',NO'
ALQ2091767',ನಂಜುಂಡಪ್ಪ',ಸೀನಪ್ಪ',0',29',ಗಂಡು',',AGASARU',CAR-DRIVER',NO'
ALQ2091775',ಕೆ ಸಿ ರಮೇಶ್',ಚಂದ್ರಪ್ಪ ಕೆ ಬಿ',0',29',ಗಂಡು',',NAYAK',AUTO-DRIVER',NO'
ALQ2091783',ಬಿ ರಮೇಶ್',ಬಾಬಣ್ಣ',0',29',ಗಂಡು',',KURUBA',AUTO-DRIVER',NO'
ALQ2397958',ಗೋವಿಂದ',ವೆಂಕಟೇಶ್ ಜಿ',0',26',ಗಂಡು',',SC',KOOLI',NO'
ALQ2981165',ಶ್ರೀನಿವಾಸ ಕೆ',ಕೊಂಡಪ್ಪ',0',25',ಗಂಡು',',DEATH',',NO'
ALQ2421279',ಮುನಿಯಪ್ಪ',ವೆಂಕಟೇಶ್ ಜಿ',0',24',ಗಂಡು',',SC',KOOLI',NO'
ALQ3057825',ರವಿಚಂದ್ರಟಿ',ತಿಮ್ಮರಾಜು',0',21',ಗಂಡು',',SC',PRIVATE JOB',NO'
ALQ3141215',ಯಶ್ವನ್ ಆರ್',ಕೆರಾಮೇಗೌಡ ',',21',ಗಂಡು',',GOLLA',STUDENT',NO'
ALQ3216223',ಮೋನಿಕಾ ಖೆ ಎಸ್',ಶಿವಶಂಕರ ',0',19',ಹೆಣ್ಣು',',LINGAYATH',STUDENT',NO'
ALQ0256420',ಅನಂತಾಚಾರ್',ರಂಗಾಚಾರ್ಯ',1',63',ಗಂಡು',',ACHARI',POOJARI',NO'
ALQ2943397',ಪದ್ಮಾವತಮ್ಮ',ಅನಂತಾಚಾರ್',1',53',ಹೆಣ್ಣು',',ACHARI',HOUSE -WIFE',NO'
ALQ2169704',ನವೀನ್ ಕುಮಾರ್',ಅನಂತಚಾರ್',1',27',ಗಂಡು',',ACHARI',BANK-EMPLOYE',NO'
ALQ2943405',ಪಿ ಆರ್ ರಂಗಾಚಾರ್',ರಾಮಚಂದ್ರಪ್ಪ',2',66',ಗಂಡು',',ACHARI',POOJARI',NO'
ALQ2943413',ಶಾಂತಮ್ಮ',ಪಿ ಆರ್ ರಂಗಾಚಾರ',2',61',ಹೆಣ್ಣು',',ACHARI',HOUSE -WIFE',NO'
ALQ1601376',ಕೆ ಆರ್ ನಾಗೇಶ್',ಪಿ ಆರ್ ರಂಗಾಚಾರ್',2',41',ಗಂಡು',',ACHARI',POOJARI',NO'
ALQ2985216',ಎಂ ಎ ಮಾಲಾ',ಕೆಆರ್ ನಾಗೇಶ್',2',30',ಹೆಣ್ಣು',',ACHARI',HOUSE -WIFE',NO'
ALQ0256123',ಸಾಕಮ್ಮ',ಕೃಷ್ಣಪ್ಪ',3',65',ಹೆಣ್ಣು',',NAYAK',KOOLI',NO'
ALQ2943421',ಲಕ್ಷ್ಮೀಪತಿ',ಕೃಷ್ಣಪ್ಪ',3',47',ಗಂಡು',',NAYAK',KOOLI',NO'
ALQ2943439',ಶ್ರೀರಾಮಕ್ಕೆ',ಲಕ್ಷ್ಮೀಪತಿ',3',45',ಹೆಣ್ಣು',',NAYAK',HOUSE -WIFE',NO'
ALQ2115418',ನಂಜುಡಪ್ಪ ಬಿ',ಬಾಬಣ್ಣ',',31',ಗಂಡು',',SC',PRIVATE JOB',NO'
ALQ1601384',ವೆಂಕಟಮ್ಮ',ಯಲ್ಲಪ್ಪ',4',70',ಹೆಣ್ಣು',',AGASARU',AGED',NO'
ALQ1601392',ವೆಂಕಟರಾಮಪ್ಪ',ಯಲ್ಲಪ್ಪ',4',50',ಗಂಡು',',AGASARU',T-D',NO'
MVJ3411758',ನರಸಮ್ಮ',ವೆಂಕಟರಾಮಪ್ಪ',4',45',ಹೆಣ್ಣು',',AGASARU',HOUSE -WIFE',NO'
ALQ2420669',ನಂಜುಂಡಪ್ಪ',ವೆಂಕಟರಾಮಪ್ಪ',4',29',ಗಂಡು',',REPATE',',NO'
ALQ2511921',ಮಂಜುನಾಥ ಕೆ ವಿ',ವೆಂಕಟರಾಮಪ್ಪ',4',26',ಗಂಡು',',AGASARU',T-D',NO'
ALQ2943462',ತಿಮ್ಮಕ್ಕ',ಗಂಗಪ್ಪ',5',65',ಹೆಣ್ಣು',',NAYAK',AGED',NO'
MVJ1873512',ಗೋಪಿನಾಥ',ಗಂಗಪ್ಪ',5',40',ಗಂಡು',',NAYAK',KOOLI',NO'
ALQ2477305',ಪದ್ಮ',ಲೇಟ್ ವೆಂಕಟಪ್ಪ',6',51',ಹೆಣ್ಣು',',GANIGARU',HOUSE -WIFE',NO'
ALQ2943470',ಅಮರಾವತಿ',ಎನ್ ವೆಂಕಟಪ್ಪ',6',48',ಹೆಣ್ಣು',',GANIGARU',HOME',YES'
MVJ1873892',ಚಾನ್ ಪಾಷ',ಸೇಕ್ ಹುಸೇನ್ ಸಾಬ್',7',51',ಗಂಡು',',MUSLIM',TRUCK-DRIVER',NO'
MVJ1873884',ಶಾಕಿರಾ ಬಾನು',ಚಾನ್ ಪಾಷ್',7',43',ಹೆಣ್ಣು',',MUSLIM',HOUSE -WIFE',NO'
ALQ1601434',ಷೇಕ್ ಸುಬಾನ್\u200cಅಲಿ',ಷೇಕ್ ಹುಸೇನ್ ಸಾಪ',7',42',ಗಂಡು',',MUSLIM',SMALL-SHOP',NO'
MVJ4126272',ಹಸೀನಾ',ಸೇಕ್ಸುಬಾನ್ ಆತ',7',35',ಹೆಣ್ಣು',',MUSLIM',SMALL-SHOP',NO'
ALQ2943488',ಬಾಬುಸಾಬ್',ಗಫಾರ್ ಸಾಬ್',8',70',ಗಂಡು',',MUSLIM',FARMER',NO'
ALQ2943496',ಗುಲಾಬ್ ಜಾನ್',ಬಾಬುಸಾಬ್',8',60',ಹೆಣ್ಣು',',MUSLIM',HOUSE -WIFE',NO'
MVJ3411691',ಅಲ್ಕಾಪು',ಬಾಬುಸಾಬ್',8',41',ಗಂಡು',',MUSLIM',KSRTC-CONDUTOR',NO'
ALQ2169696',ಸುಮಿಯ ಆರ್',ಆಲ್ತಾಪ್',8',26',ಹೆಣ್ಣು',',MUSLIM',HOUSE -WIFE',NO'
ALQ1601459',ಲಕ್ಷ್ಮಮ್ಮ',ಕದಿರಪ್ಪ',9',60',ಹೆಣ್ಣು',',NAYAK',AGED',NO'
ALQ1601467',ಕೃಷ್ಣಮೂರ್ತಿ',ಕದಿರಪ್ಪ',9',47',ಗಂಡು',',NAYAK',KOOLI',NO'
ALQ1601475',ರಾಮಕೃಷ್ಣಪ್ಪ',ಕದಿರಪ್ಪ',9',43',ಗಂಡು',',NAYAK',PRIVATE JOB',NO'
ALQ1601483',ಜಯಮ್ಮ',ಕೃಷ್ಣಮೂರ್ತಿ',9',40',ಹೆಣ್ಣು',',NAYAK',KOOLI',NO'
ALQ1601442',ಅನೀಪ್ ಪಾಷಾ',ಬಾಬುಸಾಬ್',9',39',ಗಂಡು',YES',MUSLIM',PRIVATE JOB',NO'
ALQ2943512',ಆದಿಲಕ್ಷ್ಮಮ್ಮ',ನಾರಾಯಣಪ್ಪ',10',63',ಹೆಣ್ಣು',',NAYAK',KOOOLI',NO'
MVJ1872621',ಎನ್ ಇಂದ್ರೇಶ್',ನಾರಾಯಣಪ್ಪ',10',38',ಗಂಡು',',NAYAK',TRUCK-DRIVER',NO'
ALQ2421485',ವಿ ಮುನಿಲಕ್ಷ್ಮಮ್ಮ',ಇಂದ್ರೇಶ್ ಎನ್',10',34',ಹೆಣ್ಣು',',NAYAK',HOUSE -WIFE',NO'
MVJ1873595',ಬಾಲಪ್ಪ',ನರಸಿಂಹಯ್ಯ',11',63',ಗಂಡು',',DEATH',',NO'
ALQ2185007',ಅಶ್ವತ್ಥಮ್ಮ',ಬಾಲಪ್ಪ',11',58',ಹೆಣ್ಣು',',NAYAK',KOOLI',NO'
ALQ2469989',ವಿನೋದ ಬಿ',ಬಾಲಪ್ಪ',11',32',ಹೆಣ್ಣು',',NAYAK',PVT-TEACHER',NO'
ALQ2943520',ಅಕ್ಕಮ್ಮ',ಜಾಲರಪ್ಪ',12',70',ಹೆಣ್ಣು',',NAYAK',AGED',NO'
ALQ2943538',ನರಸಿಂಹಮೂರ್ತಿ',ಜಾಲರಪ್ಪ',12',50',ಗಂಡು',',DEATH',',NO'
ALQ2943546',ಗಂಗಮ್ಮ',ನರಸಿಂಹಮೂರ್ತಿ',12',45',ಹೆಣ್ಣು',',NAYAK',KOOLI',NO'
ALQ2169712',ಭಾಗ್ಯಮ್ಮ',ಲಕ್ಷ್ಮೀನರಸಪ್ಪ',12',26',ಹೆಣ್ಣು',',NAYAK',GARMENTS',NO'
ALQ2512044',ಎನ್ ನವೀನ್ ಕುಮಾರ್',ನರಸಿಂಹಮೂರ್ತಿ',12',23',ಗಂಡು',',NAYAK',UN-EMPLOYE',NO'
ALQ3112299',ಜಗದೀಶ್ ಎಂ',ಮೂರ್ತಿ',12',20',ಗಂಡು',',NAYAK',PRIVATE JOB',NO'
ALQ2943579',ನರಸಮ್ಮ',ಲೇಟ್ ಸಿದ್ದಪ್ಪ',13',90',ಹೆಣ್ಣು',',DEATH',',NO'
ALQ2943587',ನಾರಾಯಣಪ್ಪ',ಸಿದ್ದಪ್ಪ',13',61',ಗಂಡು',',NAYAK',FARMER',NO'
ALQ2943595',ಶಿವಮ್ಮ',ನಾರಾಯಣಪ್ಪ',13',54',ಹೆಣ್ಣು',',NAYAK',HOUSE -WIFE',NO'
ALQ2511913',ಶ್ರೀಧರ ಕೆ ಎನ್',ನಾರಾಯಣಪ್ಪ ಕೆ ಎನ್',13',23',ಗಂಡು',',NAYAK',PRIVATE JOB',NO'
MVJ1874346',ನ್ಯಾತಪ್ಪ',ನಾಗಪ್ಪ',14',65',ಗಂಡು',',NAYAK',FARMER',NO'
ALQ1601533',ಚನ್ನಓಬಕ್ಕ',ನ್ಯಾತಪ್ಪ',14',60',ಹೆಣ್ಣು',',NAYAK',HOUSE -WIFE',NO'
MVJ1873256',ಗಂಗಾಧರಪ್ಪ',ನ್ಯಾತಪ್ಪ',14',48',ಗಂಡು',',NAYAK',FARMER',NO'
ALQ2943629',ಭಾಗ್ಯಮ್ಮ',ಗಂಗಪ್ಪ',14',45',ಹೆಣ್ಣು',',NAYAK',HOUSE -WIFE',NO'
ALQ2943637',ನಾಗಪ್ಪ',ಬೊಮ್ಮಯ್ಯ',15',75',ಗಂಡು',',NAYAK',T-D',NO'
ALQ2943645',ಸುಶೀಲಮ್ಮ',ನಾಗಪ್ಪ',15',57',ಹೆಣ್ಣು',',NAYAK',HOUSE -WIFE',NO'
ALQ2386654',ಬಿ ಇಗಾಯಿತ್ರಿ ಬಾಯಿ',ಕೆ ಸಿ ರಮೇಶ್',15',26',ಹೆಣ್ಣು',',NAYAK',TAILORE',NO'
ALQ2291607',ಕೆ ಎಮ್ ಅಶೋಕ್ ಕುಮಾರ',ಮುನಿಯಪ್ಪ',15',25',ಗಂಡು',',NAYAK',SMALL-SHOP',NO'
ALQ3112331',ಶ್ರೀಕಾಂತ ಎಂ',ಮುನಿಯಪ್ಪ',15',22',ಗಂಡು',',NAYAK',FACTORY WORKER',NO'
ALQ2261261',ಭಿಂದುಶ್ರೀ',ಸದಾಶಿವಯ್ಯ',16',25',ಹೆಣ್ಣು',',LINGAYATH',FORMING',NO'
ALQ2326585',ಕೆಹೆಚ್ ಹರೀಶ್ ಕುಮಾರ್',ಹನುಮಂತರಾಯ',16',25',ಗಂಡು',',NAYAK',TRUCK-DRIVER',NO'
MVJ3411618',ಲಕ್ಷ್ಮಮ್ಮ',ಚೆನ್ನರಾಯಪ್ಪ',17',52',ಹೆಣ್ಣು',',NAYAK',KOOLI',NO'
ALQ2421030',ಅನಿಲ್ ಕುಮಾರ್',ಲೇಟ್ ಚನ್ನರಾಯ',17',26',ಗಂಡು',',NAYAK',KOOLI',NO'
ALQ3153954',ಗೌತಮಿ ಜಿ',ಅನಿಲ್ ಕುಮಾರ್',17',21',ಹೆಣ್ಣು',',NAYAK',HOUSE -WIFE',NO'
ALQ3182144',ಕೆಸಿ ಅಜಿತ್ ಕುಮಾರ್ ತಾಯಿಯ',ಲಕ್ಷ್ಮಮ್ಮ',17',19',ಗಂಡು',',NAYAK',KOOLI',NO'
ALQ2943728',ಲಕ್ಷ್ಮಮ್ಮ',ನರಸಿಂಹಪ್ಪ',18',86',ಹೆಣ್ಣು',',SC',KOOLI',NO'
ALQ2943991',ಕೆ ವಿ ಭೀಮಯ್ಯ',ಲೇಟ್ ವೆಂಕಟಪ್ಪ',18',74',ಗಂಡು',',GOLLA',AGED',NO'
ALQ2943736',ಸಂಜೀವರಾಯಪ್ಪ',ನರಸಿಂಹಪ್ಪ',18',55',ಗಂಡು',',NAYAK',KOOLI',NO'
ALQ2943744',ಗಂಗಮ್ಮ',ಸಂಜೀವರಾಯಪ್ಪ',18',50',ಹೆಣ್ಣು',',NAYAK',KOOLI',NO'
ALQ0031963',ಚನ್ನಮ್ಮ',ಸಂಜೀವರಾಯಪ',18',30',ಹೆಣ್ಣು',',NAYAK',HOME',YES'
ALQ2330488',ಮಂಜುನಾಥ ಎಸ್',ಸಂಜೀವರಾಯಪ್ಪ',18',27',ಗಂಡು',',NAYAK',KOOLI',NO'
ALQ3112463',ನರಸಿಂಹಮೂರ್ತಿ ಜಿ',ಗಂಗಾಧರಪ್ಪ',18',20',ಗಂಡು',',NAYAK',STUDENT',NO'
ALQ3182060',ಎ ತೇಜಸ್ವಿನಿ',ಮಂಜುನಾಥ ಎಸ್',18',19',ಹೆಣ್ಣು',',NAYAK',HOUSE -WIFE',NO'
ALQ2420933',ಎನ್ ಪಾರ್ವತಮ್ಮ',ಕೆ ವಿ ವೆಂಕಟಪ್ಪ',19',64',ಹೆಣ್ಣು',',LINGAYATH',RE-ANGANAVADI-TEACHER',NO'
ALQ2943793',ಎನ್ ಪಾರ್ವತಮ್ಮ',ವೆಂಕಟಪ್ಪ',19',63',ಹೆಣ್ಣು',',REPATED',',NO'
ALQ2943801',ಹನುಮಂತರಾಯಪ್ಪ',ರಾಜಪ್ಪ',20',60',ಗಂಡು',',DEATH',',NO'
ALQ1601608',ರಾಮಕ್ಕೆ',ಹನುಮಂತರಾಯಪ್ಪ',20',55',ಹೆಣ್ಣು',',NAYAK',KOOLI',NO'
ALQ1601616',ಅಶ್ವತ್ಥಪ್ಪ',ರಾಜಪ್ಪ',20',47',ಗಂಡು',',NAYAK',FARMER',NO'
ALQ2091791',ನಂಜುಂಡಪ್ಪ',ವೆಂಕಟರಾಮಪ್ಪ',20',29',ಗಂಡು',',SC',VEGITABEL-SELLER',NO'
ALQ3067857',ನಾಗಮಣಿ ಎನ್ ಎಸ್',ರವಿ ಕುಮಾರ್',20',24',ಹೆಣ್ಣು',',NAYAK',HOUSE -WIFE',NO'
ALQ3167798',ಶಿವಲಕ್ಷ್ಮೀ',ನಂಜುಂಡಪ್ಪ',20',20',ಹೆಣ್ಣು',',SC',VEGITABEL-SELLER',NO'
ALQ2943819',ರಾಮಪ್ಪ',ಹನುಮಂತಪ್ಪ',21',60',ಗಂಡು',',AGASARU',FARMER',NO'
ALQ2943827',ಉಮಕ್ಕ',ರಾಮಪ್ಪ',21',51',ಹೆಣ್ಣು',',AGASARU',HOUSE -WIFE',NO'
ALQ2218477',ಕೆ ಅರ್ ಆನಂದ್',ರಾಮಸ್ವಾಮಿ',21',26',ಗಂಡು',',AGASARU',TRUCK-DRIVER',NO'
ALQ2943835',ಲಕ್ಷ್ಮಮ್ಮ',ಹನುಮಂತರಾಯ',22',76',ಹೆಣ್ಣು',',KURUBA',AGED',NO'
MVJ1874544',ನಾಗರಾಜ',ಹನುಮಂತರಾಯಪ್ಪ',22',43',ಗಂಡು',',KURUBA',FARMER',NO'
MVJ1874551',ವಿಜಯಲಕ್ಷ್ಮಿ',ನಾಗರಾಜ',22',39',ಹೆಣ್ಣು',',KURUBA',HOUSE -WIFE',NO'
ALQ1601657',ಜಯರಾಮಪ್ಪ',ವೆಂಕಟಶಾಮಪ್ಪ',3',50',ಗಂಡು',YES',AGASARU',IRAN-SHOP',NO'
MVJ3411733',ಮುದ್ದಮ್ಮ',ಜಯರಾಮಪ್ಪ',3',38',ಹೆಣ್ಣು',YES',AGASARU',IRAN-SHOP',NO'
ALQ3153962',ಓಂ ಶಾಂತಿ',ಕೆ ಎಲ್ ದೇವರಾಜು',3',24',ಹೆಣ್ಣು',',AGASARU',HOUSE -WIFE',NO'
ALQ2943843',ಗಂಗಮ್ಮ',ಮುತ್ತಪ್ಪ',24',75',ಹೆಣ್ಣು',',DEATH',',NO'
ALQ2943850',ಗಂಗರೆಡ್ಡಿ',ಮುತ್ತಪ್ಪ',24',53',ಗಂಡು',',VAKALIGA',FARMER',NO'
ALQ2943868',ನರಸಮ್ಮ',ಗಂಗರೆಡ್ಡಿ',24',45',ಹೆಣ್ಣು',',VAKALIGA',HOUSE -WIFE',NO'
ALQ2218501',ಜಿ ಗಂಗರಾಜು',ಗಂಗರೆಡ್ಡಿ',24',28',ಗಂಡು',YES',VAKALIGA',PRIVATE JOB',NO'
ALQ2218493',ಜಿ ಅನಿಲ್ ಕುಮಾರ್',ಗಂಗರೆಡ್ಡಿ',24',27',ಗಂಡು',',VAKALIGA',PRIVATE JOB',NO'
ALQ2397982',ಅನಿಲ್ ಕುಮಾರ್ ಜಿ',ಗಂಗರೆಡ್ಡಿ',24',26',ಗಂಡು',',VAKALIGA',REPATED',NO'
ALQ2511897',ಜಿ ಅಶ್ವಿನಿ',ಗಂಗರೆಡ್ಡಿ',24',23',ಹೆಣ್ಣು',',VAKALIGA',BANK-EMPLOYE',NO'
ALQ3141223',ಪ್ರಕಾಶ್ ಎನ್',ನಾರಾಯಣಪ್ಪ',24',20',ಗಂಡು',YES',VAKALIGA',PRIVATE JOB',NO'
MVJ1873231',ನಾಗರತ್ನಮ್ಮ',ಅದೆಪ್ಪ',25',45',ಹೆಣ್ಣು',',VAKALIGA',KOOLI',NO'
ALQ2124154',ನಾಗರಾಜ',ಆದೆಪ್ಪ',25',38',ಗಂಡು',',VAKALIGA',PRIVATE JOB',NO'
MVJ1873140',ರತ್ನಮ್ಮ',ಗೋಪಾಲಪ್ಪ',26',48',ಹೆಣ್ಣು',',SC',KOOLI',NO'
MVJ3411535',ಶ್ರೀನಿವಾಸ',ಗಂಗಪ್ಪ',26',40',ಗಂಡು',',SC',HOME',YES'
ALQ2512051',ಉಮಾ ಜಿ ತಾಯಿಯ',ರತ್ನಮ್ಮ',26',24',ಹೆಣ್ಣು',',SC',HOUSE -WIFE',NO'
MVJ2290138',ಒಬಳೇಶಪ್ಪ',ಚೆಕ್ಕರಾಮಪ್ಪ',27',50',ಗಂಡು',',BAJANTHRI',SHOP',NO'
ALQ2943876',ಸುಜಾತಮ್ಮ',ಒಬಳೇಶಪ್ಪ',27',44',ಹೆಣ್ಣು',',BAJANTHRI',HOUSE -WIFE',NO'
ALQ2397974',ಜಿ ಚಂದನ',ಅಂಬರೀಶ್',27',28',ಹೆಣ್ಣು',',NAYAK',GARMENTS',NO'
ALQ2169530',ಲೀಲಾವತಿ',ಓಗ್ಲೀಷ್',27',27',ಹೆಣ್ಣು',',BAJANTHRI',HOUSE -WIFE',NO'
ALQ3112406',ವೆಂಕಟೇಶ್',ಓಬಳೇಶ್',27',26',ಗಂಡು',',BAJANTHRI',SHOP',NO'
ALQ2943884',ನಂಜುಂಡಪ್ಪ',ಗಂಗಪ್ಪ',28',55',ಗಂಡು',',NAYAK',FARMER',NO'
ALQ1601749',ರತ್ನಮ್ಮ',ನಂಜುಂಡಪ್ಪ',28',45',ಹೆಣ್ಣು',',NAYAK',HOUSE -WIFE',NO'
ALQ1601756',ಎನ್ ಅಂಬರೀಶ್',ನಂಜುಂಡಪ್ಪ',28',31',ಗಂಡು',',NAYAK',FARMER',NO'
ALQ1601764',ರತ್ನಮ್ಮ',ಕೊಂಡಪ್ಪ',29',60',ಹೆಣ್ಣು',',NAYAK',KOOLI',NO'
ALQ2471316',ಸರವಣನ್',ವೆಂಕಟೇಶ',29',36',ಗಂಡು',',NAYAK',KOOLI',NO'
ALQ2469732',ವರಲಕ್ಷ್ಮಮ್ಮ',ಲೇಟ್ ಕೊಂಡಪ್ಪ',29',35',ಹೆಣ್ಣು',',NAYAK',HOUSE -WIFE',NO'
ALQ0257147',ವೆಂಕಟರಮಣಪ್ಪ',ಮರಿಯಪ್ಪ',30',85',ಗಂಡು',',SC',AGED',NO'
ALQ0257139',ನಾರಾಯಣಮ್ಮ',ವೆಂಕಟರಮಣಪ್ಪ',30',75',ಹೆಣ್ಣು',',DEARH',',NO'
ALQ1601772',ವೆಂಕಟೇಶ',ವೆಂಕಟರಮಣಪ್ಪ',30',55',ಗಂಡು',',SC',BUTTI-WORK',NO'
ALQ0257634',ಶಿವಮ್ಮ',ವೆಂಕಟೇಶ',30',53',ಹೆಣ್ಣು',',SC',BUTTI-SELLER',NO'
ALQ0256370',ಸುಬ್ರಮಣಿ',ವೆಂಕಟರಮಣಪ್ಪ',30',52',ಗಂಡು',',SC',KOOLI',NO'
ALQ1601780',ಮರಿಯಪ್ಪ',ವೆಂಕಟರಮಣಪ್ಪ',30',45',ಗಂಡು',',DEATH',',NO'
ALQ0256388',ಮಂಜುಳಮ್ಮ',ಸುಬ್ರಮಣಿ',30',40',ಹೆಣ್ಣು',',SC',HOUSE -WIFE',NO'
ALQ2291565',ಬಾಲಕೃಷ್ಣ ಎಮ್',ಮದ್ದೂರಪ್ಪ',30',27',ಗಂಡು',',SC',PRIVATE JOB',NO'
ALQ2943892',ಗಂಗಮ್ಮ',ಗಂಗಪ್ಪ',31',75',ಹೆಣ್ಣು',',NAYAK',AGED',NO'
ALQ2943900',ಲಕ್ಷ್ಮಮ್ಮ',ವೆಂಕಟಪ್ಪ',31',47',ಹೆಣ್ಣು',',NAYAK',KOOLI',NO'
ALQ0072819',ಕೆ ಜಿ ನಾರಾಯಣಪ್ಪ',ಗಂಗಪ್ಪ',31',45',ಗಂಡು',YES',NAYAK',HAL-EMPLOYE',NO'
ALQ0072801',ಬಿ ರಶ್ಮಿ',ಕೆ ಜಿ ನಾರಾಯಣಪ್ಪ',31',36',ಹೆಣ್ಣು',YES',NAYAK',PRIVATE JOB',NO'
ALQ1601806',ತಿಮ್ಮಪ್ಪ',ವೆಂಕಟಪ್ಪ',31',34',ಗಂಡು',',NAYAK',TRUCK-DRIVER',NO'
ALQ2420982',ತಿಮ್ಮಯ್ಯ ಕೆ ವಿ',ಲೇಟ್ ವೆಂಕಟಪ್ಪ',31',31',ಗಂಡು',',REPATED',',NO'
ALQ2169506',ನಾಗಮಣಿ',ವೆಂಕಟಪ್ಪ',31',28',ಗಂಡು',',NAYAK',GARMENTS',NO'
ALQ2511962',ಮಂಜುನಾಥ ವಿ ತಾಯಿಯ',ಲಕ್ಷ್ಮಮ್ಮ',31',26',ಗಂಡು',',NAYAK',HOME',YES'
ALQ3001989',ಸೌಭಾಗ್ಯ ಎ',ತಿಮ್ಮಯ್ಯ',31',25',ಹೆಣ್ಣು',',NAYAK',HOUSE -WIFE',NO'
ALQ2943918',ಶ್ರೀನಿವಾಸ',ಗೋವಿಂದಪ್ಪ',36',56',ಗಂಡು',',GOLLA',FARMER',NO'
ALQ2943926',ವೆಂಕಟಲಕ್ಷ್ಮಮ್ಮ',ಶ್ರೀನಿವಾಸಪ್ಪ',36',47',ಹೆಣ್ಣು',',GOLLA',HOUSE -WIFE',NO'
ALQ2224913',ಲಕ್ಷ್ಮಿನಾರಾಯಣ ಸಿ',ಶ್ರೀನಿವಾಸಪ್ಪ',32',34',ಗಂಡು',YES',GOLLA',PRIVATE JOB',NO'
ALQ1601814',ಗಾಯಿತ್ರಿ',ಶ್ರೀನಿವಾಸ',32',30',ಹೆಣ್ಣು',YES',GOLLA',HOUSE -WIFE',NO'
ALQ3112315',ಸಿರೀಷಾ ಎಸ್ ಎನ್',ಲಕ್ಷ್ಮೀನಾರಾಯಣ',32',20',ಹೆಣ್ಣು',YES',GOLLA',HOUSE -WIFE',NO'
ALQ2943447',ಪ್ರಭು',ಕೃಷ್ಣಪ್ಪ',3ಎ',44',ಗಂಡು',',NAYAK',AUTO-DRIVER',NO'
MVJ1874015',ಶಾರದಮ್ಮ',ಪ್ರಭು',3ಎ',39',ಹೆಣ್ಣು',',NAYAK',HOUSE -WIFE',NO'
ALQ2943934',ವೆಂಕಟೇಶಪ್ಪ',ಗೋವಿಂದಪ್ಪ',33',48',ಗಂಡು',',GOLLA',FARMER',NO'
ALQ1601822',ಕೆ ಜಿ ಮಂಜುನಾಥ್',ಗೋವಿಂದಪ್ಪ',33',44',ಗಂಡು',YES',GOLLA',PRIVATE JOB',NO'
ALQ2943942',ಕೃಷ್ಣಮ್ಮ',ವೆಂಕಟೇಶಪ್ಪ',33',43',ಹೆಣ್ಣು',',GOLLA',HOUSE -WIFE',NO'
ALQ1876564',ಶಶಿಕಲಾ',ವೆಂಕಟೇಶಪ್ಪ',33',31',ಹೆಣ್ಣು',YES',GOLLA',HOUSE -WIFE',NO'
ALQ2169605',ಶಿವಶಂಕರ್',ವೆಂಕಟೇಶಪ್ಪ',33',26',ಗಂಡು',',GOLLA',FACTORY WORKER',NO'
ALQ1601830',ತಿಮ್ಮಕ್ಕ',ಮುನಿಸ್ವಾಮಪ್ಪ',34',94',ಹೆಣ್ಣು',',DEATH',',NO'
ALQ2943959',ತಿಮ್ಮಯ್ಯ',ಮುನಿಸ್ವಾಮಪ್ಪ',34',55',ಗಂಡು',',SC',KOOLI',NO'
ALQ2943967',ಶಂಕರಮ್ಮ',ತಿಮ್ಮಯ್ಯ',34',47',ಹೆಣ್ಣು',',SC',HOUSE -WIFE',NO'
ALQ3182664',ಟಿ ಶ್ರೀನಿವಾಸ',ತಿಮ್ಮರಾಜು',34',20',ಗಂಡು',',SC',HOSPITEL-HELPER',NO'
ALQ1601855',ಬಸಮ್ಮ',ಮಲ್ಲಪ್ಪ ಬಿ',35',64',ಹೆಣ್ಣು',',LINGAYATH',AGED',NO'
ALQ1601863',ವೀರಭದ್ರಯ್ಯ',ಮಲ್ಲಪ್ಪ',35',44',ಗಂಡು',',LINGAYATH',T-D',NO'
MVJ3411782',ಕೆ ಎಂ ಮಂಜುನಾಥ',ಕೆ ಬಿ ಮಲ್ಲಪ್ಪ',35',40',ಗಂಡು',',LINGAYATH',FACTORY WORKER',NO'
MVJ1873306',ವಿ ಶೋಭಾ',ವೀರಭದ್ರಯ್ಯ',35',39',ಹೆಣ್ಣು',',LINGAYATH',HOUSE -WIFE',NO'
MVJ1872779',ಕೆ ಎಂ ಪ್ರಸನ್ನಕುಮಾರ್',ಮಲ್ಲಪ್ಪ',35',37',ಗಂಡು',',LINGAYATH',FACTORY WORKER',NO'
ALQ2943975',ನಂಜಮ್ಮ',ಸೋಮಶೇಖರಪ್ಪ',36',85',ಹೆಣ್ಣು',',DEATH',',NO'
ALQ1601871',ಶಿವಮ್ಮ',ಮುದ್ದಪ್ಪ',36',60',ಹೆಣ್ಣು',',LINGAYATH',SCHOOL-FOODMAKER\\',NO'
ALQ2943983',ಶಿವಶಂಕರ',ಮುದ್ದಪ್ಪ',36',47',ಗಂಡು',',LINGAYATH',FARMER',NO'
MVJ1873819',ನಾಗರತ್ನಮ್ಮ',ಶಿವಶಂಕರ',36',38',ಹೆಣ್ಣು',',LINGAYATH',HOUSE -WIFE',NO'
ALQ1601897',ಮುತ್ತಮ್ಮ',ವೆಂಕಟಪ್ಪ',37',67',ಹೆಣ್ಣು',',GOLLA',AGED',NO'
MVJ4126074',ಕೆ ವಿ ಶ್ರೀನಿವಾಸ',ವೆಂಕಟಪ್ಪ',37',56',ಗಂಡು',',GOOLA',BAR-OWNER',NO'
MVJ4126082',ಪಿ ಉಮಾದೇವಿ',ಕೆ ವಿ ಶ್ರೀನಿವಾಸ್',37',46',ಹೆಣ್ಣು',',GOLLA',HOUSE -WIFE',NO'
ALQ1601905',ವೆಂಕಟೇಶಪ್ಪ',ವೆಂಕಟಪ್ಪ',37',45',ಗಂಡು',',GOLLA',FARMER',NO'
ALQ1601913',ಪ್ರಮಾಳಮ್ಮ',ವೆಂಕಟೇಶಪ್ಪ',37',44',ಹೆಣ್ಣು',',GOLLA',HOUSE -WIFE',NO'
ALQ2169555',ಗೀತಾ',ವೆಂಕಟೇಶ್',37',27',ಹೆಣ್ಣು',YES',GOLLA',HOUSE -WIFE',NO'
ALQ2340677',ಶಶಾಂಕ್\u200c ಯಾದವ್ ಕೆ ಎಸ್',ಶ್ರೀನಿವಾಸ್',37',25',ಗಂಡು',',GOLLA',GOVERMENT EMPLOYEE',NO'
ALQ2514248',ಅಶ್ವಿನ್ ಯಾದವ್',ವೆಂಕಟೇಶಪ್ಪ',37',24',ಗಂಡು',',GOLLA',PRIVATE JOB',NO'
ALQ2514255',ಶ್ವೇತಯಾದವ್ ಕೆ ಎಸ್',ಕೆ ವಿ ಶ್ರೀನಿವಾಸ',37',23',ಹೆಣ್ಣು',YES',GOLLA',PRIVATE JOB',NO'
ALQ2944007',ಬಾಲಮ್ಮ',ಕೆ ಬಿ ಭೀಮಣ್ಣ',38',60',ಹೆಣ್ಣು',',DEATH',',NO'
MVJ1872746',ವೆಂಕಟಸ್ವಾಮಿ',ಕೆ ಬಿ ಭೀಮಣ್ಣ',38',40',ಗಂಡು',',GOLLA',KOOLI',NO'
MVJ1874379',ಅಶ್ವತ್ಥನಾರಾಯಣ',ಕೆ ಬಿ ಭೀಮಣ್ಣ',38',38',ಗಂಡು',',GOLLA',SMALL-SHOP',NO'
ALQ2218485',ಜಿ ಕಮಲಮ್ಮ',ವೆಂಕಟಸ್ವಾಮಿ',38',28',ಹೆಣ್ಣು',',GOLLA',GARMENTS',NO'
ALQ1601921',ವೆಂಕಟರಮಣಪ್ಪ',ವೆಂಕಟಶ್ಯಾಮಪ್ಪ',39',63',ಗಂಡು',',NAYAK',WATER-FILLTER',NO'
ALQ1601939',ಶಾಂತಮ್ಮ',ವೆಂಕಟರಮಣಪ್ಪ',39',55',ಹೆಣ್ಣು',',NAYAK',HOUSE -WIFE',NO'
ALQ1601947',ಶಿವಣ್ಣ',ವೀರಭದ್ರಪ್ಪ',40',59',ಗಂಡು',',LINGAYATH',SMALL-SHOP',NO'
ALQ1601954',ಮಲ್ಲಮ್ಮ',ಶಿವಣ್ಣ',40',54',ಹೆಣ್ಣು',',LINGAYATH',HOUSE -WIFE',NO'
ALQ0032011',ಕೆ ವಿ ಮಂಜುನಾಥ',ವೀರಭದ್ರಯ್ಯ',40',50',ಗಂಡು',',LINGAYATH',TRUCK-DRIVER',NO'
ALQ0032029',ಟಿ ಕವಿತ',ಕೆ ವಿ ಮಂಜುನಾಥ',40',36',ಹೆಣ್ಣು',',LINGAYATH',GARMENTS',NO'
ALQ1601962',ವಿರುಪಾಕ್ಷ',ಶಿವಣ್ಣ',40',34',ಗಂಡು',',LINGAYATH',SECURITY',NO'
ALQ2385342',ಹೆಚ್ ಆರ್ ಲತಾ',ವಿರೂಪಾಕ್ಷ',40',33',ಹೆಣ್ಣು',',LINGAYATH',HOUSE -WIFE',NO'
ALQ1601970',ನಾಗರಾಜು ಎಸ್',ಶಿವಣ್ಣ',40',32',ಗಂಡು',',LINGAYATH',SMALL-SHOP',NO'
MVJ3411774',ಮುದ್ದಮ್ಮ',ಲಿಂಗಪ್ಪ',41',85',ಹೆಣ್ಣು',',DEATH',',NO'
ALQ1601988',ವೀರಭದ್ರಯ್ಯ',ಮೈಲಾರಪ್ಪ',41',51',ಗಂಡು',',LINGAYATH',DEALAR',NO'
ALQ1601996',ರಾಜಮ್ಮ',ವೀರಭದ್ರಯ್ಯ',41',46',ಹೆಣ್ಣು',',LINGAYATH',HOUSE -WIFE',NO'
ALQ3055381',ಕೆ ವಿ ನೇತ್ರಾ',ವೀರಭದ್ರಯ್ಯ',41',22',ಹೆಣ್ಣು',',LINGAYATH',HOME',YES'
ALQ1602002',ಗಂಗಾಧರಪ್ಪ',ನರಸಿಂಹಪ್ಪ',42',70',ಗಂಡು',',KURUBA',FARMER',NO'
ALQ2944031',ಸಂಜೀವಮ್ಮ',ಗಂಗಾಧರಪ್ಪ',42',60',ಹೆಣ್ಣು',',KURUBA',HOUSE -WIFE',NO'
MVJ1874536',ರಾಮಕೃಷ್ಣಪ್ಪ',ಗಂಗಾಧರಪ್ಪ',42',37',ಗಂಡು',',KURUBA',GP-MEMBER',NO'
ALQ1602010',ವಿಶ್ವನಾಥ ಜಿ',ಗಂಗಾಧರಪ್ಪ',42',32',ಗಂಡು',',KURUBA',FARMER',NO'
ALQ3001997',ಬಿ ಎಂ ಪುಷ್ಪ',ಜಿ ವಿಶ್ವನಾಥ್',42',32',ಹೆಣ್ಣು',',KURUBA',HOUSE -WIFE',NO'
ALQ2169514',ಡಿ ನೇತ್ರಾವತಿ',ರಾಮಕೃಷ್ಣಪ್ಪ',42',27',ಹೆಣ್ಣು',',KURUBA',HOUSE -WIFE',NO'
ALQ2169662',ಡಿ ನೇತ್ರಾವತಿ',ರಾಮಕೃಷ್ಣ',42',27',ಹೆಣ್ಣು',',REPETED',',NO'
ALQ0257972',ಗಂಗಪ್ಪ ಕೆ ವಿ',ವೆಂಕಟಶ್ಯಾಮಪ್ಪ',43',54',ಗಂಡು',',NAYAK',FARMER',NO'
ALQ0257592',ನರಸಿಂಹಮೂರ್ತಿ ಕೆ ವಿ',ವೆಂಕಟಶ್ಯಾಮಪ್ಪ',43',49',ಗಂಡು',',NAYAK',FARMER',NO'
MVJ3411790',ನಾರಯಣಸ್ವಾಮಿ',ವೆಂಕಟಶ್ಯಾಮಪ್ಪ',43',45',ಗಂಡು',',NAYAK',FARMER',NO'
ALQ1602028',ವೀರಮ್ಮ',ಗಂಗಪ್ಪ',43',44',ಹೆಣ್ಣು',',NAYAK',HOUSE -WIFE',NO'
MVJ1872613',ಶಾಂತಮ್ಮ',ನರಸಿಂಹಮೂರ್ತಿ',43',42',ಹೆಣ್ಣು',',NAYAK',HOUSE -WIFE',NO'
ALQ1602044',ರಾಧಮ್ಮ',ನಾರಾಯಣಸ್ವಾಮಿ',43',37',ಹೆಣ್ಣು',',NAYAK',HOUSE -WIFE',NO'
ALQ3112448',ಮಂಜುನಾಥ ಜಿ',ಗಂಗಪ್ಪ ಕೆ ವಿ',43',26',ಗಂಡು',',NAYAK',JCB-DRIVER',NO'
ALQ2512028',ಜಿ ವೆಂಕಟಸ್ವಾಮಿ',ಗಂಗಪ್ಪ',43',23',ಗಂಡು',',NAYAK',CAR-DRIVER',NO'
MVJ3411527',ರತ್ನಮ್ಮ',ನಾರಾಯಣಪ್ಪ',44',57',ಹೆಣ್ಣು',',NAYAK',ELE-SELLER',NO'
ALQ1602051',ನರಸಮ್ಮ',ನಾರಾಯಣಪ್ಪ',44',43',ಹೆಣ್ಣು',YES',NAYAK',HOUSE -WIFE',NO'
MVJ3411600',ಶ್ರೀನಿವಾಸ',ನಾರಾಯಣಪ್ಪ',44',38',ಗಂಡು',',NAYAK',ELE-SELLER',NO'
ALQ1602069',ಚೆನ್ನಮ್ಮ',ನಾರಾಯಣಪ್ಪ',44',36',ಹೆಣ್ಣು',YES',NAYAK',HOUSE -WIFE',NO'
ALQ1602085',ನಾರಾಯಣಪ್ಪ',ಹಮುಮಂತಪ್ಪ',45',65',ಗಂಡು',',AGASARU',FARMER',NO'
ALQ2944049',ಮಂಗಳಮ್ಮ',ನಾರಾಯಣಪ್ಪ',45',50',ಹೆಣ್ಣು',',AGASARU',HOUSE -WIFE',NO'
ALQ1602093',ಅನಿತ ಎನ್',ನಾರಾಯಣಪ್ಪ ಕೆ ಹೆಚ್',45',36',ಹೆಣ್ಣು',YES',AGASARU',HOUSE -WIFE',NO'
ALQ2944056',ಕೆ ವೈಆಂಜಿನಪ್ಪ',ಯಲ್ಲಪ್ಪ',46',60',ಗಂಡು',',AGASARU',MICE-MARCHENT',NO'
ALQ2944064',ಜಿ ಎಂ ಅಶ್ವತ್ಥಮ್ಮ',ಕೆ ವೈ ಆಂಜಿನಪ್ಪ',46',56',ಹೆಣ್ಣು',',AGASARU',HOUSE -WIFE',NO'
ALQ3112364',ರಾಜ್\u200c ಮಹೇಂದ್ರ',ಅಂಜಿನಪ್ಪ',46',21',ಗಂಡು',',AGASARU',PRIVATE JOB',NO'
ALQ2944080',ಗಂಗಮ್ಮ',ಮುದ್ದಪ್ಪ',47',65',ಹೆಣ್ಣು',',AGASARU',AGED',NO'
ALQ1602101',ವಿಶ್ವನಾಥ್',ಮುದ್ದಪ್ಪ',47',34',ಗಂಡು',',AGASARU',KOOLI',NO'
ALQ2511954',ಲಕ್ಷ್ಮೀನರಸಮ್ಮ ಜಿ',ವಿಶ್ವನಾಥ',47',25',ಹೆಣ್ಣು',',AGASARU',HOUSE -WIFE',NO'
ALQ1602119',ಪುಟ್ಟಮ್ಮ',ಮೈಲಾರಯ್ಯ',48',75',ಹೆಣ್ಣು',',LINGAYATH',AGED',NO'
ALQ2944098',ಕೆ ಎಂ ಸಿದ್ದಲಿಂಗಯ್ಯ',ಮೈಲಾರಪ್ಪ',48',45',ಗಂಡು',',LINGAYATH',FARMER',NO'
ALQ1602127',ವಿಜಯಶಾಂತಿ',ಸಿದ್ದಲಿಂಗಯ್ಯ ಕೆ ಎ',48',35',ಹೆಣ್ಣು',',LINGAYATH',HOUSE -WIFE',NO'
ALQ1602150',ಶಿವಪ್ಪ',ನಿಡುಮಾವಿಡಪ್ಪ',49',60',ಗಂಡು',',LINGAYATH',FARMER',NO'
ALQ1602168',ಕಲ್ಯಾಣಮ್ಮ',ಶಿವಪ್ಪ',49',50',ಹೆಣ್ಣು',',LINGAYATH',HOUSE -WIFE',NO'
ALQ2169639',ಕೆ ಎಸ್ ಬಸವರಾಜು',ಶಿವಪ್ಪ',49',29',ಗಂಡು',',LINGAYATH',PRIVATE JOB',NO'
ALQ3057882',ನಂದಿನಿ ಎಂ',ಮಂಜುನಾಥ',49',25',ಹೆಣ್ಣು',',LINGAYATH',HOME',YES'
ALQ3167863',ಸುಪ್ರಿಯ ಸಿ',ಕೆ ಎಸ್ ಬಸವರಾಜು',49',21',ಹೆಣ್ಣು',',LINGAYATH',HOUSE -WIFE',NO'
ALQ2944114',ಶಾಂತಮ್ಮ',ವೀರಣ್ಣ',51',65',ಹೆಣ್ಣು',',LINGAYATH',AGED',NO'
MVJ4126447',ಮಂಜುನಾಥ',ವೀರಣ್ಣ',51',50',ಗಂಡು',',LINGAYATH',KOOLI',NO'
ALQ3112273',ಜೀವಿತ ಕೆ',ಕೃಷ್ಣಪ್ಪ ಎಂ',52',21',ಹೆಣ್ಣು',',BAJANTHRI',HOUSE -WIFE',NO'
MVJ1873421',ಮಂಜುಳಮ್ಮ',ಗೋಪಿನಾಥ',5ಎ',38',ಹೆಣ್ಣು',',NAYAK',GARMENTS',NO'
ALQ2944148',ಮೈಲಪ್ಪ',ಮಲ್ಲಾರಪ್ಪ',53',65',ಗಂಡು',',GOLLA',AGED',NO'
ALQ2944155',ನರಸಮ್ಮ',ಕಾಮಣ್ಣ',54',60',ಹೆಣ್ಣು',',GOLLA',AGED',NO'
ALQ2944163',ಶ್ರೀನಿವಾಸ',ಮೈಲಪ್ಪ',54',55',ಗಂಡು',',GOLLA',PRIVATE JOB',NO'
ALQ2944171',ಲಕ್ಷ್ಮೀನರಸಮ್ಮ',ಶ್ರೀನಿವಾಸ',54',50',ಹೆಣ್ಣು',',GOLLA',HOUSE -WIFE',NO'
ALQ1602242',ಎನ್ ಶಾರದಮ್ಮ',ನಾರಾಯಣಪ್ಪ',54',33',ಹೆಣ್ಣು',YES',NAYAK',HOUSE -WIFE',NO'
ALQ2169571',ಎಸ್ ರವಿಶಂಕರ್',ಶ್ರೀನಿವಾಸಪ್ಪ',54',27',ಗಂಡು',',GOLLA',FARMER',NO'
ALQ2944189',ಆರ್ ಚಿನ್ನಪ್ಪ',ರಂಗೇಗೌಡ',55',83',ಗಂಡು',',GOLLA',AGED',NO'
ALQ0257188',ನಾರಾಯಣಸ್ವಾಮಿ',ಆರ್ ಚಿನ್ನಪ್ಪ',55',50',ಗಂಡು',',GOLLA',FARMER',NO'
ALQ0257162',ಗೋಪಿನಾಥ್',ಆರ್ ಚಿನ್ನಪ್ಪ',55',47',ಗಂಡು',',GOLLA',FARMER',NO'
ALQ2124121',ರಂಗೇಗೌಡ',ವೆಂಕಟೇಗೌಡ',55',46',ಗಂಡು',',DEATH',',NO'
ALQ3167517',ವಿನಯ್ ಕುಮಾರ್ ಎಸ್',ಶ್ರೀನಿವಾಸ ಕೆ ಎನ್',55',19',ಗಂಡು',',GOLLA',FARMER',NO'
ALQ2944197',ಶ್ರೀರಾಮಪ್ಪ',ರಂಗಪ್ಪ',56',70',ಗಂಡು',',GOLLA',AGED',NO'
ALQ2944205',ರಮೇಶ್',ಶ್ರೀರಾಮಪ್ಪ',56',47',ಗಂಡು',',GOLLA',ENGINNER',NO'
MVJ1873207',ಕೆ ಎಸ್ ಲಕ್ಷ್ಮೀನಾರಾಯಣ',ಶ್ರೀರಾಮಪ್ಪ',56',44',ಗಂಡು',',GOLLA',ENGINNER',NO'
ALQ2944213',ಗಂಗಮ್ಮ',ನಾರಾಯಣಗೌಡ',57',95',ಹೆಣ್ಣು',',DEATH',',NO'
ALQ2944221',ಪೆದ್ದನ್ನ',ನಾರಾಯಣಗೌಡ',57',70',ಗಂಡು',',DEATH',',NO'
ALQ2944239',ನರಸಮ್ಮ',ಪೆದ್ದನ್ನ',57',63',ಹೆಣ್ಣು',',GOLLA',HOUSE -WIFE',NO'
ALQ1602291',ಕೆ ಪಿ ಆನಂದ',ಪೆದ್ದಣ್ಣ',57',38',ಗಂಡು',',GOLLA',FARMER',NO'
ALQ0256131',ಮಂಜುಳ',ಕೆ ಪಿ ಅನಂದಪ್ಪ',57',35',ಹೆಣ್ಣು',',GOLLA',HOUSE -WIFE',NO'
ALQ1602309',ಅಂಬಿಕಾ',ಮಂಜುನಾಥ್',57',34',ಹೆಣ್ಣು',',GOLLA',HOUSE -WIFE',NO'
ALQ2116762',ಚೆನ್ನಮ್ಮ ಎನ್',ಕೆ ಎಮ್ ಮಂಜುನಾರ',57',30',ಹೆಣ್ಣು',',LINGAYATH',GARMENTS',NO'
ALQ2169597',ಪ್ರಕಾಶ್',ಪೆದ್ದಣ್ಣ',57',29',ಗಂಡು',',GOLLA',PRIVATE JOB',NO'
ALQ2169720',ಮಹೇಶ್',ಚಂದ್ರಪ್ಪ',57',26',ಗಂಡು',',GOLLA',FARMER',NO'
ALQ2169613',ಪಿ ಶೋಭ',ಪೆದ್ದಣ್ಣ',57',26',ಹೆಣ್ಣು',',GOLLA',HOME',NO'
ALQ2169589',ವಿ ವೇದಾ',ವೆಂಕಟಸ್ವಾಮಿ',57',25',ಹೆಣ್ಣು',YES',GOLLA',HOUSE -WIFE',NO'
ALQ3153947',ನಿರ್ಮಲ ಜಿ',ಪೆದ್ದನ್ನ',57',21',ಹೆಣ್ಣು',',GOLLA',HOME',YES'
ALQ3182672',ವಿ ಮೇಘನ ತಾಯಿಯ',ಅಶ್ವಥಮ್ಮ',57',19',ಹೆಣ್ಣು',',GOLLA',STUDENT',NO'
ALQ2944296',ಕೆ ಕೆ ಅಶ್ವತ್ಥಪ್ಪ',ಮೈಲಪ್ಪ',58',63',ಗಂಡು',',GOLLA',MINI-DRIARY-FARMER',NO'
ALQ1602325',ಅಶ್ವತ್ಥಮ್ಮ',ಕೆ ಅಶ್ವತ್ಥಪ್ಪ',58',51',ಹೆಣ್ಣು',',GOLLA',HOUSE -WIFE',NO'
MVJ1874338',ಮಹೇಶ್',ಕೆ ಅಶ್ವತ್ಥಪ್ಪ',58',36',ಗಂಡು',',GOLLA',PRIVATE JOB',NO'
ALQ1876580',ನಾಗರಾಜು',ಅಶ್ವತ್ಥಪ್ಪ',58',32',ಗಂಡು',',GOLLA',FARMER',NO'
ALQ2169647',ಜಿ ಮಂಜುಳ',ಮಹೇಶ್',58',31',ಹೆಣ್ಣು',',GOLLA',PVT-TEACHER',NO'
MVJ1873017',ಬೀಮಣ್ಣ',ವೆಂಕಟಾಶ್ವಾಮಪ್ಪ',59',56',ಗಂಡು',',GOLLA',FARMER',NO'
ALQ1602341',ಗಂಗಮ್ಮ',ಬೀಮಣ್ಣ',59',50',ಹೆಣ್ಣು',',GOLLA',HOUSE -WIFE',NO'
ALQ2511970',ಪವಿತ್ರ ಕೆ ಬಿ',ಬೀಮಣ್ಣ',59',25',ಹೆಣ್ಣು',YES',GOLLA',HOUSE -WIFE',NO'
ALQ2944320',ಕೆ ಎನ ಮಂಜುನಾಥ',ನರಸಿಂಹಪ್ಪ',60',63',ಗಂಡು',',KURUBA',FARMER',NO'
ALQ2944338',ಕೆ ಎ ಅಶ್ವತ್ಥಮ್ಮ',ಮಂಜುನಾಥ್',60',45',ಹೆಣ್ಣು',',KURUBA',HOUSE -WIFE',NO'
ALQ2566693',ಪ್ರದೀಪ ಎಂ',ಮಂಜುನಾಥ',60',23',ಗಂಡು',',KURUBA',FARMER',NO'
ALQ2944346',ಅಶ್ವತ್ಥಪ್ಪ',ನರಸಿಂಹಪ್ಪ',61',58',ಗಂಡು',',KURUBA',FARMER',NO'
ALQ2944353',ಸಂಜೀವಮ್ಮ',ಅಶ್ವತ್ಥಪ್ಪ',61',50',ಹೆಣ್ಣು',',KURUBA',HOUSE -WIFE',NO'
ALQ2944361',ಲಕ್ಷ್ಮೀದೇವಮ್ಮ',ಕೆ ವೈಜೋಗಪ್ಪ',62',63',ಹೆಣ್ಣು',',KURUBA',AGED',NO'
MVJ1874270',ಜೆ ನಾಗರಾಜುಬಾಬು',ಕೆ ವೈಜೋಗಪ್ಪ',62',40',ಗಂಡು',',DEATH',',NO'
ALQ2944395',ಬೀಮಯ್ಯ',ಮುನಿಯಪ್ಪ',63',78',ಗಂಡು',',DEATH',',NO'
ALQ2944403',ವೆಂಕಟಲಕ್ಷ್ಮಮ್ಮ',ಬೀಮಯ್ಯ',63',70',ಹೆಣ್ಣು',',GOLLA',AGED',NO'
ALQ1602374',ಕುಮಾರ್ ಕೆ ಬಿ',ಭೀಮಯ್ಯ',63',41',ಗಂಡು',',GOLLA',PRIVATE JOB',NO'
ALQ2363273',ಕೃಷ್ಣಪ್ಪ ಕೆ ಬಿ',ಬೀಮಯ್ಯ',63',33',ಗಂಡು',',DEATH',',NO'
ALQ2566719',ಶಾಂತಮ್ಮ ವಿ',ಕುಮಾರ್ ಕೆಬಿ',63',25',ಹೆಣ್ಣು',',GOLLA',HOUSE -WIFE',NO'
ALQ2944411',ಕೆ ಬಿ ಮುನಿಯಪ್ಪ',ಬೀಮಯ್ಯ',64',55',ಗಂಡು',',GOLLA',PRIVATE JOB',NO'
ALQ1602382',ಜಯಲಕ್ಷ್ಮಮ್ಮ',ಕೆ ಬಿ ಮುನಿಯಪ್ಪ',64',48',ಹೆಣ್ಣು',',GOLLA',HOUSE -WIFE',NO'
ALQ2944429',ಪ್ರಮೀಳಾ',ಕೆ ಬಿ ನಾರಾಯಣಸ್ವಾಮಿ',65',50',ಹೆಣ್ಣು',',GOLLA',FARMER',NO'
MVJ4126140',ನಾಗೇಶ್',ನಾರಾಯಣಸ್ವಾಮಿ',65',34',ಗಂಡು',',GOLLA',UN-EMPLOYE',NO'
ALQ1602390',ಸುವರ್ಣಮ್ಮ',ಕೆ ವಿ ಗೋಪಾಲ್',66',39',ಹೆಣ್ಣು',',GOLLA',HOUSE -WIFE',NO'
ALQ2169688',ವೀಣಾ',ವೆಂಕಟೇಶಪ್ಪ',66',26',ಹೆಣ್ಣು',',GOLLA',PRIVATE JOB',NO'
ALQ2420941',ರೂಪಾ ಕೆ ವಿ',ವೆಂಕಟೇಶಪ್ಪ',66',25',ಹೆಣ್ಣು',YES',GOLLA',HOUSE -WIFE',NO'
ALQ2944452',ವೆಂಕಟಸ್ವಾಮಿ',ಮುನಿಯಪ್ಪ',67',75',ಗಂಡು',',GOLLA',AGED',NO'
ALQ2944460',ಅಕ್ಕಯಮ್ಮ',ವೆಂಕಟಸ್ವಾಮಿ',67',65',ಹೆಣ್ಣು',',GOLLA',AGED',NO'
MVJ4126363',ಕೆ ವಿ ಪ್ರಕಾಶ',ವೆಂಕಟಸ್ವಾಮಿ',67',41',ಗಂಡು',',GOLLA',AUTO-DRIVER',NO'
MVJ4126371',ಗಂಗಾದೇವಿ',ಕೆ ವಿ ಪ್ರಕಾಶ',67',39',ಹೆಣ್ಣು',',GOLLA',HOUSE -WIFE',NO'
ALQ1602408',ಕೆ ರಾಮೇಗೌಡ',ಕೆ ಬಿ ಕೃಷ್ಣಪ್ಪ',68',58',ಗಂಡು',',GOLLA',HOME',YES'
ALQ2944486',ಕೆ ಬೀಮೇಗೌಡ',ಕೆ ಬಿ ಕೃಷ್ಣಪ್ಪ',68',53',ಗಂಡು',',GOLLA',GOVT-REATION-SHOP',NO'
MVJ1873694',ಆರ್\u200c ಮುನಿಲಕ್ಷ್ಮಮ್ಮ',ಕೆ ಭೀಮೇ ಗೌಡ',68',48',ಹೆಣ್ಣು',',GOLLA',DAIRY-ADDEKSH',NO'
ALQ0032664',ನರ್ಮದಾ',ಕೆ ರಾಮೇಗೌಡ',68',41',ಹೆಣ್ಣು',',GOLLA',HOUSE -WIFE',NO'
MVJ1873686',ಎನ್ ಆರ್ ಧರ್ಮಪಾಲ',ರಂಗಪ್ಪ',68',40',ಗಂಡು',',GOLLA',CAR-DRIVER',NO'
ALQ3112190',ಬಿ ಪ್ರಿಯಾಂಕ',ಕೆ ಭೀಮೇ ಗೌಡ',68',21',ಹೆಣ್ಣು',',GOLLA',HOME',YES'
ALQ2944494',ಯಲ್ಲಪ್ಪ',ಜಾಡಿಯಪ್ಪ',69',60',ಗಂಡು',',KURUBA',FARMER',NO'
ALQ2944502',ಅಣ್ಣಮ್ಮ',ಯಲ್ಲಪ್ಪ',69',50',ಹೆಣ್ಣು',',KURUBA',HOUSE -WIFE',NO'
MVJ4126124',ಗಂಗಾಧರ',ಯಲ್ಲಪ್ಪ',69',34',ಗಂಡು',YES',KURUBA',PRIVATE JOB',NO'
ALQ3067865',ಎಸ್ ಸವಿತ',ಗಂಗಾಧರ',69',27',ಹೆಣ್ಣು',',KURUBA',HOUSE -WIFE',NO'
ALQ1602424',ಈಶ್ವರಪ್ಪ',ಜಾಡಿಯಪ್ಪ',70',65',ಗಂಡು',',KURUBA',FARMER',NO'
ALQ2944510',ರತ್ನಮ್ಮ',ಈಶ್ವರಪ್ಪ',70',55',ಹೆಣ್ಣು',',KURUBA',HOUSE -WIFE',NO'
MVJ4126181',ಶಂಕರ್',ಈಶ್ವರಪ್ಪ',70',39',ಗಂಡು',',KURUBA',UN-EMPLOYE',NO'
ALQ2386738',ಸರಸ್ವತಿ',ಶಂಕರ್',70',26',ಹೆಣ್ಣು',',KURUBA',HOUSE -WIFE',NO'
ALQ2944528',ಸಂಜೀವರಾಯಪ್ಪ',ಹನುಮಂತಪ್ಪ',72',60',ಗಂಡು',',NAYAK',FARMER',NO'
MVJ1873488',ರತ್ನಮ್ಮ',ಸಂಜೀವರಾಯಪ್ಪ',72',50',ಹೆಣ್ಣು',',NAYAK',HOUSE -WIFE',NO'
ALQ2944536',ಚಂದ್ರಪ್ಪ',ಹನುಮಂತಪ್ಪ',72',45',ಗಂಡು',',NAYAK',FARMER',NO'
MVJ1872605',ರಂಗಮ್ಮ',ಚಂದ್ರಪ್ಪ',72',37',ಹೆಣ್ಣು',',NAYAK',HOUSE -WIFE',NO'
ALQ0032045',ರಾಮಾಂಜಿನಪ್ಪ',ಸಂಜೀವರಾಯಪ್ಪ',72',36',ಗಂಡು',',NAYAK',M-GP-MEMBER-FOEMER',NO'
ALQ1602432',ಎಸ್ ರಾಜು',ಸಂಜೀವರಾಯಪ್ಪ',72',33',ಗಂಡು',',NAYAK',PRIVATE JOB',NO'
ALQ2421444',ರಮ್ಯ',ರಾಮಾಂಜನಪ್ಪ',72',28',ಹೆಣ್ಣು',',NAYAK',DAIRY-SECUTRY',NO'
ALQ2420966',ಎಸ್ ರೂಪಾ',ಎಸ್ ರಾಜು',72',26',ಹೆಣ್ಣು',',NAYAK',HOUSE -WIFE',NO'
ALQ0256438',ರಾಮಕೃಷ್ಣಪ್ಪ',ಸಿದ್ದಪ್ಪ',73',55',ಗಂಡು',',NAYAK',FARMER',NO'
ALQ2944569',ಬೊಮ್ಮಕ್ಕ',ರಾಮಕೃಷ್ಣಪ್ಪ',73',45',ಹೆಣ್ಣು',',NAYAK',HOUSE -WIFE',NO'
MVJ1873637',ಸಾವಿತ್ರಮ್ಮ',ರಾಮಕೃಷ್ಣಪ್ಪ',73',43',ಹೆಣ್ಣು',',NAYAK',HOUSE -WIFE',NO'
ALQ2566727',ಮಂಜುಳ ಆರ್',ರಾಮಕೃಷ್ಣಪ್ಪ',73',24',ಹೆಣ್ಣು',YES',NAYAK',HOUSE -WIFE',NO'
ALQ3112323',ಸಿದ್ದಾರ್ಥ ಆರ್',ರಾಮಕೃಷ್ಣಪ್ಪ',73',21',ಗಂಡು',',NAYAK',PRIVATE JOB',NO'
ALQ2944577',ಗೌರಮ್ಮ',ನಾರಪ್ಪ',74',75',ಹೆಣ್ಣು',',BAJANTHRI',FARMER',NO'
ALQ2944585',ವೆಂಕಟಮ್ಮ',ನಂಜುಂಡಪ್ಪ',75',75',ಹೆಣ್ಣು',',SC',AGED',NO'
ALQ2944593',ನಂಜುಂಡಪ್ಪ',ಸೀನಪ್ಪ',75',60',ಗಂಡು',',SC',FARMER',NO'
ALQ2944601',ಶಾಂತಮ್ಮ',ಶೀನಪ್ಪ',75',50',ಹೆಣ್ಣು',',SC',HOUSE -WIFE',NO'
ALQ3112455',ವೆಂಕಟೇಶ್ ಎಸ್',ಸೀನಪ್ಪ',75',22',ಗಂಡು',',SC',SELF EMPLOYED',YES'
ALQ3001971',ವೆಂಕಟೇಶ್ ಎಸ್',ಸೀನಪ್ಪ',75',22',ಗಂಡು',',REPATED',',NO'
ALQ2944619',ಲಕ್ಷ್ಮಮ್ಮ',ನಂಜುಂಡಪ್ಪ',76',50',ಹೆಣ್ಣು',',SC',KOOLI',NO'
ALQ1876606',ಆನಂದ',ಸುಬ್ಬರಾಯಪ್ಪ',76',30',ಗಂಡು',',SC',PRIVATE JOB',NO'
ALQ2944627',ಜಯಮ್ಮ',ನಾರಾಯಣಪ್ಪ',77',75',ಹೆಣ್ಣು',',SC',AGED',NO'
ALQ2944635',ಅಶ್ವತ್ಥಪ್ಪ',ನಾರಾಯಣಪ್ಪ',77',50',ಗಂಡು',',SC',PVT-P1',NO'
MVJ1873926',ರತ್ನಮ್ಮ',ಅಶ್ವತ್ಥಪ್ಪ',77',48',ಹೆಣ್ಣು',',SC',HOUSE -WIFE',NO'
ALQ2106060',ಎಮ್ ಆರ್ ಹೇಮಲತಾ',ಮುನಿರಾಜು',77',34',ಹೆಣ್ಣು',',GOLLA',HOUSE -WIFE',NO'
ALQ1602457',ಗೌರಮ್ಮ',ವೆಂಕಟಪ್ಪ',78',60',ಹೆಣ್ಣು',',SC',HOUSE -WIFE',NO'
ALQ1602465',ವೆಂಕಟೇಶಪ್ಪ',ಲೇಟ್ ವೆಂಕಟಪ್ಪ',78',50',ಹೆಣ್ಣು',',SC',HOME',YES'
ALQ3112349',ಮಂಜುನಾಥ ವಿ',ವೆಂಕಟೇಶ',78',21',ಗಂಡು',',AGASARU',T-D',NO'
ALQ0255489',ನಾರಾಯಣಪ್ಪ',ವೆಂಕಟರಮಣಪ್ಪ',79',85',ಗಂಡು',',SC',AGED',NO'
MVJ1874130',ಆದಮ್ಮ',ನಾರಾಯಣಪ್ಪ',79',75',ಹೆಣ್ಣು',DEATH',',',NO'
MVJ1873777',ಎನ್ ವೆಂಕಟೇಶ್',ನಾರಾಯಣಪ್ಪ',79',47',ಗಂಡು',',SC',FARMER',NO'
MVJ1873173',ಹನುಮಕ್ಕ',ವೆಂಕಟೇಶಪ್ಪ',79',47',ಹೆಣ್ಣು',YES',SC',HOUSE -WIFE',NO'
MVJ1873769',ವೆಂಕಟಲಕ್ಷ್ಮಮ್ಮ',ವೆಂಕಟೇಶ್',79',40',ಹೆಣ್ಣು',',SC',HOUSE -WIFE',NO'
ALQ1602481',ಕೇಶವಪ್ಪ',ಪಿಳ್ಳಪ್ಪ',80',55',ಗಂಡು',',GOLLA',FARMER',NO'
ALQ2944643',ನಾಗಮ್ಮ',ಕೇಶವಪ್ಪ',80',47',ಹೆಣ್ಣು',',GOLLA',HOUSE -WIFE',NO'
ALQ1602499',ವೀರಭದ್ರಪ್ಪ',ಬಸಪ್ಪ',82',81',ಗಂಡು',',LINGAYATH',FARMER',NO'
ALQ1602507',ಶಿವಮ್ಮ',ವೀರಭದ್ರಪ್ಪ',82',70',ಹೆಣ್ಣು',',LINGAYATH',HOUSE -WIFE',NO'
MVJ1872811',ಪ್ರಸನ್ನಕುಮಾರ್',ವೀರಭದ್ರಪ್ಪ',82',38',ಗಂಡು',YES',LINGAYATH',PRIVATE JOB',NO'
MVJ4126116',ಶಿವಶಂಕರ',ವೀರಭದ್ರಪ್ಪ',82',34',ಗಂಡು',',LINGAYATH',FARMER',NO'
ALQ0032110',ಹೆಚ್ ಎಂ ಜ್ಯೋತಿ',ಪ್ರಸನ್ನ ಕುಮಾರ',82',33',ಹೆಣ್ಣು',',LINGAYATH',HOUSE -WIFE',NO'
ALQ2944650',ಬಾಬಣ್ಣ',ನರಸಿಂಹಯ್ಯ',84',73',ಗಂಡು',',KURUBA',AGED',NO'
ALQ2944668',ಲಕ್ಷ್ಮಮ್ಮ',ಬಾಬಣ್ಣ',84',67',ಹೆಣ್ಣು',',KURUBA',HOUSE -WIFE',NO'
MVJ4126157',ಬಿ ನಾಗರಾಜ',ಬಾಬಣ್ಣ',84',35',ಗಂಡು',',KURUBA',FARMER',NO'
ALQ1602531',ಲಕ್ಷ್ಮಮ್ಮ',ಬಿ ನಂಜುಂಡಪ್ಪ',85',60',ಹೆಣ್ಣು',',KURUBA',HOUSE -WIFE',NO'
ALQ0257527',ಶಿವಪ್ಪ',ಬೋಗಣ್ಣ',85',55',ಗಂಡು',',KURUBA',FARMER',NO'
MVJ1873835',ಮುದ್ದಮ್ಮ',ಶಿವಪ್ಪ',85',45',ಹೆಣ್ಣು',',KURUBA',HOUSE -WIFE',NO'
MVJ1873843',ಮಂಜುನಾಥ',ನಂಜುಂಡಪ್ಪ',85',42',ಗಂಡು',',KURUBA',2-WELLER-GAREGE',NO'
ALQ2512010',ಕೆಎಸ್ ವಿಜೇಂದ್ರ',ಕೆಬಿ ಶಿವಣ್ಣ',85',24',ಗಂಡು',',KURUBA',PRIVATE JOB',NO'
ALQ3167301',ಎಸ್ ಶಿಲ್ಪ',ಶಿವಣ್ಣ',85',21',ಹೆಣ್ಣು',YES',KURUBA',HOUSE -WIFE',NO'
ALQ2944676',ರಾಮಕ್ಕೆ',ವೆಂಕಟಸ್ವಾಮಿ',86',70',ಹೆಣ್ಣು',',GOLLA',AGED',NO'
ALQ2944684',ಭೀಮಣ್ಣ',ವೆಂಕಟಸ್ವಾಮಿ',86',45',ಗಂಡು',',GOLLA',KOOLI',NO'
ALQ1602572',ಜಯಲಕ್ಷ್ಮಮ್ಮ',ಭೀಮಣ್ಣ',86',40',ಹೆಣ್ಣು',',GOLLA',HOUSE -WIFE',NO'
ALQ0256156',ಮುನಿಕೃಷ್ಣಪ್ಪ',ವೆಂಕಟಸ್ವಾಮಿ',86',31',ಗಂಡು',',GOLLA',GARE',NO'
ALQ3055399',ವೆಂಕಟೇಶ ಬಿ',ಭೀಮಣ್ಣ',86',22',ಗಂಡು',',GOLLA',GARMENTS',NO'
ALQ3183001',ಎಸ್ ರಾಧ',ವೆಂಕಟೇಶ',86',19',ಹೆಣ್ಣು',',GOLLA',HOUSE -WIFE',NO'
ALQ1876531',ವೆಂಕಟೇಶ್',ಚಿಕ್ಕಪ್ಪಯ್ಯ',87',50',ಗಂಡು',',GOLLA',KOOLI',NO'
ALQ2944692',ಪಾರ್ವತಮ್ಮ',ವೆಂಕಟೇಶ್',87',45',ಹೆಣ್ಣು',',GOLLA',HOUSE -WIFE',NO'
ALQ2944700',ರಾಮಪ್ಪ',ಚಿಕ್ಕಪ್ಪಯ್ಯ',88',55',ಗಂಡು',',GOLLA',FARMER',NO'
MVJ1873462',ನಾಗಲಕ್ಷ್ಮಮ್ಮ',ರಾಮಪ್ಪ',88',43',ಹೆಣ್ಣು',',GOLLA',HOUSE -WIFE',NO'
ALQ3055373',ಸುವರ್ಣ ಆರ್',ರಾಮಪ್ಪ',88',22',ಹೆಣ್ಣು',YES',GOLLA',HOUSE -WIFE',NO'
ALQ3067873',ಶಿಲ್ಪ ಕೆ ಆರ್',ರಾಮಪ್ಪ',88',21',ಹೆಣ್ಣು',YES',GOLLA',PRIVATE JOB',NO'
ALQ2944718',ಆರ್\u200c ವೆಂಕಟಪ್ಪ',ರಂಗಪ್ಪ',89',83',ಗಂಡು',',DEATH',',NO'
ALQ2944726',ವಿ ರವಿಶಂಕರ್',ಆರ್ ವೆಂಕಟಪ್ಪ',89',: 45',ಗಂಡು',',LINGAYATH',MINI-DAIRY',NO'
MVJ1872928',ಟಿ ಬಿ ಶೋಭಾ',ರವಿಶಂಕರ್',89',41',ಹೆಣ್ಣು',',LINGAYATH',HOUSE -WIFE',NO'
ALQ3112281',ಭವ್ಯ ಕೆ ಆರ್',ರವಿಶಂಕರ್\u200c ವಿ',89',20',ಹೆಣ್ಣು',YES',LINGAYATH',PRIVATE JOB',NO'
ALQ2944734',ಕೆ ಬಿ ಭೀಮಣ್ಣ',ಕೆ ಬಿ ಭೀಮಣ್ಣ',90',73',ಗಂಡು',',GOLLA',FARMER',NO'
ALQ2944742',ರಾಮಕ್ಕೆ',ಕೆ ಬಿ ಭೀಮಣ್ಣ',90',65',ಹೆಣ್ಣು',',GOLLA',HOUSE -WIFE',NO'
ALQ2944759',ಗೋಪಾಲ',ಕೆ ಬಿ ಭೀಮಣ್ಣ',90',43',ಗಂಡು',',GOLLA',KURI-DEALR',NO'
ALQ2566701',ಕೆ ಎಲ್ ಹರಿಣಾಕ್ಷಿ',ಗೋಪಾಲ',90',33',ಹೆಣ್ಣು',',GOLLA',HOUSE -WIFE',NO'
ALQ3153939',ಭೀಮೇಗೌಡ',ಕೆ ಬಿ ಶ್ರೀನಿವಾಸಮೂರ್ತಿ',90',20',ಗಂಡು',',GOLLA',FARMER',NO'
ALQ2944775',ಬೀಮಣ್ಣ',ನಾನಪ್ಪ',91',55',ಗಂಡು',',GOLLA',FARMER',NO'
ALQ3112356',ನರೇಂದ್ರಬಾಬುಬಿ',ಬೀಮಣ್ಣ',91',20',ಗಂಡು',',GOLLA',KOOLI',NO'
ALQ2944783',ಎನ್ ವೆಂಕಟೇಶ',ನಾನಪ್ಪ',92',56',ಗಂಡು',',GOLLA',FARMER',NO'
ALQ1602622',ಗಂಗರತ್ನಮ್ಮ',ಎನ್ ವೆಂಕಟೇಶ',92',47',ಹೆಣ್ಣು',',GOLLA',HOUSE -WIFE',NO'
MVJ1873918',ಲಕ್ಷ್ಮಮ್ಮ',ಚಿನ್ನಪ್ಪಯ್ಯ',93',80',ಹೆಣ್ಣು',',DEATH',',NO'
ALQ0255430',ಲಕ್ಷ್ಮಮ್ಮ',ಚಿಕ್ಕಪ್ಪಯ್ಯ',93',80',ಹೆಣ್ಣು',',REPATED',',NO'
ALQ0255448',ನಾರಾಯಣಪ್ಪ',ಚಿನ್ನಪ್ಪಯ್ಯ',93',50',ಗಂಡು',',DEATH',',NO'
ALQ3005782',ವಿ ವೆಂಕಟಲಕ್ಷ್ಮಮ್ಮ',ನರಸಿಂಹಮೂರ್ತಿ',93',49',ಹೆಣ್ಣು',',SC',HOUSE -WIFE',NO'
ALQ2944791',ಲಕ್ಷ್ಮಮ್ಮ',ನಾರಾಯಣಪ್ಪ',93',45',ಹೆಣ್ಣು',',SC',HOUSE -WIFE',NO'
MVJ3411766',ನರಸಿಂಹಮೂರ್ತಿ',ನಾರಾಯಣಪ್ಪ',93',37',ಗಂಡು',',SC',KOOLI',NO'
ALQ2944809',ಈರಪ್ಪ',ನರಸಿಂಹಪ್ಪ',94',55',ಗಂಡು',',DEATH',',NO'
ALQ2944817',ನರಸಮ್ಮ',ಈರಪ್ಪ',94',50',ಹೆಣ್ಣು',',SC',FARMER',NO'
MVJ3411725',ಮಂಜುನಾಥ',ಈರಪ್ಪ',94',42',ಗಂಡು',',SC+CRI',KOOLI',NO'
MVJ3411808',ಪುಷ್ಪ',ಮಂಜುನಾಥ',94',36',ಹೆಣ್ಣು',',SC+CRI',KOOLI',NO'
MVJ1872803',ಕೆ ಎನ್ ಗಂಗಪ್ಪ',ವೆಂಕಟಪ್ಪ',95',66',ಗಂಡು',',DEATH',',NO'
ALQ2944825',ಗಂಗರತ್ನಮ್ಮ ಎನ್',ಕೆ ಎನ್ ಗಂಗಪ್ಪ',95',55',ಹೆಣ್ಣು',',SC',AGED',NO'
MVJ1874049',ಜಿ ರೂಪಾಶ್ರೀ',ಕೆ ಎನ್ ಗಂಗಪ್ಪ',95',37',ಹೆಣ್ಣು',',SC',HOUSE -WIFE',NO'
ALQ0258400',ಜಿ ಅನಿಲ್',ಕೆ ಎನ್ ಗಂಗಪ್ಪ',95',36',ಗಂಡು',',SC',FARMER',YES'
ALQ2116242',ಎನ್ ನವೀನ್ ಕುಮಾರ್',ನರಸಿಂಹಮೂರ್ತಿ',95',34',ಗಂಡು',',SC',PRIVATE JOB',NO'
ALQ2944833',ಕಾಳಪ್ಪ',ನರಸಪ್ಪ',96',85',ಗಂಡು',',SC',FORMING',NO'
ALQ1602630',ವರಲಕ್ಷ್ಮಮ್ಮ',ವೆಂಕಟಪ್ಪ',96',50',ಹೆಣ್ಣು',',SC',KOOLI',NO'
ALQ2944841',ಅಶ್ವತ್ಥಪ್ಪ',ಕಾಳಪ್ಪ',96',45',ಗಂಡು',',SC',KOOLI',NO'
MVJ1873090',ನರಸಿಂಹಮೂರ್ತಿ',ಕಾಳಪ್ಪ',96',40',ಗಂಡು',',SC',FORMING',NO'
ALQ1602648',ಜಯಮ್ಮ',ಅಶ್ವತ್ಥಪ್ಪ',96',40',ಹೆಣ್ಣು',',SC',KOOLI',NO'
MVJ1873660',ರವಿ',ಕಾಳಪ್ಪ',96',37',ಗಂಡು',',SC',KOOLI',NO'
ALQ0256511',ಪ್ರಕಾಶ್',ಕಾಳಪ್ಪ',96',36',ಗಂಡು',',SC',KOOLI',NO'
ALQ2397966',ನರಸಮ್ಮ',ನರಸಿಂಹಮೂರ್ತಿ',96',36',ಹೆಣ್ಣು',',SC',KOOLI',NO'
ALQ2096394',ಲಕ್ಷ್ಮಿ',ರವಿ',96',31',ಹೆಣ್ಣು',',SC',KOOLI',NO'
ALQ2420974',ಗೀತಾ',ಪ್ರಕಾಶ್',96',27',ಹೆಣ್ಣು',',SC',KOOLI',NO'
ALQ2512002',ದಿವ್ಯ ಭಾರತಿ ಕೆ ಎನ್',ನಾಗರಾಜಪ್ಪ',96',24',ಹೆಣ್ಣು',',SC',KOOLI',NO'
ALQ2511988',ಪ್ರಸಾದ್ ವಿ ಜಿ',ಗಂಗಣ್ಣ',96',24',ಗಂಡು',',SC',CAR-DRIVER',NO'
ALQ3167731',ಪ್ರಸನ್ನ ಎ',ಅಶ್ವತ್ಥಪ್ಪ',96',20',ಗಂಡು',',SC',TAMTE-MUSIC',NO'
ALQ2124139',ರತ್ನಮ್ಮ',ವೆಂಕಟೇಶ್',97',50',ಹೆಣ್ಣು',',SC',FORMING',NO'
MVJ1874171',ವೆಂಕಟೇಶ್',ಗಂಗಪ್ಪ',97',50',ಗಂಡು',',DEATH',',NO'
MVJ1874189',ವರಲಕ್ಷ್ಮಿ',ವೆಂಕಟೇಶ್',97',49',ಹೆಣ್ಣು',',SC',HOUSE -WIFE',NO'
ALQ2944866',ಶ್ರೀನಿವಾಸ',ಗಂಗಪ್ಪ',97',44',ಗಂಡು',',SC',KOO,I'
ALQ2100873',ಕವಿತ ಕೆ',ಶ್ರೀನಿವಾಸ',97',28',ಹೆಣ್ಣು',',SC',KOOLI',NO'
ALQ2944874',ಮುತ್ತಪ್ಪ',ಅಕ್ಕಲಪ್ಪ',98',70',ಗಂಡು',',SC',FARMER',NO'
ALQ2944882',ಲಕ್ಷ್ಮೀನರಸಮ್ಮ',ಮುತ್ತಪ್ಪ',98',60',ಹೆಣ್ಣು',',SC',HOUSE -WIFE',NO'
MVJ1874510',ಗಂಗಾಧರಪ್ಪ',ಮುತ್ತಪ್ಪ',98',37',ಗಂಡು',',SC',T-D',NO'
ALQ0032060',ನಾಗಮಣಿ',ಗಂಗಾಧರ',98',35',ಹೆಣ್ಣು',',SC',HOUSE -WIFE',NO'
MVJ1873363',ಗಂಗಾಧರಪ್ಪ',ಕುರುಲಪ್ಪ',99',42',ಗಂಡು',',SC',KOOLI',NO'
MVJ1873355',ನಾಗಮ್ಮ',ಗಂಗಾಧರಪ್ಪ',99',38',ಹೆಣ್ಣು',',SC',HOUSE -WIFE',NO'
ALQ3112307',ಮಧುಜಿ',ಗಂಗಾಧರಪ್ಪ',99',21',ಗಂಡು',',SC',FACTORY WORKER',NO'
ALQ2944890',ಬಾಬಣ್ಣ',ನಂಜುಂಡಪ್ಪ',100',80',ಗಂಡು',',DEATH',',NO'
ALQ2944908',ಬಾಬಕ್ಕ',ಬಾಬಣ್ಣ',100',70',ಹೆಣ್ಣು',',SC',AGED',NO'
ALQ2944924',ರಂಗಮ್ಮ',ಮದ್ದೂರಪ್ಪ',101',48',ಹೆಣ್ಣು',',DEATH',',NO'
ALQ2944932',ನಂದೀಶ್',ಮದ್ದೂರಪ್ಪ',102',60',ಗಂಡು',',SC',FARMER',NO'
ALQ2944940',ಕದಿರಮ್ಮ',ನಂದಿಶ್',102',45',ಹೆಣ್ಣು',',SC',KOOLI',NO'
ALQ2421139',ಎನ್ ವೆಂಕಟೇಶ್',ನಂದೀಶ್',102',24',ಗಂಡು',',SC',T-D',NO'
ALQ3057817',ಎನ್ ಪವನ್',ನಂದೀಶ',102',21',ಗಂಡು',',SC',FACTORY WORKER',NO'
ALQ2944957',ದೊಡ್ಡಕ್ಕೆ',ಮರಿಯಪ್ಪ',103',55',ಹೆಣ್ಣು',',SC',KOOLI',NO'
MVJ4126421',ನರಸಮ್ಮ',ಮರಿಯಪ್ಪ',103',39',ಹೆಣ್ಣು',',SC',KOOLI',NO'
ALQ2944965',ನರಸಪ್ಪ',ನರಸಿಂಹಪ್ಪ',104',55',ಗಂಡು',',SC',KOOLI',NO'
ALQ2944973',ರತ್ನಮ್ಮ',ನರಸಪ್ಪ',104',45',ಹೆಣ್ಣು',',SC',KOOLI',NO'
ALQ2169670',ಎನ್ ಶ್ರೀನಿವಾಸ',ನರಸಪ್ಪ',104',29',ಗಂಡು',',SC',KOOLI',NO'
ALQ2169621',ಕೆ ಎನ್ ಶಿಲ್ಪ',ಶ್ರೀನಿವಾಸ',104',27',ಹೆಣ್ಣು',',SC',HOUSE -WIFE',NO'
ALQ3112398',ಶಿಲ್ಪ ಕೆ ಎನ್',ಎನ್ ಶ್ರೀನಿವಾಸ',104',27',ಹೆಣ್ಣು',',REPATED',',NO'
ALQ2169522',ಕೆ ಎನ್ ನರಸಿಂಹಮೂರ್ತಿ',ನರಸಪ್ಪ',104',25',ಗಂಡು',',SC',FACTORY WORKER',NO'
MVJ1873934',ಗಂಗಮ್ಮ',ನರಸಿಂಹಪ್ಪ',105',76',ಹೆಣ್ಣು',',DEATH',',NO'
MVJ1874221',ಲಕ್ಷ್ಮಮ್ಮ',ಗಂಗಾಧರಪ್ಪ',105',55',ಹೆಣ್ಣು',',REPATED',',NO'
MVJ1873983',ಗಂಗಾಧರಪ್ಪ',ನರಸಿಂಹಪ್ಪ',105',54',ಗಂಡು',',SC',KOOLI',NO'
ALQ2291599',ರವಿಕುಮಾರ್',ಹನುಮಂತರಾಯ',105',26',ಗಂಡು',',NAYAK',KOOLI',NO'
ALQ2566552',ಹರೀಶ್ ಕುಮಾರ್',ಗಂಗಾಧರಪ್ಪ',105',24',ಗಂಡು',',SC',FACTORY WORKER',NO'
ALQ2944981',ನರಸಿಂಹಪ್ಪ',ನರಸಿಂಹಪ್ಪ',106',60',ಗಂಡು',',SC',KOOLI',NO'
ALQ2944999',ಲಕ್ಷ್ಮಮ್ಮ',ನರಸಿಂಹಪ್ಪ',106',55',ಹೆಣ್ಣು',',SC',HOUSE -WIFE',NO'
ALQ1602663',ಲಕಿ',ಅಶ್ವಥಯ್ಯ',106',29',ಹೆಣ್ಣು',',NAYAK',HOUSE -WIFE',NO'
ALQ2566735',ಎಸ್ ಸಂತೋಷ್ ಕುಮಾರ್',ನರಸಿಂಹಪ್ಪ',106',23',ಗಂಡು',',SC',FACTORY WORKER',NO'
ALQ1602689',ತಿಮ್ಮಕ್ಕ',ನಂಜುಂಡಪ್ಪ',108',70',ಹೆಣ್ಣು',',SC',AGED',NO'
ALQ2945004',ಗಂಗಾಧರಪ್ಪ',ನಂಜುಂಡಪ್ಪ',108',49',ಗಂಡು',',SC',KOOLI',NO'
ALQ2945012',ಮುದ್ದಪ್ಪ',ನಂಜುಂಡಪ್ಪ',108',43',ಗಂಡು',',SC',KOOLI',NO'
ALQ0032102',ನಾರಾಯಣಪ್ಪ',ಮದ್ದೂರಪ್ಪ',108',35',ಗಂಡು',',SC',KOOLI',NO'
ALQ0256644',ಶಾಂತಮ್ಮ',ಗಂಗಾಧರಪ್ಪ',108',34',ಹೆಣ್ಣು',',SC',KOOLI',NO'
ALQ0255521',ಹರೀಶ್',ಮದ್ದೂರಪ್ಪ',108',33',ಗಂಡು',',SC',TRUCK-DRIVER',NO'
ALQ1876614',ಸಿ ಎನ್ ಮುನಿಯಮ್ಮ',ಮುದ್ದಪ್ಪ',108',33',ಹೆಣ್ಣು',',SC',GARMENTS',NO'
ALQ0073130',ಲತ ಸಿ',ಲಕ್ಷ್ಮೀಪತಿ ಕೆ ಹೆಚ್',110',35',ಹೆಣ್ಣು',',KURUBA',GOVERMENT EMPLOYEE',NO'
ALQ1602697',ಪಾಪಮ್ಮ',ಮದ್ದೂರಪ್ಪ',111',70',ಹೆಣ್ಣು',',DEATH',',NO'
ALQ1602705',ಶ್ರೀರಾಮಯ್ಯ',ಮದ್ದೂರಪ್ಪ',111',51',ಗಂಡು',', SC',DAIRY WORKER',NO'
ALQ1602713',ಗಂಗರತ್ನಮ್ಮ',ಕೆ ಎಂ ಶ್ರೀರಾಮಯ್ಯ',111',43',ಹೆಣ್ಣು',',SC',HOUSE -WIFE',NO'
ALQ2169563',ಪಿ ಎಸ್ ಮಂಜುಳ',ಶ್ರೀನಿವಾಸ',111',30',ಹೆಣ್ಣು',',SC',ANGANAVDI-TEACHER',NO'
ALQ1602721',ಮದ್ದೂರಪ್ಪ',ತಿಮ್ಮಪ್ಪ',112',80',ಗಂಡು',',DEATH',',NO'
ALQ2945038',ನರಸಮ್ಮ',ಮದ್ದೂರಪ್ಪ',112',70',ಹೆಣ್ಣು',',SC',KOOLI\\',NO'
ALQ1602739',ನರಸಪ್ಪ',ಮುನಿಯಪ್ಪ',113',60',ಗಂಡು',',SC',KOOLI',NO'
ALQ2566677',ಲಕ್ಷ್ಮಮ್ಮ',ನರಸಪ್ಪ',113',41',ಹೆಣ್ಣು',',SC',KOOLI',NO'
ALQ3057858',ಗಂಗಾಧರ ಕೆ ಎನ್',ನರಸಪ್ಪ',113',25',ಗಂಡು',',SC',FACTORY WORKER',NO'
ALQ1876622',ರತ್ನಮ್ಮ',ನಂದೀಶ',114',38',ಹೆಣ್ಣು',',SC',KOOLI',NO'
MVJ1873082',ನಂದೀಶ',ಅಕ್ಕಲಪ್ಪ',114',38',ಗಂಡು',',SC',KOOLI',NO'
ALQ2210995',ಮಧು',ಲೇಟ್ ಅಕ್ಕಲಪ್ಪ',114',34',ಗಂಡು',',SC',TRUCK-DRIVER',NO'
ALQ2169654',ಮಂಜುನಾಥ ಎ',ಲೇ ಅಕ್ಕಲಪ್ಪ',114',26',ಗಂಡು',',SC',AUTO-DRIVER',NO'
MVJ1873058',ನಂದೀಶ',ಮದ್ವರಪ್ಪ',116',39',ಗಂಡು',',SC',KOOLI',NO'
ALQ1876630',ಮಂಜುನಾಥ',ಮದ್ದೂರಪ್ಪ',116',36',ಗಂಡು',',SC',KOOLI',NO'
ALQ2386084',ಎನ್ ಶಿವಮ್ಮ',ನಂದಿಶ್',116',31',ಹೆಣ್ಣು',',SC',KOOLI',NO'
MVJ1874247',ನಂಜುಂಡಪ್ಪ',ಚಿಕ್ಕಪ್ಪಯ್ಯ',117',46',ಗಂಡು',',SC',SECURITY',NO'
ALQ1602754',ಗಂಗಾಧರಪ್ಪ',ಚಿಕ್ಕಪ್ಪಯ್ಯ',117',45',ಗಂಡು',',SC',KOOLI',NO'
MVJ1873108',ಮದ್ದೂರಪ್ಪ',ಚಿಕ್ಕಪ್ಪಯ್ಯ',117',41',ಗಂಡು',',SC',KOOLI',NO'
ALQ1602762',ಸಿ ಸುಜಾತಮ್ಮ',ನಂಜುಂಡಪ್ಪ',117',40',ಹೆಣ್ಣು',',SC',ASHA-WORKER',NO'
ALQ2420610',ಎಮ್ ಈಶ್ವರಮ್ಮ',ಗಂಗಾಧರಪ್ಪ',117',28',ಹೆಣ್ಣು',',SC',M-GP-MEMBER-KOOLI',NO'
ALQ3057874',ಸುಚಿತ್ರ ಎನ್',ನಂಜುಂಡಪ್ಪ ಕೆಸಿ',117',21',ಹೆಣ್ಣು',',SC',FACTORY WORKER',NO'
ALQ3182151',ಎನ್ ಸುಪ್ರಿಯ',ಕೆಸಿ ನಂಜುಂಡಪ್ಪ',117',19',ಹೆಣ್ಣು',',SC',FACTORY WORKER',NO'
ALQ1602770',ಗಂಗಮ್ಮ',ಮದ್ದೂರಪ್ಪ',118',80',ಹೆಣ್ಣು',',SC',AGED',NO'
ALQ0257311',ಗಂಗಪ್ಪ',ಮದ್ದೂರಪ್ಪ',118',70',ಗಂಡು',',SC',FORMING',NO'
ALQ1602788',ನರಸಮ್ಮ',ಗಂಗಪ್ಪ',118',60',ಹೆಣ್ಣು',',SC',HOUSE -WIFE',NO'
ALQ2945053',ಮದ್ವರಪ್ಪ',ನಂಜಪ್ಪ',118',44',ಗಂಡು',',REPATED',',NO'
ALQ1602796',ರತ್ನಮ್ಮ',ನಾರಾಯಣಪ್ಪ ಬಿ',118',41',ಹೆಣ್ಣು',',SC',KOOLI',NO'
ALQ3057841',ಗಾಯಿತ್ರಿಕೆ ಎನ್',ಲೇಟ್ ನಾರಾಯಣಸ್ವಾಮಿ',118',22',ಹೆಣ್ಣು',',SC',KOOLI',NO'
ALQ3153970',ರಮೇಶ್ ಎನ್ ತಾಯಿಯ',ರತ್ನಮ್ಮ',118',20',ಗಂಡು',',SC',FACTORY WORKER',NO'
ALQ2096097',ಎಚ್ ಈ ಸರಸ್ವತಿ',ಹರೀಶ್ ಕೆ ಏ',121',30',ಹೆಣ್ಣು',',SC',GP-MEMBER',NO'
ALQ2943561',ಲಕ್ಷ್ಮೀನರಸಪ್ಪ',ಜಾಲರಪ್ಪ',12ಎ',60',ಗಂಡು',',DEATH',',NO'
ALQ1876556',ನಾಗಮಣಿ',ಸಂತೋಷ್',12ಎ',32',ಹೆಣ್ಣು',',NAYAK',GARMENTS',NO'
ALQ2421576',ಶಿಲ್ಪ ಎಲ್',ಲಕ್ಷ್ಮೀನರಸಪ್ಪ',12ಎ',24',ಹೆಣ್ಣು',',NAYAK',GARMENTS',NO'
ALQ0031971',ಆದಮ್ಮ',ಬಾಬಣ್ಣ',13',71',ಹೆಣ್ಣು',',SC',AGED',NO'
ALQ2471308',ನಂಜುಂಡಪ್ಪ',ಲೇಟ್ ಬಾಬಣ್ಣ',13',26',ಗಂಡು',',SC',KOOLI',NO'
ALQ2943553',ಪಾರ್ವತಮ್ಮ',ಲಕ್ಷ್ಮೀನರಸಪ್ಪ',ಎ12',50',ಹೆಣ್ಣು',',NAYAK',KOOLI',NO'
ALQ2098069',ಎಮ್ ಈಶ್ವರಮ್ಮ',ಗಂಗಾಧರಪ್ಪ',131',28',ಹೆಣ್ಣು',',REPATED',',NO'
ALQ2943603',ನಾಗರಾಜ',ಸಿದ್ದಪ್ಪ',13ಎ',50',ಗಂಡು',',NAYAK',TRUCK-DRIVER',NO'
ALQ2943611',ಗಂಗರತ್ನಮ್ಮ',ನಾಗರಾಜ',13ಎ',44',ಹೆಣ್ಣು',',NAYAK',KOOLI',NO'
ALQ2511939',ಮೋಹನ್ ಎನ್',ನಾಗರಾಜು',13 ಎ',23',ಗಂಡು',',NAYAK',STUDENT',NO'
ALQ0627752',ಕೆ ಬಿ ಗೋಪಾಲಪ್ಪ',ಕೆ ವಿ ಭೀಮಣ್ಣ',134',36',ಗಂಡು',',GOLLA',FACTORY WORKER',NO'
ALQ0257352',ಮುನಿರಾಜು',ಲೇ ರಾಮಪ್ಪ',135',33',ಗಂಡು',',SC',KOOLI',NO'
ALQ0257360',ಶೋಭ',ಮುನಿರಾಜು',135',31',ಹೆಣ್ಣು',',SC',KOOLI',NO'
ALQ2421204',ನರಸಿಂಹಮೂರ್ತಿ',ಲೇಟ್ ರಾಮಪ್ಪ',135',30',ಗಂಡು',',SC',KOOLI',NO'
ALQ2386050',ದಿವಾಕರ',ಲೇಟ್ ರಾಮಪ್ಪ',135',25',ಗಂಡು',',SC',TRUCK-DRIVER',NO'
ALQ2943660',ವರಲಕ್ಷ್ಮಮ್ಮ',ಚಂದ್ರಪ್ಪ',15ಎ',55',ಹೆಣ್ಣು',',NAYAK',KOOLI',NO'
ALQ2943652',ಚಂದ್ರಪ್ಪ ಕೆ ಬಿ',ಬೊಮ್ಮಯ್ಯ',15ಎ',70',ಗಂಡು',',NAYAK',KOOLI',NO'
ALQ2943678',ಮುನಿಯಪ್ಪ',ಬೊಮ್ಮಯ್ಯ',15ಬಿ',60',ಗಂಡು',',SC',SMALL-SHOP',NO'
ALQ2943686',ಆದಿಲಕ್ಷ್ಮಮ್ಮ',ಮುನಿಯಪ್ಪ',15ಬಿ',50',ಹೆಣ್ಣು',',SC',SMALL-SHOP',NO'
ALQ2421600',ಅಶೋಕ್ ಕುಮಾರ್',ಮುನಿಯಪ್ಪ',15ಬಿ',25',ಗಂಡು',',REPATED',',NO'
ALQ1601558',ಶ್ರೀನಿವಾಸ',ಬೊಮ್ಮಯ್ಯ',15ಸಿ',45',ಗಂಡು',',SC',FARMER',NO'
ALQ0256115',ವೆಂಕಟಲಕ್ಷ್ಮಮ್ಮ',ಶ್ರೀನಿವಾಸ',15ಸಿ',39',ಹೆಣ್ಣು',',SC',HOUSE -WIFE',NO'
ALQ2943694',ಶ್ರೀಕಂಠಯ್ಯ',ವೆಂಕಟಪ್ಪ',16ಎ',84',ಗಂಡು',',DEATH',',NO'
ALQ0257964',ಕೆ ಎಸ್ ಪ್ರಕಾಶ್',ಕೆ ಶ್ರೀಕಂಠಯ್ಯ',16ಎ',51',ಗಂಡು',',LINGAYATH',SOFTWARE-EENGINNER',NO'
ALQ0070540',ಪುಷ್ಪಲತಾ ಎಸ್',ಪ್ರಕಾಶ್ ಕೆ ಎಸ್',16ಎ',40',ಹೆಣ್ಣು',',LINGAYATH',HOUSE -WIFE',NO'
MVJ1873124',ಕೆ ಸಿ ಸದಾಶಿವಯ್ಯ',ಚಂದ್ರಶೇಖರಯ್ಯ',16ಬಿ',60',ಗಂಡು',',LINGAYATH',FARMER',NO'
MVJ1873132',ಎಂ ಗಿರಿಜಮ್ಮ',ಕೆ ಸಿ ಸದಾಶಿವಯ್ಯ',16ಬಿ',51',ಹೆಣ್ಣು',',LINGAYATH',HOUSE -WIFE',NO'
ALQ2421535',ಬಿಂದುಶ್ರೀ ಕೆ ಎಸ್',ಸದಾಶಿವಯ್ಯಕೆ ಸಿ',16ಬಿ',25',ಹೆಣ್ಣು',',REPATED',',NO'
MVJ3411923',ಸಂಜೀವಮ್ಮ',ಚಿನ್ನಸ್ವಾಮಿ',16ಸಿ',65',ಹೆಣ್ಣು',',NAYAK',KOOLI',NO'
MVJ1872670',ಹನುಮಂತರಾಯಪ್ಪ',ಕೊತ್ತನರಸಪ್ಪ',16ಸಿ',53',ಗಂಡು',',NAYAK',KOOLI',NO'
ALQ2943702',ರಾಮಾಂಜಮ್ಮ',ಹನುಮಂತರಾಯ',16ಸಿ',47',ಹೆಣ್ಣು',',NAYAK',HOUSE -WIFE',NO'
ALQ2943710',ಜಯಲಕ್ಷ್ಮಮ್ಮ',ಹನುಮಂತರಾಯಪ್ಪ',16ಸಿ',45',ಹೆಣ್ಣು',',NAYAK',HOUSE -WIFE',NO'
ALQ2943751',ಗಂಗಮ್ಮ',ನರಸಿಂಹಪ್ಪ',18ಎ',75',ಹೆಣ್ಣು',',NAYAK',KOOLI',NO'
ALQ2943769',ಗಂಗಾಧರಪ್ಪ',ನರಸಿಂಹಪ್ಪ',18ಎ',45',ಗಂಡು',',NAYAK',KOOLI',NO'
MVJ1873496',ಬಾಲಮ್ಮ',ಗಂಗಾಧರಪ್ಪ',18ಎ',37',ಹೆಣ್ಣು',',NAYAK',HOUSE -WIFE',NO'
ALQ2943777',ರಾಮಕೃಷ್ಣಪ್ಪ',ನರಸಿಂಹಪ್ಪ',18ಬಿ',56',ಗಂಡು',',NAYAK',KOOLI',NO'
ALQ2943785',ರತ್ನಮ್ಮ',ರಾಮಕೃಷ್ಣಪ್ಪ',18ಬಿ',50',ಹೆಣ್ಣು',',NAYAK',HOUSE -WIFE',NO'
ALQ2261253',ಶೈಲಜಾ ಎನ್ ಎನ್',ಗೋಪಿ',191',25',ಹೆಣ್ಣು',',GOLLA',HOUSE -WIFE',NO'
MVJ1872696',ಎಚ್ ಸಿದ್ದಲಿಂಗಯ್ಯ',ಹನುಮಂತರಾಯ',22ಎ',53',ಗಂಡು',',KURUBA',GOVT TEACHER',NO'
ALQ1601632',ಲಕ್ಕಿ ಎನ್ ಹೆಚ್',ಹೆಚ್ ಸಿದ್ದಲಿಂಗಯ',22 ಎ',42',ಹೆಣ್ಣು',YES',KURUBA',HOUSE -WIFE',NO'
ALQ1601681',ಸಾಕಮ್ಮ',ಲಕ್ಷ್ಮೀಪತಿ',23ಕೆ',48',ಹೆಣ್ಣು',',AGASARU',HOUSE -WIFE',NO'
ALQ2511996',ಕೆ ಎಲ್ ದೇವರಾಜು',ಕೆ ಎಲ್ ಲಕ್ಷ್ಮೀಪತಿ',23ಕೆ',23',ಗಂಡು',',AGASARU',KURI',NO'
ALQ1601665',ನಂಜುಂಡಪ್ಪ',ಮುನಿಯಪ್ಪ',3ಎ',60',ಗಂಡು',DEATH',',',NO'
ALQ0256206',ನಾರಾಯಣಪ್ಪ',ಮುತ್ತಪ್ಪ',24ಎ',55',ಗಂಡು',',REDDY',KOOLI',NO'
MVJ1873249',ನರಸಮ್ಮ',ನಾರಾಯಣಪ್ಪ',24ಎ',41',ಹೆಣ್ಣು',',REDDY',KOOLI',NO'
ALQ2291581',ಮಂಜುನಾಥ ಜಿ',ಗಂಗಾಧರಪ್ಪ',251',25',ಗಂಡು',',GOLLA',HOSPITAL',NO'
ALQ2261246',ಶಾಂತಮ್ಮ ಜಿ',ನಾಗರಾಜು',289',25',ಹೆಣ್ಣು',',GOLLA',HOUSE -WIFE',NO'
ALQ2291557',ಹರೀಶ್ ಕುಮಾರ್ ಕೆ',ಕೇಶವಪ್ಪ',366',25',ಗಂಡು',YES',GOLLA',PRIVATE JOB',NO'
MVJ1874353',ವೆಂಕಟೇಶ್ ಜಿ',ಕೆ ವಿ ಗೋವಿಂದಪ್ಪ',37ಓ',37',ಗಂಡು',DEATH',',',NO'
MVJ1874361',ಲಕ್ಷ್ಮೀನರಸಮ್ಮ',ಕೆ ವಿ ಗೋವಿಂದಪ್ಪ',37ಎ',56',ಹೆಣ್ಣು',',GOLLA',HOUSE -WIFE',NO'
MVJ4126322',ಕೆ ವಿ ಗೋವಿಂದಪ್ಪ',ವೆಂಕಟಪ್ಪ',37ಬಿ',60',ಗಂಡು',',GOLLA',HOME',YES'
MVJ4126454',ಜಿ ಲೋಕೇಶ್',ಕೆ ವಿ ಗೋವಿಂದಪ್ಪ',37ಬಿ',35',ಗಂಡು',',GOLLA',BAR WORKER',NO'
ALQ2566685',ಜಿ ಲೋಕೇಶ್',ಕೆ ವಿ ಗೋವಿಂದಪ್ಪ',37ಬಿ',34',ಗಂಡು',',GOLLA',BAR WORKER',NO'
ALQ2420701',ಸವಿತಾ ಎಸ್',ಜಿ ಲೋಕೆಶ್',37 ಬಿ',25',ಹೆಣ್ಣು',',GOLLA',TOLL WORKER',NO'
ALQ0032243',ಶಾಂತಮ್ಮ',ಶಂಕರಪ್ಪ',39 1',38',ಹೆಣ್ಣು',',ST',KOOLI',NO'
ALQ2944015',ವೆಂಕಟೇಶಪ್ಪ',ವೆಂಕಟಶ್ಯಾಮಪ್ಪ',39 ಎ',70',ಗಂಡು',',ST',FARMER',NO'
ALQ2944023',ಸಂಜೀವಮ್ಮ',ವೆಂಕಟೇಶಪ್ಪ',39 ಎ',60',ಹೆಣ್ಣು',',ST',FARMER',NO'
MVJ3411576',ಶಂಕರಪ್ಪ',ವೆಂಕಟೇಶಪ್ಪ',39 ಎ',44',ಗಂಡು',',ST',FARMER',NO'
ALQ2291573',ನಾಗಮಣಿ',ಮಧು',479',34',ಹೆಣ್ಣು',',ST',KOOLI',NO'
ALQ1602176',ಸೋಮಣ್ಣ',ಬಸವಯ್ಯ',49ಎ',75',ಗಂಡು',',LINGAYATH',FARMER',NO'
ALQ1602184',ಸರೋಜಮ್ಮ',ಸೋಮಣ್ಣ',49ಎ',70',ಹೆಣ್ಣು',',LINGAYATH',FARMER',NO'
ALQ2944106',ಭೂಪಾಲ್',ಸೋಮಣ್ಣ',49ಎ',48',ಗಂಡು',',LINGAYATH',PRIVATE DRIVER BUS',NO'
ALQ2944122',ಗಂಗಾಧರಪ್ಪ',ಮೈಲಪ್ಪ ಚಿಕ್ಕಪು',52ಎ',65',ಗಂಡು',',GOLLA',FARMER',NO'
ALQ2944130',ಲಕ್ಷ್ಮಮ್ಮ',ಗಂಗಾಧರಪ್ಪ',52ಎ',46',ಹೆಣ್ಣು',',GOLLA',FARMER',NO'
ALQ0255455',ಕೃಷ್ಣಪ್ಪ',ಮೈಲಪ್ಪ ಚಿಕ್ಕಪಯ್ಯ',52ಬಿ',52',ಗಂಡು',',GOLLA',GOVT TEACHER',NO'
ALQ2511905',ಕೆನೇತ್ರಾವತಿ',ಕೆ ಎಮ್ ಸುರೇಶ್',52 ಬಿ',25',ಹೆಣ್ಣು',',GOLLA',PRIVATE TEACHER',NO'
ALQ2511889',ಹರ್ಷಿತ ಕೆ',ಕೃಷ್ಣಪ್ಪ ಎಮ್',52 ಬಿ',23',ಹೆಣ್ಣು',',GOLLA',STUDENT',NO'
ALQ1602234',ಕೆ ಎಂ ಸುರೇಶ್',ಮೈಲಪ್ಪ ಡಬಲ್ಕು ಚಿಕ್ಕಪ್ಪಯ್ಯ',52 ಬಿ',41',ಗಂಡು',',GOLLA',FARMER',NO'
ALQ0256842',ಸುಜಾತ',ಎಂ ಕೃಷ್ಣಪ್ಪ',52 ಬಿ',39',ಹೆಣ್ಣು',',GOLLA',HOUSE -WIFE',NO'
ALQ2124147',ತಿಮ್ಮಪ್ಪ',ಚಿಕ್ಕವೆಂಕಟಪ್ಪ',53',71',ಗಂಡು',',SC',KOOLI',NO'
ALQ1876648',ನಾಗಮ್ಮ',ತಿಮ್ಮಪ್ಪ',523',56',ಹೆಣ್ಣು',',SC',HOUSE -WIFE',NO'
MVJ1873504',ಕೆ ಎಸ್ ಶ್ರೀನಿವಾಸ',ನಡಿಪನ್ನ',55ಎ',53',ಗಂಡು',DEATH',',',NO'
ALQ1602283',ನಾಗಮ್ಮ',ಕೆ ಎಸ್ ಶ್ರೀನಿವಾಸ',55ಎ',37',ಹೆಣ್ಣು',',GOLLA',FARMER',NO'
ALQ1602275',ಮುನಿರಾಜು',ನಡಿಪನ್ನ',55ಎ',37',ಗಂಡು',',GOLLA',FARMER',NO'
ALQ3057866',ನವೀನ್ ಕುಮಾರ್ ಎಸ್',ಶ್ರೀನಿವಾಸ ಕೆ ಎಸ್',55 ಎ',23',ಗಂಡು',',GOLLA',FARMER',NO'
ALQ2944247',ಅಶ್ವತ್ಥಮ್ಮ',ವೆಂಕಟಸ್ವಾಮಿ',57ಎ',50',ಹೆಣ್ಣು',',GOLLA',FARMER',NO'
ALQ2944254',ಚಂದ್ರಪ್ಪ',ನಾರಾಯಣಗೌಡ',57ಬಿ',60',ಗಂಡು',',GOLLA',FARMER',NO'
ALQ2944262',ಪಾರ್ವತಮ್ಮ',ಚಂದ್ರಪ್ಪ',57ಬಿ',51',ಹೆಣ್ಣು',',GOLLA',HOUSE -WIFE',NO'
ALQ2944270',ಅಶ್ವತ್ಥಗೌಡ',ನಾರಾಯಣಗೌಡ',57ಸಿ',50',ಗಂಡು',',GOLLA',FARMER',NO'
ALQ2944288',ಮಂಜುನಾಥ್',ನಾಗಪ್ಪ',57ಸಿ',45',ಗಂಡು',',GOLLA',FARMER',NO'
ALQ1876572',ನಿರ್ಮಲಮ್ಮ',ಅಶ್ವತ್ಥಗೌಡ',57ಸಿ',39',ಹೆಣ್ಣು',',GOLLA',HOUSE -WIFE',NO'
ALQ2124162',ಅಂಬಿಕಾ',ಮಂಜುನಾಥ',57ಸಿ',31',ಹೆಣ್ಣು',',GOLLA',HOUSE -WIFE',NO'
ALQ2512036',ವಿದ್ಯಾಶ್ರೀ ಎಸ್',ಶ್ರೀನಿವಾಸಪ್ಪ',59 1',23',ಹೆಣ್ಣು',',KURUBA',HOUSE -WIFE',NO'
ALQ2944312',ಕಾಂತಮ್ಮ',ಶ್ರೀನಿವಾಸಪ್ಪ',59 1',45',ಹೆಣ್ಣು',',GOLLA',KOOLI',NO'
ALQ0257246',ವೀಣಾ ಡಿ ಎಂ',ರವಿಶಂಕರ ಕೆ ವಿ',62 1',33',ಹೆಣ್ಣು',',KURUBA',HOUSE -WIFE',NO'
ALQ2944379',ಲಕ್ಷ್ಮಪ್ಪ',ಯಲ್ಲಪ್ಪ',62 1',75',ಗಂಡು',',KURUBA',AGED',NO'
ALQ2184992',ವೆಂಕಟಮ್ಮ',ಲಕ್ಷ್ಮಪ್ಪ',62 1',70',ಹೆಣ್ಣು',',KURUBA',AGED',NO'
ALQ2944387',ರವಿಶಂಕರ್',ಲಕ್ಷ್ಮಪ್ಪ',62 1',45',ಗಂಡು',',KURUBA',FARMER',NO'
ALQ2944437',ಕೆ ಬಿವೆಂಕಟೇಶಪ್ಪ',ಭೀಮಯ್ಯ',66ಎ',60',ಗಂಡು',',GOLLA',FACTORY WORKER',NO'
ALQ2944445',ರತ್ನಮ್ಮ',ವೆಂಕಟೇಶಪ್ಪ',66ಎ',53',ಹೆಣ್ಣು',',GOLLA',HOUSE -WIFE',NO'
ALQ1876598',ರಮೇಶ್ ಕೆ ವಿ',ವೆಂಕಟೇಶಪ್ಪ',66ಎ',29',ಗಂಡು',',GOLLA',PRIVATE JOB',NO'
ALQ2944544',ಗಂಗಮ್ಮ',ವೆಂಕಟೇಶಪ್ಪ',72 1',70',ಹೆಣ್ಣು',DEATH',',',NO'
ALQ2944551',ಗೋವಿಂದಪ್ಪ',ವೆಂಕಟೇಶಪ್ಪ',72 1',45',ಗಂಡು',',',',NO'
ALQ2944767',ಕೆ ಬಿ ಶ್ರೀನಿವಾಸಮೂರ್ತಿ',ಕೆ ವಿ ಭೀಮೇಗೌಡ',90ಎ',55',ಗಂಡು',',GOLLA',FARMER',NO'
ALQ1602614',ರಂಗಮ್ಮ',ಕೆ ಬಿ ಶ್ರೀನಿವೀಸಮೂರ್ತಿ',90ಎ',40',ಹೆಣ್ಣು',',GOLLA',HOUSE -WIFE',NO'
ALQ0258368',ಎನ್ ಸುವರ್ಣಮೂರ್ತಿ',ನರಸಿಂಹಯ್ಯ',95ಎ',47',ಗಂಡು',',SC',BANK MANAGER',NO'
MVJ1874031',ಜಿ ಕೆ ಗೀತಾ',ಎನ್ ಸುವರ್ಣ ಮೂರ್ತಿ',95ಎ',38',ಹೆಣ್ಣು',',SC',HOUSE -WIFE',NO'
ALQ2944858',ಲಕ್ಷ್ಮಮ್ಮ',ಗಂಗಪ್ಪ',96ಎ',65',ಹೆಣ್ಣು',',SC',AGED',NO'
ALQ1602804',ನಂಜುಂಡಪ್ಪ',ಮದ್ದೂರಪ್ಪ',118ಬಿ',45',ಗಂಡು',',SC',KOOLI',NO'
ALQ1602820',ಗಂಗಾಧರಪ್ಪ',ಮದ್ದೂರಪ್ಪ',118ಬಿ',41',ಗಂಡು',',SC',KOOLI',NO'
ALQ1602812',ಭಾರತಮ್ಮ',ನಂಜುಂಡಪ್ಪ',118ಬಿ',37',ಹೆಣ್ಣು',',SC',HOUSE -WIFE',NO'
ALQ0257550',ನಾಗಮ್ಮ',ಗಂಗಾಧರಪ್ಪ',118ಬಿ',36',ಹೆಣ್ಣು',',SC',GARMENTS',NO'
ALQ3227717',ಚೈತ್ರಜೆ',ಶ್ರೀನಾಥ್ ಎಸ್',0',19',ಹೆಣ್ಣು',',GOLLA',HOUSE -WIFE',NO'
ALQ3227725',ವಿದ್ಯಾಬಿ ಜಿ',ನಾಗರಾಜು',40',18',ಹೆಣ್ಣು',',LINGAYATH',COIN SHOP',NO'
ALQ3246519',ಸುಮ ಬಿ',ರವಿ ಶಂಕರ ಎಸ್',54',21',ಹೆಣ್ಣು',',GOLLA',HOUSE -WIFE',NO'
ALQ3251659',ಗಯಿತ್ರಿ ಜಿ',ಮಂಜುನಾಥ ವಿ',78',19',ಗಂಡು',',SC',HOUSE -WIFE',NO'
ALQ3251667',ಸುನಿಲ್ ಕುಮಾರ್',ಮುನಿರಾಜು',92',18',ಗಂಡು',YES',SC',FACTORY WORKER',NO'
ALQ3251683',ALQ1155985',ಕೃಷ್ಣಮುಥಿಯೋ',9',19',ಹೆಣ್ಣು',',ST',STUDENT',NO'
ALQ3253119',ಅಶೋಕ ಕುಮಾರ್ ಕೆ ವಿ',ವೆಂಕಟೇಶಪ್ಪ',39',19',ಗಂಡು',',ST',UNEMPLYED',NO'
ALQ3254018',ಅನಿಲ್ ಎಚ್ ಜಿ',ಶ್ರೀನಿವಾಸ',44',28',ಹೆಣ್ಣು',',ST',COIN SHOP',NO'
ALQ3255536',ಹುಸ್ನಾ ಕೌಸರ್',ಎಎಸ್ಎಫ್ಐ ಪಾಷಾ',9',23',ಹೆಣ್ಣು',',MUSLIM',HOUSE -WIFE',NO'
ALQ3256955',ನಾಗೇಂದ್ರ ಬಾಬು ಕೆ',ಗೋಪಿನಾಥ',5',19',ಗಂಡು',',ST',GARMENTS',NO'
ALQ3257078',ನಾಗೇಶ್ ಕೆ.ವಿ.',ಅಶ್ವಥ ಗೌಡ ಕೆ ಎಸ್',57C',18',ಗಂಡು',',GOLLA',FARMER',NO'
ALQ3262839',ಶಿಲ್ಪಾ ಜಿ',ವೆಂಕಟೇಶ್ ಎನ್',102',19',ಹೆಣ್ಣು',',SC',HOUSE -WIFE',NO'
SGZ3913514',ಬಾನು ಪ್ರಿಯಾ ಎಂ ಎನ್',ಶಿವಶಂಕರ',82',19',ಹೆಣ್ಣು',',',',NO'
ALQ3267267',ಎ ಡೀಲಿಪ್ ಕುಮಾರ್',ಅಚಪ್ಪಾ',0',27',ಗಂಡು',',',','
ALQ3269743',ವಿನಯ್ ಕೆ ವಿ',ವೀರಬದ್ರಾಯ',68',18',ಗಂಡು',',',','
ALQ3270352',ನಾಗೇಂದ್ರ ಬಾಬು ಕೆ ಜಿ',ಗೋಪಿನಾಥ ಕೆ ಜಿ',0',19',ಗಂಡು',',',','
ALQ3270378',ಚಂದನಾ ಕೆ ಆರ್',ರವಿಶಂಕರ್ ವಿ',0',18',ಹೆಣ್ಣು',',',','