ALQ2147205',ಗಂಗರತ್ನಮ್ಮ',ಗಂಗರಾಜು',0',44',ಹೆಣ್ಣು'
ALQ1592492',ಟಿ ಎಲ್ ಗಂಗರಾಜು',ಲಕ್ಷ್ಮೀನರಸಪ್ಪ',0',35',ಗಂಡು'
ALQ2472694',ನರಸಿಂಹಮೂರ್ತಿ ಟಿ ಎನ್',ಅಶ್ವತಪ್ಪ',0',31',ಗಂಡು'
ALQ2472686',ಅನಿತಾ ಎ',ಟಿ ಎನ್ ನರಶಿಮ್ಹಮೂರ್ತಿ',0',28',ಹೆಣ್ಣು'
ALQ2374593',ಕೆ ಶಿಲ್ಪಾ',ಆನಂದರೆಡ್ಡಿ',2',29',ಹೆಣ್ಣು'
ALQ2974822',ಆಶಿಫ್ ಉನ್ನಿಶಾ',ಬುಡೆನ್ ಸಬ್',25',69',ಹೆಣ್ಣು'
ALQ1592500',ಸಬೀಹಾ ಬಾನು',ಅಮಾನುವುಲ್ಲಾ',37',35',ಹೆಣ್ಣು'
ALQ0416909',ಅಫ್ರಾಸ್ ಖಾನ್',ಖಲೀಲ್ ಸಾಬ್',73',37',ಗಂಡು'
ALQ3197902',ಬಾಬು ಸಾಬ್',ನಜೀರ್ ಸಾಬ್',149',48',ಗಂಡು'
ALQ0416362',ಟಿ ಅರ್ ಉಷಾ',ಟಿ ಜಿ ರಾಮಕೃಷ್ಣ ರೆಡ್ಡಿ',163',34',ಹೆಣ್ಣು'
ALQ0416495',ಟಿ ಅರ್ ಜಯವರ್ಧನ',ಟಿ ಜಿ ರಾಮಕೃಷ್ಣ ರೆಡ್ಡಿ',163',33',ಗಂಡು'
ALQ2935286',ಜಯಮ್ಮ',ಅಶ್ವತಪ್ಪ',191',65',ಹೆಣ್ಣು'
ALQ2089746',ಎ ನಾರಾಯಣಪ್ಪ',ಅಶ್ವತಪ್ಪ',191',35',ಗಂಡು'
ALQ2089753',ಲಕ್ಷ್ಮೀದೇವಿ',ನಾರಾಯಣ',191',29',ಹೆಣ್ಣು'
ALQ2935294',ಗಂಗಪ್ಪ',ದೊಡ ವೆಂಕಟರಮಣಪ್ಪ',192',75',ಗಂಡು'
ALQ2935302',ಜಯಮ್ಮ',ಗಂಗಪ್ಪ',192',65',ಹೆಣ್ಣು'
ALQ2089761',ಸರೋಜಮ್ಮ',ರಾಮಕೃಷ್ಣಪ್ಪ',192',38',ಹೆಣ್ಣು'
MVJ1970599',ವೆಂಕಟೇಶ',ಗಂಗಪ್ಪ',192',36',ಗಂಡು'
ALQ2935336',ಲಕ್ಷ್ಮಿ ನರಸಮ್ಮ',ಕೃಷ್ಣ ರೆಡ್ಡಿ ಬಿ ವಿ',194',70',ಹೆಣ್ಣು'
ALQ0416271',ಕೆ ಶ್ರೀನಿವಾಸ ರೆಡ್ಡಿ',ಕೃಷ್ಣ ರೆಡ್ಡಿ ಬಿ ವಿ',194',50',ಗಂಡು'
ALQ1593482',ಚಂದ್ರಶೇಖರ್ ರೆಡ್ಡಿ',ಕೃಷ್ಣ ರೆಡ್ಡಿ ಬಿ ವಿ',194',49',ಗಂಡು'
ALQ2935344',ವಿಜಯ ಶೇಖರ್ವ್ ರೆಡ್ಡಿ',ಕೃಷ್ಣ ರೆಡ್ಡಿ ಬಿ ವಿ',194',46',ಗಂಡು'
ALQ0416396',ನಂಜಮ್ಮ',ಕೆ ಶ್ರೀನಿವಾಸ್ ರೆಡ್ಡಿ',194',45',ಹೆಣ್ಣು'
MVJ2289940',ಎನ್  ಮಮತಾ',ಕೆ ಚಂದ್ರಶೇಖರ್ ರೆಡ್ಡಿ',194',40',ಹೆಣ್ಣು'
ALQ2089779',ಸುಮಿತ್ರ',ವಿಜಯ್ಶೇಖರ್ ಬಿ ಕೆ',194',34',ಹೆಣ್ಣು'
ALQ3157799',ಗೌತಮಿ ಎಸ್  ರೆಡ್ಡಿ',ಕೆ ಶ್ರೀನಿವಾಸ್ ರೆಡ್ಡಿ',194',22',ಹೆಣ್ಣು'
ALQ2935351',ನರಸಿಂಹ ರೆಡ್ಡಿ',ನಡುಪ್ಪಾ ರೆಡ್ಡಿ',195',70',ಗಂಡು'
ALQ2935369',ನಾರಾಯಣಮ್ಮ',ನರಸಿಂಹ ರೆಡ್ಡಿ',195',65',ಹೆಣ್ಣು'
MVJ3412087',ಭೂಪಾಲ ರೆಡ್ಡಿ',ನರಸಿಂಹ ರೆಡ್ಡಿ',195',40',ಗಂಡು'
ALQ0257857',ಟಿ ವಿ ಸುಕನ್ಯಾ',ಟಿ ಎನ್ ಭೋಪಾಲ್ ರೆಡ್ಡಿ',195',33',ಹೆಣ್ಣು'
MVJ4448395',ನಾರಾಯಣ್ ರೆಡ್ಡಿ',ನರಸಿಂಹ ರೆಡ್ಡಿ',198',70',ಗಂಡು'
ALQ2935393',ಗೋವಿಂದ ರೆಡ್ಡಿ',ವೆಂಕಟರಮಣಪ್ಪ',198',65',ಗಂಡು'
ALQ1593490',ಶೈಲಜಾ',ಗೋವಿಂದ ರೆಡ್ಡಿ',198',50',ಹೆಣ್ಣು'
ALQ1593508',ವೆಂಕಟಶಿವಾ ರೆಡ್ಡಿ',ಗೋವಿಂದ ರೆಡ್ಡಿ',198',46',ಗಂಡು'
ALQ3218989',ಸಂಜೀವಪ್ಪ ಎಮ್  ಎನ್',ಕಾವ್ಯ ಕೆ',198',36',ಗಂಡು'
MVJ4448189',ಅನಿತಾ',ಟಿ ಜಿ  ವೆಂಕಟಶಿವಾ ರೆಡ್ಡಿ',198',35',ಹೆಣ್ಣು'
ALQ2530467',ಕಾವ್ಯ ಟಿ ಜಿ',ಗೋವಿಂದ ರೆಡ್ಡಿ',198',23',ಹೆಣ್ಣು'
ALQ2935401',ರಾಜ್ ಗೋಪಾಲ್ ರೆಡ್ಡಿ',ಅಪ್ಪರೆಡ್ಡಿ',199',53',ಗಂಡು'
MVJ2184059',ಪದ್ಮಾವತಮ್ಮ',ರಾಜ್ ಗೋಪಾಲ್ ರೆಡ್ಡಿ',199',43',ಹೆಣ್ಣು'
ALQ2530624',ಅರ್ ಲೋಕೇಶ್',ರಾಜ್ ಗೋಪಾಲ್ ರೆಡ್ಡಿ ಟಿ ಎ',199',23',ಗಂಡು'
MVJ4448155',ಲಕ್ಷ್ಮಮ್ಮ',ವೆಂಕಟೇರಮ್ಮ ರೆಡ್ಡಿ',200',80',ಹೆಣ್ಣು'
ALQ2935443',ರಘುನಾಥ್ ರೆಡ್ಡಿ',ಲಕ್ಷ್ಮಣ ರೆಡ್ಡಿ',200',47',ಗಂಡು'
ALQ2474336',ಗಾಯತ್ರಿ ಪಿ',ರಘು ಎಲ್',200',43',ಹೆಣ್ಣು'
ALQ3129004',ರಾಧಮ್ಮ ಟಿ ಎಮ್',ಮಾಲ್ಲ ಪ್ಪ',200',22',ಹೆಣ್ಣು'
ALQ2935450',ಮಲ್ಲಪ್ಪ',ನ್ಯಾತಪ್ಪ',201',70',ಗಂಡು'
ALQ2935468',ಮುನಿರತ್ನಮ್ಮ',ಮಲ್ಲಪ್ಪ',201',65',ಹೆಣ್ಣು'
ALQ0416529',ಬೋಜರಾಜ',ವಿ ವೆಂಕಟರಮಣಪ್ಪ',202',35',ಗಂಡು'
ALQ0416040',ಎನ್ ಗಂಗಾಧರಪ್ಪ',ನಾರಾಯಣಪ್ಪ',205',69',ಗಂಡು'
ALQ2935492',ಎನ್ ರಾಮರೆಡ್ಡಿ',ನರಸಯ್ಯ',206',70',ಗಂಡು'
ALQ2935500',ಭಾಗ್ಯಮ್ಮ',ಎನ್ ರಾಮರೆಡ್ಡಿ',206',60',ಹೆಣ್ಣು'
MVJ4447587',ಆರ್ ಇಂದಿರಾ',ಎನ್ ರಾಮರೆಡ್ಡಿ',206',36',ಹೆಣ್ಣು'
ALQ2935518',ನರಸಿಂಹ ರೆಡ್ಡಿ',ನರಸಯ್ಯ',207',75',ಗಂಡು'
ALQ2935526',ಅಶ್ವಥಮ್ಮ',ನರಸಿಂಹರೆಡ್ಡಿ',207',65',ಹೆಣ್ಣು'
ALQ2935534',ನರಸರೆಡ್ಡಿ',ನರಸಿಂಹರೆಡ್ಡಿ',207',47',ಗಂಡು'
ALQ2935542',ಪ್ರಭಾಕರ',ನರಸಿಂಹರೆಡ್ಡಿ',207',45',ಗಂಡು'
MVJ1971993',ಗೋಪಾಲರೆಡ್ಡಿ',ನರಸಿಂಹರೆಡ್ಡಿ',207',44',ಗಂಡು'
MVJ4448353',ಉಮಾದೇವಿ',ನರಸರೆಡ್ಡಿ',207',41',ಹೆಣ್ಣು'
ALQ0416958',ರಾಧಮ್ಮ',ಟಿ ವಿ ಪ್ರಭಾಕರ ರೆಡ್ಡಿ',207',34',ಹೆಣ್ಣು'
ALQ2935559',ರಾಜಮ್ಮ',ಸೀತಾರಾಮರೆಡ್ಡಿ',208',60',ಹೆಣ್ಣು'
ALQ2935591',ನಾಗಮ್ಮ',ತಿಮ್ಮರೆಡ್ಡಿ',211',75',ಹೆಣ್ಣು'
ALQ2935609',ಶ್ರೀನಿವಾಸರೆಡ್ಡಿ',ತಿಮ್ಮರೆಡ್ಡಿ',211',51',ಗಂಡು'
MVJ4448262',ಎನ್ ಎಸ್ ಶಿಲ್ಪ',ಟಿ ಶ್ರೀನಿವಾಸರೆಡ್ಡಿ',211',35',ಹೆಣ್ಣು'
ALQ2935617',ಶಾಂತಮ್ಮ',ಅಶ್ವಥರೆಡ್ಡಿ',212',72',ಹೆಣ್ಣು'
MVJ1971563',ನಾಗರತ್ನಮ್ಮ',ಲಕ್ಷ್ಮಣರೆಡ್ಡಿ',212',38',ಹೆಣ್ಣು'
ALQ1593557',ತಿಮ್ಮಾ ರೆಡ್ಡಿ',ಅಪ್ಪ ರೆಡ್ಡಿ',213',60',ಗಂಡು'
ALQ2935641',ಲಕ್ಷ್ಮಿ ದೇವಮ್ಮ',ತಿಮ್ಮಾ ರೆಡ್ಡಿ',213',55',ಹೆಣ್ಣು'
ALQ2089811',ಪುರುಷೋತಮ ರೆಡ್ಡಿ',ತಿಮ್ಮ ರೆಡ್ಡಿ',213',29',ಗಂಡು'
ALQ2935674',ಟಿ ಎ ರಾಮರೆಡ್ಡಿ',ಅಶ್ವಥನಾರಾಯಣ ರೆಡ್ಡಿ',214',69',ಗಂಡು'
ALQ2935682',ಕೆ ಎನ್ ಉಮಾ ದೇವಿ',ಟಿ ಎ ರಾಮರೆಡ್ಡಿ',214',51',ಹೆಣ್ಣು'
MVJ1971506',ಶ್ರೀನಾಥ್ ರೆಡ್ಡಿ',ಟಿ ಎ ರಾಮರೆಡ್ಡಿ',214',36',ಗಂಡು'
ALQ0257410',ಆರ್ ಸುದರ್ಶನ ರೆಡ್ಡಿ',ಟಿ ಎ ರಾಮರೆಡ್ಡಿ',214',35',ಗಂಡು'
ALQ3068327',ಗಂಗಾ ಲಕ್ಷ್ಮಿ ಜಿ',ಆರ್ ಸುದರ್ಶನ ರೆಡ್ಡಿ',214',27',ಹೆಣ್ಣು'
ALQ3068368',ಗಾಯತ್ರಿ ಕೆ ಆರ್',ಶ್ರೀನಾಥ್ ರೆಡ್ಡಿ',214',23',ಹೆಣ್ಣು'
ALQ2935690',ಬಾಲಮ್ಮ',ಬೈಯಣ್ಣ',215',95',ಹೆಣ್ಣು'
ALQ1593581',ರಾಮಕೃಷ್ಣ ರೆಡ್ಡಿ',ಬೈಯಣ್ಣ',215',53',ಗಂಡು'
MVJ1971936',ನಾಗಮಣಿ',ರಾಮಕೃಷ್ಣ ರೆಡ್ಡಿ',215',45',ಹೆಣ್ಣು'
ALQ2935708',ನಜೀರ್ ಅಹಮದ್',ಮಹಮದ್ ದಸ್ತಗಿರಿ ಸಾಬ್',216',60',ಗಂಡು'
ALQ2935716',ತಾಜುನ್',ನಜೀರ್ ಅಹಮದ್',216',50',ಹೆಣ್ಣು'
MVJ1970383',ನೌಷಾದ್',ನಜೀರ್ ಅಹಮದ್',216',39',ಗಂಡು'
MVJ2290054',ಪರ್ ವೀನ್',ನಜೀರ್ ಅಹಮದ್',216',38',ಹೆಣ್ಣು'
ALQ3198033',ಬೇಬೇ ಅಜೀರ',ನೌಷಾದ್',216',20',ಹೆಣ್ಣು'
ALQ2935757',ನಾಗರತ್ನಮ್ಮ',ನಾರಾಯಣ  ರೆಡ್ಡಿ',218',65',ಹೆಣ್ಣು'
ALQ2935740',ಅಶ್ವಥರೆಡ್ಡಿ',ನಾರಾಯಣರೆಡ್ಡಿ',218',65',ಗಂಡು'
ALQ2935773',ಜಯಲಕ್ಷ್ಮಿ',ಅಶ್ವಥರೆಡ್ಡಿ',218',50',ಹೆಣ್ಣು'
ALQ2119824',ಗಿರೀಶ',ಅಶ್ವಥರೆಡ್ಡಿ',218',30',ಗಂಡು'
ALQ1593623',ಲಕ್ಷಮ್ಮ',ಅಶ್ವಥರೆಡ್ಡಿ',219',62',ಹೆಣ್ಣು'
MVJ1872795',ಗಂಗಾರೆಡ್ಡಿ',ಲಕ್ಷಮ್ಮ',219',42',ಗಂಡು'
ALQ0255885',ಶಶಿಕಲಾ',ಗಂಗಾರೆಡ್ಡಿ',219',32',ಹೆಣ್ಣು'
ALQ2935799',ವೆಂಕಟರೆಡ್ಡಿ',ಅಪ್ಪ ರೆಡ್ಡಿ',220',60',ಗಂಡು'
ALQ2935807',ಅನಸೂಯಮ್ಮ',ವೆಂಕಟರೆಡ್ಡಿ',220',55',ಹೆಣ್ಣು'
MVJ1970870',ಮಂಜುನಾಥರೆಡ್ಡಿ',ವೆಂಕಟರೆಡ್ಡಿ',220',36',ಗಂಡು'
ALQ0416933',ಸಿ ಎ  ಭಾರತಿ',ಮಂಜುನಾಥರೆಡ್ಡಿ ಟಿ ವಿ',220',36',ಹೆಣ್ಣು'
ALQ2089829',ಟಿ ವಿ ಶ್ರೀನಿವಾಸ',ವೆಂಕಟರೆಡ್ಡಿ',220',31',ಗಂಡು'
ALQ3157815',ಕವಿತಾ ಎ',ಟಿ ವಿ ಶ್ರೀನಿವಾಸ',220',22',ಹೆಣ್ಣು'
ALQ1593631',ಶ್ರೀನಿವಾಸ ರೆಡ್ಡಿ ಬಿ',ಬಸಪ್ಪ ರೆಡ್ಡಿ',221',74',ಗಂಡು'
ALQ2935815',ಗಂಗಮ್ಮ',ಶ್ರೀನಿವಾಸ ರೆಡ್ಡಿ ಬಿ',221',65',ಹೆಣ್ಣು'
ALQ2935823',ಎಸ್ ಗೋಪಾಲರೆಡ್ಡಿ',ಶ್ರೀನಿವಾಸ ರೆಡ್ಡಿ ಬಿ',221',45',ಗಂಡು'
ALQ1593680',ಎಸ್ ಸುರೇಶ',ಶ್ರೀನಿವಾಸ ರೆಡ್ಡಿ ಬಿ',221',42',ಗಂಡು'
MVJ1971134',ಎಸ್ ರಮೇಶ್',ಶ್ರೀನಿವಾಸ ರೆಡ್ಡಿ ಬಿ',221',40',ಗಂಡು'
MVJ4448254',ಭಾಗ್ಯಲಕ್ಷ್ಮಿ',ಎಸ್ ಗೋಪಾಲರೆಡ್ಡಿ',221',35',ಹೆಣ್ಣು'
ALQ0258210',ಪಿ ಎಸ್ ವೀಣಾ',ಸುರೇಶ',221',32',ಹೆಣ್ಣು'
ALQ2377745',ಶೋಭಾ',ರಮೇಶ್',221',30',ಹೆಣ್ಣು'
MVJ4448411',ಟಿ ಎನ್ ವಿಶ್ವನಾಥ್',ಜಿ ನಂದಗೋಪಾಲ್',236',35',ಗಂಡು'
ALQ0417105',ಟಿ ಎ ಪ್ರತಾಪ',ಟಿ ಎನ್ ಅಶ್ವನಾರಾಯಣರೆಡ್ಡಿ',249',32',ಗಂಡು'
ALQ0256032',ನರೇಂದ್ರ ಬಾಬು',ಅಶ್ವಥ್ ರೆಡ್ಡಿ',259',36',ಗಂಡು'
ALQ0416354',ಲಕ್ಸ್ಮಿ ದೇವಮ್ಮ',ನಾರಾಯಣರೆಡ್ಡಿ',268',37',ಹೆಣ್ಣು'
MVJ4447595',ಟಿ ಎನ್ ಮಧುಸೂದನ್ ರೆಡ್ಡಿ',ಟಿ ಜಿ ನಾರಾಯಣರೆಡ್ಡಿ',273',33',ಗಂಡು'
ALQ1875608',ಮನ್ಮೋಹನ್ ರೆಡ್ಡಿ',ಟಿ ಜಿ ನಾರಾಯಣರೆಡ್ಡಿ',273',31',ಗಂಡು'
ALQ0256024',ಟಿ ಎನ್ ನವೀನ ಕುಮಾರ್',ನಾರಾಯಣರೆಡ್ಡಿ',274',32',ಗಂಡು'
ALQ0416842',ಗಂಗಮ್ಮ',ಗಂಗರೆಡ್ಡಿ',277',73',ಹೆಣ್ಣು'
ALQ2935864',ರತ್ನಮ್ಮ',ಗಂಗರೆಡ್ಡಿ',277',49',ಹೆಣ್ಣು'
ALQ0257303',ಟಿ ವಿ ಪ್ರದೀಪ್ ಕುಮಾರ್',ವೇಣುಗೋಪಾಲ ರೆಡ್ಡಿ',294',33',ಗಂಡು'
ALQ2089274',ವೆಂಕಟಸ್ವಾಮಿ ಟಿ ವಿ',ವೆಂಕಟರಮಣಪ್ಪ',30/2',31',ಗಂಡು'
ALQ0416180',ಸಿ ಎನ್ ಅರುಣಾ',ಟಿ ಎನ್ ಯಮರೆಡ್ಡಿ',305',34',ಹೆಣ್ಣು'
ALQ0078857',ಟಿ ಪಿ ಕವನ್',ಟಿ ಎನ್ ಪ್ರಭುಕುಮಾರ್',306',34',ಗಂಡು'
ALQ0078840',ಟಿ ಆರ್ ಸುಮನ್',ಟಿ ಎನ್ ಪ್ರಭುಕುಮಾರ್',306',31',ಗಂಡು'
ALQ0416073',ಮುನಿರಾಜು',ವೆಂಕಟಸ್ವಾಮಿ',323',32',ಗಂಡು'
ALQ0417220',ಟಿ ಜಿ ಚಂದ್ರಶೇಖರ',ಟಿ ಜಿ ಗಂಗಾಧರಪ್ಪ',336',32',ಗಂಡು'
ALQ0416412',ಕೆ ಎ ಉಷಾ',ಹಚ್  ಅಶ್ವಥಪ್ಪ',349',34',ಹೆಣ್ಣು'
ALQ0416420',ಟಿ ಎಲ್ ವಿಜಯ್ಲಾಕ್ಷ್ಮಿ',ಮಂಜುನಾಥ',349',32',ಹೆಣ್ಣು'
ALQ0416719',ಬಾಬಣ್ಣ',ಹೊನ್ನೂರಪ್ಪ',359',58',ಗಂಡು'
ALQ0416628',ಪುಟ್ಟಮ್ಮ',ಬಾಬಣ್ಣ',359',43',ಹೆಣ್ಣು'
ALQ0416784',ಗೌರಮ್ಮ',ಟಿ ಆರ್ ಸುಬ್ರಮಣ್ಯ',363',32',ಹೆಣ್ಣು'
ALQ0416511',ಸುಮಂಗಳ',ಚಂದ್ರಣ್ಣ',377',33',ಹೆಣ್ಣು'
ALQ0417303',ಟಿ  ವಿ ಭಾಗ್ಯಮ್ಮ',ವೆಂಕಟೇಶಪ್ಪ',378',30',ಹೆಣ್ಣು'
MVJ4448163',ಮಮತ',ಎಂ ನಾಗಭೂಷಣ',390',34',ಹೆಣ್ಣು'
ALQ2512234',ತಳಾರಿ ವಂಧನ',ಟಿ ಕೃಷ್ಣಮೂರ್ತಿ',392',23',ಹೆಣ್ಣು'
ALQ3033677',ತಳಾರಿ ಪಂಕಜ್',ಟಿ ಕೃಷ್ಣಮೂರ್ತಿ',392',21',ಗಂಡು'
MVJ4448148',ಲತಾ',ಲಕ್ಷ್ಮಿ ನಾರಾಯಣ',393',31',ಹೆಣ್ಣು'
ALQ0416586',ಶಿವಮ್ಮ',ಕೃಷ್ಣಪ್ಪ',395',35',ಹೆಣ್ಣು'
ALQ2089845',ಶಾಂತಮ್ಮ',ಈರಪ್ಪ',406',35',ಹೆಣ್ಣು'
ALQ0416503',ಕಲಾವತಿ',ಕೃಷ್ಣಪ ಎನ್',409',33',ಹೆಣ್ಣು'
MVJ4447702',ಕೆ ಇಂಧಾತಖಾನ್',ಖಲೀಲ್ ಸಾಬ್',418',37',ಗಂಡು'
ALQ0416883',ಪಾಜಿಯಖಾನಂ',ಖಲೀಲ್ ಸಾಬ್',418',37',ಹೆಣ್ಣು'
ALQ0416867',ಹಚ್ ಎ ಹಸೀನಾ ಖಾನಂ',ಟಿ ಆರ್ ಪರೋಜ್ ಖಾನ್',420',39',ಹೆಣ್ಣು'
ALQ1592518',ಪರ್ವಿನಾ ಭಾನು',ರಿಯಾಜ್ ಅಹಮದ್',448',32',ಹೆಣ್ಣು'
ALQ0416685',ಸಿ ರವಿ',ಚಿನ್ನಪ್ಪಯ್ಯ',452',48',ಗಂಡು'
ALQ0416552',ರಾಧಮ್ಮ',ಸಿ ರವಿ',452',42',ಹೆಣ್ಣು'
ALQ2935310',ರತ್ನಮ್ಮ',ನಾಗಣ್ಣ',193/1',55',ಹೆಣ್ಣು'
ALQ0258285',ಶ್ರೀನಿವಾಸ ನಾಯಕ್',ಅಶ್ವಥಪ್ಪ',193/1',50',ಗಂಡು'
MVJ4447868',ಅಂಜಿನಮ್ಮ',ಶ್ರೀನಿವಾಸ ನಾಯಕ್',193/1',41',ಹೆಣ್ಣು'
ALQ2935377',ಹನುಮಂತ ರೆಡ್ಡಿ',ನಾರಾಯಣ ರೆಡ್ಡಿ',195A',75',ಗಂಡು'
ALQ2935385',ರತ್ನಮ್ಮ',ಹನುಮಂತ ರೆಡ್ಡಿ',195A',70',ಹೆಣ್ಣು'
MVJ1970789',ಅಶ್ವಥರೆಡ್ಡಿ',ಹನುಮಂತ ರೆಡ್ಡಿ',195A',41',ಗಂಡು'
ALQ2089787',ಇಂದಿರಮ್ಮ',ಅಶ್ವಥರೆಡ್ಡಿ',195A',37',ಹೆಣ್ಣು'
ALQ2935419',ಅಪ್ಪ ರೆಡ್ಡಿ',ವೆಂಕಟರಾವಣಪ್ಪ',199A',85',ಗಂಡು'
ALQ2935427',ನರಸಮ್ಮ',ಅಪ್ಪ ರೆಡ್ಡಿ',199A',75',ಹೆಣ್ಣು'
ALQ2935435',ನಾಗಭೂಷಣ',ಅಪ್ಪ ರೆಡ್ಡಿ',199A',50',ಗಂಡು'
MVJ2290468',ಬಿ ಎ ಶೋಭ',ನಾಗಭೂಷಣ',199A',43',ಹೆಣ್ಣು'
ALQ2935567',ನಾರಾಯಣ ರೆಡ್ಡಿ',ಆದಿನಾರಾಯಣರೆಡ್ಡಿ',209/1',70',ಗಂಡು'
ALQ2935575',ವೆಂಕಟಲಕ್ಷ್ಮಮ್ಮ',ನಾರಾಯಣರೆಡ್ಡಿ',209/1',65',ಹೆಣ್ಣು'
MVJ4447777',ಲಕ್ಷ್ಮಣ್ ರೆಡ್ಡಿ',ನಾರಾಯಣರೆಡ್ಡಿ',209/1',40',ಗಂಡು'
MVJ2289833',ರಾಮ್ ರೆಡ್ಡಿ',ನಾರಾಯಣರೆಡ್ಡಿ',209/1',39',ಗಂಡು'
ALQ3023215',ಶ್ರೀಕಾಂತ್ ಟಿ ಜಿ',ಗಂಗರತ್ನಮ್ಮ',209/2',25',ಗಂಡು'
MVJ1971555',ಗಂಗರತ್ನಮ್ಮ',ಗಂಗರೆಡ್ಡಿ',209/2',40',ಹೆಣ್ಣು'
ALQ1593565',ವೆಂಕಟ ಶಿವ ರೆಡ್ಡಿ',ಅಪ್ಪರೆಡ್ಡಿ',213A',70',ಗಂಡು'
ALQ1593573',ಅಶ್ವಥಮ್ಮ',ವೆಂಕಟ ಶಿವ ರೆಡ್ಡಿ',213A',65',ಹೆಣ್ಣು'
MVJ1970029',ಜಗದೀಶ್ ರೆಡ್ಡಿ',ವೆಂಕಟ ಶಿವ ರೆಡ್ಡಿ',213A',36',ಗಂಡು'
MVJ4448304',ಅಶೋಕ್',ವೆಂಕಟ ಶಿವ ರೆಡ್ಡಿ',213/A',39',ಗಂಡು'
ALQ2935831',ವೆಂಕಟೇಶ್ ರೆಡ್ಡಿ',ಬಸಪ್ಪ ರೆಡ್ಡಿ',222A',60',ಗಂಡು'
ALQ2935849',ಮಂಗಾಳ  ಗೌರಮ್ಮ',ವೆಂಕಟೇಶ್ ರೆಡ್ಡಿ',222A',55',ಹೆಣ್ಣು'
MVJ4448031',ಗಿರಿಜಾ',ಟಿ ಎಸ್ ಶಿವಶಂಕರ್',228/A',34',ಹೆಣ್ಣು'
ALQ1593698',ಟಿ ಎನ್ ಸಿದ್ದರಾಜು',ನಂಜುಂಡ ಸ್ವಾಮಿ',228B',36',ಗಂಡು'
ALQ0257873',ಮಲ್ಲಿಕಾರ್ಜುನ',ಶಿವಲಿಂಗಯ್ಯ',228/C',45',ಗಂಡು'
ALQ0416388',ಅನಸೂಯಮ್ಮ',ಮಲ್ಲಿಕಾರ್ಜುನ',228/C',37',ಹೆಣ್ಣು'
ALQ0416263',ಬಿ ಗಾಯತ್ರಿ',ಟಿ ಎನ್ ಮಧುಸೂದನ',290/1',53',ಹೆಣ್ಣು'
ALQ0416776',ಟಿ ಜಿ ಶ್ರೀನಾಥ',ಗೋವಿಂದಪ್ಪ',328/2',34',ಗಂಡು'
ALQ0417253',ಟಿ ಜಿ ರಘು',ಗಂಗಾಧರಪ್ಪ',329/2',32',ಗಂಡು'
MVJ4447645',ಟಿ ಜಿ ಭಾಗ್ಯ ಲಕ್ಷ್ಮಿ',ಗಂಗಾಧರಯ್ಯ',333/2',34',ಹೆಣ್ಣು'
ALQ0416768',ವಿ ಗೋವಿಂದ ರಾಜು',ವೆಂಕಟೇಶಪ್ಪ',400/A',36',ಗಂಡು'
ALQ3033701',ದಿನೇಶ್ ಕುಮಾರ್ ಟಿ ಎನ್',ನಾಗರಾಜು',409A',21',ಗಂಡು'
ALQ2509586',ಲೀಲಾವತಿ',ದೇವರಾಜು',0',30',ಹೆಣ್ಣು'
ALQ2377406',ಅರುಣ್ ಕುಮಾರ್ ಟಿ ಎನ್',ನಾಗಭೂಷಣ ಆರಾಧ್ಯಟಿ ಬಿ',0',27',ಗಂಡು'
ALQ2567782',ವೆಂಕಟರವಣಪ್ಪ ಯು ತಾಯಿಯ',ಗಂಗಮ್ಮ',0',98',ಗಂಡು'
ALQ2332260',ನಾನಪ್ಪ',ರಾಮಯ್ಯ',0',78',ಗಂಡು'
ALQ2567725',ಸರೋಜಮ್ಮಜೆ ಎನ್',ನಂಜುಂಡಪ್ಪ',0',67',ಹೆಣ್ಣು'
ALQ2981033',ಗಂಗಮ್ಮ',ಲೇಟ್ ರಾಮಕೃಷ್ಣಪ್ಪ',0',65',ಹೆಣ್ಣು'
ALQ2509438',ಸುಬ್ಬಯ್ಯ',ಲೇಟ್ ದ್ಯಾವಣ್ಣ',0',64',ಗಂಡು'
ALQ2567733',ಗೌಸ್ ಮಹದ್ದೀನ್',ಮಹಮದ್ ಹುಸೇನ',0',49',ಗಂಡು'
ALQ2509479',ಭಾರತಿ ಆರ್',ಲೇಟ್ ಉಮೇಶ್ ಎಮ್ ಎನ್',0',47',ಹೆಣ್ಣು'
ALQ3033610',ಮಲ್ಲಿಕಾರ್ಜುನ',ಚಿಕ್ಕಲಿಂಗಪ್ಪ',0',45',ಗಂಡು'
ALQ2509495',ಹಸೀನಾ ಬೇಗಂ',ಗೌಸ್ ಮಹದೀನ್',0',41',ಹೆಣ್ಣು'
ALQ2509461',ದೇವರಾಜು',ಸುಬ್ಬಯ್ಯ',0',40',ಗಂಡು'
ALQ2418366',ಶಕೀಲ',ಘನವಾಜ್',0',39',ಹೆಣ್ಣು'
ALQ2292431',ರವಿ',ಗೋವಿಂದಪ್ಪ',0',37',ಗಂಡು'
ALQ2567865',ಅಶೋಕ್ ಕುಮಾರ್',ಟಿ ಎನ್ ನಾಗೃಆಜ',0',36',ಗಂಡು'
ALQ2292472',ನವೀನ್ ಟಿ ಎಸ್',ಸಂಜೀವಪ್ಪ ಟಿ',0',34',ಗಂಡು'
ALQ2331981',ಕಲಾವತಿ',ನರಸಿಂಹಮೂರ್ತಿ',0',34',ಹೆಣ್ಣು'
ALQ3166857',ನಾಗರತ್ನ ಜಿ',ಟಿ ಜಿ ಚಂದ್ರಶೇಖರ',0',31',ಹೆಣ್ಣು'
ALQ2199545',ಧನಂಜಯ ಕೆ',ಕೃಷ್ಣಪ್ಪ',0',28',ಗಂಡು'
ALQ2567873',ಮಲ್ಲೇಶ ಟಿ ಎನ್',ನಂದ ಗೋಪಾಲ',0',28',ಗಂಡು'
ALQ2418465',ಟಿ ಎನ್ ಸುಧಾ',ಟಿ ಎನ್ ನಾಗರಾಜರೆಡ್ಡಿ',0',27',ಹೆಣ್ಣು'
ALQ3033081',ವೆಂಕಟರವಣಪ್ಪ ವಿ ತಾಯಿಯ',ಗಂಗಮ್ಮ',0',27',ಗಂಡು'
ALQ2292480',ಟಿ ವಿ ಶ್ರೀನಿವಾಸ',ವೆಂಕಟೇಶಪ್ಪ',0',26',ಗಂಡು'
ALQ2292456',ನಯನ ಪಿ ವಿ',ನರೇಂದ್ರ ಬಾಬು',0',25',ಹೆಣ್ಣು'
ALQ2292449',ಟಿ ಎಸ್ ಅಶ್ವಿನಿ',ನವೀನ್ ಟಿ ಎಸ್',0',25',ಹೆಣ್ಣು'
ALQ2482552',ಟಿ ಎನ್ ಜಗದೀಶ',ನಾಗರಾಜಪ್ಪ',0',25',ಗಂಡು'
ALQ2476505',ಮಂಜುಳ ಎ',ಅಶ್ವತ್ಥನಾರಾಯಣಪ್ಪ',0',25',ಹೆಣ್ಣು'
ALQ3114949',ಟಿ ವಿ ಪದ್ಮಾವತಿ',ವೆಂಕಟೇಶಪ್ಪ',0',25',ಹೆಣ್ಣು'
ALQ2509602',ನಿರ್ಮಲ ಬಿ ಕೆ',ಶ್ರೀನಾಥ ಟಿ ಜಿ',0',24',ಹೆಣ್ಣು'
ALQ2567824',ಶ್ರೀನಾಥ ಟಿ ಜಿ',ಗಂಗಾಧರಪ್ಪ',0',24',ಗಂಡು'
ALQ2567758',ಉಮ್ಮೆಸಲ್ಮಾ',ಖಾಜಾ ಶಹಬುದ್ದಿ',0',24',ಹೆಣ್ಣು'
ALQ2567774',ಉಷಾರಾಣಿ ಕೆ',ಟಿ ಜಿ ಕೊಂಡಪ್ಪ',0',24',ಹೆಣ್ಣು'
ALQ2567741',ಕರೀಷ್ಮ ಟಿ ಎನ್',ನರೇಂದ್ರ ರೆಡ್ಡಿ',0',23',ಹೆಣ್ಣು'
ALQ2567915',ಪದ್ಮಾವತಿ',ವೆಂಕಟೇಶ್',0',23',ಹೆಣ್ಣು'
ALQ2997088',ಭವ್ಯ ಟಿ ಪಿ',ಪೆದ್ದರೆಡ್ಡಿ',0',23',ಹೆಣ್ಣು'
ALQ2997104',ಸಬೀಹಾ ಬಾನು',ಗೌಸ್ ಮೊಹಿದ್ದೀನ್',0',23',ಹೆಣ್ಣು'
ALQ3009586',ಪುಷ್ಪ ಜಿ',ಗಂಗರೆಡ್ಡಿ ಟಿ ಸಿ',0',23',ಹೆಣ್ಣು'
ALQ2997070',ಜಬೀಉಲ್ಲಾ ಕೆ',ಕಲೀಂ ಪಾಷ',0',23',ಗಂಡು'
ALQ3033107',ಎ ಶಬಾನ',ಅನ್ವರ್\u200c ಜಾನ್',0',23',ಹೆಣ್ಣು'
ALQ3013448',ನರೇಂದ್ರ ಟಿ ಎಸ್',ಶ್ರೀನಿವಾಸ',0',23',ಗಂಡು'
ALQ3197787',ಮಂಜುನಾಥ ಟಿ ಎನ್',ನಂದಗೋಪಾಲ್ ಟಿ',0',22',ಗಂಡು'
ALQ2981041',ಜೆ ಎ ಅರುಣ',ಭೋಜರಾಜ ವಿ',0',22',ಹೆಣ್ಣು'
ALQ2986081',ಗಂಗೇಶ ಜಿ',ಗಂಗಾಧರಪ್ಪ',0',22',ಗಂಡು'
ALQ2997039',ರೂಪ ಟಿ ಎಸ್',ಶ್ರೀನಿವಾಸ',0',22',ಹೆಣ್ಣು'
ALQ3033115',ಎ ಇರ್ಪಾನ್',ಅನ್ವರ್\u200c ಜಾನ್',0',21',ಗಂಡು'
ALQ3033651',ಎಂ ಎನ್ ಶಿಲ್ಪ',ಟಿ ವಿ ಕಿರಣ್',0',21',ಹೆಣ್ಣು'
ALQ3213741',ಎನ್ ಬಿ ಖಾಲೀಶ',ಎನ್ ಭಾಸ್ಕರನ್',0',19',ಗಂಡು'
ALQ3182797',ಅಜ್ಞಾಥ್ ಉಲ್ಲಾಖಾನ್',ದಸ್ತಗಿರ್ ಖಾನ್',',48',ಗಂಡು'
ALQ3181914',ಹಸೀಬಾಬಾನು',ಅಸ್ಮಿತ್ ಉಲ್ಲಾಖಾ',',39',ಹೆಣ್ಣು'
ALQ3182987',ಮಹಾದೇವ ಟಿ',ತಮ್ಮಯ್ಯ',',31',ಗಂಡು'
ALQ3181690',ಸುಮಲತಾ ಟಿ ಎಲ್',ಮಹಾದೇವ ಟಿ',',28',ಹೆಣ್ಣು'
ALQ3181807',ವೇಣುಗೋಪಾಲ',ರಾಮಕೃಷ್ಣಪ್ಪ',',26',ಗಂಡು'
ALQ3182714',ಜಿ ನಾಗಮಣಿ',ಗಂಗೇಶ',',19',ಹೆಣ್ಣು'
ALQ3125820',ನವೀನ್ ಕುಮಾರ್ ಟಿ ಎಸ್',ಶಿವಶಂಕರರೆಡ್ಡಿ',17',21',ಗಂಡು'
ALQ3166915',ಬಿ ಬಿ ಫಾತಿಮಾಜೆಹೆರಾ',ಖಾಜಾಸಖಿಬುದ್ದೀತ',18',38',ಹೆಣ್ಣು'
ALQ2339133',ಎನ್ ವೆಂಕಟಲಕ್ಷ್ಮಮ್ಮ',ವೆಂಕಟೆಷ್',19',31',ಹೆಣ್ಣು'
ALQ2418390',ರತ್ನಮ್ಮ ಕೆ ವಿ',ಲೇಟ್ ಮೈಲಾರಪ್ಪ',3/4',56',ಹೆಣ್ಣು'
ALQ3197506',ವೆಂಕಟಮ್ಮ',ವೆಂಕಟರವಣಪ್ಪ',36',87',ಹೆಣ್ಣು'
ALQ2418416',ಟಿ ವಿ ವೆಂಕಟೇಶ',ತಿಮ್ಮಪ್ಪ',36',25',ಗಂಡು'
ALQ3197597',ಹರ್ಶಿತ ಟಿ ಎಸ್',ಕೆ ಎನ್ ಶಿವಕುಮರ',37',19',ಹೆಣ್ಣು'
ALQ2509453',ಸಬೀಹಾ',ಮನೆಯ',',39',ಹೆಣ್ಣು'
ALQ3055647',ಆಫ್ರಿದ್ ಸಾಬ್ ಬಿ',ಬಾಬುಸಾಬ್',44',21',ಗಂಡು'
ALQ3114535',ನವಾಜ್ ಅಹಮದ್',ಅನ್ಸರ್ ಪಾಷ',45',21',ಗಂಡು'
ALQ3033099',ಟಿಜಿ ನರೇಂದ್ರ',ಗುಂಡಪ್ಪ',50',22',ಗಂಡು'
MVJ4447884',ಎ ಸರೋಜ',ಆಶ್ವಥನಾರಾಯಣ',54',35',ಹೆಣ್ಣು'
ALQ3197563',ರಾಮಾಂಜಿನಪ್ಪ ಕೆ',ತಿಮ್ಮಪ್ಪ',56',44',ಗಂಡು'
ALQ2509446',ಚೇತನ್ ಟಿ ಎನ್',ನರಸಿಂಹರೆಡ್ಡಿ',56',23',ಗಂಡು'
ALQ3033602',ನಿರಂಜನ್ ರೆಡ್ಡಿ ಟಿ ಎನ್',ನರೇಂದ್ರ ಟಿ ಎನ್',59',21',ಗಂಡು'
ALQ2169761',ಟಿ ಎನ್ ನರೇಶ್',ನಾಗರಾಜು',64',26',ಗಂಡು'
ALQ2337921',ದೀಪ ಎಲ್',ನರಸಿಂಹಮೂರ್ತಿ',73',44',ಹೆಣ್ಣು'
ALQ2377315',ದಸ್ತಗೀರಿಖಾನ್ ಎಚ್ ಡಿ',ಖಲೀಲ್ ಸಾಬ್',73',38',ಗಂಡು'
ALQ2374783',ಅಂಜುಂ ಅನಾರಾ',ದಸ್ತಗಿರಿ ಖಾನ್ ಹೆಚ್',73',34',ಹೆಣ್ಣು'
ALQ3055639',ನಗೀನ ಬಾನುಎ',ಇಂದಾತ ಖಾನ್ ಕೆ',73',25',ಹೆಣ್ಣು'
ALQ3197555',ಸೌಮ್ಯಾ ಶ್ರೀ',ಅಶ್ವಥ್ ನಾರಾಯಣ',86',19',ಹೆಣ್ಣು'
ALQ2055861',ಮಂಜುನಾಥ ಕೆ',ಮನೆಯ',',35',ಗಂಡು'
ALQ2376820',ಮಂಜುನಾಥ',ಚಿಕ್ಕನರಸಿಂಹಪ್ಪ',96',26',ಗಂಡು'
ALQ2199511',ಎಮ್ ನಾಗಭೂಷಣ್',ಇಮುತ್ಯಾಲಪ್ಪ',99',36',ಗಂಡು'
ALQ2567907',ಜಿಗ್ಗು ಬಾನು',ಅಬ್ದುಲ್ ಅಜೀಜ್ ಸಾಬ್',106',31',ಹೆಣ್ಣು'
ALQ3197738',ಗಂಗರಾಜು ಟಿ ಜಿ',ಗಂಗಾಧರಪ್ಪ',120',19',ಗಂಡು'
ALQ2481711',ಶಂಶೀರ್ ಪಾಷ ಟಿ ಎ',ಅನ್ವರ್ ಸಾಬ್',149',24',ಗಂಡು'
ALQ3166790',ಟಿ ಆರ್ ಮಂಜುನಾಥ ಕುಮಾರ್',ಟಿ ಎಮ್ ರವಿಕುಮಾರ್',153',20',ಗಂಡು'
ALQ2199552',ಶ್ರೀನಾಥ',ಸೀತಾರಾಮ್',156',28',ಗಂಡು'
ALQ2469997',ಟಿ ಎನ್ ಸುರೇಶ್ ಬಾಬು',ನಾಗರಾಜು ಟಿ ಜಿ',165',24',ಗಂಡು'
ALQ3197407',ಎಸ್ ಆನಂದಕುಮಾರ್',ಸಂಜೀವಪ್ಪ',175',21',ಗಂಡು'
ALQ3195914',ಅಶ್ವತ್ಥನಾರಾಯಣ',ವೆಂಕಟರವಣಪ್ಪ',175',19',ಗಂಡು'
ALQ2482115',ಜಿ ವಾಣಿ',ಗೋವಿಂದಪ್ಪ',188',41',ಹೆಣ್ಣು'
ALQ2418382',ನಿಶ್ಚಿಂತ್ ಕೆಜೆ',ಜಿನಚಂದ್ರ ಜೈನ್',189',28',ಗಂಡು'
ALQ3197514',ಶಶಾಂಕ ಕೆ ಎನ್',ನಾಗಭೂಷಣ',189',21',ಗಂಡು'
ALQ3197548',ಸಿರಿಶ ಕೆ ಎನ್',ಕೆ ಏನಾಗಭೂಷಣ',189',19',ಹೆಣ್ಣು'
ALQ3182805',ಧನಂಜಯಕುಮಾರ್\u200c ಟಿ ಜಿ',ಗಂಗರೆಡ್ಡಿ',194',19',ಗಂಡು'
ALQ2935872',ಲಕ್ಷ್ಮೀದೇವಮ್ಮ ಟಿ ಸಿ',ನಾಗರಾಜು',195',47',ಹೆಣ್ಣು'
ALQ3114931',ಶೇಕ್ ರುಮಾನ್',ತುರಬ್ ಅಹಮದ್',197',20',ಗಂಡು'
ALQ2509503',ರವಿ ಟಿ ವಿ',ವೆಂಕಟೇಶ್ ರೆಡ್ಡಿ',206',27',ಗಂಡು'
ALQ2430551',ಪಿ ಎ ರಾಜಲಕ್ಷ್ಮೀ',ಗೋಪಾಲ ರೆಡ್ಡಿ',207',30',ಹೆಣ್ಣು'
ALQ2378172',ಕಲ್ಪನ',ರಾಮರೆಡ್ಡಿ',209',26',ಹೆಣ್ಣು'
ALQ3118338',ಅಸಿಯಾ ಬಾನು',ಮೊಹಮ್ಮದ್ ಅಸಾದುಲ್ಲಾ ಖಾನ್',21/1',33',ಹೆಣ್ಣು'
ALQ2935880',ಲಲಿತಮ್ಮ',ವೆಂಕರಮಣಪ್ಪ',224',69',ಹೆಣ್ಣು'
MVJ1970177',ಶ್ರೀನಿವಾಸ',ವೆಂಕಟರಮಣಪ್ಪ',224',40',ಗಂಡು'
MVJ1970516',ಹನುಮಂತಪ್ಪ',ವೆಂಕಟರಮಣಪ್ಪ',224',39',ಗಂಡು'
MVJ4448114',ಲಕ್ಷ್ಮೀದೇವಮ್ಮ',ಹನುಮಂತಪ್ಪ',224',35',ಹೆಣ್ಣು'
ALQ2469971',ಮಂಜುಳಮ್ಮ ಟಿ',ಸೀನಪ್ಪ',224',26',ಹೆಣ್ಣು'
ALQ1593789',ಮಲ್ಲಿಕಾರ್ಜುನಾರಾಧ್ಯ',ಬಸವಾರಾಧ್ಯರು',225',56',ಗಂಡು'
ALQ1593797',ಸುಧಾಮಣಿ',ಮಲ್ಲಿಕಾರ್ಜುನಾರಾಧ್ಯ',225',49',ಹೆಣ್ಣು'
MVJ3412459',ಟಿ ಬಿ ನಾಗಭೂಷಣಆರಾದ್ಯ',ಬಸವಾರಾಧ್ಯ',225',49',ಗಂಡು'
ALQ0416172',ಫೂರ್ಣಿಮಾ',ಟಿ ಬಿ ನಾಗಭೂಷಣಆರಾಧ್ಯ',225',47',ಹೆಣ್ಣು'
ALQ2935898',ಷಣ್ಮುಖಾರಾಧ್ಯ',ಬಸವಾರಾಧ್ಯ',225',45',ಗಂಡು'
MVJ3412152',ಶಿವಪ್ರಕಾಶಾರಾಧ್ಯ',ಬಸವಾರಾಧ್ಯ',225',43',ಗಂಡು'
MVJ3412590',ಕಲಾವತಿ',ಶಿವಪ್ರಕಾಶರಾಧ್ಯ',225',37',ಹೆಣ್ಣು'
ALQ2997096',ಗಿರೀಶಾರಾಧ್ಯ ಎಂ',ಮಲ್ಲಿಕಾರ್ಜುನರಾಧ್ಯ ಟಿ ಬಿ',225',23',ಗಂಡು'
ALQ3182482',ಸಂತೋಷ್ ಕುಮಾರ್ ಟಿ ಎನ',ನಾಗಭೂಷಣ್ ಟಿ ಎನ್',225',23',ಗಂಡು'
ALQ2089878',ಲಕ್ಷ್ಮಿ ನರಸಮ್ಮ',ನ್ಯಾರಪ್ಪ ರೆಡ್ಡಿ',226',67',ಹೆಣ್ಣು'
ALQ1593805',ನರಸಿಂಹರೆಡ್ಡಿ',ನಾರಾಯಣಪ್ಪ',226',44',ಗಂಡು'
ALQ3197712',ಗೋಪಾಲರೆಡ್ಡಿ',ನಾರಾಯಣರೆಡ್ಡಿ',226',41',ಗಂಡು'
MVJ2290625',ನಾಗಮಣಿ',ನರಸಿಂಹರೆಡ್ಡಿ',226',39',ಹೆಣ್ಣು'
ALQ2089886',ಮೋಹನ ರೂಪ',ಗೋಪಾಲ್',226',30',ಹೆಣ್ಣು'
ALQ2997062',ಶ್ವೇತ ಕೆ',ನರೇಶ ಕೆ',226',28',ಹೆಣ್ಣು'
ALQ2351435',ನರೇಶ ಕೆ',ಕೃಷ್ಣರೆಡ್ಡಿ',226',27',ಗಂಡು'
ALQ3197753',ಟಿ ಎನ್ ನಾಗಜುನ್',ನರಸಿಂಹರೆಡ್ಡಿ',226',19',ಗಂಡು'
ALQ1593813',ಮಹೇಶ',ಶಿವಣ್ಣ',228',44',ಗಂಡು'
ALQ3197472',ಶಿವ ಕನ್ಯಾ',ಮಹೇಶ',228',34',ಹೆಣ್ಣು'
ALQ2935930',ಕೆ ಎಸ್\u200c ಬ್ರಹ್ಮರಾಯಪ್ಪ',ಬ್ರಹ್ಮಸೂರಯ್ಯ',231',94',ಗಂಡು'
ALQ2935948',ಕೆ ಬಿ ಮಹಾವೀರ',ಕೆ ಎಸ್ ಬ್ರಹ್ಮರಾಯಪ್ಪ',231',58',ಗಂಡು'
ALQ2935955',ಜಿನಚಂದ್ರಜೈನ್',ಕೆ ಎಸ್ ಬ್ರಹ್ಮರಾಯಪ್ಪ',231',56',ಗಂಡು'
ALQ2935963',ಅಶಾ',ಮಹಾವೀರ ಕೆ ಬಿ',231',54',ಹೆಣ್ಣು'
ALQ2935971',ಎಂ ಅರ್ ಪೂರ್ಣಿಮಾ',ಜಿನಚಂದ್ರಜೈನ್',231',52',ಹೆಣ್ಣು'
ALQ2089902',ಅಸ್ಮಿತಾಜೈನ್ ಕೆ ಎಂ',ಮಹಾವೀರ್ ಜೈನ',231',31',ಹೆಣ್ಣು'
ALQ2089910',ನಿಶ್ಚಿಂತ್ ಜೈನ್ ಕೆಬಿ',ಜಿನಚಂದ್ರ ಜೈನ್ ಕೆಜಿ',231',29',ಗಂಡು'
ALQ2935989',ನಂಜಮ್ಮ ಗಂಡನ ಮನೆಯ',',',74',ಹೆಣ್ಣು'
ALQ2358919',ಕಲ್ಯಾಣ ಕುಮಾರ ಜಿ',ಗಂಗಾಧರಯ್ಯ',232',55',ಗಂಡು'
ALQ2430544',ಮಾದವಿ ಲತಾಜಿ',ಕಲ್ಯಾಣ್ ಕುಮಾರ್ ಜಿ',232',52',ಹೆಣ್ಣು'
ALQ2935997',ಜಯಪ್ರಕಾಶ',ಗಂಗಾಧರಪ್ಪ',232',50',ಗಂಡು'
MVJ1971233',ಮಂಜುಳ',ಜಯಪ್ರಕಾಶ್',232',41',ಹೆಣ್ಣು'
ALQ2430536',ನಿತಿನ್ ಕಲ್ಯಾಣ್ ಕುಮಾರ್',ಕಲ್ಯಾಣ್ ಕುಮಾರ್ ಜ',232',24',ಗಂಡು'
ALQ3181880',ಪೂರ್ಣಚಂದ್ರ ಪ್ರಕಾಶ್',ಜಯಪ್ರಕಾಶ್ ಜಿ',232',19',ಗಂಡು'
ALQ2936003',ಮಲ್ಲಪ್ಪ',ಜೂಲಪ್ಪ',233',72',ಗಂಡು'
MVJ4447967',ನಾಗರತ್ನಮ್ಮ',ಮಲ್ಲಪ್ಪ',233',50',ಹೆಣ್ಣು'
ALQ2147684',ಜಯಲಕ್ಷ್ಮಮ್ಮ',ಶಿವಾನಂದ ಎಂ',233',39',ಹೆಣ್ಣು'
ALQ2089928',ಶಿವಾನಂದ ಎಂ',ಮಲ್ಲಪ್ಪ',233',36',ಗಂಡು'
ALQ2418440',ಪಿಆರ್ ಕಾರ್ತಿಕ್ ನಾಯಕ್',ರಾಮಾಂಜಿನಪ್ಪ',233',24',ಗಂಡು'
ALQ2936011',ಪ್ರೇಮಲೀಲಮ್ಮ',ದಶರಥರಾಮಯ್ಯಶೆ',234',89',ಹೆಣ್ಣು'
ALQ2936029',ಅರುಣೋದಯ',ದಶರಥರಾಮಯ್ಯಶೆಟ್ಟಿ',234',51',ಗಂಡು'
MVJ4448403',ಆರ್ ವಿ ಗಾಯಿತ್ರಮ್ಮ',ಅರುಣೋದಯ',234',48',ಹೆಣ್ಣು'
ALQ3128378',ಪುಷ್ಪ ಟಿ ಎ',ಅರುಣೋದಯ ಶೆ ಟಿ ಎಸ್',234',20',ಹೆಣ್ಣು'
ALQ2936037',ನಂಜಪ್ಪ',ಜೂಲಪ್ಪ',235',74',ಗಂಡು'
ALQ2936045',ಗಂಗಮ್ಮ',ನಂಜಪ್ಪ',235',69',ಹೆಣ್ಣು'
MVJ1971167',ಶಿವಶಂಕರ',ನಂಜಪ್ಪ',235',40',ಗಂಡು'
MVJ1970268',ವಿಜಯಕುಮಾರ್',ನಂಜಪ್ಪ',235',38',ಗಂಡು'
ALQ2089936',ಮಂಜುಳ',ಶಿವಶಂಕರ',235',32',ಹೆಣ್ಣು'
ALQ1593847',ನಾಗಮ್ಮ',ನಂದಗೋಪಾಲ',236',49',ಹೆಣ್ಣು'
MVJ3413788',ಎಂ ಆರ್ ವಿಧ್ಯಾಧರ',ರಾಯಚೂಟಆರಾಧ್ಯ ಎಂ',238',58',ಗಂಡು'
ALQ1593854',ರೇಣುಕಾಕುಮಾರಿ',ವಿಧ್ಯಾದರ',238',54',ಹೆಣ್ಣು'
ALQ2936052',ರವಿಕುಮಾರ್',ಶಂಕರಪ್ಪ',238',49',ಗಂಡು'
MVJ1971241',ಉಮಾ',ರವಿಕುಮಾರ್',238',41',ಹೆಣ್ಣು'
ALQ2430510',ಟಿ ವಿ ಮೂವೀಶ',ವಿಧ್ಯಾಧರ',238',25',ಗಂಡು'
ALQ3063278',ಮಣಿಕಂಠ ವಿ',ವಿಧ್ಯಾಧರ',238',21',ಗಂಡು'
ALQ2936060',ಎಸ್ ಎನ್ ಹನುಮಂತಯ್ಯ',ಎಸ್ ನಾರಾಯಣಶೆಟ್ಟಿ',239',65',ಗಂಡು'
ALQ1593862',ಎಸ್ ಎಚ್ ಸುಶೀಲಮ್ಮ',ಎಸ್ ಎನ್ ಹನುಮಂತಯ್ಯಶೆಟ್ಟಿ',239',58',ಹೆಣ್ಣು'
ALQ2147692',ನಾಗೇಶ ಎಸ್ ಹೆಚ್',ಹನುಮಂತಯ್ಯ ರ್ಶೆ ಎಸ್ ಎನ್',239',27',ಗಂಡು'
ALQ2567808',ನವೀನ್ ಕುಮಾರ್ ಟಿ ಎನ್',ನಟರಾಜ್ ಎಮ್ ಎನ್',240',23',ಗಂಡು'
ALQ2936102',ನಜೀರ್ ಪಾಷಾ',ಅಬ್ದುಲ್ ರಹಮಾನ್',241',79',ಗಂಡು'
ALQ2936110',ಮುಭೆಷರಾ',ನಜೀರ್ ಪಾಷಾ',241',69',ಹೆಣ್ಣು'
ALQ2936136',ರಿಯಾಜ್ ಅಹಮದ್',ನಜೀರ್ ಪಾಷಾ',241',46',ಗಂಡು'
ALQ0257295',ಅಮಾನುಲ್ಲಾ',ನಜೀರ್ ಪಾಷಾ',241',44',ಗಂಡು'
ALQ3128253',ಸಿಮ್ರಾನ್ ಭಾನುಟಿ ಎ',ಅನ್ವರ್\u200c ಪಾಷಾ',242',20',ಹೆಣ್ಣು'
MVJ1971852',ಷೇಕ್\u200cಗೌಸ್',ಷೇಕ್\u200cಇಬ್ರಾಹಿಂಸಾಬ್',247',73',ಗಂಡು'
MVJ1971860',ಷಾನ್\u200cಬೀ',ಷೇಕ್\u200cಗೌಸ್',247',58',ಹೆಣ್ಣು'
ALQ2418374',ಫಸೀನ',ಷೇಕ್ ಇಬ್ರಾಹಿಂ ಸಾಬ್',247',39',ಹೆಣ್ಣು'
ALQ2089951',ಸಬೀಹಾ',ಶೇಕ್ ಗೌಸ್',247',34',ಹೆಣ್ಣು'
ALQ2089969',ಶೇಕ್ ಸಲೀಂ',ಶೇಕ್ ಗೌಸ್',247',32',ಗಂಡು'
ALQ2089944',ಮಹಮದ್ ಶೇಕ್ ರಫೀಕ್',ಶೇಕ್ ಗೌಸ್',247',32',ಗಂಡು'
ALQ2936177',ಅಶ್ವತ್ಥನಾರಾಯಣರೆಡ್ಡಿ',ದೊಡ್ಡನರಸಿಂಹರೆಡ್ಡಿ',249',64',ಗಂಡು'
ALQ2936185',ವರಲಕ್ಷ್ಮಮ್ಮ',ಅಶ್ವತ್ಥನಾರಾಯಣರೆಡ್ಡಿ',249',49',ಹೆಣ್ಣು'
ALQ2089977',ರಜಿತ ಟಿ ಎ',ಅಶ್ವತ್ಥ ನಾರಾಯಃ ರೆಡ್ಡಿ',249',30',: ಹೆಣ್ಣು'
ALQ2936193',ವೆಂಕಟಲಕ್ಷ್ಮಮ್ಮ',ಚಿಕ್ಕನರಸಿಂಹರೆಡ್ಡಿ',250',64',ಹೆಣ್ಣು'
MVJ1970862',ಸೋಮಶೇಖರರೆಡ್ಡಿ',ಚಿಕ್ಕನರಸಿಂಹರೆಡ್ಡಿ',250',40',ಗಂಡು'
ALQ2509610',ಎನ್ ಸುಮಂಗಳ',ಸೋಮಶೇಖರರೆಡಿ',250',28',ಹೆಣ್ಣು'
ALQ2936201',ಶಂಕರರೆಡ್ಡಿ',ಪುಟ್ಟಪ್ಪರೆಡ್ಡಿ',251',59',ಗಂಡು'
ALQ2936219',ಅಮರಮ್ಮ',ಶಂಕರರೆಡ್ಡಿ',251',54',ಹೆಣ್ಣು'
ALQ2567949',ಟಿ ಎಸ್ ಕೃಷ್ಣರೆಡ್ಡಿ',ಶಿವ ಶಂಕರ ರೆಡ್ಡಿ',251',23',ಗಂಡು'
ALQ2936235',ಗುರುಪ್ರಸಾದರೆಡ್ಡಿ',ಚಿಕ್ಕಪ್ಪಯ್ಯ',252',46',ಗಂಡು'
ALQ1593896',ಟಿ ಡಿ ಮಂಜುನಾಥರೆಡ್ಡಿ',ದೊಡ್ಡಪ್ಪಯ್ಯ',254',51',ಗಂಡು'
MVJ2290070',ಸುಚಿತ್ರ',ಟಿ ಡಿ ಮಂಜುನಾಥ',254',40',ಹೆಣ್ಣು'
ALQ3115029',ಟಿ ಎಮ್ ಶ್ವೇತ',ಟಿ ಡಿ ಮಂಜುನಾಥರೆಡ್ಡಿ',254',21',ಹೆಣ್ಣು'
ALQ2936243',ಗಂಗರೆಡ್ಡಿ',ನರಸೀಯಪ್ಪ',255',54',ಗಂಡು'
ALQ2936250',ಲಕ್ಷ್ಮಿದೇವಮ್ಮ',ಗಂಗರೆಡ್ಡಿ',255',49',ಹೆಣ್ಣು'
ALQ2567717',ಅಮೃತ ಟಿ ಜಿ',ಗಂಗರೆಡ್ಡಿ ಟಿ ಎನ್',255',23',ಹೆಣ್ಣು'
ALQ2184844',ಸಾಕಮ್ಮ',ಗುಮ್ಮರೆಡ್ಡಿ',256',79',ಹೆಣ್ಣು'
ALQ2936268',ಅವಲರೆಡ್ಡಿ',ಗುಮ್ಮರೆಡ್ಡಿ',256',54',ಗಂಡು'
ALQ2936276',ನರಸಾರೆಡ್ಡಿ',ನರಸಿಂಹರೆಡ್ಡಿ',256',49',ಗಂಡು'
MVJ1971654',ರಾಜಗೋಪಾಲರೆಡ್ಡಿ',ಗುಮ್ಮಯ್ಯ',257',46',ಗಂಡು'
ALQ2089985',ಮುನಿರತ್ನಮ್ಮ',ರಾಜಗೊಪಾಲ ರೆ',257',35',ಹೆಣ್ಣು'
ALQ2936284',ಪುಟ್ಬಾರೆಡ್ಡಿ ತಂದೆಯ ಹೆಸರು ಮನೆಯ',',',66',ಗಂಡು'
ALQ2936292',ಭಾಗ್ಯಮ್ಮ',ಮನೆಯ',',59',ಹೆಣ್ಣು'
ALQ2147650',ಟಿ ಪಿ ನರೇಶ್ ಕುಮಾರ್ ತಂದೆಯ ಹೆಸರು ಮನೆಯ',',',28',ಗಂಡು'
ALQ3126463',ನಿತಿನ್ ಕುಮಾರ್ ಟಿ ಪಿ',ಪುಟ್ಟಪ್ಪರೆಡ್ಡಿ',258',22',ಗಂಡು'
ALQ3118478',ದಿವ್ಯಶ್ರೀ ಕೆ ಎನ್',ಕುಮಾರ್',258',21',ಹೆಣ್ಣು'
ALQ2936300',ಅಶ್ವತ್ಥರೆಡ್ಡಿ',ನಾರಾಯಣಪ್ಪ',259',64',ಗಂಡು'
ALQ2936318',ಕಾಂತಮ್ಮ',ಅಶ್ವತ್ಥರೆಡ್ಡಿ',259',59',ಹೆಣ್ಣು'
ALQ2936326',ಅಕ್ಕಾಯ್ಯಮ್ಮ',ಯರಪ್ಪರೆಡ್ಡಿ',261',69',ಹೆಣ್ಣು'
ALQ2936334',ನರಸರೆಡ್ಡಿ',ಯರಪ್ಪರೆಡ್ಡಿ',261',58',ಗಂಡು'
MVJ1971621',ಸಿ ಪ್ರಮೀಳಮ್ಮ',ನರಸರೆಡ್ಡಿ',261',40',ಹೆಣ್ಣು'
ALQ2936342',ಟಿ ಜಿ ನರಸಿಂಹಾರೆಡ್ಡಿ',ಗುಮ್ಮರೆಡ್ಡಿ',262',74',ಗಂಡು'
ALQ2936359',ಗಂಗಮ್ಮ',ಮನೆಯ',',69',ಹೆಣ್ಣು'
ALQ2936375',ನಾಗರತ್ನಮ್ಮ',ರಾಮಕೃಷ್ಣರೆಡ್ಡಿ',262',54',ಹೆಣ್ಣು'
MVJ1970631',ರಘುನಾಥ',ಟಿ ಜಿ ನರಸಿಂಹರೆಡ್ಡಿ',262',40',ಗಂಡು'
MVJ1970664',ಟಿ ಎನ್ ಚಂದ್ರಶೇಖರ',ಟಿ ಜಿ ನರಸಿಂಹರೆ',262',40',ಗಂಡು'
ALQ3075421',ರಾಧ ಜಯವರ್ಧನರೆಡ್ಡಿ ಆರ್',ಜಯವರ್ಧನರೆಡ್ಡಿ ಟಿ ಆರ್',262',27',ಹೆಣ್ಣು'
ALQ2567923',ಎ ನಂದಿನಿ',ರಘುನಾಥ',262',26',ಹೆಣ್ಣು'
ALQ2936383',ಲಕ್ಷ್ಮೀದೇವಮ್ಮ',ಶಾಮಣ್ಣ',264',57',ಹೆಣ್ಣು'
ALQ2169779',ಟಿ ಜಿ ನವೀನ್ ಕುಮಾರ್',ಗಂಗರೆಡ್ಡಿ',264',26',ಗಂಡು'
ALQ2936425',ಲಕ್ಷ್ಮಮ್ಮ',ಕೊಂಡಪ್ಪ',265',89',ಹೆಣ್ಣು'
ALQ2936433',ಜಯಮ್ಮ',ಗಂಗರೆಡ್ಡಿ',265',54',ಹೆಣ್ಣು'
MVJ1970995',ಟಿ ಜಿ ಕೊಂಡಪ್ಪ',ಗಂಗರೆಡ್ಡಿ',265',38',ಗಂಡು'
MVJ2290450',ನರಸಿಂಹರೆಡ್ಡಿ',ನಂಜುಂಡಪ್ಪ',267',54',ಗಂಡು'
MVJ1873785',ನಾರಾಯಣರೆಡ್ಡಿ',ನಂಜುಂಡಪ್ಪ',267',47',ಗಂಡು'
ALQ0416370',ಭಾಗ್ಯಮ್ಮ',ನಾರಾಯಣರೆಡ್ಡಿ',267',36',ಹೆಣ್ಣು'
MVJ4448197',ನಾರಾಯಣರೆಡ್ಡಿ',ನರಸೀಯಪ್ಪ',268',55',ಗಂಡು'
MVJ1970649',ನರೇಂದ್ರಬಾಬು',ನರಸೀಯಪ್ಪ',268',41',ಗಂಡು'
ALQ2936441',ಕಮಲಮ್ಮ',ಸುರಾವಿರೂಪಾಕ್ಷಯ್ಯ',270',86',ಹೆಣ್ಣು'
ALQ1593920',ಸುಬ್ರಮಣ್ಯ',ಸುರಾವಿರೂಪಾಕ್ಷಯ್ಯ',270',59',ಗಂಡು'
ALQ2936458',ಎಸ್ ಪ್ರಭಾವತಿ',ಸುರಾವಿರೂಪಾಕ್ಷಯ್ಯ',270',58',ಹೆಣ್ಣು'
ALQ1593938',ಎಸ್ ವಿ ಕೃಷ್ಣಮೂರ್ತಿ',ಸೂರಾವಿರೂಪಾಕ್ಷಯ್ಯ',270',50',ಗಂಡು'
ALQ2936466',ಲಕ್ಷ್ಮೀನರಸಮ್ಮ',ಗಂಗಾಧರಪ್ಪ',271',69',ಹೆಣ್ಣು'
MVJ2289825',ನಾಗರಾಜ ಟಿ ಜಿ',ಗಂಗಾಧರಪ್ಪ',271',54',ಗಂಡು'
ALQ1593946',ಶ್ರೀನಿವಾಸ',ಗಂಗಾಧರಪ್ಪ',271',49',ಗಂಡು'
MVJ2289866',ನಂಜೇಗೌಡ',ಗಂಗಾಧರಪ್ಪ',271',47',ಗಂಡು'
MVJ3413135',ಮಂಜುಳ',ನಂಜೇಗೌಡ',271',38',ಹೆಣ್ಣು'
MVJ3413143',ಯಶೋಧ',ಶ್ರೀನಿವಾಸ',271',37',ಹೆಣ್ಣು'
ALQ1593987',ಉಮಾದೇವಿ ಗಂಡನ ನಾರಾ',',273',56',ಹೆಣ್ಣು'
ALQ3128311',ನಂದಿನಿ ಬಿ ಎಂ',ಟಿ ಎನ್ ಮನಮೋಹನ್ ರೆಡ್ಡಿ',273',30',ಹೆಣ್ಣು'
ALQ2936482',ನರಸರೆಡ್ಡಿ ಟಿ ಎನ್',ನರಸಿಂಹರೆಡ್ಡಿ',274',74',ಗಂಡು'
ALQ2936490',ಲಕ್ಷ್ಮೀಕಾಂತಮ್ಮ',ನರಸರೆಡ್ಡಿ',274',64',ಹೆಣ್ಣು'
ALQ2936508',ನಾರಾಯಣರೆಡ್ಡಿ',ಪುಟ್ಟಪ್ಪರೆಡ್ಡಿ',274',59',ಗಂಡು'
ALQ2936516',ಸುನಂದಮ್ಮ',ನಾರಾಯಣರೆಡ್ಡಿ',274',54',ಹೆಣ್ಣು'
ALQ2936524',ಟಿ ಎನ್ ಸುರೇಶ್ ಕುಮಾರ್',ಟಿ ಎನ್ ನರಸರ',274',52',ಗಂಡು'
ALQ2090017',ರಮೇಶ್ ಟಿ ಎನ್',ನರಸ ರೆಡ್ಡಿ ಟಿ ಎನ',274',47',ಗಂಡು'
ALQ2090025',ಮಧುರವಾಣಿ',ರಮೇಶ್ ಟಿ ಎನ್',274',34',ಹೆಣ್ಣು'
ALQ2147676',ವಿ ಸುಧಾ',ಸುರೇಶ್ ಕುಮಾರ್ ಎನ್',274',32',ಹೆಣ್ಣು'
ALQ2147734',ರೋಹಿತ್ ವೈ ಎಸ್',ಸುಧಾಕರರೆಡ್ಡಿ ವೈ',274',29',ಗಂಡು'
ALQ2090009',ಕಿರಣ್ ಕುಮಾರ್ ಟಿ ಎನ್',ನಾರಾಯಣ ರೆಡ್ಡಿ ಟಿ',274',29',ಗಂಡು'
ALQ2147775',ಸೌಭಾಗ್ಯಮ್ಮ',ಮೈಲಾರಪ್ಪ',275',69',ಹೆಣ್ಣು'
MVJ1971837',ಟಿ ಹೆಚ್ ಮಲ್ಲಿಕಾರ್ಜುನಯ್ಯ',ಆರ್\u200c ಹೊನ್ನಪ್ಪ',275',59',ಗಂಡು'
MVJ1971829',ವಿ ಸುನೀತ',ಟಿ ಹೆಚ್ ಮಲ್ಲಿಕಾರ್ಜುನಯ್ಯ',275',52',ಹೆಣ್ಣು'
ALQ2090033',ಜಗದೀಶ ಟಿ ಎಂ',ಮಲ್ಲಿಕಾರ್ಜುನಯ್ಯ ಹೆಚ್',275',29',ಗಂಡು'
ALQ2169787',ಸಿ ಮಂಜುನಾಥ',ಚಂದ್ರಶೇಖರ್',276',39',ಗಂಡು'
ALQ2203156',ಭವ್ಯಶ್ರೀ',ಮಂಜುನಾಥ ಸಿ',276',33',ಹೆಣ್ಣು'
ALQ2936532',ಟಿ ಜಿ ನರಸಿಂಹರೆಡ್ಡಿ',ಗಂಗರೆಡ್ಡಿ',277',52',ಗಂಡು'
ALQ2936540',ರವೀಂದ್ರರೆಡ್ಡಿ',ಗಂಗರೆಡ್ಡಿ',277',46',ಗಂಡು'
MVJ1971324',ಬಿ ಗೌರಮ್ಮ',ಟಿ ಜಿ ನರಸಿಂಹರೆಡ್ಡಿ',277',40',ಹೆಣ್ಣು'
ALQ2090041',ಗೀತಾ ಜಿ ಎನ್',ರವೀಂದ್ರ ರೆಡ್ಡಿ',277',32',ಹೆಣ್ಣು'
ALQ2997047',ನೀವೇದಿತಾಟಿ ಎನ್',ಟಿ ಜಿ ನರಸಿಂಹರೆ',277',23',ಹೆಣ್ಣು'
ALQ2936557',ಅಶ್ವತ್ಥಮ್ಮ',ಯರಪ್ಪರೆಡ್ಡಿ',280',64',ಹೆಣ್ಣು'
MVJ1970706',ತಿಮ್ಮರೆಡ್ಡಿ',ರಾಮರೆಡ್ಡಿ',280',37',ಗಂಡು'
ALQ2526119',ಟಿ ಶಿಲ್ಪ',ತಿಮ್ಮರೆಡ್ಡಿ',280',30',ಹೆಣ್ಣು'
ALQ2936565',ಗಂಗಮ್ಮ',ಗಂಗಾಧರಯ್ಯ',281',69',ಹೆಣ್ಣು'
ALQ3197688',ನಳಿನ ಟಿ ಎಸ್',ಶಿವಶಂಕರ ರೆಡ್ಡಿ',282',19',ಹೆಣ್ಣು'
ALQ3136330',ಪಂಕಜ ಟಿ ಎಮ್',ಮಲ್ಲಿಕಾರ್ಜನಯ್ಯ',283',30',ಹೆಣ್ಣು'
ALQ1594019',ಎಂ ಪಿ ಜ್ವಾಲಣ್ಣ ತಂದೆಯ ಹೆಸರು',',',84',ಗಂಡು'
ALQ2936599',ಜೆ ಕಾಂತರಾಜ್',ಎಂ ಪಿ ಜ್ವಾಲಣ್ಣ',284',55',ಗಂಡು'
ALQ2936607',ಎನ್ ಉಷಾದೇವಿ',ಜೆ ಕಾಂತರಾಜ್',284',49',ಹೆಣ್ಣು'
ALQ2292464',ಆದೇಶ ಸಾಗರ',ಜೈನೇಂದ್ರ ಕುಮಾರ್',284',30',ಗಂಡು'
ALQ3115011',ಸುಶಾಂತ್ ಕೆ',ಎನ್ ಉಷಾದೇವಿ',284',22',ಗಂಡು'
ALQ2936615',ವಿಜಯಲಕ್ಷ್ಮಿ ಹೆಚ್ ಜಿ',ಎಸ್ ಎನ್ ಕೃಷ್ಣಮೂರ್ತಿ',285',72',ಹೆಣ್ಣು'
ALQ1594035',ಎಸ್ ಕೆ ಅರುಣಾಚಲ',ಎಸ್ ಎನ್ ಕೃಷ್ಣಮೂರ್ತಿ',285',45',ಗಂಡು'
ALQ1594043',ಎಸ್ ಕೆ ನಾಗವೇಣಿ',ಎಸ್ ಕೆ ಮಂಜುನಾಥ',285',43',ಹೆಣ್ಣು'
ALQ2936631',ಎಸ್ ಕೆ ಮಂಜುನಾಥ',ಎಸ್ ಎನ್ ಕೃಷ್ಣಮೂರ್ತಿ',285',41',ಗಂಡು'
ALQ2090058',ಅಖಿಲ ಅರುಣಾಚಲ',ಅರುಣಾಚಲ',285',30',ಹೆಣ್ಣು'
ALQ2936649',ಟಿ ಜಿ ಶೇಷಾದ್ರಿ',ಗುಂಡಾಭಟ್ಟ',286',76',ಗಂಡು'
ALQ2936664',ಪೆದ್ದರೆಡ್ಡಿ',ನರಸೀಯಪ್ಪ',200',66',ಗಂಡು'
ALQ2936672',ಭಾಗ್ಯಮ್ಮ',ಪೆದ್ದಾರೆಡ್ಡಿ',290',51',ಹೆಣ್ಣು'
ALQ2936680',ಇಸ್ಮಾಯಿಲ್ ಸಾತಿ',',',74',ಗಂಡು'
ALQ2509578',ಟಿ ಎನ್ ವೇಣುಗೋಪಾಲ',ಪಿ ನರಸಿಂಹಮೂರ್ತಾಚಾರ್',294',76',ಗಂಡು'
ALQ2936698',ಟಿ ಎನ್ ವೇಣುಗೋಪಾಲ್',ಟಿ ನರಸಿಂಹಮೂರ್ತಾಚಾರ್',294',69',ಗಂಡು'
ALQ2936706',ಸೀತಮ್ಮ',ವೇಣುಗೋಪಾಲ್ ಟಿ ಎನ್',294',59',ಹೆಣ್ಣು'
MVJ3414026',ಟಿ ವಿ ಸಂತೋಷ್ ಕುಮಾರ್',ಟಿ ಎನ್ ವೇಣುಗೋಪಾಲ್',294',38',ಗಂಡು'
ALQ3119179',ಕೆ ಪಿ ವಾಸವಿ',ಟಿ ವಿ ಸಂತೋಷ್ ಕುಮಾರ್',294',25',ಹೆಣ್ಣು'
MVJ3414018',ಲಕ್ಷ್ಮೀದೇವಮ್ಮ',ನಂಜುಂಡರೆಡ್ಡಿ',296',42',ಹೆಣ್ಣು'
ALQ2936722',ಟಿ ಎನ್ ನಾಗರಾಜೇಂದ್ರಪ್ರಸಾದ್',ನರಸಿಂಹಚಾರ್',299',54',ಗಂಡು'
ALQ2936730',ಟಿ ಎನ್ ನರಹರಿಮೂರ್ತಿ',ನರಸಿಂಹಚಾರ್',299',52',ಗಂಡು'
MVJ1970292',ಎಂ ಪಿ ಜಮುನ',ಟಿ ಎನ್ ನಾಗರಾಜೇಂದ್ರಪ್ರಸಾದ್',299',50',ಹೆಣ್ಣು'
MVJ3413648',ಹೆಚ್ ಎಸ್ ಶಕುಂತಲ',ಟಿ ಎನ್ ನರಹರಿ ಮೂರ್ತಿ',299',41',ಹೆಣ್ಣು'
ALQ2936748',ಭಾಗೀರಥಮ್ಮ',ಪುಟ್ಟಾಚಾರಿ',300',74',ಹೆಣ್ಣು'
ALQ2102648',ಟಿ ಪಿ ನರಸಿಂಹಮೂರ್ತಿ',ಪುಟ್ಟಾಚಾರಿ',300',52',ಗಂಡು'
ALQ1594076',ದಿನೇಶ್ ಕುಮಾರ್',ಪುಟ್ಟಾಚಾರಿ',300',44',ಗಂಡು'
MVJ1971969',ರಾಜೇಶ್ವರಿ',ಟಿ ಪಿ ನರಸಿಂಹಮೂರ್ತಿ',300',39',ಹೆಣ್ಣು'
ALQ2349108',ಸುಬ್ಬಲಕ್ಷ್ಮಮ್ಮ ಎಸ್ ಪಿ',ದಿನೇಶ್ ಕುಮಾರ್',300',30',ಹೆಣ್ಣು'
ALQ1594084',ಅಬ್ದುಲ್\u200cಹಾಫೀಜ್',ಹಾಜಿಅಬ್ದುಲ್ ರಹಮಾನ್ಸಾಬ್',301',64',ಗಂಡು'
ALQ1594092',ರಾಹತ್ ಉನ್ನಿಸ್',ಹಾಫೀಜ್',301',59',ಹೆಣ್ಣು'
ALQ2936755',ಅಪ್ಪರ್',ಹಾಜಿ ಅಬ್ದುಲ್ ರಹಮಾನ್ಸಾಬ್',301',54',ಗಂಡು'
ALQ2936763',ವಹೀದಾಬಾನು',ಅಪ್ಪರ್',301',49',ಹೆಣ್ಣು'
ALQ3009560',ಸಲ್ಮಾ ಸುಲ್ತಾನ',ಅನ್ಸರ್ ಪಾಷ',301',26',ಹೆಣ್ಣು'
ALQ0256578',ಸಾಯಿರಾಬಾನು',ಮಹಮದ್ ಖಾಸಿಂ',303',64',ಹೆಣ್ಣು'
MVJ3411949',ನಾಗರತ್ನಮ್ಮ',ಕೆ ನರೇಂದ್ರರೆಡ್ಡಿ',303',45',ಹೆಣ್ಣು'
ALQ2936797',ರಾಮಯ್ಯ',ಹೀರಗಿಡ್ಡಪ್ಪ',304',64',ಗಂಡು'
ALQ2936805',ರತ್ನಮ್ಮ',ರಾಮಯ್ಯ',304',54',ಹೆಣ್ಣು'
ALQ2936813',ನರಸಿಂಹಮೂರ್ತಿ',ರಾಮಯ್ಯ',304',44',ಗಂಡು'
MVJ1970276',ಗೌರಮ್ಮ',ನರಸಿಂಹಮೂರ್ತಿ',304',36',ಹೆಣ್ಣು'
ALQ3063294',ಲಕ್ಷ್ಮೀ ಟಿ ಎನ್',ನರಸಿಂಹಮೂರ್ತಿ',304',22',ಹೆಣ್ಣು'
ALQ3128303',ರಮೇಶ್ ಟಿ ಎನ್',ನರಸಿಂಹಮೂರ್ತಿ',304',20',ಗಂಡು'
ALQ2936821',ನರಸಿಂಹರೆಡ್ಡಿ',ಯಾಮನ್ನ',305',59',ಗಂಡು'
MVJ2290302',ಟಿ ಎನ್ ಯಾಮಣ್ಣ',ನರಸಿಂಹರೆಡ್ಡಿ',305',38',ಗಂಡು'
ALQ2936847',ನವರತ್ನಮ್ಮ',ನ್ಯಾಮರಾಜಯ್ಯ',306',78',ಹೆಣ್ಣು'
ALQ2936854',ಪನಿ',ಪ್ರಭುಕುಮಾರ್',306',54',ಹೆಣ್ಣು'
ALQ2936839',ಟಿ ಎನ್ ಪ್ರಭುಕುಮಾರ್',ಟಿ ಬಿ ನ್ಯಾಮರಾಜಯ್ಯ',306',44',ಗಂಡು'
ALQ3128394',ಸಫೀರ್ ಪಾಷಾ',ಗೌಸ್ ಮೊಹಿದ್ದೀನ್',306',20',ಗಂಡು'
MVJ3414000',ಪವಿ ನಂಜುಂಡರೆಡ್ಡಿ',ವೆಂಕಟರಮಣರೆಡ್ಡಿ',307',60',ಗಂಡು'
ALQ2936862',ನಾರಾಯಣಮ್ಮ ಟಿ ವಿ',ಬಿ ಜಿ ವೆಂಕಟರಮಣರೆಡ್ಡಿ',307',57',ಹೆಣ್ಣು'
ALQ2936870',ಶಿವಕುಮಾರ್',ನಂಜುಂಡಪ್ಪ',307',54',ಗಂಡು'
ALQ2936888',ಸುವರ್ಣಮ್ಮ',ಶಿವಕುಮಾರ್',307',43',ಹೆಣ್ಣು'
ALQ3055571',ಲಕ್ಷ್ಮೀದೇವಮ್ಮ',ಬಿ ವಿ ನಂಜುಂಡರೆಡ್ಡಿ',307',40',ಹೆಣ್ಣು'
ALQ3033594',ಶ್ರೀನಾಥ್ ಟಿ ಎನ್',ಬಿ ವಿ ನಂಜುಂಡರೆ',307',21',ಗಂಡು'
ALQ2169795',ಟಿ ಸಿ ಗಂಗಾರೆಡ್ಡಿ',ಚಿನ್ನಪ್ಪಯ್ಯ',308',52',ಗಂಡು'
ALQ2567832',ಬಿ ಪಿ ಅನುಸೂಯಮ್ಮ',ಟಿ ಸಿ ಗಂಗರೆಡ್ಡಿ',308',47',ಹೆಣ್ಣು'
ALQ2169746',ಟಿ ಜಿ ಚೇತನ್ ಕುಮಾರ್',ಟಿ ಸಿ ಗಂಗಾರೆಡ್ಡಿ',308',26',ಗಂಡು'
ALQ1594100',ಅಬ್ದುಲ್ ಅಜೀಜ್ ಸಾಬ್',ಅಬ್ದುಲ್ ರಹಮಾನ್ ಸಾಬ್',309',69',ಗಂಡು'
ALQ1594118',ಬೀಬಿಜಾನ್',ಅಬ್ದುಲ್ ಅಜೀಜ್ ಸಾಬ್',309',59',ಹೆಣ್ಣು'
ALQ2090066',ತಾಜ್ ಪೀರ್',ಅಬ್ದುಲ್ ಅಜೀಜ',309',32',ಗಂಡು'
ALQ1594134',ವೆಂಕಟಸ್ವಾಮಿ',ನಾರಾಯಣಪ್ಪ',312',69',ಗಂಡು'
ALQ2936912',ಗಂಗಮ್ಮ',ವೆಂಕಟಸ್ವಾಮಿ',312',59',ಹೆಣ್ಣು'
MVJ1970532',ವೆಂಕಟೇಶ',ವೆಂಕಟಸ್ವಾಮಿ',312',43',ಗಂಡು'
ALQ2090082',ಲಕ್ಷ್ಮಿ ಹೆಚ್ ಡಿ',ವೆಂಕಟೇಶ',312',30',ಹೆಣ್ಣು'
ALQ2936920',ಮುನಿಯಮ್ಮ',ನರಸಯ್ಯ',314',84',ಹೆಣ್ಣು'
ALQ2936938',ನರಸಿಂಹರೆಡ್ಡಿ',ನಾರಾಯಣರೆಡ್ಡಿ',314',64',ಗಂಡು'
ALQ2936946',ಬಯಮ್ಮ',ನರಸಿಂಹರೆಡ್ಡಿ',314',54',ಹೆಣ್ಣು'
MVJ1970722',ಆನಂದರೆಡ್ಡಿ',ನರಸಿಂಹರೆಡ್ಡಿ',314',36',ಗಂಡು'
ALQ0417113',ಟಿ ಎನ್ ಬಾಲಕೃಷ್ಣ',ನರಸಿಂಹರಡ್ಡಿ',314',35',ಗಂಡು'
ALQ3197621',ಸುಕನ್ಯಜಿ',ಕೆ ಎನ್ ಬಾಲಕೃಷ್ಣ',314',24',ಹೆಣ್ಣು'
ALQ2936979',ಮುದ್ದಮ್ಮ',',',74',ಹೆಣ್ಣು'
ALQ2936987',ರವಿಕುಮಾರ್',ಟಿ ಎನ್ ಮೈಲಾರಪ್ಪ',319',49',ಗಂಡು'
MVJ1970318',ಚನ್ನಮ್ಮ',ರವಿಕುಮಾರ್',319',41',ಹೆಣ್ಣು'
MVJ1970060',ರಂಗಲಕ್ಷ್ಮಮ್ಮ',ಟಿ ಎ ಕೃಷ್ಣಪ್ಪ',320',64',ಹೆಣ್ಣು'
ALQ2334407',ಹನುಮಂತರಾಜುದೆ',ಮನೆಯ',',63',ಗಂಡು'
ALQ2936995',ಹನುಮಂತರಾಜು',ಟಿ ಎ ಕೃಷ್ಣಪ್ಪ',320',49',ಗಂಡು'
MVJ1970078',ಟಿ ಕೆ ಸರಸ್ವತಿ',ಟಿ ಎ ಕೃಷ್ಣಪ್ಪ',320',42',ಹೆಣ್ಣು'
MVJ1970615',ಟಿ ಕೆ ಆಶೋಕ',ಟಿ ಎ ಕೃಷ್ಣಪ್ಪ',320',38',ಗಂಡು'
ALQ3128386',ಡಿ ಭವ್ಯ',ಅಶೋಕ ಟಿ ಕೆ',320',27',ಹೆಣ್ಣು'
ALQ2937001',ಟಿ ಎನ್ ನರಸಿಂಹರೆಡ್ಡಿ',ನಾರಾಯಣರೆಡ್ಡಿ',321',79',ಗಂಡು'
ALQ2937019',ನಾಗರಾಜರೆಡ್ಡಿ',ಟಿ ಎನ್ ನರಸಿಂಹರೆಡ್ಡಿ',321',49',ಗಂಡು'
ALQ2937027',ವೇಮರೆಡ್ಡಿ',ಟಿ ಎನ್ ನರಸಿಂಹರೆಡ್ಡಿ',321',47',ಗಂಡು'
MVJ2290310',ಅನಸೂಯಮ್ಮ',ನಾಗರಾಜರೆಡ್ಡಿ',321',46',ಹೆಣ್ಣು'
ALQ1594142',ಯರಪ್ಪರೆಡ್ಡಿ',ಟಿ ಎನ್ ನರಸಿಂಹರೆಡ್ಡಿ',321',45',ಗಂಡು'
MVJ1970128',ಲಕ್ಷ್ಮಿದೇವಮ್ಮ',ಎಲ್ಲಾರೆಡ್ಡಿ',321',43',ಹೆಣ್ಣು'
ALQ2090090',ಅನುಸೂಯಮ್ಮ',ಯರಪ್ಪ ರೆಡ್ಡಿ',321',30',ಹೆಣ್ಣು'
ALQ2349777',ಕೃಷ್ಣಾರೆಡ್ಡಿ ಟಿ ಎನ',ನಾಗರಾಜ ರೆಡ್ಡಿ',321',27',ಗಂಡು'
ALQ2937035',ರಾಮಪ್ಪ',ವೆಂಕಟಪ್ಪ',322',64',ಗಂಡು'
ALQ2937043',ಮುನಿಯಮ್ಮ',ರಾಮಪ್ಪ',322',59',ಹೆಣ್ಣು'
ALQ1594159',ಶ್ರೀನಿವಾಸುಲು',ರಾಮಪ್ಪ',322',44',ಗಂಡು'
ALQ1594167',ವೆಂಕಟೇಶ',ರಾಮಪ್ಪ',322',42',ಗಂಡು'
MVJ1972058',ಪ್ರೇಮಕ್ಕೆ',ಶ್ರೀನಿವಾಸಲು',322',38',ಹೆಣ್ಣು'
ALQ1594175',ನಾಗರಾಜ',ರಾಮಪ್ಪ',322',36',ಗಂಡು'
ALQ2937050',ಲಕ್ಷ್ಮೀದೇವಮ್ಮ',ವೆಂಕಟಸ್ವಾಮಿ',333',52',ಹೆಣ್ಣು'
ALQ1594191',ಶಾರದಮ್ಮ',ರಾಮಾಚಾರಿ',324',59',ಹೆಣ್ಣು'
ALQ2937076',ಗಂಗಮ್ಮ',ಗಂಗಪ್ಪ',325',77',ಹೆಣ್ಣು'
ALQ3197647',ಕೆವಿ ದಿನೇಶ್',ಬಿ ಟಿ ವೆಂಕಟರವಣಪ್ಪ',328',19',ಗಂಡು'
ALQ1594274',ಶಾರದಮ್ಮ',ಲಕ್ಷ್ಮೀನರಸಪ್ಪ',331',64',ಹೆಣ್ಣು'
ALQ1594282',ನರಸಿಂಹಮೂರ್ತಿ',ಲಕ್ಷ್ಮೀನರಸಪ್ಪ',331',50',ಗಂಡು'
ALQ2090116',ರಂಗನಾಥ ವಿ',ವೆಂಕಟಪತಿ',331',32',ಗಂಡು'
ALQ3181831',ಮೇಘನ ಟಿ ಎನ್',ನರಸಿಂಹಮೂರ್ತಿ',331',19',ಹೆಣ್ಣು'
MVJ1970904',ಸೀತಾರಾಮ್',ಗೋವಿಂದಪ್ಪ',333',58',ಗಂಡು'
MVJ1970839',MUDAMMA',ಸೀತಾರಾಮ್',333',47',ಹೆಣ್ಣು'
ALQ3033628',ಬೆಣಕಲ್ ತಿಮ್ಮಪ್ಪ',ತಾಯಪ್ಪ',333',37',ಗಂಡು'
ALQ2509594',ಪದ್ಮ ಟಿ ಎಸ್',ಸೀತಾರಾಮು',333',24',ಹೆಣ್ಣು'
ALQ1594308',ವೆಂಕಟಸ್ವಾಮಿ',ಗಂಗಪ್ಪ',336',64',ಗಂಡು'
ALQ1594316',ಅಶ್ವತ್ಥಮ್ಮ',ವೆಂಕಟಸ್ವಾಮಿ',336',54',ಹೆಣ್ಣು'
ALQ2937159',ಗಂಗಾಧರಪ್ಪ',ಗಂಗಪ್ಪ',336',54',ಗಂಡು'
ALQ1594324',ರಾಧಮ್ಮ',ಗಂಗಾಧರಪ್ಪ',336',49',ಹೆಣ್ಣು'
ALQ2937167',ನಾಗರಾಜ್',ಗಂಗಪ್ಪ',336',47',ಗಂಡು'
MVJ1971407',ಸುಜಾತಮ್ಮ',ನಾಗರಾಜು',336',41',ಹೆಣ್ಣು'
ALQ2359172',ಚಂದ್ರಶೇಖರ್ ಟಿ ಜಿ',ಗಂಗಾಧರಪ್ಪ',336',31',ಗಂಡು'
ALQ2090124',ಗಂಗರಾಜ ಟಿ ಜಿ',ಗಂಗಾಧರಪ್ಪ',336',29',ಗಂಡು'
ALQ1594332',ವೆಂಕಟೇಶ',ವೆಂಕಟಪ್ಪ',339',54',ಗಂಡು'
ALQ2937175',ಅಶ್ವತ್ಥಮ್ಮ',ವೆಂಕಟೇಶ',339',49',ಹೆಣ್ಣು'
ALQ2937183',ದಾಸಪ್ಪ ತಂದೆಯ ಹೆಸರು ಮನೆಯ',',',84',ಗಂಡು'
MVJ4448270',ಕೃಷ್ಣಪ್ಪ',ಜೊಲಪ್ಪ',343',55',ಗಂಡು'
MVJ1971589',ಗಂಗರತ್ನಮ್ಮ',ಕೃಷ್ಣಪ್ಪ',343',50',ಹೆಣ್ಣು'
ALQ2354793',ಹರೀಶ ಟಿ ಕೆ',ಕೃಷ್ಣಪ್ಪ',343',26',ಗಂಡು'
ALQ1594340',ಗಂಗಮ್ಮ',ಕೂಪ್ಪ',344',64',ಹೆಣ್ಣು'
ALQ3033636',ಎಂ ಮಂಗಳ',ವೆಂಕಟಸ್ವಾಮಿ ಟಿ ವಿ',344',22',ಹೆಣ್ಣು'
ALQ2169738',ಶ್ರೀನಾಥ ಡಿ ಡಿ ಎ',ಅಂಜೀನಪ್ಪ',345',27',ಗಂಡು'
ALQ2937217',ತಿಮ್ಮಪ್ಪ',ಹನುಮಂತಪ್ಪ',348',64',ಗಂಡು'
ALQ2937225',ಅಶ್ವತ್ಥಮ್ಮ',ತಿಮ್ಮಪ್ಪ',348',54',ಹೆಣ್ಣು'
ALQ2147668',ಟಿ ಲಕ್ಷ್ಮೀದೇವಮ್ಮ',ತಿಮ್ಮಪ್ಪ',348',28',ಹೆಣ್ಣು'
ALQ0257170',ವೆಂಕಟಮ್ಮ',ಓಬಳಪ್ಪ',349',69',ಹೆಣ್ಣು'
ALQ2937233',ಎಚ್ ಅಶ್ವತ್ಥಪ್ಪ',ಓಬಳಪ್ಪ',349',45',ಗಂಡು'
MVJ1971597',ಮಂಜುನಾಥ',ಓಬಳಪ್ಪ',349',39',ಗಂಡು'
ALQ2937241',ಅದಿಲಕ್ಷ್ಮಮ್ಮ',ವೆಂಕಟೇಶಪ್ಪ',350',54',ಹೆಣ್ಣು'
ALQ3136546',ಸಂದ್ಯಾವಿ',ರಾಮಾಂಜಿನಪ್ಪ',350',30',ಹೆಣ್ಣು'
ALQ1594365',ನಾಗರತ್ನಮ್ಮ',ಸೋಮಪ್ಪ',353',44',ಹೆಣ್ಣು'
ALQ2567840',ಟಿ ಎಸ್ ಶೃತಿ ',ನಾಗರತ್ನಮ್ಮ',353',23',ಹೆಣ್ಣು'
ALQ3119161',ಮಮತ ಎಸ್ ತಾಯಿಯ',ನಾಗರತ್ನಮ್ಮ',353',20',ಹೆಣ್ಣು'
ALQ2937308',ಅಶ್ವತ್ಥನಾರಾಯಣ',ವೆಂಕಟರಮಣಪ್ಪ',354',46',ಗಂಡು'
MVJ1970391',ಶಬಾನಾ ಖಾನಂ',ದಾದಾಖಾನ್',355',42',ಹೆಣ್ಣು'
ALQ2418457',ಶಾರುಖಾನ್',ದಾದಾ ಖಾನ್',355',24',ಗಂಡು'
ALQ3033586',ಸಲ್ಮಾನ್ ಖಾನ್',ದಾದಾಖಾನ್',355',22',ಗಂಡು'
ALQ1594407',ಟಿ ಆರ್ ರಾಜಗೋಪಾಲ್ ನಾಯಕ್',ರಾಮಾನಾಯಕ್',363',78',ಗಂಡು'
ALQ2937357',ರಾಜಮ್ಮ',ರಾಜಗೊಪಾಲ್ ನಾಯಕ್',363',59',ಹೆಣ್ಣು'
ALQ2937365',ಸುರೇಂದ್ರಬಾಬು',ರಾಜಗೊಪಾಲ್ ನಾಯಕ್',363',49',ಗಂಡು'
MVJ1970797',ಜೆ ಆರ್ ಗೌರಮ್ಮ',ಟಿ ಆರ್ ಸುರೇಂದ್ರಬಾಬು',363',46',ಹೆಣ್ಣು'
MVJ1970441',ಟಿ ಆರ್ ಸುಬ್ರಮಣ್ಯಂ',ರಾಜಗೋಪಾಲನಾಯಕ',363',42',ಗಂಡು'
ALQ2090157',ರಾಮ್ ಕುಮಾರ್ ಟಿ ಆರ್',ರಾಜಗೋಪಾಲ ನಾಯಕ',363',29',ಗಂಡು'
ALQ2567881',ಟಿ ಆರ್ ಅನಿಲ್ ಕುಮಾರ್',ರಾಜಗೋಪಾಲ್ ನಾಯಕ',363',23',ಗಂಡು'
MVJ1971746',ಅಲವೇಲಮ್ಮ',ವೆಂಕಟೇಶಪ್ಪ',364',51',ಹೆಣ್ಣು'
ALQ1594415',ವೆಂಕಟೇಶಪ್ಪ',ಗಿಡ್ಡಪ್ಪ',364',51',ಗಂಡು'
ALQ3197571',ಸುಚಿತ್ರಕೆ ವಿ',ವೆಂಕಟೇಶಪ್ಪ',364',19',ಹೆಣ್ಣು'
ALQ2937373',ಅಂಜಿನಪ್ಪ',ಗಿಡ್ಡಪ್ಪ',365',59',ಗಂಡು'
ALQ2937381',ವೆಂಕಟಲಕ್ಷ್ಮಮ್ಮ',ಅಂಜಿನಪ್ಪ',365',50',ಹೆಣ್ಣು'
ALQ2090165',ಗಂಗರಾಜು ಟಿ ಎ',ಅಂಜಿನಪ್ಪ ಜಿ',365',31',ಗಂಡು'
ALQ3009578',ರೋಜ',ಗಂಗರಾಜುಟಿ ಎ',365',23',ಹೆಣ್ಣು'
ALQ2937415',ಗಂಗಾಧರಪ್ಪ',ಪಿಳ್ಳಪ್ಪ',367',54',ಗಂಡು'
ALQ2937423',ಶಿವಮ್ಮ',ಗಂಗಾಧರಪ್ಪ',367',49',ಹೆಣ್ಣು'
ALQ0256255',ಚಿಕ್ಕಪ್ಪಯ್ಯ',ನಾರಾಯಣಪ್ಪ',370',49',ಗಂಡು'
ALQ0256263',ರತ್ನಮ್ಮ',ಚಿಕ್ಕಪ್ಪಯ್ಯ',370',45',ಹೆಣ್ಣು'
ALQ2340578',ರವಿ ಕುಮಾರ್ ಟಿ ಸಿ',ಚಿಕ್ಕಪ್ಪಯ್ಯ',370',25',ಗಂಡು'
ALQ3114832',ಅನಿಲ್ ಕುಮಾರ್ ಟಿ ಸಿ',ಚಿನ್ನಪ್ಪಯ್ಯ',370',21',ಗಂಡು'
ALQ1594423',ಗಂಗಮ್ಮ',ರಂಗಪ್ಪ',371',82',ಹೆಣ್ಣು'
ALQ2937431',ತಿಮ್ಮಪ್ಪ',ರಂಗಪ್ಪ',371',59',ಗಂಡು'
ALQ1594431',ಸರೋಜಮ್ಮ',ತಿಮ್ಮಪ್ಪ',371',',ಹೆಣ್ಣು'
ALQ1594449',ಲಕ್ಷ್ಮೀ ದೇವಮ್ಮ',ನಾಗರಾಜು',371',44',ಹೆಣ್ಣು'
ALQ2482537',ಟಿ ಎಲ್ ಶ್ರೀರಾಂ',ಲಕ್ಷ್ಮಣ್',371',43',ಗಂಡು'
ALQ2482099',ಮಂಜುಳ ಟಿ',ಟಿ ಎಲ್ ಶ್ರೀರಾಮ್',371',31',ಹೆಣ್ಣು'
ALQ2090173',ಮಂಜುಳ ಟಿ',ಗಂಗಾಧರಪ್ಪ',371',29',ಹೆಣ್ಣು'
ALQ3033644',ಅಶ್ವಿನಿ ಟಿ',ತಿಮ್ಮಪ್ಪ',371',24',ಹೆಣ್ಣು'
ALQ2937449',ಗಂಗಮ್ಮ',ನಂಜುಂಡಪ್ಪ',372',69',ಹೆಣ್ಣು'
ALQ1875616',ಗಂಗಾಧರಪ್ಪ',ವೆಂಕಟರಮಣಪ್ಪ',372',64',ಗಂಡು'
ALQ2937456',ಲಕ್ಷ್ಮೀದೇವಮ್ಮ',ಗಂಗಾಧರಪ್ಪ',372',54',ಹೆಣ್ಣು'
ALQ2470011',ಅಳುವೇಳಮ್ಮ ಟಿ ಜಿ',ಗಂಗಾಧರಪ್ಪ',372',27',ಹೆಣ್ಣು'
ALQ3055589',ನವೀನ್ ಟಿ ಜಿ',ಗಂಗಾಧರಪ್ಪ',372',22',ಗಂಡು'
ALQ2937464',ಗಂಗಮ್ಮ',ನಾರಾಯಣಪ್ಪ',373',64',ಹೆಣ್ಣು'
ALQ2937472',ಗಂಗಮ್ಮ',ಈರಗಿಡ್ಡಪ್ಪ',374',84',ಹೆಣ್ಣು'
ALQ2937498',ರಾಮಕೃಷ್ಣಪ್ಪ',ದಾಸಣ್ಣ',375',64',ಗಂಡು'
MVJ1970730',ಲಲಿತಮ್ಮ',ರಾಮಕೃಷ್ಣಪ್ಪ',375',54',ಹೆಣ್ಣು'
ALQ2937514',ಗಿರೀಶ',ರಾಮಕೃಷ್ಣಪ್ಪ',375',37',ಗಂಡು'
MVJ1970656',ಸರೋಜಮ್ಮ',ಕರಿಯಣ್ಣ',376',64',ಹೆಣ್ಣು'
ALQ2937522',ದಾಳಮ್ಮ',ಗಂಗಾಧರಪ್ಪ',376',44',ಹೆಣ್ಣು'
MVJ1972017',ದಾಳಮ್ಮ',ಗಂಗಾಧರಪ್ಪ',377',44',ಹೆಣ್ಣು'
ALQ1594464',ವೆಂಕಟೇಶಪ್ಪ',ವೆಂಕಟೇಶಪ್ಪ',378',52',ಗಂಡು'
ALQ2937530',ವೆಂಕಟಲಕ್ಷ್ಮಮ್ಮ',ವೆಂಕಟೇಶಪ್ಪ',378',47',ಹೆಣ್ಣು'
ALQ2469963',ಟಿ ವಿ ವರಲಕ್ಷ್ಮಿ',ವೆಂಕಟೇಶಪ್ಪ',378',27',ಹೆಣ್ಣು'
ALQ2937548',ತಿಮ್ಮಕ್ಕ',ತಿರುಮಲಪ್ಪ',380',64',ಹೆಣ್ಣು'
MVJ1972074',ರತ್ನಮ್ಮ',ತಿರುಮಲಪ್ಪ',380',43',ಹೆಣ್ಣು'
ALQ1594472',ರಾಮಕೃಷ್ಣಪ್ಪ',ನರಸಿಂಹಪ್ಪ',381',59',ಗಂಡು'
ALQ1594480',ಲಕ್ಷ್ಮಿದೇವಮ್ಮ',ರಾಮಕೃಷ್ಣಪ್ಪ',381',54',ಹೆಣ್ಣು'
ALQ1875657',ನಾಗಾರ್ಜುನ ಟಿ ಆರ್',ರಾಮಕೃಷ್ಣಾರೆಡ್ಡಿ',381',30',ಗಂಡು'
MVJ2290559',ಗುಂಡಪ್ಪ',ಮುನಿಯಪ್ಪ',382',84',ಗಂಡು'
MVJ4448049',ಲಕ್ಷ್ಮಮ್ಮ',ಗುಂಡಪ್ಪ',382',53',ಹೆಣ್ಣು'
MVJ2290757',ಗಂಗಾಧರಪ್ಪ',ಮನೆಯ',',46',ಗಂಡು'
MVJ2290740',ಅನಿತಮ್ಮ',ಗಂಗಾಧರಪ್ಪ',382',38',ಹೆಣ್ಣು'
ALQ2329639',ತಿಮ್ಮಕ್ಕ',ರವಿ',382',32',ಹೆಣ್ಣು'
MVJ4447926',ಮುನಿಶಾಮಿ',ಗುಂಡಪ್ಪ',383',43',ಗಂಡು'
MVJ4447892',ಸುಧಾಮಣಿ',ಮುನಿಶಾಮಿ',383',40',ಹೆಣ್ಣು'
ALQ2937571',ಗಂಗಮ್ಮ',ನಂಜುಂಡಪ್ಪ',384',69',ಹೆಣ್ಣು'
ALQ2090199',ಶಾಂತಮ್ಮ',ಸಂಜೀವಪ್ಪ',387',57',ಹೆಣ್ಣು'
ALQ2937613',ಸಾಕಮ್ಮ',ನಾರಾಯಣಪ್ಪ',387',54',ಹೆಣ್ಣು'
ALQ2354272',ನರಸಿಂಹಮೂರ್ತಿ ಟಿ ಎಸ್',ಸಂಜೀವಪ್ಪ',387',39',ಗಂಡು'
ALQ1594514',ವೆಂಕಟರಮಣಪ್ಪ',ಗುಂಡಪ್ಪ',389',59',ಗಂಡು'
ALQ2937621',ಜಯಮ್ಮ',ವೆಂಕಟರಮಣಪ್ಪ',389',46',ಹೆಣ್ಣು'
ALQ2978815',ಶ್ರೀನಾಥ ಟಿ ವಿ',ವೆಂಖಟರಮಣಪ್ಪ',389',22',ಗಂಡು'
ALQ1594530',ಅಶ್ವತ್ಥಮ್ಮ',ರಾಮಪ್ಪ',390',54',ಹೆಣ್ಣು'
ALQ2937639',ನಾರಾಯಣಪ್ಪ',ಹೊನ್ನೂರಪ್ಪ',392',79',ಗಂಡು'
ALQ1594548',ಕೃಷ್ಣಮೂರ್ತಿ',ನಾರಾಯಣಪ್ಪ',392',59',ಗಂಡು'
ALQ1594555',ಸರಸ್ವತಮ್ಮ',ಕೃಷ್ಣಮೂರ್ತಿ',392',52',ಹೆಣ್ಣು'
ALQ1594563',ರಾಜಶೇಖರ',ನಾರಾಯಣಪ್ಪ',392',45',ಗಂಡು'
ALQ2997054',ಅಶ್ವತ್ಥಮ್ಮ',ರಾಜಶೇಖರ ಟಿ',392',37',ಹೆಣ್ಣು'
MVJ3413549',ಅಶ್ವತ್ತಮ್ಮ',ಟಿ ರಾಜಶೇಖರ',392',36',ಹೆಣ್ಣು'
ALQ0256669',ತಿರುಮಲಕ್ಕ',ನಂಜುಂಡಪ್ಪ',393',70',ಹೆಣ್ಣು'
MVJ1971043',ಲಕ್ಷ್ಮೀನಾರಾಯಣ',ನಂಜುಂಡಪ್ಪ',393',38',ಗಂಡು'
ALQ1594571',ನರಸಮ್ಮ',ನಾರಾಯಣಪ್ಪ',394',72',ಹೆಣ್ಣು'
MVJ1972033',ಗಂಗಾಧರಪ್ಪ',ನಾರಾಯಣಪ್ಪ',394',46',ಗಂಡು'
ALQ0257022',ಲಲಿತಮ್ಮ',ಗಂಗಾಧರಪ್ಪ',394',39',ಹೆಣ್ಣು'
ALQ3136348',ನವರತ್ನ',ನಾರಾಯಣಪ್ಪ',394',27',ಹೆಣ್ಣು'
ALQ0255810',ವೆಂಕಟೇಶಪ್ಪ',ತಿರುಮಲಪ್ಪ',395',56',ಗಂಡು'
ALQ2470060',ಟಿ ವಿ ಗಂಗರಾಜು ತಂದೆಯ ಹೆಸರು ಮನೆಯ 395',',',25',ಗಂಡು'
ALQ2937662',ತಿಮ್ಮಕ್ಕ',ಮನೆಯ',',74',ಹೆಣ್ಣು'
ALQ2937670',ನರಸಿಂಹಪ್ಪ',ಪಿಳ್ಳಪ್ಪ',396',64',ಗಂಡು'
ALQ2937688',ಗಂಗಮ್ಮ',ನರಸಿಂಹಪ್ಪ',396',59',ಹೆಣ್ಣು'
MVJ1971001',ರಾಮಕೃಷ್ಣಪ್ಪ ಟಿ ಎನ್',ನರಸಿಂಹಪ್ಪ',396',38',ಗಂಡು'
ALQ2090215',ವಿಜಯಮ್ಮ ಬಿ ಎನ್',ರಾಮಕೃಷ್ಣಪ್ಪ',396',31',ಹೆಣ್ಣು'
MVJ3412780',ಲಕ್ಷ್ಮಮ್ಮ',ವೆಂಕಟಸ್ವಾಮಪ್ಪ',397',84',ಹೆಣ್ಣು'
ALQ1594597',ಬಾಲಪ್ಪ',ನಂಜುಂಡಪ್ಪ',397',62',ಗಂಡು'
MVJ2290021',ಲಕ್ಷ್ಮೀನರಸಮ್ಮ',ಬಾಲಪ್ಪ',397',46',ಹೆಣ್ಣು'
ALQ3118460',ನರೇಂದ್ರ ಟಿ ಬಿ',ಬಾಲಪ್ಪ',397',23',ಗಂಡು'
ALQ2937696',ನರಸಮ್ಮ ಗಂಡನ ಮಹಸ್ತರು ಭೇಟರವಣಪ್ಪ',',',84',ಹೆಣ್ಣು'
ALQ2937720',ನಾರಾಯಣಪ್ಪ',ವೆಂಕಟರವಣಪ್ಪ',400',59',ಗಂಡು'
ALQ2937738',ರಾಮಣ್ಣ',ವೆಂಕಟರವಣಪ್ಪ',400',54',ಗಂಡು'
ALQ2937753',ರತ್ನಮ್ಮ',ರಾಮಣ್ಣ',400',49',ಹೆಣ್ಣು'
ALQ2937746',ಗಂಗರತ್ನಮ್ಮ',ನಾರಾಯಣಪ್ಪ',400',49',ಹೆಣ್ಣು'
ALQ1594613',ಶ್ರೀನಿವಾಸಪ್ಪ',ವೆಂಕಟರವಣಪ್ಪ',400',47',ಗಂಡು'
MVJ1970698',ನಾಗಮ್ಮ',ಶ್ರೀನಿವಾಸಪ್ಪ',400',40',ಹೆಣ್ಣು'
ALQ2090231',ಅಶೋಕ ಟಿ ವಿ',ವೆಂಕಟೇಶಪ್ಪ',400',32',ಗಂಡು'
ALQ1594621',ಗಂಗಮ್ಮ',ತಿರುಮಲಪ್ಪ',401',74',ಹೆಣ್ಣು'
ALQ2937761',ಗಂಗಾಧರಪ್ಪ',ತಂದೆಯ ಹೆಸರು ಮನೆಯ 401',',49',ಗಂಡು'
ALQ2090249',ಕೃಷ್ಣಪ್ಪ ಟಿ',ತಿರುಮಳಪ್ಪ',401',40',ಗಂಡು'
ALQ3136405',ರಾಮಾಂಜಿನಮ್ಮ',ಕೃಷ್ಣಪ್ಪ',401',35',ಹೆಣ್ಣು'
ALQ2937787',ಗಂಗಾಧರಪ್ಪ',ಗಂಗಪ್ಪ',403',59',ಗಂಡು'
MVJ1874098',ಸುಜಾತ',ಗಂಗಾಧರಪ್ಪ',403',40',ಹೆಣ್ಣು'
ALQ1594647',ಗಂಗಾಧರಪ್ಪ',ಗುಲ್ ತಿಮ್ಮಯ್ಯ',404',54',ಗಂಡು'
ALQ2937811',ಸಾವಿತ್ರಮ್ಮ',ಗಂಗಾಧರಪ್ಪ',404',49',ಹೆಣ್ಣು'
ALQ2937829',ವೆಂಕಟಮ್ಮ',ಲಕ್ಷ್ಮೀನರಸಪ್ಪ',405',59',ಹೆಣ್ಣು'
ALQ2937837',ವೆಂಕಟಮ್ಮ',ಗಂಗಪ್ಪ',406',64',ಹೆಣ್ಣು'
MVJ1971365',ಈರಪ್ಪ',ಗಂಗಪ್ಪ',406',36',ಗಂಡು'
ALQ2090256',ಲಕ್ಷ್ಮಿದೇವಿ ಟಿಜಿ',ಗಂಗಪ್ಪ ಪಿ',406',30',ಹೆಣ್ಣು'
ALQ0257568',ರಂಗಮ್ಮ',ನಾರಾಯಣಪ್ಪ',407',64',ಹೆಣ್ಣು'
MVJ1970623',ಎನ್ ನಾಗರಾಜು',ನಾರಾಯಣಪ್ಪ',407',40',ಗಂಡು'
MVJ3413929',ಭಾಗ್ಯಲಕ್ಷ್ಮೀ',ಟಿ ಎನ್ ನಾಗರಾಜು',407',35',ಹೆಣ್ಣು'
ALQ1594670',ರಾಮದಾಸ್',ನಾರಾಯಣಪ್ಪ',408',54',ಗಂಡು'
ALQ2937852',ಲಕ್ಷ್ಮಿದೇವಮ್ಮ',ರಾಮದಾಸ್',408',49',ಹೆಣ್ಣು'
ALQ2567766',ಟಿ ವಿ ಕಿರಣ್',ವೆಂಕಟೇಶಯ್ಯ',408',24',ಗಂಡು'
ALQ0255638',ಎನ್ ಕೃಷ್ಣಪ್ಪ',ನರಸೀಯಪ್ಪ',409',38',ಗಂಡು'
ALQ2937886',ನಾಗರಾಜು',ಓಬಳಪ್ಪ',410',59',ಗಂಡು'
ALQ2568517',ರಂಗಮ್ಮ',ಗಂಗಪ್ಪ',411',76',ಹೆಣ್ಣು'
ALQ2937894',ನಂಜುಂಡಪ್ಪ',ವೆಂಕಟರವಣಪ್ಪ',411',74',ಗಂಡು'
ALQ2937902',ಗಂಗಮ್ಮ',ನಂಜುಂಡಪ್ಪ',411',69',ಹೆಣ್ಣು'
MVJ1970581',ತಿಮ್ಮಪ್ಪ ಎನ್',ನಂಜುಂಡಪ್ಪ',411',36',ಗಂಡು'
ALQ2090264',ಸುಗುಣ ಕೆ',ತಿಮ್ಮಪ್ಪ ಎನ್',411',29',ಹೆಣ್ಣು'
ALQ1875624',ಶ್ರೀನಿವಾಸ್ ಟಿ ಎಲ್',ಲಕ್ಷ್ಮೀನರಸಪ್ಪ',412',31',ಗಂಡು'
ALQ2470037',ಕೆ ಬಿ ಮಂಜುಳ',ಶ್ರೀನಿವಾಸ ಟಿ ಎಲ್',412',24',ಹೆಣ್ಣು'
ALQ2937944',ತಿಮ್ಮಪ್ಪ ಶಿಕಾರಿ',ಗಂಗಪ್ಪ',413',74',ಗಂಡು'
ALQ2937951',ನರಸಮ್ಮ',ತಿಮ್ಮಪ್ಪ ಶಿಕಾರಿ',413',64',ಹೆಣ್ಣು'
ALQ2937969',ಗಂಗಾಧರಪ್ಪ',ತಿಮ್ಮಪ್ಪ ಶಿಕಾರಿ',414',54',ಗಂಡು'
ALQ2937977',ಅದಿಲಕ್ಷ್ಮಮ್ಮ',ಗಂಗಾಧರಪ್ಪ',414',45',ಹೆಣ್ಣು'
ALQ2567790',ಟಿ ನವೀನ್ ಕುಮಾರ್',ಗಂಗಾಧರಪ್ಪ',414',25',ಗಂಡು'
ALQ3181872',ನಂದೀಶ ಟಿ ಜಿ',ಗಂಗಾಧರಪ್ಪ',414',22',ಗಂಡು'
ALQ2937985',ತಿಮ್ಮಪ್ಪ',ತಲಾರಿ ವೆಂಕಟರವಣಪ್ಪ',417',69',ಗಂಡು'
ALQ2937993',ಲಕ್ಷ್ಮಿದೇವಮ್ಮ',ತಿಮ್ಮಪ್ಪ',417',54',ಹೆಣ್ಣು'
ALQ3055506',ಕವಿತ ಟಿ',ತಿಮ್ಮಪ್ಪ',417',22',ಹೆಣ್ಣು'
ALQ2938009',ಕಲೀಲ್\u200cಸಾಬ್',ದಸ್ತಗಿರ್ ಸಾಬ್',418',79',ಗಂಡು'
ALQ2938017',ಜಾಹಿದಾ ಖಾನಂ',ಕಲೀಲ್ ಸಾಬ್',418',75',ಹೆಣ್ಣು'
MVJ1970813',ಹೆಚ್ ಡಿ ದಸ್ತಗಿರಿಖಾನ್',ಕಲೀಲ್ ಸಾಬ್',418',39',ಗಂಡು'
MVJ1971787',ಅಪ್ರೋಜ್\u200cಖಾನ್',ಕಲೀಲ್\u200cಸಾಬ್',418',37',ಗಂಡು'
ALQ2147726',ನಾಜಿಯ',ಖಲೀಲ್ ಸಾಬ್',418',29',ಹೆಣ್ಣು'
ALQ1594688',ಟಿ ಜಿ ಮೈಲಾರಪ್ಪ',ಗಂಗಾಧರಪ್ಪ',419',40',ಗಂಡು'
ALQ1594696',ಸಾವಿತ್ರಮ್ಮ',ಟಿ ಜಿ ಮೈಲಾರಪ್ಪ',419',39',ಹೆಣ್ಣು'
ALQ1594704',ರಫಿಕ್ ಅಹಮದ್',ದಸ್ತಗಿರಿಖಾನ್',420',69',ಗಂಡು'
ALQ3055563',ಜರಿನಾ',ರಫೀಕ್',420',62',ಹೆಣ್ಣು'
ALQ0257436',ಟಿ ಆರ್ ಫೈರೋಜಖಾನ್',ಟಿ ಡಿ ರಫಿಕಅಹಮದಖಾನ್',420',40',ಗಂಡು'
MVJ1970417',ಸಬೀಹಾಬಾನು',ಅಂಜಾದ್\u200cಖಾನ್',420',37',ಹೆಣ್ಣು'
ALQ2147759',ಜಿಲಾನಿ',ರಫಿಕ್ ಅಹಮದ್ ಖಾನ್',420',31',ಗಂಡು'
ALQ2090272',ಮುಜಮೀರ್ ಅಹಮದ್ ಖಾನ್',ರಫೀಕ್ ಅಹಮದ ಖಾನ್',420',29',ಗಂಡು'
ALQ3009552',ನಗ್ನ ಭಾನು',ಜಿಲಾನಿ',420',26',ಹೆಣ್ಣು'
ALQ2938025',ತಿರುಮಲಪ್ಪ',ಹನುಮಂತಪ್ಪ',447',64',ಗಂಡು'
ALQ2938033',ನಾಗಮ್ಮ',ತಿರುಮಲಪ್ಪ',447',49',ಹೆಣ್ಣು'
ALQ2090280',ಮಂಜುನಾಥ ಟಿ',ತಿರುಮಳಪ್ಪ',447',29',ಗಂಡು'
MVJ2289858',ಸಿ ಎನ್ ಸರಸ್ಪತಮ್ಮ',ಟಿ ಕೆ ಚನ್ನಪ್ಪಯ್ಯ',449',40',ಹೆಣ್ಣು'
ALQ3197662',ಯತೀಶ್ ಟಿ ಎನ್',ನಾಗರಾಜ್ ಟಿ ಬಿ',563',19',ಗಂಡು'
ALQ2418424',ಗಿರೀಶ್ ನಾಯಕ್',ವೆಂಕಟರವಣಪ್ಪ',843',24',ಗಂಡು'
ALQ2509370',ಲಕ್ಷ್ಮೀದೇವಮ್ಮ',ಮನೆಯ',',37',ಹೆಣ್ಣು'
ALQ3118346',ಸಂತೋಷ್ ರೆಡ್ಡಿ',ನಾಗರಾಜರೆಡ್ಡಿ',90/3',21',ಗಂಡು'
ALQ2935922',ಸಿದ್ದಗಂಗಮ್ಮ',ಸೋಮಶೇಖರಪ್ಪ',228ಎ',64',ಹೆಣ್ಣು'
MVJ1971142',ಟಿ ಎಸ್ ಶಿವಶಂಕರ',ಸೋಮಶೇಖರಪ್ಪ',228ಎ',40',ಗಂಡು'
MVJ1970466',ಸಾವಿತ್ರಮ್ಮ',ಟಿ ಎಂ ನಂಜುಂಡಸ್ವಾಮಿ',228ಬಿ',51',ಹೆಣ್ಣು'
ALQ2089894',ಮಂಜುನಾಥ ಟಿ ಎನ್',ನಂಜುಂಡಸ್ವಾಮಿ ಟಿ ಎಂ',228 ಬಿ',31',ಗಂಡು'
MVJ1970490',ರಾಮಾಂಜಿನಪ್ಪ',ವೀರಪ್ಪ',33ಎ',58',ಗಂಡು'
ALQ1593821',ಯಶೋದಮ್ಮ',ರಾಮಾಂಜಿನಪ್ಪ',33ಎ',49',ಹೆಣ್ಣು'
ALQ1875632',ಮಂಜುನಾಥ ಪಿ ಆರ್',ರಾಮಾಂಜಿನಪ್ಪ',33ಎ',30',ಗಂಡು'
ALQ2936078',ಎಂ ಎಸ್ ಶಿವ ಶಂಕರಯ್ಯ',ನಂಜುಂಡಪ್ಪ',240ಎ',69',ಗಂಡು'
MVJ1971928',ವಿಮಲಾಕ್ಷಿ',ಶಿವಶಂಕರಯ್ಯ',240ಎ ',58',ಹೆಣ್ಣು'
ALQ2936086',ಎಂ ಎನ್ ನಟರಾಜ್',ನಂಜುಂಡಪ್ಪ ಎಮ್',240ಬಿ',62',ಗಂಡು'
ALQ2936094',ವ ವಿ ನಂಜಮ್ಮ',ನಟರಾಜ',240ಬಿ',49',ಹೆಣ್ಣು'
ALQ0258053',ಸೋಮಶೇಖರಯ್ಯ',ನಂಜುಂಡಪ್ಪ',240ಸಿ',57',ಗಂಡು'
ALQ0257949',ಬಿ ಜಗದಾಂಬ',ಎಂ ಎನ್ ಸೋಮಶೇಖರಯ್ಯ',240ಸಿ',47',ಹೆಣ್ಣು'
ALQ1593888',ಪರ್ ಹನಾಬೀ',ಕಲೀಂಪಾಷಾ',242ಎ',49',ಹೆಣ್ಣು'
MVJ1971720',ವಸುಂದರ ಎನ್',ಸುಧಾಕರರೆಡ್ಡಿ',256ಎ',42',ಹೆಣ್ಣು'
ALQ2936391',ನಾರಾಯಣಮ್ಮ',ಬಸಪ್ಪ',264ಎ',64',ಹೆಣ್ಣು'
ALQ2936409',ಗಂಗರೆಡ್ಡಿ',ಬಸಪ್ಪ',264ಎ',49',ಗಂಡು'
ALQ2936417',ನರಸಮ್ಮ',ಗಂಗರೆಡ್ಡಿ',264ಎ',44',ಹೆಣ್ಣು'
MVJ2290443',ಗಾಯಿತ್ರಮ್ಮ',ನರಸಿಂಹರೆಡ್ಡಿ',267',44',ಹೆಣ್ಣು'
MVJ3412178',ಮೈಲಾರಪ್ಪ ಟಿ ಜಿ',ಗಂಗಾಧರಪ್ಪ',280 1',50',ಗಂಡು'
MVJ3412046',ಸಾವಿತ್ರಮ್ಮ',ಮೈಲಾರಪ್ಪ',280 1 ',42',ಹೆಣ್ಣು'
MVJ1972066',ಪುಟ್ಟಪ್ಪರೆಡ್ಡಿ',ನಾರಪ್ಪರೆಡ್ಡಿ',282ಎ',56',ಗಂಡು'
ALQ2936573',ನಾಗಲಕ್ಷ್ಮಮ್ಮ',ಪುಟ್ಟಪ್ಪರೆಡ್ಡಿ',282ಎ',49',ಹೆಣ್ಣು'
ALQ2936581',ಶಿವಶಂಕರರೆಡ್ಡಿ',ನಾರಪ್ಪರೆಡ್ಡಿ',282ಬಿ',48',ಗಂಡು'
MVJ2290823',ಲಕ್ಷ್ಮಮ್ಮ',ಶಿವಶಂಕರೆಡ್ಡಿ',282ಬಿ',41',ಹೆಣ್ಣು'
ALQ2936904',ಸಂಜೀವಮ್ಮ',ಲಕ್ಷ್ಮೀನರಸಪ್ಪ',311/2',49',ಹೆಣ್ಣು'
ALQ2997112',ಯತೀಶ್ ನಾಯಕ ಟಿ ವಿ',ವೆಂಕಟರವಣಪ್ಪ ಟಿ',328/1',22',ಗಂಡು'
ALQ2937100',ಬಿ ಟಿ ವೆಂಕಟರಮಣಪ್ಪ',ಬಿ ತಿಮ್ಮಯ್ಯ',328/1',54',ಗಂಡು'
ALQ1594217',ಭಾಗ್ಯಮ್ಮ',ಬಿ ಟಿ ವೆಂಕಟರಮಣಪ್ಪ',328/1',47',ಹೆಣ್ಣು'
ALQ1594225',ಶ್ರೀನಿವಾಸನಾಯ್ಕ',ಬಿ ತಿಮ್ಮಯ್ಯ',328/1',44',ಗಂಡು'
MVJ1971084',ಪುಷ್ಪಲತ',ಶ್ರೀನಿವಾಸನಾಯ್ಕ',328/1',41',ಹೆಣ್ಣು'
ALQ1875640',ಅಶೋಕ್ ಕುಮಾರ್',ಗೋವಿಂದಪ್ಪ ಬಿ',328/2',30',ಗಂಡು'
ALQ1594233',ಗೋವಿಂದಪ್ಪ',ಬಿ ತಿಮ್ಮಯ್ಯ',328/2',59',ಗಂಡು'
ALQ1594241',ಲಕ್ಷ್ಮೀದೇವಮ್ಮ',ಗೋವಿಂದಪ್ಪ',328/2',49',ಹೆಣ್ಣು'
ALQ2567931',ಮಂಜಮ್ಮ ಕೆ',ವೆಂಕಟರಾಜ',329/1',47',ಹೆಣ್ಣು'
ALQ1594258',GOVINDAPPA',ಬಿ ವೆಂಕಟರಮಣಪ್ಪ',329/1',69',ಗಂಡು'
ALQ1594266',ಗಂಗಮ್ಮ',ಗೋವಿಂದಪ್ಪ',329/1',59',ಹೆಣ್ಣು'
ALQ2937118',ವೆಂಕಟರಾಜು',ಗೋವಿಂದಪ್ಪ',329/1',44',ಗಂಡು'
ALQ0257774',ಮಂಜುಳ',ವೆಂಕಟರಾಜ',329/1',38',ಹೆಣ್ಣು'
ALQ2147742',ಟಿ ಆರ್ ನರಸಿಂಹಮೂರ್ತಿ',ರಾಮಧಾಸು',333/1',58',ಗಂಡು'
ALQ2937126',ಶ್ರೀನಿವಾಸ',ರಾಮದಾಸಪ್ಪ',333/1',48',ಗಂಡು'
MVJ1970847',ನಂಜಮ್ಮ',ಶ್ರೀನಿವಾಸ',333/1',41',ಹೆಣ್ಣು'
ALQ3181724',ಅನಿತಾ ಟಿ ಎಸ್',ಶ್ರೀನಿವಾಸ',333/1',19',ಹೆಣ್ಣು'
ALQ2147767',ಟಿ ಜಿ ಉಷಾ',ಗಂಗಾಧರಯ್ಯ',333/2',29',ಹೆಣ್ಣು'
ALQ2470045',ಟಿಜಿ ಪುಷ್ಪ',ಗಂಗಾಧರಪ್ಪ',333/2',24',ಹೆಣ್ಣು'
ALQ2937134',ಗಂಗಾಧರಪ್ಪ',ಬಿ ವೆಂಕಟರಮಣಪ್ಪ',333/2',64',ಗಂಡು'
ALQ2937142',ಲಕ್ಷ್ಮೀದೇವಮ್ಮ',ಗಂಗಾಧರಪ್ಪ',333/2',59',ಹೆಣ್ಣು'
MVJ1970045',ಟಿ ಕೆ ವೆಂಕಟೇಶ',ಟಿ ಸಿ ಕೃಷ್ಣಪ್ಪ',352ಎ',41',ಗಂಡು'
MVJ4447876',ಶಾಂತ',ಟಿ ಕೆ ವೆಂಕಟೇಶ',352ಎ',34',ಹೆಣ್ಣು'
ALQ2937282',ರಮೇಶ',ಗೋವಿಂದಪ್ಪ',353ಎ',44',ಗಂಡು'
MVJ3412038',ನಾಗರತ್ನಮ್ಮ',ರಮೇಶ್',353ಎ',39',ಹೆಣ್ಣು'
ALQ2937316',ಗಂಗಮ್ಮ',ಮನೆಯ',',74',ಹೆಣ್ಣು'
ALQ0256727',ವೆಂಕಟಲಕ್ಷ್ಮಮ್ಮ',ವೆಂಕಟೇಶಪ್ಪ',395ಎ',52',ಹೆಣ್ಣು'
ALQ2937795',ವೆಂಕಟೇಶಪ್ಪ',ಗಂಗಪ್ಪ',403ಎ',64',ಗಂಡು'
ALQ2937803',ನಾಗಮಣಿ',ವೆಂಕಟೇಶಪ್ಪ',403ಎ',54',ಹೆಣ್ಣು'
ALQ1875665',ಲಕ್ಷ್ಮೀದೇವಮ್ಮ',ಗೋವಿಂದರಾಜ',403ಎ',36',ಹೆಣ್ಣು'
ALQ2937845',ಗಂಗಮ್ಮ',ಗಂಗಪ್ಪ',406ಎ',65',ಹೆಣ್ಣು'
ALQ2937860',ನಾಗರಾಜು',ನರಸೀಯಪ್ಪ',409ಎ',51',ಗಂಡು'
ALQ2937878',ವರಲಕ್ಷ್ಮಮ್ಮ',ನಾಗರಾಜು',409ಎ',45',ಹೆಣ್ಣು'
ALQ2199529',ಪಿ ವಿ ರಾಮಚಂದ್ರನವೇಲು',ರಾಮಚಂದ್ರನ ಪಿ ವಿ',448/1/60',51',ಗಂಡು'
ALQ2199560',ರಂಜೀತ್ ಆರ್',ರಾಮಚಂದ್ರನ್ ಪಿ',448/1/60',27',ಗಂಡು'
ALQ2292423',ಮೇಘಾ ವಸಂತಹೊಗಾರ್',ವಸಂತಎಮ್ ಹೂಗಾರ್',0597/12/02',26',ಹೆಣ್ಣು'
ALQ0416164',ನಳಿನ ಟಿ ಎಂ',ಟಿ ಎನ್ ಮೈಲಾರಪ್ಪ',211',31',ಹೆಣ್ಣು'
ALQ2481703',ಟಿ ವಿ ಲಕ್ಷ್ಮೀ ದೇವಿ',ವೆಂಕಟೇಶಪ್ಪ',102',31',ಹೆಣ್ಣು'
ALQ2418408',ಶಾಹಿಸ್ತಾ ಪರ್ವೀನ್',ಕಲೀಂ ಪಾಷ',149',24',ಹೆಣ್ಣು'
ALQ3197803',ಗೌರಿಶಂಕರ',ಮಲ್ಲಪ್ಪ',189',25',ಗಂಡು'
ALQ0416602',ಮೊಹಮ್ಮೆದ ಅಸದ ಉಲ್ಲ',ಮಹಮದ್ ಜಿಯ ಉಲ್ಲಾ ಖಾನ್',21/1',36',ಗಂಡು'
MVJ1970680',ಎಲ್ ಸಾಜಿದಾಬಾನು',ಬಾಬುಸಾಬ್',241',43',ಹೆಣ್ಣು'
ALQ2936144',ಅನ್ವರ್',ಅಬ್ದುಲ್ ರಹಮಾನ',242',57',ಗಂಡು'
MVJ2290179',ಅವುಲಕ್ಕ',ನಂಜುಂಡಪ್ಪ',267',74',ಹೆಣ್ಣು'
ALQ2936623',ಎಸ್ ಕೆ ರಾಮಚಂದ್ರ ತಂದೆಯ ಹೆಸರು 697',285',',50',ಗಂಡು'
MVJ1971894',ಚಂದ್ರಪ್ರಭಾ',ಸಾಮಚಂದ್ರ ಮನೆಯ',',41',ಹೆಣ್ಣು'
MVJ2290831',B ನರೇಂದ್ರ ರೆಡ್ಡಿ',ಬೈಯಪ್ಪರೆಡ್ಡಿ',303',46',ಗಂಡು'
ALQ3182813',ಟಿ ಏನ್ ಹರ್ಶವರ್ದನ್ ರೆಡ್ಡಿ',ನಂಜುಂಡ ರೆಡ್ಡಿ ಬಿ ವಿ',307',19',ಗಂಡು'
ALQ0416206',ಕೆ ಆರ್ ರಾಧಮ್ಮ',ಆರ್ ವೆಂಕಟೇಶ',322',32',ಹೆಣ್ಣು'
MVJ1971415',ವಿ ಮಹಾ ವಮ್ಮ',ಎಲ್ ನರಸಿಂಹಮೂರ್ತಿ',331',38',ಹೆಣ್ಣು'
ALQ1594712',ಟಿ ಆರ್ ಅಂಜಾದ್ ಖಾನ್',ರಪಿಕ್ ಅಹ್ಮದ್ ಖಾನ್',420',45',ಗಂಡು'
ALQ2936151',ಖಲೀಂ ಪಾಷಾ',ಅಬ್ದುಲ್ ರಹಮಾನ',242ಎ',54',ಗಂಡು'
ALQ2936169',ಅಪ್ಪರ್ ಉನ್ನೀಸಾ',ಅನ್ವರ್\u200c',242ಎ',47',ಹೆಣ್ಣು'
ALQ2199537',ರೇಣುಕ ಎ',ರಾಮಚಂದ್ರನ್ ಪಿ ವಿ',448/1/60',46',ಹೆಣ್ಣು'
ALQ3247590',ನಿಖಿಲ್',ಲಕ್ಷ್ಮೀನರಸಪ್ಪ',102',18',ಗಂಡು'
ALQ3243029',ನಿಖಿಲ್',ಲಕ್ಷ್ಮೀನರಸಪ್ಪ',102',18',ಗಂಡು'
ALQ3243037',ಮಧುಸೂದನ ಟಿ ಎಸ್',ಸುರೆಂದ್ರ ಬಾಬು ಆರ್',363',18',ಗಂಡು'
ALQ3243045',ರಾಜೇಶ್ವರಿ',ಶ್ರೀಧರ್',21/1',18',ಹೆಣ್ಣು'
ALQ3243169',ಮಣಿಕಂಠ ಟಿ ವಿ',ವೆಂಕಟಸ್ವಾಮಿ',336',18',ಗಂಡು'
ALQ3246170',ಶಿರೀಷ ಬಿ ಎನ್',ಅಶೋಕ ಟಿ ವಿ',128',18',ಹೆಣ್ಣು'
ALQ3254372',PARVATHAMMA',T N NAGARAJAPPA',0',48',ಹೆಣ್ಣು'
ALQ3255569',MOHAMAD',ANJAMATH ULLAH KHAN ',0',18',ಗಂಡು'
ALQ3256476',MANJUNATH K ',KRISHNAPPA',88',35',ಗಂಡು'
ALQ3259363',PRATHIBA K S ',SRINATH T A ',345',25',ಹೆಣ್ಣು'
ALQ3259421',KAVITHA C N ',HARISH T K ',343',21',ಹೆಣ್ಣು'
ALQ3263183',AJAY T ',TIMAPPA',45',18',ಗಂಡು'
ALQ3263951',SHEWTHA B S',ASHWATHNARAYAN ROY S',0',19',ಹೆಣ್ಣು'
ALQ3265014',GANGARAJ T S ',CHIKKANARASIMHAPPA',0',18',ಗಂಡು'