ALQ2195923',ಅವುಲಮೂರ್ತಿ',ಅವುಲಕೊಂಡಡಪ್ಪ',0',73',ಗಂಡು',',EDIGA',COW FEEDING',NO'
ALQ1419688',ಎ ನಾರಾಯಣಸ್ವಾಮಿ',ಅಂಜನಪ್ಪ',0',49',ಗಂಡು',',NAYAK',BUSINESS',NO'
ALQ2195873',ಶಾರದಮ್ಮ',ಗಂಗಾಧರಪ್ಪ',0',46',ಹೆಣ್ಣು',',SHETBALAJIGA',CHILLRE ANGADI',NO'
ALQ1419647',ಎನ್ ತಿಪ್ಪಣ್ಣ',ನರಸಿಂಹಪ್ಪ',0',40',ಗಂಡು',',SC',',YES'
ALQ2195840',ಎಚ್ ಸುಜಾತ ತಾಯಿಯ',ಅಶ್ವತ್ಥಮ್ಮ',0',39',ಹೆಣ್ಣು',',SC',KOOLI',NO'
ALQ1419712',ರಾಮಾಂಜಿನಮ್ಮ',ಎ ನಾರಾಯಣಸ',0',39',ಹೆಣ್ಣು',',ST',ASHA WORKER',NO'
ALQ2267011',ಲಲಿತಮ್ಮ',ನರಸಿಂಹಮೂರ್ತಿ',0',39',ಹೆಣ್ಣು',',SC',KOOLI',NO'
ALQ1419704',ಜಯಲಕ್ಷ್ಮೀ',ಲಕ್ಷ್ಮೀಪತಿ',0',38',ಹೆಣ್ಣು',',ST',KOOLI',NO'
ALQ0031435',ಹನುಮಂತು',ಅಂಜನೇಯಪ್ಪ',0',38',ಗಂಡು',',ST',KOOLI',NO'
ALQ2195774',ಸಂಜೀವರಾಯಪ್ಪ',ಕೆ ನರಸಿಂಹಪ್ಪ',0',37',ಗಂಡು',',ST',KOOLI',NO'
ALQ1419555',ಎಸ್ ವೀಣಾ ತಾಯಿಯ',ನಾಗರತ್ನಮ್ಮ',0',36',ಹೆಣ್ಣು',',NAYAK',KOOLI',NO'
ALQ1419571',ಮರಿಯಪ್ಪ',ದೊಡ್ಡ ನರಸಿಂಹ',0',35',ಗಂಡು',',SC',TEMPO DRIVER',NO'
ALQ0633891',ಅಶ್ವತ್ಥಮ್ಮ',ಚಿಕ್ಕಗಂಗಪ್ಪ',0',35',ಹೆಣ್ಣು',',SC',KOOLI',NO'
ALQ2195808',ಕೆ ರಮೇಶ್',ಕೃಷ್ಣಪ್ಪ',0',35',ಗಂಡು',',BESTHARU',FARMER',NO'
ALQ1419811',ಎ ದೊಡ್ಡಯ್ಯ',ಅಶ್ವತ್ಥಪ್ಪ',0',35',ಗಂಡು',',DELETED',',NO'
ALQ1419829',ಕೃಷ್ಣಮೂರ್ತಿ',ನರಸಿಂಹಪ್ಪ',0',34',ಗಂಡು',',SC',AUTO DRIVER',NO'
ALQ1419662',ನರಸಿಂಹ ಮೂರ್ತಿ',ನರಸಿಂಹಪ್ಪ',0',33',ಗಂಡು',',SC',FACTORY WORKER',NO'
ALQ1419530',ಶಾದಲಿ',ಹುಸೇನ್\u200cವಲಿ',0',33',ಗಂಡು',',MUSLIM',CHILLRE ANGADI',NO'
ALQ2127017',ಮಹಮದ್ ರೆಡ್ಡಿ',ಹುಸೇನ್\u200cವಲಿ',0',33',ಗಂಡು',',REDDY',FARMER',NO'
ALQ1419886',ವೆಂಕಟೇಶ್ ಎಸ್',ಶಿವಪ್ಪ',0',33',ಗಂಡು',',NAYAK',KOOLI',NO'
ALQ3023579',ರಾಧ ಕೆ',ಮರಿಯಪ್ಪ',0',33',ಹೆಣ್ಣು',',SC',FACTORY WORKER',NO'
ALQ1419803',ಎನ್ ನಾಗಭೂಷಣ',ನರಸಿಂಹಪ್ಪ',0',32',ಗಂಡು',',SC',KOOLI',NO'
ALQ1419563',ಭರತ್ ರಾಜ್',ಅಶ್ವತ್ಥಪ್ಪ',0',32',ಗಂಡು',',REDDY',TAILOR',NO'
ALQ1419613',ಎನ್ ಆನಂದಕುಮಾರ್',ಕೆ ನರಸಿಂಹಪ್ಪ',0',32',ಗಂಡು',',SC',NURSE',NO'
ALQ1419696',ಅರ್ ಸಂತೋಷಕುಮಾರ್',ರಾಮಚಂದ್ರಗೌಡ',0',32',ಗಂಡು',',GOWDA',',NO'
ALQ2267003',ಲಕ್ಷ್ಮಮ್ಮ',ರಾಮಾಂಜಿ',0',32',ಹೆಣ್ಣು',',SC',KOOLI',NO'
ALQ2266997',ನಾಗಮ್ಮ',ವೆಂಕಟೇಶ್',0',31',ಹೆಣ್ಣು',',SC',KOOLI',NO'
ALQ1419720',ಆರ್ ಸಂದ್ಯಾ',ರಾಮಕೃಷ್ಣಪ್ಪ',0',31',ಹೆಣ್ಣು',',SC',KOOLI',NO'
ALQ2195816',ಜಿ ಪುಥ್ವಿರಾಜ್',ಗಂಗಾಧರಪ್ಪ',0',31',ಗಂಡು',',SC',KOOLI',NO'
ALQ1419548',ಎನ್ ಮಂಜುಳ',ಸಿ ನಂಜಪ್ಪ',0',31',ಹೆಣ್ಣು',',SC',KOOLI',NO'
ALQ2266989',ಹೆಚ್ ಸಿ ನಾಗವೇಣಿ',ಕೃಷ್ಣಪ್ಪ',0',30',ಹೆಣ್ಣು',',DELETED',',NO'
ALQ2375616',ಚಾಂದ ಬಾಷ',ಗೌಸ ಪೀರ್',0',30',ಗಂಡು',',MUSLIM',SMALL SHOP',NO'
ALQ3023587',ನಾಗರತ್ನಮ್ಮ',ತಿಪ್ಪನ್ನ',0',30',ಹೆಣ್ಣು',',SC',',YES'
ALQ2981504',ನರಸಮ್ಮ',ರಾಮಕೃಷ್ಣಪ್ಪ',0',29',ಹೆಣ್ಣು',',SC',KOOLI',NO'
ALQ2143196',ಉಷಾ ಎಲ್',ಲಕ್ಷ್ಮಣ್ ರೆಡ್ಡಿ',0',29',ಹೆಣ್ಣು',',REDDY',STUDENT',NO'
ALQ2376267',ಉಷಾ ಎಸ್',ಹರೀಶ್ ಕೆ ವಿ',0',29',ಹೆಣ್ಣು',',MUSLIM',HOUSE KEEPING',NO'
ALQ2266971',ಶಶಿಕಲ',ಶಿವಪ್ಪ',0',28',ಹೆಣ್ಣು',',SC',UNEMPLOYE',NO'
ALQ2266922',ಮುನಿರಾಜು ಆರ್',ರಾಮಪ್ಪ',0',27',ಗಂಡು',',SC',KOOLI',NO'
ALQ2266799',ಪ್ರವೀಣ್ ಕುಮಾರ್ ಎಸ್',ಸುಬ್ಬರಾಯಪ್ಪ',0',26',ಗಂಡು',',SC',KOOLI',NO'
ALQ2266906',ಜ್ಯೋತಿ ಜಿ',ಗಂಗಾಧರಪ್ಪ',0',25',ಹೆಣ್ಣು',',SC',KOOLI',NO'
ALQ3144771',ಇಸ್ಮಾಯಿಲ್ ಜಬೀವುಲ್ಲಾ',ಚಾಂದ್ ಭಾಷಾ',0',21',ಗಂಡು',',MUSLIM',STREET SELLER',NO'
ALQ3143807',ಸಂಧ್ಯಾ ಹೆಚ್ ಎನ್',ನರಸಿಂಹಮೂರ್ತಿ ಹೆಚ್ ಎನ್',0',21',ಹೆಣ್ಣು',',SC',KOOLI',NO'
ALQ2708436',ನರಸಿಂಹಪ್ಪ',ಕೊರ್ಲಪ್ಪ',0',60',ಗಂಡು',',SC',FOREST GAURD',NO'
ALQ2998722',ನರಸಿಂಹಪ್ಪ',ನರಸಿಂಹಪ್ಪ',0',60',ಗಂಡು',',SC',KOOLI',NO'
ALQ2529428',ಗಂಗಮ್ಮ',ಗಂಗಾಧರಪ್ಪ',0',51',ಹೆಣ್ಣು',',DELETED',',NO'
ALQ2415982',ವೆಂಕಟರೆಡ್ಡಿ ಕೆ ಎನ್',ಸುಬ್ಬರೆಡ್ಡಿ ಕೆ ಎನ್',0',49',ಗಂಡು',',REDDY',FARMER',NO'
ALQ2050011',ಸಾವಿತ್ರಮ್ಮ',ಬಾಲಪ್ಪ',0',44',ಹೆಣ್ಣು',',SC',KOOLI',NO'
ALQ2548246',ಶಿ ಶ್ರೀನಿವಾಸುಲುಕೆ',ನಾರಾಯಣಪ್ಪ',0',43',ಗಂಡು',',SC',KOOLI',NO'
ALQ2199222',ಸುಶೀಲಮ್ಮ',ಲೇಟ್ ಪೂಜನ್ನ',0',41',ಹೆಣ್ಣು',',SC',KOOLI',NO'
ALQ2350791',ಎಸ್ ಸುರೇಶ',ದೂಡ್ಡ ನರಸಪ್ಪ',0',41',ಗಂಡು',',SC',GARMENTS',NO'
ALQ2344638',ಗಂಗಾಧರಪ್ಪ',ಅಂಜಿನಪ್ಪ',0',40',ಗಂಡು',',SC',BARBENDER',NO'
ALQ2960409',ರಮೇಶ ಎನ್',ನಾರಾಯಣಪ್ಪ',0',39',ಗಂಡು',',SC',FACTORY WORKER',NO'
ALQ2548311',ರತ್ನಮ್ಮ',ಶ್ರೀನಿವಾಸುಲುಕೆ',0',37',ಹೆಣ್ಣು',',SC',KOOLI',NO'
ALQ2495497',ಕ್ರಿಷ್ಣಪ್ಪ',ಲಕ್ಷ್ಮೀನಾರಾಯಣಪ್ಪ',0',37',ಗಂಡು',',DELETED',',NO'
ALQ2050003',ಸರೋಜಮ್ಮ',ಚಿಕ್ಕಪ್ಪಯ್ಯ ಜಿ',0',37',ಹೆಣ್ಣು',',SC',KOOLI',NO'
ALQ2049997',ಸುರೇಶ್ ಜಿ',ಗಂಗಪ್ಪ',0',36',ಗಂಡು',',SC',SMALL SHOP',NO'
ALQ2360030',ಅನುರಾಧ',ನರಸಿಂಹಮೂರ್ತಿ',0',35',ಹೆಣ್ಣು',',SC',GARMENTS',NO'
ALQ2364297',ಜಿ ಎನ್ ನರಸಮ್ಮ',ಸುರೇಶ',0',35',ಹೆಣ್ಣು',',SC',KOOLI',NO'
ALQ2429975',ಗಂಗಾದೇವಿ',ನರಸಿಂಹಮೂರ್ತಿ',0',34',ಹೆಣ್ಣು',',SC',KOOLI',NO'
ALQ2387892',ಭಾರತಮ್ಮ',ಶಿವಪ್ಪ ಹೆಚ್ ಎಸ್',0',33',ಹೆಣ್ಣು',',SC',KOOLI',NO'
ALQ2050151',ಮುದ್ದಮ್ಮ',ಗಂಗಾಧರಪ್ಪ',0',32',ಹೆಣ್ಣು',',GOWDA',KOOLI',NO'
ALQ2388007',ಶಿವಪ್ಪ ಹೆಚ್ ಎಸ್',ಚಿಕ್ಕಗಂಗಪ್ಪ',0',30',ಗಂಡು',',SC',KOOLI',NO'
ALQ2529451',ಜೆ ನರಸಿಂಹಮೂರ್ತಿ',ಗಂಗಾಧರಪ್ಪ',0',30',ಗಂಡು',',DELETED',',NO'
ALQ2548428',ಪದ್ಮಾವತಿ ಟಿ ಹೆಚ್',ನರಸಿಂಹಮೂರ್ತಿ',0',30',ಹೆಣ್ಣು',',DELETED',',NO'
ALQ3144250',ಪೃಥ್ವಿರಾಜ್ ಜಿ',ಗಂಗಾಧರಪ್ಪ',0',30',ಗಂಡು',',SC',KOOLI',NO'
ALQ3143872',ಸರಿತ ಕೆಇ',ವಿಜಯ್ ಕುಮಾರ್',0',30',ಹೆಣ್ಣು',',SC',KOOLI',NO'
ALQ2195832',ಚರಣ್ ಕುಮಾರ್',ಗಂಗಾಧರಪ್ಪ ಕೆಜಿ',0',30',ಗಂಡು',',SC',KOOLI',NO'
ALQ3059359',ಗಂಗಾದೇವಿ ಎನ್',ಗಂಗರಾಜು',0',29',ಹೆಣ್ಣು',',SC',KOOLI',NO'
ALQ2476414',ನರಸಿಂಹಮೂರ್ತಿ ಎನ್',ನರಸಪ್ಪ',0',29',ಗಂಡು',',SC',KOOLI',NO'
ALQ2362424',ಸುರೇಶಕುಮಾರ ಎನ್',ನರಸಿಂಹಪ್ಪ',0',29',ಗಂಡು',',SC',KOOLI',NO'
ALQ2266914',ದೇವರಾಜ್ ಜಿ',ಗಂಗಯ್ಯ',0',29',ಗಂಡು',',SC',GARMENTS',NO'
ALQ2143162',ವಿದ್ಯಾಶ್ರೀ ಎಚ್ ಏ',ಆನಂದ',0',28',ಹೆಣ್ಣು',',SC',KOOLI',NO'
ALQ2143154',ಎಸ್ ಏ ಅಶ್ವಿನಿ',ಎಸ್ ಆರ್ ಅಶ್ವತನಾರಾಯಗುಪ್ತ',0',28',ಹೆಣ್ಣು',',NAYAK',GARMENTS',NO'
ALQ2143170',ಸೌಮ್ಯ ಹೆಚ್ ಎಸ್',ಹರೀಶ್ ಎ',0',28',ಹೆಣ್ಣು',',SC',GARMENTS',NO'
ALQ2476430',ಲಕ್ಷ್ಮೀಪತಿ',ರಂಗಧಾಮಪ್ಪ',0',28',ಗಂಡು',',GOWDA',GARMENTS',NO'
ALQ2998649',ಜಿ ನರಸಿಂಹಮೂರ್ತಿ',ಲೇಟ್ ಗಂಗಪ್ಪ',0',28',ಗಂಡು',',GOWDA',KOOLI',NO'
ALQ2476422',ಮಂಜುನಾಥ ಆರ್',ರಂಗಧಾಮಪ್ಪ',0',26',ಗಂಡು',',REDDY',FARMER',NO'
ALQ2529444',ಮೋಹನ್ ರಾಜ್ ಹೆಚ್ ಜಿ',ಗಂಗಾಧರಪ್ಪ',0',25',ಗಂಡು',',NAYAK',KOOLI',NO'
ALQ3078318',ಹರ್ಷವರ್ಧನ ಎಸ್',ಸತ್ಯನಾರಾಯಣಪ್ಪ',0',25',ಗಂಡು',',NAYAK',KOOLI',NO'
ALQ2476406',ಪ್ರೇಮ್ ಕುಮಾರ್ ಕೆ',ಕೃಷ್ಣಪ್ಪ ಕೆ ಎನ್',0',25',ಗಂಡು',',SHETBALAJIGA',KOOLI',NO'
ALQ2529527',ನವೀನ್ ಕುಮಾರ್ ಪಿ',ಪೂಜಪ್ಪ',0',24',ಗಂಡು',',SC',KOOLI',NO'
ALQ2548279',ನಾಗಮಣಿ',ಗಂಗಾಧರಪ್ಪ',0',24',ಹೆಣ್ಣು',',SC',KOOLI',NO'
ALQ2506921',ಶಿಲ್ಪ ಆರ್',ವೇಣುಗೋಪಾಲ ರೆಡ್ಡಿ ವಿ',0',23',ಹೆಣ್ಣು',',REDDY',GARMENTS',NO'
ALQ2998631',ಜಿ ಗಿರೀಶ',ಲೇಟ್ ಗಂಗಾಧರ',0',22',ಗಂಡು',',GOWDA',GARMENTS',NO'
ALQ3145018',ಹರೀಶ್ ಕುಮಾರ್ ಜಿ',ಗಂಗಾಧರಪ್ಪ',0',21',ಗಂಡು',',SC',GARMENTS',NO'
ALQ3213162',ಚಂದ್ರಿಕ ಎಂ',ಮಂಜುನಾಥ ಎನ್',0',21',ಹೆಣ್ಣು',',ST',GARMENTS',NO'
ALQ3118130',ನೇತ್ರಾವತಿ ಪಿ',ಪೂಜನ್ನ',0',20',ಹೆಣ್ಣು',',NAYAK',GARMENTS',NO'
ALQ3213154',ಶಶಿಕುಮಾರ್ ಹೆಚ್ ಎನ್',ನರಸಿಂಹಪ್ಪ',0',19',ಗಂಡು',',NAYAK',KOOLI',NO'
ALQ3216710',ಹರೀಶ್ ಕುಮಾರ್ ಬಿ',ಬಾಲಪ್ಪ ಜಿ ತಂಧೆ',0',19',ಗಂಡು',',GOWDA',KOOLI',NO'
ALQ2195857',ಪ್ರತಿಭ',ಮೈಲಾರಪ್ಪ',',32',ಹೆಣ್ಣು',',GOWDA',FARMER',NO'
ALQ3221827',ರಾಜು ಟಿ',ತಿಪ್ಪನ್ನ',',22',ಗಂಡು',',SC',GARE',NO'
ALQ3221686',ಚಂದ್ರಿಕ ಎಂ',ಮಂಜುನಾಥ ಎನ್',',21',ಹೆಣ್ಣು',',SC',GARMENTS',NO'
MHR2195105',ಆದಿಲಕ್ಷ್ಮಮ್ಮ',ಬಾಬಣ್ಣ',',56',ಹೆಣ್ಣು',',SC',KOOLI',NO'
MHR4300893',ನರಸಿಂಹಮೂರ್ತಿ',ಅಂಜಿನಪ್ಪ',',55',ಗಂಡು',',SC',KOOLI',NO'
MHR2321602',ಬಾಬಣ್ಣ',ನರಸಿಂಹಪ್ಪ',',47',ಗಂಡು',',SC',KOOLI',NO'
MHR3852662',ನರಸಮ್ಮ',ತಿಮ್ಮಪ್ಪ',',43',ಹೆಣ್ಣು',',SC',SHEEP  FARMING',NO'
ALQ1420645',ನರಸಿಂಹಮೂರ್ತಿ',ಗಂಗಪ್ಪ',',43',ಗಂಡು',',SC',SHEEP BUSINESS',NO'
MHR2193449',ಗೋವಿಂದಮ್ಮ',ನರಸಿಂಹಮೂರ್ತಿ',',38',ಹೆಣ್ಣು',',SC',KOOLI',NO'
MHR2195725',ಲಕ್ಷ್ಮೀದೇವಮ್ಮ',ಬಾಲಪ್ಪ',',34',ಹೆಣ್ಣು',',VAKALIGA',FARMER',NO'
ALQ3222148',ಸಿ ರಮೇಶ್',ಚಿಕ್ಕತಿಮ್ಮಯ್ಯ',',3',ಗಂಡು',',GOWDA',SHEEP FARMING',NO'
ALQ3220910',ಸಿ ರಮೇಶ್',ಚಿಕ್ಕತಿಮ್ಮಯ್ಯ',',33',ಗಂಡು',',DELETED',',NO'
ALQ3221694',ಉಮಾದೇವಿ ಕೆ ಎ',ಅಶ್ವತ್ಥನಾರಾಯಣ ಹೆಚ್ ಎನ್',',22',ಹೆಣ್ಣು',',SC',PVT TEACHER',NO'
ALQ3223112',ಎಸ್ ರಮ್ಯ',ಶಿವಪ್ಪ',',21',ಹೆಣ್ಣು',',SC',GARMENTS',NO'
ALQ3222486',ಅನಿತ ಎನ್',ನಟರಾಜ ಹೆಚ್ ಟಿ',',19',ಹೆಣ್ಣು',',SC',GARMENTS',NO'
ALQ3145513',ಸುಮಿತ್ರಬಿ',ಬಾಬಣ್ಣ',',23',ಹೆಣ್ಣು',',SC',GARMENTS',NO'
ALQ1421353',ಕನ್ನಯ್ಯ',ಕಲ್ಲೂರ್ ಗಂಗಪ್ಪ',9',48',ಗಂಡು',',NAYAK',FARMER',NO'
ALQ3145299',ಗಿರೀಶ್ ಜಿ',ಗಂಗಪ್ಪ',27',21',ಗಂಡು',',NAYAK',FARMER',NO'
ALQ2177681',ಎನ್ ನಟರಾಜು',ನರಸಿಂಹಪ್ಪ',32',27',ಗಂಡು',',SC',GARE',NO'
ALQ3144334',ಸುಶ್ಮಿತ ಹೆಚ್ ಬಿ',ಬಾಲಪ್ಪ',48',20',ಹೆಣ್ಣು',',SC',OFFICE WORK',NO'
ALQ3214533',ಆಶಾಜಿ',ಗಂಗಪ್ಪ',56',19',ಹೆಣ್ಣು',',ST',OFFICE WORK',NO'
ALQ2266807',ನರಸಿಂಹಮೂರ್ತಿ ಹೆಚ್ ಜಿ ತಾಯಿಯ',ಅಲುವೇಲಮ್ಮ',81',26',ಗಂಡು',',SC',FARMER',NO'
ALQ2266815',ಜಿ ಬಾಬು',ಗಂಗಯ್ಯ',81',26',ಗಂಡು',',SC',KOOLI',NO'
ALQ2143188',ಪವಿತ್ರ',ರಾಮಕೃಷ್ಣಪ್ಪ',84',32',ಹೆಣ್ಣು',',SC',FACTORY WORKER',NO'
ALQ3205655',ಸಮೀವುಲ್ಲಾ ಸಿ',ಚಾಂದ್ ಬಾಷ',86',19',ಗಂಡು',',SC',FACTORY WORKER',NO'
ALQ3164167',ಜಿ ಅಂಬರೀಶ',ಗಂಗಾಧರಪ್ಪ',96',23',ಗಂಡು',',SC',FACTORY WORKER',NO'
ALQ3145547',ಪ್ರದೀಪ್',ಬಾಲಪ್ಪ',136',24',ಗಂಡು',',SC',KOOLI',NO'
ALQ2050136',ಲಘುಮಕ್ಕ',ದೇವರಾಜು',137',43',ಹೆಣ್ಣು',',SC',KOOLI',NO'
ALQ3145265',ಲಕ್ಷ್ಮೀನರಸಿಂಹ',ಚಿಕ್ಕಪ್ಪಯ್ಯ',141',21',ಗಂಡು',',SC',STUDENT',NO'
ALQ3143864',ತಿಪ್ಪಮ್ಮ ತಾಯಿಯ',ಬಾಬಕ್ಕ',143',30',ಹೆಣ್ಣು',',SC',KOOLI',NO'
ALQ2998680',ನರಸಮ್ಮ',ಗಂಗಪ್ಪ',151',49',ಹೆಣ್ಣು',',SC',KOOLI',NO'
ALQ1421379',ಬಾಲಪ್ಪ',ನಾರಾಯಣಪ್ಪ',179',33',ಗಂಡು',',DELETED',',NO'
ALQ2377190',ಮಹಾಲಕ್ಷ್ಮೀ ಕೆ',ಗಂಗಾಧರ ಕೆ',180',30',ಹೆಣ್ಣು',',NAYAK',KOOLI',NO'
MHR2321396',ಗಂಗಾಧರಪ್ಪ',ಓಬಳಗಾನಿ ಹನುಮಪ್ಪ',191',63',ಗಂಡು',',SC',KOOLI',NO'
MHR2193225',ಚಿಕ್ಕಮುನೆಮ್ಮ',ಗಂಗಾಧರಪ್ಪ',191',57',ಹೆಣ್ಣು',',SC',GARMENTS',NO'
MHR2319291',ಗಂಗಾಧರಪ್ಪ',ಗಂಗಪ್ಪ',191',37',ಗಂಡು',',SC',KOOLI',NO'
ALQ2177624',ಜಿ ನಾರಾಯಣಸ್ವಾಮಿ',ಗಂಗಾಧರಪ್ಪ',191',26',ಗಂಡು',',SC',KOOLI',NO'
ALQ3023595',ಸರೋಜ',ಗಂಗಾಧರಪ್ಪ',191',25',ಹೆಣ್ಣು',',SC',GARMENTS',NO'
ALQ3164282',ರಾಜುಟಿ',ತಿಮ್ಮಯ್ಯ',191',21',ಗಂಡು',',SC',KOOLI',NO'
ALQ1418722',ಅಂಜಮ್ಮ',ಗಂಗಪ್ಪ',193',65',ಹೆಣ್ಣು',',SC',TALUK OFFICE',NO'
ALQ2998706',ಹೆಚ್ ಜಿ ಸುರೇಶ',ಲೇಟ್ ಗಂಗಪ್ಪ',193',25',ಗಂಡು',',SC',KOOLI',NO'
MHR3850682',ನರಸಿಂಹಮೂರ್ತಿ',ನರಸಿಂಹಪ್ಪ',194',44',ಗಂಡು',',SC',',YES'
ALQ2548303',ಸುಜಾತಮ್ಮ',ನರಸಿಂಹಮೂರ್ತಿ',194',33',ಹೆಣ್ಣು',',SC',KOOLI',NO'
MHR3850401',ನರಸಿಂಹಪ್ಪ',ಗದಮಪ್ಪ',195',73',ಗಂಡು',',SC',KOOLI',NO'
MHR3850732',ನರಸಮ್ಮ',ನರಸಿಂಹಪ್ಪ',195',65',ಹೆಣ್ಣು',',SC',KOOLI',NO'
ALQ1418755',ಮೂರ್ತಿ',ನರಸಿಂಹಪ್ಪ',195',44',ಗಂಡು',',DELETED',',NO'
MHR3850344',ಅಶ್ವತ್ಥಪ್ಪ',ನರಸಿಂಹಪ್ಪ',195',36',ಗಂಡು',',SC',KOOLI',NO'
ALQ2529543',ಎಂ ಎ ಮಲ್ಲಕ್ಕ',ಅಶ್ವತ್ಥಪ್ಪ',195',28',ಹೆಣ್ಣು',',SC',KOOLI',NO'
ALQ1418763',ಲಕ್ಷ್ಮಮ್ಮ',ಅಂಜಯ್ಯ',196',61',ಹೆಣ್ಣು',',SC',KOOLI',NO'
MHR3850674',ನರಸಿಂಹಮೂರ್ತಿ',ಅಂಜಯ್ಯ',196',36',ಗಂಡು',',SC',KOOLI',NO'
MHR2194611',ಅಶ್ವತ್ತಮ್ಮ',ಗಂಗಾಧರಪ್ಪ',197',55',ಹೆಣ್ಣು',',SC',KOOLI',NO'
ALQ1418789',ನರಸಿಂಹಪ್ಪ',ಚಿಕ್ಕಪ್ಪ',198',50',ಗಂಡು',',MUSLIM',CARBENDER',NO'
ALQ1418797',ಲಿಂಗಮ್ಮ',ನರಸಿಂಹಪ್ಪ',198',65',ಹೆಣ್ಣು',',DEATH',',NO'
ALQ1418805',ಗಂಗಾಧರಪ್ಪ',ನರಸಿಂಹಪ್ಪ',198',45',ಗಂಡು',',SC',KOOLI',NO'
MHR2193043',ಜಯಲಕ್ಷ್ಮಮ್ಮ',ಗಂಗಾಧರಪ್ಪ',198',37',ಹೆಣ್ಣು',',SC',KOOLI',NO'
MHR232161C',ಗಂಗಾಧರಪ್ಪ',ಗಂಗಪ್ಪ',198',36',ಗಂಡು',',SC',KOOLI',NO'
ALQ2050045',ಈಶ್ವರಮ್ಮ',ಗಂಗಾಧರಪ್ಪ',198',32',ಹೆಣ್ಣು',',SC',KOOLI',NO'
ALQ1418813',ಅಂಜಿನಪ್ಪ',ವರಕಪ್ಪ',199',78',ಗಂಡು',',DEATH',',NO'
ALQ1418821',ಬಾಬಕ್ಕ',ಅಂಜಿನಪ್ಪ',199',72',ಹೆಣ್ಣು',',DEATH',',NO'
ALQ1418839',ಸರೋಜ ಎನ್',ನರಸಿಂಹಪ್ಪ',199',31',ಹೆಣ್ಣು',YES',SC',',NO'
ALQ1418854',ಮಿಪ್ಪ',ವರಕಪ್ಪ',201',75',ಗಂಡು',',DEATH',',NO'
MHR232038C',ಗಂಗಮ್ಮ',ಮಿಪ್ಪ',201',65',ಹೆಣ್ಣು',',SC',KOOLI',NO'
ALQ1418862',ಲಕ್ಷ್ಮೀನರಸಮ್ಮ',ನರಸಿಂಹಪ್ಪ',201',50',ಹೆಣ್ಣು',',SC',KOOLI',NO'
MHR3850369',ನರಸಿಂಹಪ್ಪ',ಮರೆಪ್ಪ',201',49',ಗಂಡು',',SC',KOOLI',NO'
ALQ2050185',ಸುರೆಶ್ ಎನ್',ನರಸಿಂಹಪ್ಪ',201',30',ಗಂಡು',',SC',KOOLI',NO'
ALQ2548329',ಹೆ ಎನ್ ಗಾಯಿತ್ರಿ',ಸುರೇಶ್ ಎನ್',201',28',ಹೆಣ್ಣು',',SC',KOOLI',NO'
MHR385273€',ಓಬಳಮ್ಮ',ನಾರಾಯಣಪ್ಪ',202',80',ಹೆಣ್ಣು',',SC',KOOLI',NO'
MHR3852274',ನರಸಿಂಹಪ್ಪ',ನಾರಾಯಣಪ್ಪ',202',57',ಗಂಡು',',SC',KOOLI',NO'
MHR2320083',ಆದಿನಾರಾಯಣಪ್ಪ',ನಾರಾಯಣಪ್ಪ',202',55',ಗಂಡು',',SC',KOOLI',NO'
MHR3852282',ವೆಂಕಟಲಕ್ಷ್ಮಮ್ಮ',ನರಸಿಂಹಪ್ಪ',202',52',ಹೆಣ್ಣು',',SC',KOOLI',NO'
MHR2191906',ಬಾಲಪ್ಪ',ನಾರಾಯಣಪ್ಪ',202',50',ಗಂಡು',',SC',KOOLI',NO'
MHR232059€',ಚಿಕ್ಕನರಸಮ್ಮ',ಆದಿನಾರಾಯಣಪ್ಪ',202',50',ಹೆಣ್ಣು',',SC',KOOLI',NO'
MHR2320422',ಗಂಗಾದೇವಿ',ಬಾಲಪ್ಪ',202',45',ಹೆಣ್ಣು',',SC',KOOLI',NO'
MHR3850245',ಅಶ್ವತ್ಥಪ್ಪ',ನಾರಾಯಣಪ್ಪ',202',40',ಗಂಡು',YES',SC',KOOLI',NO'
MHR2320612',ಅಂಜಿನಮ್ಮ',ಅಶ್ವತ್ಥಪ್ಪ',202',36',ಹೆಣ್ಣು',',SC',KOOLI',NO'
ALQ3023611',ಎನ್ ನರಸಿಂಹಮೂರ್ತಿ',ನರಸಿಂಹಪ್ಪ',202',31',ಗಂಡು',',SC',KOOLI',NO'
ALQ3023629',ಪದ್ಮಾವತಿ',ನರಸಿಂಹಮೂರ್ತಿ',202',25',ಹೆಣ್ಣು',',SC',KOOLI',NO'
ALQ2529493',ನರಸಿಂಹಮೂರ್ತಿ ಎ',ಆದಿನಾರಾಯಣಪ',202',24',ಗಂಡು',',SC',KOOLI',NO'
ALQ3195005',ಪ್ರಸಾದ್ ಎ',ಆದಿನಾರಾಯಣ',202',22',ಗಂಡು',',SC',KOOLI',NO'
MHR231913E',ಬಾಬಕ್ಕ',ಗೂಗ್ಲಿಬಾಬಣ್ಣ',203',65',ಹೆಣ್ಣು',',SC',KOOLI',NO'
MHR2190916',ಅಶ್ವತ್ಥಮ್ಮ',ಲಿಂಗಪ್ಪ',203',37',ಹೆಣ್ಣು',',SC',KOOLI',NO'
MHR2318954',ಬಾಲಪ್ಪ',ಮಾರಪ್ಪ',204',44',ಗಂಡು',',SC',KOOLI',NO'
ALQ2050128',ಮಂಜುನಾಥ ಬಿ',ಬಾಲಪ್ಪ',204',29',ಗಂಡು',',SC',KOOLI',NO'
ALQ1418896',ಲಕ್ಷ್ಮಮ್ಮ',ಗಂಗಯ್ಯ',205',60',ಹೆಣ್ಣು',',SC',KOOLI',NO'
MHR2319044',ಮೂರ್ತಿ',ಗಂಗಯ್ಯ',205',36',ಗಂಡು',',SC',KOOLI',NO'
ALQ2050094',ಸರೋಜಮ್ಮ ಜಿ',ನರಸಿಂಹಮೂರ್ತಿ',205',30',ಹೆಣ್ಣು',',SC',KOOLI',NO'
ALQ3007820',ನಿರಂಜನ ಜಿ',ಗಂಗಪ್ಪ',205',24',ಗಂಡು',',SC',KOOLI',NO'
ALQ1418920',ಮೂರ್ತಿ',ನರಸಿಂಹಪ್ಪ',206',34',ಗಂಡು',',SC',KOOLI',NO'
MHR2322154',ನಾರಾಯಣಪ್ಪ',ಸಂಜೀವಪ್ಪ',207',64',ಗಂಡು',',SC',KOOLI',NO'
MHR2192235',ಹೆಚ್ ಎನ್ ಮೂರ್ತಿ',ನರಸಿಂಹಪ್ಪ',207',40',ಗಂಡು',',SC',TAILOR',NO'
ALQ0421941',ಅದಿನಾರಾಯಣಮ್ಮ',ಅದಿನಾರಾಯಣಪ್ಪ',207',36',ಹೆಣ್ಣು',',SC',KOOLI',NO'
MHR2320885',ಅಂಜಿನಮ್ಮ',ಹೆಚ್ ಎಸ್ ಮೂರ್ತಿ',207',36',ಹೆಣ್ಣು',',SC',GARMENTS',NO'
ALQ1418946',ಗಂಗಯ್ಯ',ದೊಡ್ಡನಾರಾಯಣಪ್ಪ',208',55',ಗಂಡು',',SC',',YES'
ALQ1418953',ಆದಿಲಕ್ಷ್ಮಮ್ಮ',ಗಂಗಯ್ಯ',208',50',ಹೆಣ್ಣು',',SC',KOOLI',NO'
ALQ1418979',ಮುದ್ದುಗಂಗಮ್ಮ',ನರಸಿಂಹಪ್ಪ',208',50',ಹೆಣ್ಣು',',SC',KOOLI',NO'
ALQ1418961',ನರಸಿಂಹಪ್ಪ',ದೊಡ್ಡನಾರಾಯಣಪ್ಪ',208',34',ಗಂಡು',',SC',KOOLI',NO'
ALQ3144318',ಗಂಗಾದೇವಿ ಹೆಚ್ ಸಿ',ಪ್ರಕಾಶ ಜಿ',208',24',ಹೆಣ್ಣು',',SC',KOOLI',NO'
MHR2190924',ನಾರಾಯಣಮ್ಮ',ಗಂಗಾಧರಪ್ಪ',210',55',ಹೆಣ್ಣು',',SC',KOOLI',NO'
ALQ1418995',ಚಿನ್ನಪ್ಪಯ್ಯ',ಒಬಳಿಗಾನು ಹನುಮಪ್ಪ',211',60',ಗಂಡು',',SC',KOOLI',NO'
MHR232043C',ಮಲ್ಲಕ್ಕ',ಚಿನ್ನಪ್ಪಯ್ಯ',211',55',ಹೆಣ್ಣು',',SC',KOOLI',NO'
MHR2194256',ಗಂಗರತ್ನಮ್ಮ',ಚಿಕ್ಕನರಸಿಂಹಪ್ಪ',211',38',ಹೆಣ್ಣು',',SC',KOOLI',NO'
ALQ2483204',ಸಿ ಬಾಲಕೃಷ್ಣ',ಚಿನ್ನಪ್ಪಯ್ಯ',211',31',ಗಂಡು',',SC',KOOLI',NO'
ALQ3054285',ಬಾಲಕೃಷ್ಣಸಿ',ಚಿನ್ನಪ್ಪಯ್ಯ',211',30',ಗಂಡು',',SC',KOOLI',NO'
ALQ2483212',ಸಿ ಗಂಗರಾಜು',ಚಿನ್ನಪ್ಪಯ್ಯ',211',29',ಗಂಡು',',SC',KOOLI',NO'
ALQ3054293',ಹೆಚ್ ಸಿ ಗಂಗರಾಜು',ಚಿಕ್ಕಪ್ಪಯ್ಯ',211',28',ಗಂಡು',',SC',KOOLI',NO'
MHR219466C',ಬೀಮಕ್ಕ',ಗಂಗಪ್ಪ',212',70',ಹೆಣ್ಣು',',DEATH',',NO'
MHR2191773',ಲಕ್ಷ್ಮೀನರಸಪ್ಪ',ಗಂಗಪ್ಪ',212',55',ಗಂಡು',',SC',KOOLI',NO'
ALQ2529626',ಜಿ ನರಸಿಂಹಮೂರ್ತಿ',ಒಬಿಳುಗಾನ ಗಂಗತ',212',43',ಗಂಡು',',SC',KOOLI',NO'
ALQ3060431',ನರಸಮ್ಮ',ಜಿ ನರಸಿಂಹಮೂತಿ',212',35',ಹೆಣ್ಣು',',SC',KOOLI',NO'
MHR2320307',ಕದಿರಮ್ಮ',ಅಂಜಿನಪ್ಪ',213',75',ಹೆಣ್ಣು',',SC',KOOLI',NO'
ALQ1419001',ಚಿಕ್ಕಗಂಗಪ್ಪ',ಓಬಳಿಗಾನುಗಂಗತ',213',55',ಗಂಡು',',SC',KOOLI',NO'
MHR2320406',ಲಿಂಗಮ್ಮ',ಚಿಕ್ಕಗಂಗಪ್ಪ',213',50',ಹೆಣ್ಣು',',SC',KOOLI',NO'
ALQ3141132',ಗಂಗರತ್ನಮ್ಮ',ಚಿಕ್ಕಗಂಗಪ್ಪ',213',28',ಹೆಣ್ಣು',',SC',KOOLI',NO'
ALQ3141975',ನರಸಿಂಹಮೂರ್ತಿ ಹೆಚ್ ಸಿ',ಚಿಕ್ಕಗಂಗಪ್ಪ',213',20',ಗಂಡು',',SC',KOOLI',NO'
ALQ1419019',ಗಂಗಮ್ಮ',ನಾರಾಯಣಪ್ಪ',214',65',ಹೆಣ್ಣು',',SC',KOOLI',NO'
ALQ1419027',ನರಸಿಂಹಪ್ಪ',ನಾರಾಯಣಪ್ಪ',214',44',ಗಂಡು',',SC',KOOLI',NO'
MHR3851763',ಪುಟ್ಟಮ್ಮ',ಬಾಲಪ್ಪ',214',42',ಹೆಣ್ಣು',',SC',KOOLI',NO'
MHR3851276',ಶಿವಪ್ಪ ಹೆಚ್ ಎನ್',ನಾರಾಯಣಪ್ಪ',214',39',ಗಂಡು',',SC',KOOLI',NO'
ALQ2548287',ಸುಶ್ಮಿತ ಹೆಚ್',ಶಿವಪ್ಪ ಹೆಚ್ ಎನ್',214',28',ಹೆಣ್ಣು',',SC',KOOLI',NO'
ALQ3054277',ತಿಮ್ಮಕ್ಕ',ನರಸಿಂಹಮೂರ್ತಿ',215',55',ಹೆಣ್ಣು',',SC',KOOLI',NO'
MHR3851276',ನರಸಿಂಹಮೂರ್ತಿ',ಹನುಮಪ್ಪ',215',35',ಗಂಡು',',SC',KOOLI',NO'
ALQ1419043',ಗಂಗಪ್ಪ',ದೊಡ್ಡಹುಡುಗನ ಹನುಮಪ್ಪ',216',75',ಗಂಡು',',SC',KOOLI',NO'
ALQ1419068',ಗಂಗಲಕ್ಷಮ್ಮ',ಗಂಗಾಧರಪ್ಪ',216',43',ಹೆಣ್ಣು',',SC',KOOLI',NO'
ALQ1419076',ಜಯಮ್ಮ',ಶ್ರೀರಾಮಪ್ಪ',216',38',ಹೆಣ್ಣು',',SC',KOOLI',NO'
ALQ3145091',ನರಸಿಂಹಮೂರ್ತಿ ಎಸ್ ತಾಯಿಯ',ಜಯಮ್ಮ',216',21',ಗಂಡು',',SC',KOOLI',NO'
ALQ1419084',ತಿಮ್ಮಯ್ಯ',ಗಂಗಯ್ಯ',217',55',ಗಂಡು',',SC',KOOLI',NO'
ALQ1419092',ಆದಿಲಕ್ಷ್ಮಮ್ಮ',ತಿಮ್ಮಯ್ಯ',217',45',ಹೆಣ್ಣು',',SC',KOOLI',NO'
MHR3851771',ಗಂಗಾದೇವಿ',ನರಸಪ್ಪ',217',37',ಹೆಣ್ಣು',',SC',KOOLI',NO'
ALQ2050177',ನರಸಣ್ಣ ತಾಯಿಯ',ಗಂಗಮ್ಮ',217',36',ಗಂಡು',',SC',KOOLI',NO'
ALQ2050060',ಎನ್ ಹೆಚ್ ಪ್ರಮೀಳಮ್ಮ',ನರಸನ್ನ',217',33',ಹೆಣ್ಣು',',SC',KOOLI',NO'
ALQ3023561',ವಿಜಯ್ ಕುಮಾರ್',ತಿಮ್ಮಯ್ಯ',217',22',ಗಂಡು',',SC',KOOLI',NO'
ALQ1419100',ಗಂಗಮ್ಮ',ಕುಂಟಗಂಗಪ್ಪ',218',70',ಹೆಣ್ಣು',',SC',KOOLI',NO'
ALQ1419118',ಗಂಗಯ್ಯ',ಕುಂಟಗಂಗಪ್ಪ',218',60',ಗಂಡು',',DEATH',',NO'
MHR4302147',ಮಲ್ಲಕ್ಕ',ಗಂಗಯ್ಯ',218',40',ಹೆಣ್ಣು',',SC',KOOLI',NO'
ALQ2529600',ನರಸಿಂಹಮೂರ್ತಿ ಜಿ',ಗಂಗಯ್ಯಜಿ',218',23',ಗಂಡು',',SC',KOOLI',NO'
ALQ1419126',ಗಂಗಾಧರಪ್ಪ',ಮಿಪ್ಪ',219',60',ಗಂಡು',',SC',KOOLI',NO'
MHR2320984',ಅಶ್ವತ್ತಮ್ಮ',ಗಂಗಾಧರಪ್ಪ',219',45',ಹೆಣ್ಣು',',SC',KOOLI',NO'
ALQ1419142',ನರಸಪ್ಪ',ಪಗಡಾಲು ನರಸಿಂಹಪ್ಪ',220',57',ಹೆಣ್ಣು',',SC',KOOLI',NO'
MHR2191153',ತಿಪ್ಪಕ್ಕ',ನರಸನ್ನ',220',55',ಹೆಣ್ಣು',',SC',KOOLI',NO'
MHR2191146',ಅಶ್ವತ್ತಮ್ಮ',ನರಸನ್ನ',220',45',ಹೆಣ್ಣು',',SC',KOOLI',NO'
ALQ2960383',ನರಸಿಂಹಮೂರ್ತಿ',ನರಸಪ್ಪ',220',22',ಗಂಡು',',SC',KOOLI',NO'
ALQ1419159',ತಿಮ್ಮಯ್ಯ',ಬೊಡೋನು ಚಿಕ್ಕಗಂಗಪ್ಪ',221',80',ಗಂಡು',',DEATH',',NO'
ALQ1419167',ಅಶ್ವತ್ತಮ್ಮ',ತಿಮ್ಮಯ್ಯ',221',55',ಹೆಣ್ಣು',',SC',KOOLI',NO'
ALQ1419183',ಗಂಘರಾಜುಟಿ',ತಿಮ್ಮಪ್ಪ',221',34',ಗಂಡು',',SC',KOOLI',NO'
ALQ1419175',ಜಿ ನರಸಪ್ಪ',ಗಂಗಪ್ಪ',221',33',ಗಂಡು',',SC',KOOLI',NO'
ALQ2050052',ನರಸಮ್ಮ',ಗಂಗರಾಜು',221',29',ಹೆಣ್ಣು',',SC',HOUSE -WIFE',NO'
MHR2319002',ನರಸಿಂಹಪ್ಪ',ಕುಂಟಕದಿರಪ್ಪ',222',65',ಗಂಡು',',SC',KOOLI',NO'
MHR2320620',ಚೌಡಮ್ಮ',ನರಸಿಂಹಪ್ಪ',222',48',ಹೆಣ್ಣು',',SC',KOOLI',NO'
ALQ2126969',ಸಾಕಮ್ಮ',ಚಿಕ್ಕಗಂಗಪ್ಪ',223',60',ಹೆಣ್ಣು',',SC',KOOLI',NO'
MHR4301875',ನರಸಿಂಹಮೂರ್ತಿ',ಚಿಕ್ಕಗಂಗಪ್ಪ',223',41',ಗಂಡು',',SC',KOOLI',NO'
ALQ2126951',ಹೆಚ್ ಸಿ ಶಿವಪ್ಪ',ಚಿಕ್ಕಗಂಗಪ್ಪ',223',34',ಹೆಣ್ಣು',',SC',KOOLI',NO'
ALQ1419225',ಚೆಕ್ಕವಿಟಮ್ಮ',ಜಿ ನಂಜುಂಡಪ್ಪ',224',75',ಹೆಣ್ಣು',',DEATH',',NO'
MHR2193258',ಎನ್ ನಂಜಮ್ಮ',ಜಿ ನಂಜುಂಡಪ್ಪ',224',60',ಹೆಣ್ಣು',',SC',HOUSE -WIFE',NO'
MHR2190965',ಕೃಷ್ಣವೇಣಿ',ಎನ್ ಮೋಹನ್\u200cಕುಮಾರ್',224',40',ಹೆಣ್ಣು',',SC',ANGANAVADI HELPER',NO'
MHR2320398',ಸರಸ್ವತಿ',ಬಾಲಪ್ಪ',224',40',ಹೆಣ್ಣು',',SC',KOOLI',NO'
MHR2190973',ಶಿವಮ್ಮ',ಸದಾನಂದಮೂರ್ತಿ',224',38',ಗಂಡು',',SC',ANGANAVADI TEACHER',NO'
ALQ3144359',ಅನುಭವ ಕೀರ್ತಿ ಎಚ್ ಎಮ್',ಕೃಷ್ಣವೇಣಿ',224',20',ಗಂಡು',',SC',KOOLI',NO'
ALQ2708352',ಕದಿರಮ್ಮ',ಅಂಜಿನಪ್ಪ',225',70',ಹೆಣ್ಣು',',SC',KOOLI',NO'
ALQ2183952',ರತ್ನಮ್ಮ',ರಾಮಕೃಷ್ಣಪ್ಪ',225',40',ಹೆಣ್ಣು',',SC',KOOLI',NO'
ALQ2192763',ನರೇಶ್',ಅಂಜಿನಪ್ಪ',225',36',ಗಂಡು',',SC',KOOLI',NO'
ALQ2529568',ಬೃಂದ ಬಿ ಡಿ',ನರೇಶ್',225',23',ಹೆಣ್ಣು',',SC',KOOLI',NO'
MHR2320836',ಜಯಮ್ಮ',ಕೆ ಸತ್ಯಪ್ಪ',226',40',ಹೆಣ್ಣು',',SC',KOOLI',NO'
ALQ1419324',ಮುದ್ದಮ್ಮ',ರಾಮಪ್ಪ',226',39',ಹೆಣ್ಣು',',SC',KOOLI',NO'
ALQ3143856',ವಿನೋದ್ ಕುಮಾರ್ ಹೆಚ್ ಆರ್',ರಾಮಪ್ಪ',226',20',ಗಂಡು',',SC',KOOLI',NO'
ALQ1419290',ನರಸಮ್ಮ',ಬೆಂದಲುಗಂಗಪ್ಪ',227',55',ಹೆಣ್ಣು',',SC',KOOLI',NO'
ALQ1419308',ರಾಮಪ್ಪ',ಬೆಂದಲುಗಂಗಪ್ಪ',227',50',ಗಂಡು',',SC',KOOLI',NO'
ALQ1419316',ಕದಿರಮ್ಮ',ಪಾಳ್ಯಂಗಂಗಪ್ಪ',228',70',ಹೆಣ್ಣು',',SC',',YES'
MHR2320877',ಭಾಗ್ಯ',ಬೆಂದಲುಗಂಗಪ್ಪ',228',37',ಹೆಣ್ಣು',YES',SC',',NO'
MHR231944C',ಗಂಗಮ್ಮ',ಅಂಜಿನಪ್ಪ',229',65',ಹೆಣ್ಣು',',SC',KOOLI',NO'
MHR3850237',ಹನುಮಪ್ಪ',ಅಂಜಿನಪ್ಪ',229',47',ಗಂಡು',',SC',KOOLI',NO'
MHR385026C',ವೆಂಕಟೇಶ',ಅಂಜಿನಪ್ಪ',229',44',ಗಂಡು',',SC',KOOLI',NO'
MHR2320133',ಗಂಗಮ್ಮ',ಹನುಮಪ್ಪ',230',38',ಹೆಣ್ಣು',',SC',KOOLI',NO'
MHR3850203',ಅಂಜಯ್ಯ',ಅಂಜಿನಪ್ಪ',230',38',ಗಂಡು',',SC',KOOLI',NO'
MHR2191203',ನಲ್ಲಕ್ಕ',ನಂಗಿತಿಮ್ಮಪ್ಪ',231',65',ಹೆಣ್ಣು',',SC',KOOLI',NO'
MHR2320042',ಅಶ್ವತ್ತಪ್ಪ',ನಂಗತಿಮ್ಮಪ್ಪ',231',60',ಗಂಡು',',SC',KOOLI',NO'
MHR2193332',ರಾಮಕ್ಕೆ',ಅಶ್ವತ್ತಪ್ಪ',231',55',ಹೆಣ್ಣು',',SC',KOOLI',NO'
ALQ2195881',ಕೆ ವಿ ಶ್ರೀನಿವಾರೆಡ್ಡಿ',ಕೆ ಜಿ ವೆಂಕಟಶಿವಾರೆ',231',37',ಗಂಡು',',SC',KOOLI',NO'
MHR2320331',ಮಲ್ಲಕ್ಕ',ನರಸಿಂಹಪ್ಪ',232',55',ಹೆಣ್ಣು',',SC',KOOLI',NO'
ALQ2476398',ನರಸಿಂಹಮೂರ್ತಿ ಎನ್',ನರಸಿಂಹಪ್ಪ',232',32',ಗಂಡು',',SC',KOOLI',NO'
ALQ1419332',ಗಂಗಮ್ಮ',ವಕ್ಕಲುಗಂಗಪ್ಪ',233',70',ಹೆಣ್ಣು',',SC',KOOLI',NO'
ALQ1419357',ಸಾವಿತ್ರಮ್ಮ',ನರಸಿಂಹಪ್ಪ',233',55',ಹೆಣ್ಣು',',SC',KOOLI',NO'
MHR2322121',ಗಂಗಾಧರಪ್ಪ',ವಕ್ಕಲುಗಂಗಪ್ಪ',233',3',ಗಂಡು',',SC',KOOLI',NO'
ALQ1419365',ರಾಮಕೃಷ್ಣಪ್ಪ',ವಕ್ಕಲುಗಂಗಪ್ಪ',233',48',ಗಂಡು',',SC',KOOLI',NO'
MHR2191294',ಬಾಲಪ್ಪ',ಗಂಗಪ್ಪ',233',42',ಗಂಡು',',DEATH',',NO'
MHR2191211',ಲಕ್ಷ್ಮೀನರಸಮ್ಮ',ಗಂಗಪ್ಪ',233',40',ಹೆಣ್ಣು',',SC',KOOLI',NO'
MHR2194207',ರತ್ನಮ್ಮ',ಗಂಗಾಧರಪ್ಪ',233',38',ಹೆಣ್ಣು',',SC',KOOLI',NO'
MHR3852654',ನಾಗಮ್ಮ',ರಾಮಕೃಷ್ಣಪ್ಪ',233',35',ಹೆಣ್ಣು',',SC',KOOLI',NO'
ALQ1419373',ನವೀನ್ ಎನ್',ನರಸಿಂಹಪ್ಪ',233',32',ಗಂಡು',',SC',KOOLI',NO'
ALQ2529576',ಕೃಷ್ಣಪ್ಪ ಹೆಚ್ ಎಸ್ ತಾಯಿಯ',ಲಕ್ಷ್ಮೀನರಸಮ್ಮ',233',27',ಗಂಡು',',SC',KOOLI',NO'
ALQ2266872',ಶಿವಕುಮಾರ್ ಎನ್',ನರಸಿಂಹಪ್ಪ',233',27',ಗಂಡು',',SC',KOOLI',NO'
MHR3850534',ಲಕ್ಷ್ಮಮ್ಮ',ತಿಪ್ಪಣ್ಣ',234',70',ಹೆಣ್ಣು',',SC',KOOLI',NO'
MHR385045C',ಅಶ್ವಥಪ್ಪ ತಾಯಿಯ',ಲಕ್ಷ್ಮಮ್ಮ',234',44',ಗಂಡು',',DEATH',',NO'
MHR385093C',ರತ್ನಮ್ಮ',ತಿಮ್ಮಪ್ಪ',235',49',ಹೆಣ್ಣು',YES',',',NO'
ALQ1419381',ಪಾಪಮ್ಮ',ಚಿಕ್ಕಪ್ಪ',236',70',ಹೆಣ್ಣು',',SC',AGED',NO'
ALQ1419399',ನರಸಪ್ಪ',ಚಿಕ್ಕಪ್ಪ',236',65',ಹೆಣ್ಣು',',SC',KOOLI',NO'
MHR2320349',ಮುದ್ದಮ್ಮ',ನರಸನ್ನ',236',60',ಹೆಣ್ಣು',',SC',KOOLI',NO'
ALQ2177616',ಹೆಚ್ ಎನ್ ನರಸಿಂಹಮೂರ್ತಿ',ನರಸಪ್ಪ',236',27',ಗಂಡು',',SC',KOOLI',NO'
ALQ2529550',ಸುರೇಶ್ ಬಾಬು ಎನ್',ನರಸಪ್ಪ',236',24',ಗಂಡು',',SC',KOOLI',NO'
MHR3852522',ನಾರಾಯಣಪ್ಪ',ನರಸಿಂಹಪ್ಪ',237',57',ಗಂಡು',',SC',KOOLI',NO'
MHR2320703',ಗಂಗಮ್ಮ',ನಾರಾಯಣಪ್ಪ',237',55',ಹೆಣ್ಣು',',SC',KOOLI',NO'
ALQ2050169',ರೂಪ',ಬಾಬು ಎನ್',237',35',ಹೆಣ್ಣು',',SC',KOOLI',NO'
ALQ2050227',ಬಾಬು ಎನ್',ನಾರಾಯಣಪ್ಪ',237',31',ಗಂಡು',',SC',KOOLI',NO'
ALQ2266856',ನಾಗೇಶ ಎನ್',ನಾರಾಯಣಪ್ಪ',237',27',ಗಂಡು',',SC',KOOLI',NO'
ALQ3060423',ಜಿ ನಳಿನ',ನಾಗೇಶ್ ಎನ್',237',22',ಹೆಣ್ಣು',',SC',KOOLI',NO'
MHR2320166',ಅಲವೇಲಮ್ಮ',ಗಂಗಯ್ಯ',238',60',ಹೆಣ್ಣು',',SC',KOOLI',NO'
ALQ1419407',ಗಂಗಮ್ಮ',ಗಂಗಯ್ಯ',238',47',ಹೆಣ್ಣು',',SC',KOOLI',NO'
MHR2194199',ನರಸಮ್ಮ',ವೆಂಕಟಶಾಮಿ',239',60',ಹೆಣ್ಣು',',SC',KOOLI',NO'
MHR2319721',ಮುದಗೆರೆಗಂಗಪ್ಪ',ಕದಿರಪ್ಪ',240',85',ಗಂಡು',',DEATH',',NO'
MHR4302758',ತಿಮ್ಮಪ್ಪ',ತಿಪ್ಪಣ್ಣ',240',50',ಗಂಡು',',SC',KOOLI',NO'
ALQ2177640',ನರೇಂದ್ರ',ತಿಮ್ಮಪ್ಪ',240',26',ಗಂಡು',',SC',GARMENTS',NO'
ALQ3007796',ಟಿ ಸುಪ್ರಿಯ',ತಿಮ್ಮಪ್ಪ',240',23',ಹೆಣ್ಣು',',SC',KOOLI',NO'
MHR2322857',ಗೋವಿಂದಪ್ಪ',ವೆಂಕಟರಮಣಪ್ಪ',241',65',ಗಂಡು',',SC',TRACTOR DRIVER,KOOLI'
MHR2320919',ಸಿದ್ದಲಿಂಗಮ್ಮ',ಗೋವಿಂದಪ್ಪ',241',51',ಹೆಣ್ಣು',',SC',KOOLI',NO'
ALQ2266823',ಗಂಗಾಧರಪ್ಪ ಜಿ',ಗೋವಿಂದಪ್ಪ',241',31',ಗಂಡು',',SC',KOOLI',NO'
MHR3852514',ನಾಗಪ್ಪ',ವೆಂಕಟರಮಣಪ್ಪ',242',52',ಗಂಡು',',SC',KOOLI',NO'
MHR2320638',ಲಕ್ಷ್ಮೀನರಸಮ್ಮ',ನಾಗಪ್ಪ',242',50',ಹೆಣ್ಣು',',SC',KOOLI',NO'
MHR4301065',ಗಂಗಾಧರಪ್ಪ',ನಾಗಪ್ಪ',242',40',ಗಂಡು',',SC',KOOLI',NO'
MHR2325363',ಪ್ರೇಮ',ಎನ್ ನರಸಿಂಹಮೂರ್ತಿ',242',36',ಹೆಣ್ಣು',',SC',KOOLI',NO'
MHR2323061',ಗಂಗಪ್ಪ',ವೆಂಕಟರಮಣಪ್ಪ',243',65',ಗಂಡು',',SC',KOOLI',NO'
MHR3851623',ರತ್ನಮ್ಮ',ಗಂಗಪ್ಪ',243',47',ಹೆಣ್ಣು',',SC',KOOLI',NO'
ALQ2548261',ವೆಣಟಟೇಶ',ಗಂಗಪ್ಪ',243',31',ಗಂಡು',',SC',KOOLI',NO'
ALQ2195790',ರಾಮಾಂಜಿನಮ್ಮ',ಆದಿನಾರಾಯಣಪ್ಪ',244',45',ಹೆಣ್ಣು',',SC',KOOLI',NO'
ALQ2529584',ಮಂಜುನಾಥ ಎ',ಆದಿನಾರಾಯಣ',244',23',ಗಂಡು',',SC',KOOLI',NO'
MHR2322261',ಜೆ ಸಿದ್ದಯ್ಯ',ಗಂಗಪ್ಪ',245',43',ಗಂಡು',',SC',GARE',NO'
MHR2194579',ಗಾಯಿತ್ರಿ',ಸಿದ್ದಯ್ಯಜಿ',245',37',ಹೆಣ್ಣು',',SC',KOOLI',NO'
ALQ3118221',ಅನುಷ ಹೆಚ್ ಎಸ್',ಸಿದ್ದಯ್ಯ',245',20',ಹೆಣ್ಣು',',SC',STUDENT',NO'
MHR2321024',ಗಂಗಮ್ಮ',ರಾವರಾಕಲಹಳ್ಳಿ ಗಂಗಪ್ಪ',246',85',ಹೆಣ್ಣು',',SC',KOOLI',NO'
MHR2192326',ಗಂಗಯ್ಯ',ರಾವರಾಕಲಹಳ್ಳಿ ಗಂಗಪ್ಪ',246',63',ಗಂಡು',',SC',FARMER',NO'
MHR2320026',ನರಸಿಂಹಪ್ಪ',ರಾವರಾಕಲಹಳ್ಳಿ ಗಂಗಪ್ಪ',247',63',ಗಂಡು',',SC',KOOLI',NO'
MHR219354€',ಲಕ್ಷ್ಮಮ್ಮ',ನರಸಿಂಹಪ್ಪ',247',55',ಹೆಣ್ಣು',',SC',KOOLI',NO'
ALQ1419449',ಲಕ್ಷ್ಮೀನಾರಾಯಣ',ಗಂಗಯ್ಯ',247',45',ಗಂಡು',',SC',KOOLI',NO'
MHR2320265',ರತ್ನಮ್ಮ',ಲಕ್ಷ್ಮೀನಾರಾಯಣ',247',36',ಹೆಣ್ಣು',',SC',KOOLI',NO'
ALQ2379113',ಗಂಗಾಧರಪ್ಪ ಹೆಚ್ ಎನ್',ನರಸಿಂಹಪ್ಪ',247',32',ಗಂಡು',',SC',KOOLI',NO'
ALQ2382992',ರೋಜ ಎನ್',ಗಂಗಾಧರಪ್ಪ ಹೆಚ್ ಎನ್',247',28',ಹೆಣ್ಣು',',SC',KOOLI',NO'
MHR2322014',ಚಿಕ್ಕನರಸಪ್ಪ',ರಾವರಾಕಲಹಳ್ಳಿ ಗಂಗಪ್ಪ',248',55',ಹೆಣ್ಣು',',SC',KOOLI',NO'
MHR2194157',ಗಂಗಮ್ಮ',ಚಿಕ್ಕನರಸಮ್ಮ',248',53',ಹೆಣ್ಣು',',SC',KOOLI',NO'
MHR2319317',ಮರಿಗಮ್ಮ',ಗಂಗಾಧರಪ್ಪ',249',73',ಹೆಣ್ಣು',',SC',KOOLI',NO'
ALQ2708360',ಮೂರ್ತಿ',ಗಂಗಾಧರಪ್ಪ',249',45',ಗಂಡು',YES',SC',',NO'
ALQ1419472',ಅಂಜಯ್ಯ',ಗಂಗಾಧರಪ್ಪ',249',43',ಗಂಡು',',SC',KOOLI',NO'
MHR2321099',ತಿಮ್ಮಪ್ಪ',ಗಂಗಪ್ಪ',250',65',ಗಂಡು',',SC',KOOLI',NO'
ALQ2708378',ಲಕ್ಷ್ಮಮ್ಮ',ತಿಮ್ಮಪ್ಪ',250',55',ಹೆಣ್ಣು',',SC',KOOLI',NO'
ALQ0633917',ಹಟ್ ಟಿ ನರಸಿಂಹಮೂರ್ತಿ',ತಿಮ್ಮಪ್ಪ',250',34',ಗಂಡು',',SC',KOOLI',NO'
ALQ2266781',ಗಾಯಿತ್ರಿ ಎನ್',ನರಸಿಂಹಮೂರ್ತಿ',250',27',ಹೆಣ್ಣು',',SC',KOOLI',NO'
MHR2319255',ನಾಗರಾಜು',ಗಂಗಾಧರಪ್ಪ',251',55',ಗಂಡು',',SC',KOOLI',NO'
MHR2320224',ರತ್ನಮ್ಮ',ನಾಗರಾಜು',251',50',ಹೆಣ್ಣು',',SC',KOOLI',NO'
MHR2192672',ಭಾರತಿ',ನಾಗರಾಜ',251',36',ಹೆಣ್ಣು',',SC',KOOLI',NO'
ALQ1419498',ಗಂಗಯ್ಯ',ಮರುಗಾನುಬಾಬ',252',63',ಗಂಡು',',SC',KOOLI',NO'
MHR2321073',ನಾಗಮ್ಮ',ಗಂಗಯ್ಯ',252',50',ಹೆಣ್ಣು',',SC',KOOLI',NO'
MHR2321768',ಬಾಲಪ್ಪ',ಬಾಬಣ್ಣ',252',50',ಗಂಡು',',SC',KOOLI',NO'
MHR3850609',ಗಂಗಪ್ಪ',ಗಂಗಾಧರಪ್ಪ',252',38',ಗಂಡು',',SC',KOOLI',NO'
MHR2320295',ನರಸಮ್ಮ',ಬಾಲಪ್ಪ',252',38',ಹೆಣ್ಣು',',SC',KOOLI',NO'
MHR2320562',ಗಂಗಮ್ಮ',ಗಂಗಪ್ಪ',252',36',ಹೆಣ್ಣು',',SC',KOOLI',NO'
MHR430100€',ಜಿ ರಮೇಶ್',ಗಂಗಪ್ಪ',252',34',ಗಂಡು',',SC',FARMER',NO'
ALQ0633925',ಮಂಜುಳ ಜಿ',ಗಂಗಯ್ಯ',252',32',ಗಂಡು',',SC',COMPUTER WORK',NO'
MHR2194769',ದಾಳಮ್ಮ',ಗಂಗಪ್ಪ',254',70',ಹೆಣ್ಣು',',SC',KOOLI',NO'
MHR2193787',ಗಂಗಾಧರಪ್ಪ',ಗಂಗಪ್ಪ',254',48',ಗಂಡು',',SC',FARMER',NO'
MHR2195295',ಭಾಗ್ಯಮ್ಮ',ಗಂಗಾಧರಪ್ಪ',254',38',ಹೆಣ್ಣು',',SC',KOOLI',NO'
ALQ3145174',ಪುಷ್ಪ ಹೆಚ್ ಜಿ',ಜಿ ಗಂಗಾಧರಪ್ಪ',254',20',ಹೆಣ್ಣು',',SC',KOOLI',NO'
MHR2196178',ಲಕ್ಷ್ಮಮ್ಮ',ಬುಡುಕಪ್ಪನ ಗಂಗಾ',255',65',ಹೆಣ್ಣು',',SC',KOOLI',NO'
ALQ2050029',ಜಿ ರಮೇಶ್',ಗಂಗಾಧರಪ್ಪ',255',31',ಗಂಡು',',SC',KOOLI',NO'
MHR3850773',ನರಸಿಂಹಮೂರ್ತಿ',ಚಿಕ್ಕನರಸಪ್ಪ',256',38',ಗಂಡು',YES',SC',KOOLI',NO'
ALQ3118239',ಗಾಯಿತ್ರಿ ಎಸ್',ಶಿವಪ್ಪ',256',21',ಹೆಣ್ಣು',',SC',KOOLI',NO'
ALQ3144417',ಗಂಗರಾಜುಹೆಚ್ ಎಸ್',ಶಿವಪ್ಪ',256',20',ಗಂಡು',',SC',KOOLI',NO'
MHR2192151',ದೊಡ್ಡನರಸನ್ನ',ಬುಡಿಕಪ್ಪ',257',75',ಹೆಣ್ಣು',',DEATH',',NO'
MHR3850823',ಗಂಗಮ್ಮ',ದೊಡ್ಡನರಸಣ್ಣ',257',73',ಹೆಣ್ಣು',',SC',KOOLI',NO'
MHR2320091',ಶಿವಪ್ಪ',ದೊಡ್ಡನರಸಪ್ಪ',257',50',ಗಂಡು',',SC',KOOLI',NO'
MHR219108€',ಲಕ್ಷ್ಮಮ್ಮ',ಶಿವಪ್ಪ',257',45',ಹೆಣ್ಣು',',SC',KOOLI',NO'
ALQ2126985',ಸುರೇಶ್',ದೊಡ್ಡನರಸಿಂಹಪ್ತ',257',38',ಗಂಡು',',SC',KOOLI',NO'
MHR2318970',ಸನ್ನರಾಮಕೃಷ್ಣಪ್ಪ',ದೊಡ್ಡನರಸಿಂಹಪ್ಪ',257',36',ಗಂಡು',',SC',KOOLI',NO'
MHR2192094',ಬಾಲಪ್ಪ ಹೆಚ್ ಎನ್',ಮರಪದಗುನಾಗಪ್ಪ',258',55',ಗಂಡು',',SC',KOOLI',NO'
MHR2323269',ಕ್ರಿಷ್ಣಪ್ಪ',ಮರುಪಡಗುವಾಗ',258',50',ಗಂಡು',',SC',KOOLI',NO'
MHR2196012',ಆನಂದಮ್ಮ',ಕೃಷ್ಣಪ್ಪ',258',45',ಹೆಣ್ಣು',',SC',KOOLI',NO'
MHR2320737',ಲಕ್ಷ್ಮೀನರಸಮ್ಮ',ಬಾಲಪ್ಪ',258',45',ಹೆಣ್ಣು',',SC',KOOLI',NO'
ALQ2266963',ಬಾಬುಹೆಚ್ ಬಿ',ಬಾಲಪ್ಪ',258',27',ಗಂಡು',',SC',KOOLI',NO'
ALQ3144532',ನಾಗರಾಜು',ಕೃಷ್ಣಪ್ಪ',258',25',ಗಂಡು',',SC',AUTO DRIVER',NO'
ALQ2529618',ಅನಿಲ್ ಕುಮಾರ್ ಆರ್',ಕೃಷ್ಣಪ್ಪ',258',23',ಗಂಡು',',SC',AUTO DRIVER',NO'
ALQ3145240',ಅಂಬರೀಶ ಬಿ',ಬಾಲಪ್ಪ ಹೆಚ್ ಎ',258',21',ಗಂಡು',',SC',KOOLI',NO'
ALQ3145000',ಕವಿತಾ ಎನ್',ನಾಗರಾಜು',258',21',ಹೆಣ್ಣು',',SC',KOOLI',NO'
ALQ1419902',ನರಸಿಂಹಪ್ಪ',ಚಿಕ್ಕನರಸಿಂಹಪ್ಪ',259',65',ಗಂಡು',',SC',KOOLI',NO'
ALQ1419910',ನರಸಮ್ಮ',ನರಸಿಂಹಪ್ಪ',259',61',ಹೆಣ್ಣು',',SC',KOOLI',NO'
ALQ1419928',ತಿಪ್ಪನ್ನ',ನರಸಿಂಹಪ್ಪ',259',43',ಗಂಡು',',SC',KOOLI',NO'
ALQ2981488',ನಾಗರತ್ನಮ್ಮ',ತಿಪ್ಪನ್ನ',259',38',ಹೆಣ್ಣು',',SC',KOOLI',NO'
ALQ1419951',ನಂಜಮ್ಮ',ನರಸಿಂಹಪ್ಪ',261',70',ಹೆಣ್ಣು',',DELETED',',NO'
MHR2321727',ಅಶ್ವತ್ತಪ್ಪ',ಅಕ್ಕಯ್ಯಮ್ಮ ನರಸಿಂಹಪ್ಪ',261',48',ಗಂಡು',',SC',WATERMAN',NO'
MHR2320992',ಅನಿತ',ಅಶ್ವತ್ತಪ್ಪ',261',45',ಹೆಣ್ಣು',',SC',KOOLI',NO'
MHR2322204',ಬಾಲಪ್ಪ',ನರಸಿಂಹಪ್ಪ',261',41',ಗಂಡು',',SC',KOOLI',NO'
MHR2321065',ನಂಜಮ್ಮ',ಬಾಲಪ್ಪ',261',36',ಹೆಣ್ಣು',',SC',KOOLI',NO'
ALQ0035287',ನರಸಪ್ಪ',ನರಸಿಂಹಪ್ಪ',262',60',ಗಂಡು',',SC',KOOLI',NO'
MHR219188C',ಗಂಗಾಧರಪ್ಪ',ನರಸಿಂಹಪ್ಪ',262',55',ಗಂಡು',',SC',KOOLI',NO'
ALQ2203032',ಅಂಜಿನಪ್ಪ',ನರಸಿಂಹಪ್ಪ',262',50',ಗಂಡು',',SC',KOOLI',NO'
ALQ2529519',ಗಂಗಮ್ಮ',ನರಸಪ್ಪ',262',47',ಹೆಣ್ಣು',',SC',KOOLI',NO'
MHR232081C',ಅಂಜಮ್ಮ',ನರಸಪ್ಪ',262',45',ಹೆಣ್ಣು',',SC',KOOLI',NO'
MHR232076C',ಲಿಂಗಮ್ಮ',ಗಂಗಾಧರಪ್ಪ',262',45',ಹೆಣ್ಣು',',SC',KOOLI',NO'
MHR2320273',ಮುದ್ದುಗಂಗಮ್ಮ',ಅಂಜಿನಪ್ಪ',262',41',ಹೆಣ್ಣು',',SC',KOOLI',NO'
ALQ2529501',ಜಿ ನರಸಿಂಹಮೂರ್ತಿ',ಗಂಗಾಧರಪ್ಪ',262',24',ಗಂಡು',',SC',KOOLI',NO'
ALQ3145257',ಜೆ ಸುರೇಶ್',ಗಂಗಾಧರಪ್ಪ',262',21',ಗಂಡು',',SC',KOOLI',NO'
ALQ0031054',ಬಾಲಪ್ಪ',ನರಸಿಂಹಪ್ಪ',263',51',ಗಂಡು',',SC',',YES'
ALQ2050078',ಎನ್ ಸುರೇಶ್',ನರಸಿಂಹಯ್ಯ',263',29',ಗಂಡು',',SC',COMPUTER WORK',NO'
ALQ2525905',ನರಸಿಂಹಮೂರ್ತಿ ಎನ್',ನರಸಿಂಹಪ್ಪ',263',26',ಗಂಡು',',SC',KOOLI',NO'
ALQ2525897',ಮೀನಾ',ನಾಗಭೂಷಣ ಎನ್',263',25',ಹೆಣ್ಣು',',SC',KOOLI',NO'
MHR2193142',ತಿರುಮಳಕ್ಕ',ಅಂಜಿನಪ್ಪ',264',60',ಹೆಣ್ಣು',',SC',KOOLI',NO'
ALQ1419993',ನರಸನ್ನ',ವಾಯಿನರಸಕ್ಕನ ಗಂಗಪ್ಪ',266',65',ಗಂಡು',',SC',KOOLI',NO'
ALQ2195899',ನರಸಮ್ಮ',ನರಸನ್ನ',266',60',ಹೆಣ್ಣು',',SC',KOOLI',NO'
ALQ3060415',ಅಂಜಮ್ಮ',ರಾಮಾಂಜನಪ್ಪ',266',36',ಹೆಣ್ಣು',',SC',KOOLI',NO'
ALQ3145620',ನರೇಶ ಆರ್ ತಾಯಿಯ',ಅಂಜಮ್ಮ',226',25',ಗಂಡು',',SC',KOOLI',NO'
ALQ3145125',ಶಿಲ್ಪ ಎ',ನರೇಶ',266',21',ಹೆಣ್ಣು',',SC',KOOLI',NO'
ALQ1420017',ನಾರಾಯಣಪ್ಪ',ಮರಪದಗು ಹನುಮಂತಪ್ಪ',268',55',ಗಂಡು',',SC',KOOLI',NO'
MHR3851912',ರತ್ನಮ್ಮ',ನಾರಾಯಣಪ್ಪ',268',45',ಹೆಣ್ಣು',',SC',KOOLI',NO'
ALQ3060407',ಅನಿಲ್ ಕುಮಾರ್ ಎನ್',ನಾರಾಯಣಪ್ಪ',268',27',ಗಂಡು',',SC',KOOLI',NO'
MHR2192557',ಅಂಜಿನಮ್ಮ',ನರಸಿಂಹಪ್ಪ',271',85',ಹೆಣ್ಣು',',SC',KOOLI',NO'
MHR2319555',ನರಸಿಂಹಪ್ಪ',ಗಾಳಿನಾರಾಯಣಪ್ಪ',271',80',ಗಂಡು',',SC',KOOLI',NO'
ALQ2177699',ನರಸಮ್ಮ',ಲಕ್ಷ್ಮೀನಾರಾಯಣನ',271',68',ಹೆಣ್ಣು',',DELETED',',NO'
ALQ1420082',ನರಸಿಂಹಪ್ಪ ಇತರೆ ಸಂಬಂಧಿಯ',ಮುನೆತ',272',63',ಗಂಡು',',REPEATED',',NO'
MHR2320109',ಗಂಗಯ್ಯ',ಮುನೆಪ್ಪ',272',61',ಗಂಡು',',SC',KOOLI',NO'
MHR2191138',ಸಜ್ಜಮ್ಮ',ಗಂಗಯ್ಯ',272',55',ಹೆಣ್ಣು',',SC',KOOLI',NO'
MHR2320059',ಚಿಕ್ಕಗಂಗಪ್ಪ',ಮುನೆಪ್ಪ',272',55',ಗಂಡು',',SC',KOOLI',NO'
MHR2192599',ಅಶ್ವತ್ತಮ್ಮ',ಚಿಕ್ಕಗಂಗಯ್ಯ',272',53',ಹೆಣ್ಣು',',SC',KOOLI',NO'
ALQ1420090',ಅಂಜಿನಮ್ಮ',ನರಸಿಂಹಪ್ಪ',272',50',ಹೆಣ್ಣು',',SC',KOOLI',NO'
ALQ1420108',ನಾರಾಯಣಪ್ಪ',ಮುನೆಪ್ಪ',272',47',ಗಂಡು',',SC',KOOLI',NO'
ALQ2177657',ಲಕ್ಷ್ಮೀನಾರಾಯಣಪ್ಪ',ನರಸಿಂಹಪ್ಪ',272',25',ಗಂಡು',',DELETED',',NO'
ALQ3060373',ಸಂದೀಪ ಜಿ',ಗಂಗಪ್ಪ',272',23',ಗಂಡು',',SC',KOOLI',NO'
ALQ1420116',ಗಂಗಮ್ಮ',ಚಿಕ್ಕವೆಂಕಟಪ್ಪ',273',75',ಹೆಣ್ಣು',',SC',KOOLI',NO'
MHR4301271',ಶ್ರೀನಿವಾಸ',ಚಿಕ್ಕವೆಂಕಟಪ್ಪ',273',61',ಗಂಡು',',SC',KOOLI',NO'
ALQ0036939',ಅಂಜಮ್ಮ',ಶ್ರೀನಿವಾಸ',273',50',ಹೆಣ್ಣು',',SC',KOOLI',NO'
ALQ3007804',ರಘು ಎಸ್',ಶ್ರೀನಿವಾಸ',273',26',ಗಂಡು',',SC',KOOLI',NO'
ALQ3007838',ಆದಿಲಕ್ಷ್ಮಿ ಎಮ್ ಜಿ',ರಘು ಎಸ್',273',24',ಹೆಣ್ಣು',',SC',KOOLI',NO'
ALQ3007788',ಬಾಲಪ್ಪ',ಶ್ರೀನಿವಾಸ',273',23',ಗಂಡು',',SC',KOOLI',NO'
MHR2321586',ಶ್ರೀರಾಮಪ್ಪ',ಪೆದ್ದಎಟಗಂಗಪ್ಪ',274',63',ಗಂಡು',',SC',KOOLI',NO'
MHR2193464',ಲಕ್ಷ್ಮೀನರಸಮ್ಮ',ಶ್ರೀರಾಮಪ್ಪ',274',43',ಹೆಣ್ಣು',',SC',KOOLI',NO'
MHR2194942',ಗಂಗಮ್ಮ',ಚಿಕ್ಕಏಟಪ್ಪ',275',75',ಹೆಣ್ಣು',',REPEATED',',NO'
ALQ1420124',ನರಸಮ್ಮ',ಪುಿಯಪ್ಪ',275',55',ಹೆಣ್ಣು',',SC',KOOLI',NO'
ALQ1420132',ನರಸನ್ನ',ಪರ್ತಿಪಲ್ಲಿಗಂಗಪ್ಪ',276',63',ಗಂಡು',',SC',KOOLI',NO'
ALQ1420140',ರತ್ನಮ್ಮ',ನರಸಿಂಹಪ್ಪ',276',55',ಹೆಣ್ಣು',',SC',KOOLI',NO'
ALQ1420173',ಬಾಲಪ್ಪ',ಅಂಜಪ್ಪ',277',50',ಗಂಡು',',SC',KOOLI',NO'
MHR2193373',ಲಿಂಗಮ್ಮ',ದೊಡ್ಡನರಸಿಂಹಪ್ಪ',278',77',ಹೆಣ್ಣು',',SC',KOOLI',NO'
MHR219230C',ಲಕ್ಷ್ಮೀನರಸಿಂಹಪ್ಪ',ದೊಡ್ಡನರಸಿಂಹಪ್ಪ',278',55',ಗಂಡು',',SC',KOOLI',NO'
MHR232077€',ಮಂಜುಳ',ಲಕ್ಷ್ಮೀನರಸಿಂಹಪ್ಪ',278',44',ಹೆಣ್ಣು',',SC',KOOLI',NO'
MHR2319747',ಹನುಮಂತರಾಯಪ್ಪ',ದೊಡ್ಡನರಸಿಂಹಪ್ಪ',278',40',ಗಂಡು',',SC',PVT TEACHER',NO'
ALQ2708386',ಗಂಗಮಾಳಮ್ಮ',ಚಿಕ್ಕನರಸಿಂಹಪ್ಪ',279',60',ಹೆಣ್ಣು',',SC',KOOLI',NO'
ALQ2708394',ನಾರಾಯಣಮ್ಮ',ಗಂಗಪ್ಪ',280',60',ಹೆಣ್ಣು',',SC',KOOLI',NO'
ALQ1420207',ಗಂಗಪ್ಪ',ಬಿಕ್ಕಪ್ಪ',280',56',ಹೆಣ್ಣು',',SC',KOOLI',NO'
ALQ2529592',ಭಾರತಿ ಹೆಚ್ ಜಿ',ಗಂಗಪ್ಪ',280',26',ಹೆಣ್ಣು',',SC',KOOLI',NO'
ALQ1420223',ಲಕ್ಷ್ಮಮ್ಮ',ಮಲ್ಲೆಕದಿರಪ್ಪ',281',75',ಹೆಣ್ಣು',',SC',KOOLI',NO'
ALQ1420231',ನಂಜುಂಡಪ್ಪ ಕೆ',ಕದಿರಪ್ಪ',281',51',ಗಂಡು',',SC',KOOLI',NO'
MHR3850211',ಹೆಚ್ ಕೆ ಅಂಜಿನಪ್ಪ',ಮಲ್ಲಿಕದಿರಪ್ಪ',281',40',ಗಂಡು',',SC',KOOLI',NO'
MHR4300414',ಜಿ ಎನ್ ಶಶಿಕಲಾ',ಹೆಚ್ ಕೆ ಅಂಜಿನಪ್ಪ',281',33',ಹೆಣ್ಣು',',SC',COOK',NO'
MHR4300828',ಹೆಚ್ ನಾಗರತ್ನಮ್ಮ',ಕೆ ನಂಜುಂಡಪ್ಪ',281',33',ಹೆಣ್ಣು',',REPEATED',',NO'
MHR232019C',ನರಸಮ್ಮ',ಅಂಜನಪ್ಪ',282',65',ಹೆಣ್ಣು',',SC',KOOLI',NO'
ALQ3007812',ಗಂಗಾಧರಪ್ಪ ಪಿ',ಪೆದ್ದ ಹುಡುಗಪ್ಪ',282',47',ಗಂಡು',YES',SC',KOOLI',NO'
ALQ3144813',ರಾಜಮ್ಮ',ಆದಿನಾರಾಯಣಪ್ಪ',282',36',ಹೆಣ್ಣು',',SC',KOOLI',NO'
ALQ3007770',ಸುಜಾತಮ್ಮ',ನರಸಿಂಹಪ್ಪ',282',32',ಹೆಣ್ಣು',',SC',KOOLI',NO'
MHR2322196',ದೊಡ್ಡಹುಡುಗಪ್ಪ',ಹನುಮಪ್ಪ',283',80',ಗಂಡು',',SC',KOOLI',NO'
MHR2193472',ರತ್ನಮ್ಮ',ದೊಡ್ಡಹುಡುಗಪ್ಪ',283',55',ಹೆಣ್ಣು',',SC',KOOLI',NO'
ALQ2050037',ಹೆಚ್ ಪಿ ನರಸಿಂಹಮೂರ್ತಿ',ದೊಡ್ಡಹುದಗಪ್ಪ',283',31',ಗಂಡು',',SC',KOOLI',NO'
ALQ2708402',ಮೂರ್ತಿ',ಅಂಜಿನಪ್ಪ',284',50',ಗಂಡು',',SC',KOOLI',NO'
ALQ2548253',ಮುನಿರತ್ನಮ್ಮ',ಮೂರ್ತಿ',284',40',ಹೆಣ್ಣು',YES',SC',KOOLI',NO'
ALQ1420272',ಸುಬ್ಬರಾಯಪ್ಪ',ಜೂಲಪ್ಪ',285',65',ಗಂಡು',',SC',KOOLI',NO'
ALQ1420280',ವೆಂಕಟಮ್ಮ',ಸುಬ್ಬರಾಯಪ್ಪ',285',63',ಹೆಣ್ಣು',',SC',KOOLI',NO'
ALQ1420298',ರಾಮಕ್ರಿಷ್ಣಪ್ಪ',ಜೂಲಪ್ಪ',285',63',ಗಂಡು',',SC',KOOLI',NO'
ALQ1420306',ಗಂಗರತ್ನಮ್ಮ',ರಾಮಕೃಷ್ಣಪ್ಪ',285',60',ಹೆಣ್ಣು',',SC',KOOLI',NO'
MHR4301552',ಎಸ್ ಕೃಷ್ಣಮೂರ್ತಿ',ಸುಬ್ಬರಾಯಪ್ಪ',285',35',ಗಂಡು',',SC',KOOLI',NO'
ALQ2050193',ಅನಿಲ್ ಕುಮಾರ್',ರಾಮಕೃಷ್ಣಪ್ಪ',285',29',ಗಂಡು',',SC',KOOLI',NO'
ALQ2266864',ಅನಿಲ್ ಕುಮಾರ್',ರಾಮಕೃಷ್ಣಪ್ಪ',285',28',ಗಂಡು',',SC',BILL COLLECTOR',NO'
ALQ2998698',ನೇತ್ರಾವತಿ ಎನ್',ಎಸ್ ಕೃಷ್ಣಮೂರ್ತಿ',285',22',ಹೆಣ್ಣು',',SC',KOOLI',NO'
ALQ1420314',ಗಂಗರತ್ನಮ್ಮ',ಜೂಲಪ್ಪ',286',60',ಹೆಣ್ಣು',',SC',KOOLI',NO'
MHR3852068',ನಾರಾಯಣಸ್ವಾಮಿ',ಜೂಲಪ್ಪ',286',57',ಗಂಡು',',SC',KOOLI',NO'
ALQ1420322',ಸುನಂದಮ್ಮ',ನಾರಾಯಣಸ್ವಾಮಿ',286',55',ಹೆಣ್ಣು',',SC',KOOLI',NO'
ALQ2126993',ಸುಜಾತ ಎನ್',ನಾರಾಯಣಸ್ವಾಮಿ',286',30',ಹೆಣ್ಣು',',DELETED',',NO'
ALQ1420348',ನರಸಿಂಹಪ್ಪ',ಚಿನ್ನಾಯಪ್ಪ',287',63',ಗಂಡು',',DEATH',',NO'
ALQ1420363',ಅಂಜಿನಪ್ಪ',ಚೆನ್ನಾಯಪ್ಪ',288',63',ಗಂಡು',',SC',KOOLI',NO'
ALQ1420371',ಲಕ್ಷ್ಮಿದೇವಿ',ಅಂಜಿನಪ್ಪ',288',50',ಹೆಣ್ಣು',',SC',KOOLI',NO'
MHR2192417',ಬಾಬಣ್ಣ',ರಾಮಪ್ಪ',289',75',ಗಂಡು',',SC',KOOLI',NO'
MHR2320695',ಗಂಗಮ್ಮ',ಬಾಬಣ್ಣ',289',70',ಹೆಣ್ಣು',',SC',KOOLI',NO'
MHR2322337',ರವಿಕುಮಾರ್',ಬಾಬಣ್ಣ',289',43',ಗಂಡು',',SC',KOOLI',NO'
MHR2322287',ರಮೇಶ್',ಗಂಗಾಧರಪ್ಪ',289',43',ಗಂಡು',',SC',KOOLI',NO'
MHR4301693',ಶಿವಪ್ಪ',ಬಾಬಣ್ಣ',289',37',ಗಂಡು',',SC',KOOLI',NO'
MHR3851805',ಬಾಲಪ್ಪ',ಬಾಬಣ್ಣ',289',37',ಗಂಡು',',SC',KOOLI',NO'
MHR3851789',ದೇವಮ್ಮ',ರವಿಕುಮಾರ್',289',35',ಹೆಣ್ಣು',',SC',KOOLI',NO'
ALQ2177632',ನಂದಿನಿ ಬಿ ಪಿ',ರಮೇಶ',289',29',ಹೆಣ್ಣು',',SC',KOOLI',NO'
MHR2322741',ನರಸಿಂಹಪ್ಪ',ದೊಡ್ಡಗಂಗಪ್ಪ',0',58',ಗಂಡು',',SC',KOOLI',NO'
ALQ1420389',ನರಸಪ್ಪ',ನರಸಿಂಹಪ್ಪ',290',44',ಗಂಡು',',SC',KOOLI',NO'
ALQ1420397',ಕದಿರಮ್ಮ',ಚಿಕ್ಕದಾಸಪ್ಪ',291',75',ಹೆಣ್ಣು',',SC',KOOLI',NO'
ALQ1420405.',ವೆಂಕಟೇಶ',ಚಿಕ್ಕದಾಸಪ್ಪ',291',60',ಗಂಡು',',SC',KOOLI',NO'
ALQ1420413',ನರಸಕ್ಕ',ವೆಂಕಟೇಶ',291',55',ಹೆಣ್ಣು',',SC',KOOLI',NO'
MHR4302774',ನಾಗಪ್ಪ',ಚಿಕ್ಕದಾಸಪ್ಪ',291',40',ಗಂಡು',',SC',TRACTOR DRIVER',NO'
ALQ2529477',ಯಶೋಧಮ್ಮ',ನಾಗಪ್ಪ',291',30',ಹೆಣ್ಣು',',SC',KOOLI',NO'
ALQ1420439',ರಾಮಪ್ಪ',ಎಗ್ಗೇಪಲ್ಲಿಸೌಟಪ್ಪ',292',63',ಗಂಡು',',SC',KOOLI',NO'
ALQ1420447',ಜಯಮ್ಮ',ರಾಮಪ್ಪ',292',55',ಹೆಣ್ಣು',',SC',KOOLI',NO'
ALQ2353316',ನವಮೇಶ ಆರ್',ರಾಮಪ್ಪ',292',25',ಗಂಡು',',SC',KOOLI',NO'
ALQ1420454',ಬಾಬಕ್ಕ',ಗಂಗಪ್ಪ',293',63',ಹೆಣ್ಣು',',SC',KOOLI',NO'
MHR4300992',ವಂಕಟೇಶ್ ಜಿ',ಗಂಗಪ್ಪ',293',35',ಗಂಡು',YES',SC',KOOLI',NO'
ALQ2461465',ಗಂಗರಾಜುಜಿ',ಗಂಗಪ್ಪ',293',31',ಗಂಡು',',SC',PAINTER',NO'
ALQ1420470',ಬಾಬಣ್ಣ',ಗಂಗಯ್ಯ',294',63',ಗಂಡು',',SC',KOOLI',NO'
MHR2193134',ಗಂಗಮ್ಮ',ಬಾಬಣ್ಣ',294',55',ಹೆಣ್ಣು',',DEATH',',NO'
ALQ1420496',ವಂಕಟೇಶ',ಗಂಗಯ್ಯ',294',43',ಗಂಡು',',SC',KOOLI',NO'
ALQ1420421',ರೂಪ ಎಚ್ ಬಿ',ಬಾಬಣ್ಣ',294',31',ಹೆಣ್ಣು',',SC',PVT TEACHER',NO'
ALQ2266773',ರಾಮಾಂಜಿನಪ್ಪ ಬಿ',ಬಾಬಣ್ಣ',294',29',ಗಂಡು',',SC',EMPLOYEE',NO'
ALQ2461440',ರಾಮಾಂಜಿನಪ್ಪ',ಬಾಬಣ್ಣ',294',29',ಗಂಡು',',REPEATED',',NO'
ALQ2266849',ಪ್ರಮಿಳ ಬಿ',ಬಾಬಣ್ಣ',294',28',ಹೆಣ್ಣು',',SC',PVT TEACHER',NO'
ALQ2461424',ಭಾರತಿ',ವೆಂಕಟೇಶ ಜಿ',294',26',ಹೆಣ್ಣು',',SC',KOOLI',NO'
ALQ1420504',ವೆಂಕಟಪ್ಪ',ಎಗೇಪಲ್ಲಿಗಂಗಯ್ಯ',295',75',ಗಂಡು',',SC',KOOLI',NO'
MHR2193126',ನರಸಮ್ಮ',ಗಂಗಾಧರಪ್ಪ',295',50',ಹೆಣ್ಣು',',SC',KOOLI',NO'
ALQ1420538',ತಿಮ್ಮಪ್ಪ',ವೆಂಕಟಪ್ಪ',295',43',ಗಂಡು',YES',SC',KOOLI',NO'
ALQ2126944',ಸಿ ನಿಂಗಮ್ಮ',ತಿಮ್ಮಪ್ಪ',295',33',ಹೆಣ್ಣು',YES',SC',GARMENTS',NO'
ALQ1420579',ನರಸಮ್ಮ',ಚಿನ್ನಾಯಪ್ಪ',297',77',ಹೆಣ್ಣು',',SC',KOOLI',NO'
ALQ2192771',ನರಸಿಂಹಮೂರ್ತಿ',ವಾಬಣ್ಣನ ಚಿನ್ನಾಯಪ್ಪ',297',60',ಗಂಡು',',SC',KOOLI',NO'
ALQ1420595',ರಾಮಕ್ಕೆ',ಮುನಿಸಿದ್ದಪ್ಪ',297',37',ಹೆಣ್ಣು',',SC',KOOLI',NO'
ALQ1420603',ಗಂಗಾಧರಪ್ಪ',ಗಂಗನ್ನಗಾರಿ ಮಿ',298',77',ಗಂಡು',',SC',KOOLI',NO'
ALQ1420611',ಗಂಗಮ್ಮ',ಗಂಗಾಧರಪ್ಪ',298',66',ಹೆಣ್ಣು',',SC',KOOLI',NO'
MHR2191757',ಗಂಗನ್ನ',ಮಿಪ್ಪ',300',60',ಗಂಡು',',SC',KOOLI',NO'
ALQ1420629',ಲಕ್ಷ್ಮಿದೇವಿ',ಗಂಗನ್ನ',300',55',ಹೆಣ್ಣು',',SC',KOOLI',NO'
ALQ2529410',ಸುರೇಂದ್ರಜಿ',ಗಂಗನ್ನ',300',55',ಗಂಡು',',SC',KOOLI',NO'
ALQ2548337',ಜಿ ಬಾಬು',ಗಂಗನ್ನ',300',24',ಗಂಡು',',SC',KOOLI',NO'
ALQ2960417',ಸುಮಿತ್ರ ಹೆಚ್ ಎಲ್',ಸುರೇಂದ್ರಜಿ',300',22',ಹೆಣ್ಣು',',SC',KOOLI',NO'
ALQ1420637',ನಂಜಮ್ಮ',ಗಂಗಪ್ಪ',301',65',ಹೆಣ್ಣು',',DEATH',',NO'
MHR2193795',ನಾರಾಯಣಪ್ಪ',ಗಂಗಪ್ಪ',301',39',ಗಂಡು',',SC',KOOLI',NO'
MHR232256€',ಲಲಿತಮ್ಮ',ನರಸಿಂಹಪ್ಪ',301',37',ಹೆಣ್ಣು',',SC',KOOLI',NO'
ALQ1420702',ರಮೇಶ ಜಿ',ಗಂಗಪ್ಪ',301',36',ಗಂಡು',',SC',KOOLI',NO'
ALQ2708410',ಲಕ್ಷ್ಮಮ್ಮ',ತಿಪ್ಪರುದ್ರಯ್ಯ',302',75',ಹೆಣ್ಣು',',SC',KOOLI',NO'
MHR2322568',ಗಂಗಾಧರಪ್ಪ',ಮುದಗೆರೆಕದಿರಪ್ಪ',304',65',ಗಂಡು',',SC',KOOLI',NO'
ALQ1420702',ನರಸಿಂಹಪ್ಪ',ಮುದಗೆರೆ ಕದಿರಪ',305',70',ಗಂಡು',',SC',KOOLI',NO'
ALQ1420710',ಲಕ್ಷ್ಮಮ್ಮ',ನರಸಿಂಹಪ್ಪ',305',65',ಹೆಣ್ಣು',',SC',KOOLI',NO'
ALQ1420736',ಬಾಲಮ್ಮ',ಬಾಲಪ್ಪ',306',55',ಹೆಣ್ಣು',',SC',KOOLI',NO'
ALQ3060399',ಪ್ರಭಾಕರ್ ಬಿ',ಬಾಲಪ್ಪ',306',25',ಗಂಡು',',SC',KOOLI',NO'
MHR2192003',ಲಿಂಗಪ್ಪ',ನ್ಯಾತಪ್ಪ',307',60',ಗಂಡು',',SC',KOOLI',NO'
ALQ1420744',ಬಾಲಮ್ಮ',ಲಿಂಗಪ್ಪ',307',55',ಹೆಣ್ಣು',',SC',KOOLI',NO'
ALQ2998656',ಸುವರ್ಣಮ್ಮ ಬಿ',ಕಾಂತ ಕುಮಾರ್',307',27',ಹೆಣ್ಣು',',SC',KOOLI',NO'
MHR2322071',ನರಸಿಂಹಪ್ಪ',ಕೊಂಡಪ್ಪ',308',60',ಗಂಡು',',SC',KOOLI',NO'
ALQ1420751',ನರಸಮ್ಮ',ನರಸಿಂಹಪ್ಪಂ',308',55',ಹೆಣ್ಣು',',SC',KOOLI',NO'
ALQ2050144',ಎನ್ ಸತೀಶ್',ನರಸಿಂಹಪ್ಪ',308',30',ಗಂಡು',',SC',KOOLI',NO'
ALQ3060381',ಆರ್ ಎನ್ ಮಂಜುಳ',ಕೃಷ್ಣಮೂರ್ತಿ',308',28',ಹೆಣ್ಣು',',SC',KOOLI',NO'
MHR3852415',ಬಾಲಪ್ಪ',ಚಿಕ್ಕಗಂಗಪ್ಪ',309',52',ಗಂಡು',',SC',KOOLI',NO'
ALQ1420769',ಅಂಜಯ್ಯ',ಚಿಕ್ಕಗಂಗಪ್ಪ',309',50',ಗಂಡು',',SC',KOOLI',NO'
ALQ1420785',ಲಕ್ಷ್ಮಮ್ಮ',ಬಾಲಪ್ಪ',309',45',ಹೆಣ್ಣು',',SC',KOOLI',NO'
ALQ1420777',ಅಶ್ವತ್ತಪ್ಪ',ಚಿಕ್ಕಗಂಗಪ್ಪ',309',43',ಗಂಡು',',SC',KOOLI',NO'
ALQ1420793',ವರಲಕ್ಷ್ಮಮ್ಮ',ಅಂಜಯ್ಯ',309',33',ಹೆಣ್ಣು',',SC',KOOLI',NO'
ALQ0035675',ಲಕ್ಷ್ಮೀ ನರಸಮ್ಮ',ಅಶ್ವತ್ಥಪ್ಪ',309',33',ಹೆಣ್ಣು',',SC',KOOLI',NO'
ALQ2960391',ಚಂದ್ರಶೇಖರ ಬಿ',ಬಾಲಪ್ಪ',309',22',ಗಂಡು',',SC',KOOLI',NO'
ALQ3144136',ಪ್ರಸನ್ನ ಎ',ಅಂಜಯ್ಯ',309',21',ಗಂಡು',',SC',G',NO'
ALQ3145521',ಪವಿತ್ರ ಹೆಚ್ ಬಿ',ಬಾಲಪ್ಪ',309',20',ಹೆಣ್ಣು',',SC',KOOLI',NO'
MHR3852423',ನರಸಿಂಹಪ್ಪ',ಕೊರಪ್ಪ',310',65',ಗಂಡು',',DEATH',',NO'
ALQ2708428',ನರಸಮ್ಮ',ನರಸಿಂಹಪ್ಪ',311',60',ಹೆಣ್ಣು',',SC',KOOLI',NO'
ALQ2266948',ಅಶ್ವತ್ಥಪ್ಪ ಕೆ ಎನ್',ನರಸಿಂಹಪ್ಪ',311',28',ಗಂಡು',',SC',AUTO DRIVER',NO'
MHR231979€',ಕೆ ನಾರಾಯಣಪ್ಪ',ಕಣ್ಣಪ್ಪ',312',60',ಗಂಡು',',SC',KOOLI',NO'
ALQ3145679',ಭಾನುಪ್ರಸಾದ್',ನರಸಿಂಹಮೂರ್ತಿ',312',24',ಗಂಡು',',SC',KOOLI',NO'
ALQ3144789',ಚಂದ್ರಶೇಖರ್',ನಾರಾಯಣಪ್ಪ',312',24',ಗಂಡು',',SC',KOOLI',NO'
ALQ1420835',ನರಸಮ್ಮ',ಬಾಬಣ್ಣ',313',80',ಹೆಣ್ಣು',',SC',KOOLI',NO'
ALQ1420843',ನರಸಮ್ಮ',ಮುದ್ದಪ್ಪ',314',75',ಹೆಣ್ಣು',',DEATH',',NO'
MHR2192946',ಆದಿಲಕ್ಷ್ಮಮ್ಮ',ನಾರಾಯಣಪ್ಪ',314',55',ಹೆಣ್ಣು',',SC',KOOLI',NO'
MHR2319754',ನಾರಾಯಣಪ್ಪ',ಮುದ್ದಪ್ಪ',314',46',ಗಂಡು',',SC',KOOLI',NO'
MHR4302857',ಮೂರ್ತಿ',ಮುದ್ದಪ್ಪ',314',45',ಗಂಡು',',SC',KOOLI',NO'
MHR2192474',ನರಸಿಂಹಮೂರ್ತಿ',ಗಂಗನ್ನ ಮದ್ರಪ್ಪ',315',73',ಗಂಡು',',DEATH',',NO'
MHR2320679',ವೆಂಕಟಮ್ಮ',ನರಸಿಂಹಪ್ಪ',315',65',ಹೆಣ್ಣು',',SC',KOOLI',NO'
MHR219194€',ಬಾಲರಾಜ',ನರಸಿಂಹಪ್ಪ',315',43',ಗಂಡು',',SC',KOOLI',NO'
MHR2194587',ಪಾರ್ವತಮ್ಮ',ಬಾಲರಾಜು',315',38',ಹೆಣ್ಣು',',SC',KOOLI',NO'
ALQ1420850',ನಾಗರಾಜು',ನರಸಿಂಹಪ್ಪ',315',36',ಗಂಡು',',SC',KOOLI',NO'
MHR4302907',ಕದಿರಪ್ಪ',ಬೋಡೆಪ್ಪ',316',64',ಗಂಡು',',DELETED',',NO'
MHR4302246',ಲಕ್ಷ್ಮಮ್ಮ',ನಾರಾಯಣಪ್ಪ',316',61',ಹೆಣ್ಣು',',SC',KOOLI',NO'
MHR4302261',ರತ್ನಮ್ಮ',ಕದಿರಪ್ಪ',316',43',ಹೆಣ್ಣು',',DELETED',',NO'
MHR4302261',ರತ್ನಮ್ಮ',ಕದಿರಪ್ಪ',316',43',ಹೆಣ್ಣು',',SC',KOOLI',NO'
ALQ2177665',ಕೆಗಂಗಾಧರಪ್ಪ',ಕದಿರಪ್ಪ',316',30',ಗಂಡು',',DELETED',',NO'
MHR2321198',ಸನತ್\u200cಕುಮಾರ್',ನಾರಾಯಣಪ್ಪ',361',39',ಗಂಡು',',SHETBALAJIGA',FARMER',NO'
MHR2192854',ಮಂಜುಳ',ಸನ್ನತ್\u200cಕುಮಾರ್',361',36',ಹೆಣ್ಣು',',SHETBALAJIGA',FARMER',NO'
MHR3851326',ನಾಗರಾಜು',ಕಿಟ್ಟನ್',363',48',ಗಂಡು',',SHETBALAJIGA',FARMER',NO'
MHR3850831',ಅಶ್ವತ್ಥಮ್ಮ',ನಾಗರಾಜು',363',41',ಹೆಣ್ಣು',',SHETBALAJIGA',FARMER',NO'
ALQ2266898',ಬಾಬು ಎನ್',ನಾಗರಾಜು ಎಂ',363',27',ಗಂಡು',',NAYAK',FACTORY WORKER',NO'
MHR3850716',ಎನ್ ನರೇಶ್\u200cಬಾಬು',ಕೆ ಎನ್ ನಾರಾಯಣಪ್ಪ',368',36',ಗಂಡು',',NAYAK',PRIVATE WORKER',NO'
MHR2322055',ಎನ್ ಶಶಿಕುಮಾರ್',ಕೆ ಎನ್ ನಾರಾಯಣಪ್ಪ',368',34',ಗಂಡು',',NAYAK',PRIVATE WORKER',NO'
ALQ3040813',ವಿನೋಧ ಟಿ ಕೆ',ಎನ್ ನರೇಶ್ ಬಾಬು',368',29',ಹೆಣ್ಣು',',NAYAK',GARMENTS',NO'
ALQ2529469',ಕೆ ಮಂಜುಳ',ಕೃಷ್ಣಪ್ಪ',369',23',ಹೆಣ್ಣು',',NAYAK',GARMENTS',NO'
ALQ3118197',ಪ್ರಶಾಂತ್ ಕುಮಾರ್ ಕೆ',ಕೃಷ್ಣಪ್ಪ ಕೆ ಎನ್',369',21',ಗಂಡು',',NAYAK',GARMENTS',NO'
MHR2321180',ಗಂಗರಾಜು',ರಾಮಾಂಜಿನಪ್ಪ',371',38',ಗಂಡು',',NAYAK',KOOLI',NO'
MHR2319564',ಆರ್ ಮೂರ್ತಿ',ರಾಮಾಂಜಿನಪ್ಪ',371',36',ಗಂಡು',',NAYAK',CARBENDER',NO'
ALQ2050201',ಸುಜಾತ ಕೆ ಎನ್',ಗಂಗರಾಜು',371',33',ಹೆಣ್ಣು',',NAYAK',FACTORY',NO'
ALQ2266880',ನಿರ್ಮಲ ಅರ್',ಎನ್ ನಾಗೇಶ್',371',27',ಹೆಣ್ಣು',',NAYAK',KOOLI',NO'
MHR2195402',ಪುಷ್ಪ',ಗೋವಿಂದಪ್ಪ',378',36',ಹೆಣ್ಣು',',NAYAK',KOOLI',NO'
MHR2322253',ವೆಂಕಟೇಶ್',ನಾರಾಯಣಪ್ಪ',379',38',ಗಂಡು',',DEATH',',NO'
MHR2318962',ಬಾಬಾಜಾನ್',ಹುಸೇನ್\u200cಅಲಿ',380',38',ಗಂಡು',',NAYAK',KOOLI',NO'
MHR2192193',ತಿಮ್ಮಕ್ಕ',ನಾರಾಯಣಪ್ಪ',392',74',ಹೆಣ್ಣು',',NAYAK',KOOLI',NO'
MHR2193092',ಭಾಗ್ಯಲಕ್ಷ್ಮಮ್ಮ',ಶಂಕರಪ್ಪ',392',54',ಹೆಣ್ಣು',',NAYAK',KOOLI',NO'
MHR2319432',ರಾಮಚಂದ್ರ',ನಾರಾಯಣಪ್ಪ',392',44',ಗಂಡು',',NAYAK',KOOLI',NO'
MHR2319119',ಶಿವಕುಮಾರ್ ಹೆಚ್ ಎಸ್',ಶಂಕರಪ್ಪ ಎನ್',392',36',ಗಂಡು',',NAYAK',KOOLI',NO'
ALQ3164142',ರಂಗಪ್ಪ',ಶ್ರೀರಾಮಪ್ಪ',392',30',ಗಂಡು',',NAYAK',KOOLI',NO'
ALQ2529436',ಗಾಯತ್ರಿ ಎನ್',ಶಿವ ಕುಮಾರ್ ಹೆಚ್ ಎಸ್',392',26',ಹೆಣ್ಣು',',NAYAK',KOOLI',NO'
MHR2193183',ನಾರಾಯಣಮ್ಮ',ಅಂಜಿನಪ್ಪ',427',40',ಹೆಣ್ಣು',',NAYAK',KOOLI',NO'
MHR2192045',ಹುಸೇನ್\u200cಸಾಬಿ',ಕಾಜಾಸಾಬಿ',429',70',ಗಂಡು',',MUSLIM',KOOLI',NO'
ALQ1421189',ಬದ್ರಹುನ್ನೀಸಾ',ಹುಸೇನ್\u200cಸಾಬಿ',429',60',ಹೆಣ್ಣು',',MUSLIM',KOOLI',NO'
ALQ3054228',ಹೆಚ್ ಪರಹಾನಾ',ಹುಸೇನ್ ಸಾಬ್',429',29',ಹೆಣ್ಣು',',MUSLIM',KOOLI',NO'
ALQ3054236',ರಮೀಜಬಾನು',ಹುಸೇನ್ ಸಾಬಿ',429',27',ಹೆಣ್ಣು',',MUSLIM',KOOLI',NO'
MHR2321891',ಚಿನ್ನಪ್ಪಯ್ಯ',ಬಾನಪ್ಪ ನಾರಾಯಣಪ್ಪ',430',53',ಗಂಡು',',NAYAK',KOOLI',NO'
MHR2192722',ಸುನಂದಮ್ಮ',ಚಿನ್ನಪ್ಪಯ್ಯ',430',44',ಹೆಣ್ಣು',',NAYAK',KOOLI',NO'
MHR3851375',ಅಶ್ವತ್ಥಪ್ಪ',ಲಕ್ಷ್ಮೀನರಸಪ್ಪ',432',58',ಗಂಡು',',NAYAK',KOOLI',NO'
MHR3851383',ಅದಿಲಕ್ಷ್ಮಮ್ಮ',ಅಶ್ವತ್ಥಪ್ಪ',432',50',ಹೆಣ್ಣು',',NAYAK',KOOLI',NO'
MHR2322063',ಅಂಜಪ್ಪ',ಮಿಸಾಲು ಗಂಗಪ್ಪ',433',53',ಗಂಡು',',DEATH',',NO'
MHR2194421',ಗಂಗಲಕ್ಷ್ಮೀ',ಅಂಜಪ್ಪ',433',44',ಹೆಣ್ಣು',',NAYAK',KOOLI',NO'
MHR2322477',ಪೆದ್ದನರಸಿಂಹಪ್ಪ',ಮಿಸಾ ಗಂಗಪ್ಪ',435',48',ಗಂಡು',',DEATH',',NO'
MHR2192698',ಸುಬ್ಬಕ್ಕೆ',ಪೆದ್ದನರಸಿಂಹಪ್ಪ',435',38',ಹೆಣ್ಣು',',NAYAK',KOOLI',NO'
MHR2319218',ಸಾಹಿದಾ',ರಹಮಾನ್\u200cಸಾಬಿ',436',53',ಹೆಣ್ಣು',',MUSLIM',KOOLI',NO'
ALQ2050086',ರಘುನಾಥ ಹೆಚ್ ಎ',ಅಶ್ವತ್ಥಪ್ಪ',437',29',ಗಂಡು',',DELETED',',NO'
ALQ3194990',ಆರತಿ',ರಘುನಾಥ ಹೆಚ್',437',23',ಹೆಣ್ಣು',',DELETED',',NO'
MHR2322782',ಇದಾಯಿತ್ತ್ತುಲ್ಲಾ',ಅನ್ವರ್\u200cಸಾಬಿ',438',48',ಗಂಡು',',MUSLIM',KOOLI',NO'
MHR2193738',ಚಾನ್\u200cಪಾಷಾ',ಗೌಸ್\u200cಪೀರ್',439',53',ಗಂಡು',',MUSLIM',KOOLI',NO'
MHR2196582',ರಿಹಾನ',ಚಾಂದ್ ಬಾಷ',439',46',ಹೆಣ್ಣು',',MUSLIM',KOOLI',NO'
MHR2321685',ಮುನಿಯಪ್ಪ',ಸೊಣ್ಣಪ್ಪ',440',76',ಗಂಡು',',SC',KOOLI',NO'
ALQ3023603',ಸಣ್ಣಮ್ಮ',ಮುನಿಯಪ್ಪ',440',58',ಹೆಣ್ಣು',',NAYAK',KOOLI',NO'
MHR2192011',ಕರಗಪ್ಪ',ಮುನಿಯಪ್ಪ',440',39',ಗಂಡು',',NAYAK',KOOLI',NO'
MHR2191997',ಎಂ ದೇವರಾಜು',ಮುನಿಯಪ್ಪ',440',38',ಗಂಡು',',NAYAK',KOOLI',NO'
MHR2192029',ಮೀನಮ್ಮ',ದೇವರಾಜ ಎಂ',440',30',ಹೆಣ್ಣು',',NAYAK',KOOLI',NO'
ALQ2998664',ನಾಗಮಣಿ ಎಂಎ',ಎನ್ ಆನಂದ ಕುಮಾರ್',728',36',ಹೆಣ್ಣು',',SC',GARMENTS',NO'
MHR4301263',ಮಂಗಮ್ಮ',ಜಗನ್ನಾಥ',1158',33',ಹೆಣ್ಣು',',NAYAK',KOOLI',NO'
MHR2192029',ಗಂಗಾಧರಪ್ಪ',ಮಿಸಾಲುಗಂಗಪ್ಪ',1222',58',ಗಂಡು',',DELETED',',NO'
MHR2320505',ರಾಮಾಂಜಿನಮ್ಮ',ಗಂಗಾಧರಪ್ಪ',1224',47',ಹೆಣ್ಣು',',DELETED',',NO'
ALQ2127009',ಪಾರ್ವತಮ್ಮ',ಅಶ್ವತ್ಥಪ್ಪ',1242',44',ಹೆಣ್ಣು',',SC',KOOLI',NO'
ALQ2266930',ಗಂಗರಾಜ ವಿ',ವೆಂಕಟರವಣಪ್ಪ',136 ಎ',28',ಗಂಡು',',SC',GARMENTS',NO'
ALQ2333334',ನರಸಮ್ಮ ಜಿ ಟಿ',ಸನ್ನರಾಮಕ್ರಷ್ಣಪ್ಪ',144ಎ',31',ಹೆಣ್ಣು',',SC',KOOLI',NO'
ALQ1419894',ಗಂಗಾಧರಪ್ಪ',ನಾಗಪ್ಪ',258 1',36',ಗಂಡು',',SC',KOOLI',NO'
MHR2191344',ಅಂಜಯ್ಯ',ನರಸಿಂಹಪ್ಪ',259 1',41',ಗಂಡು',',SC',KOOLI',NO'
MHR2320141',ಶಿವಮ್ಮ',ಅಂಜಯ್ಯ',259 1',38',ಹೆಣ್ಣು',',SC',KOOLI',NO'
ALQ1420041',ಗೌರಮ್ಮ',ನರಸಪ್ಪ',270',77',ಹೆಣ್ಣು',',SC',KOOLI',NO'
MHR2323095',ನಂಜುಂಡಯ್ಯ ಎನ್',ನರಸಪ್ಪ',270',37',ಗಂಡು',',SC',TALUK OFFICE',NO'
ALQ2330660',ನಾಗರತ್ನಮ್ಮ',ನಂಜುಂಡಯ್ಯ ಎನ',270',26',ಹೆಣ್ಣು',',SC',GARMENTS',NO'
ALQ2461473',ಬಾಲಚಂದ್ರ',ಗಂಗಪ್ಪ',ಹೆಚ್ 280',27',ಗಂಡು',',SC',KOOLI',NO'
ALQ2050219',ನಂದಿನಿ ಕೆ',ರಾಜಪ್ಪ ಎನ್',287/1',28',ಹೆಣ್ಣು',',SC',KOOLI',NO'
MHR4301545',ರಾಜಪ್ಪ ಎನ್',ನರಸಿಂಹಪ್ಪ',287/1',36',ಗಂಡು',',SC',KOOLI',NO'
MHR4300935',ಸುಶೀಲಮ್ಮ',ಬಾಲಪ್ಪ',289 ಬಿ',34',ಹೆಣ್ಣು',',SC',KOOLI',NO'
MHR4301586',ಭಾಗ್ಯಮ್ಮ',ಬಿ ಶಿವಪ್ಪ',289 ಬಿ',33',ಹೆಣ್ಣು',',SC',KOOLI',NO'
ALQ1420462',ಶಾರದ',ಟಿ ಕೃಷ್ಣಪ್ಪ',293/1',44',ಹೆಣ್ಣು',',SC',KOOLI',NO'
ALQ0035436',ಎನ್ ನಾರಾಯಣಸ್ವಾಮಿ',ಸರಸಿಂಹಪ್ಪ',305/1',42',ಗಂಡು',',SC',KOOLI',NO'
ALQ1420728',ಗಂಗರಾಜಮ್ಮ',ನಾರಾಯಣಸ್ವಾಮಿ',305/1',41',ಹೆಣ್ಣು',',SC',KOOLI',NO'
ALQ3221710',ಅನಿತ ಸಿ',ಅಶ್ವಥಪ್ಪ ಕೆ ಎನ್',311',20',ಹೆಣ್ಣು',',SC',GARMENTS',NO'
MHR3852498',ಭಾಗ್ಯಮ್ಮ',ಮೂರ್ತಿ',314/1',37',ಹೆಣ್ಣು',',SC',KOOLI',NO'
ALQ3054269',ಸಂದೀಪ್ ಕೆ',ಕದಿರಪ್ಪ ಬಿ',316',23',ಗಂಡು',',DELETED',',NO'
MHR2322964',ನಾಗರಾಜ',ಮೊಫುರಪ್ಪ',363/1',38',ಗಂಡು',',DEATH',',NO'
MHR2196004',ಅಂಜಿನಮ್ಮ',ನಾಗರಾಜು',363/1',37',ಹೆಣ್ಣು',',SHETBALAJIGA',KOOLI',NO'
ALQ2998714',ಕೃಷ್ಣಮೂರ್ತಿ ಎಂ',ವೆಂಕಟೇಶಪ್ಪ',363/1',32',ಗಂಡು',',SHETBALAJIGA',KOOLI',NO'
ALQ2998672',ಎನ್ ಬೇಬಿ',ನಾಗರಾಜು',363/1',29',ಹೆಣ್ಣು',',SHETBALAJIGA',KOOLI',NO'
ALQ2050110',ಹೆಚ್ ಜಿ ಚರಣ್ ಕುಮಾರ್',ಗಂಗಾಧರಪ್ಪ',363/1',31',ಗಂಡು',',SC',KOOLI',NO'
ALQ2195865',ರತ್ನಮ್ಮ',ಗಂಗಾಧರಪ್ಪ',363/1',44',ಹೆಣ್ಣು',',NAYAK',KOOLI',NO'
MHR2191963',ಗಂಗಾಧರಪ್ಪ',ಕು ವಿ ಗಂಗಪ್ಪ',363/1',40',ಗಂಡು',',NAYAK',KOOLI',NO'
MHR4301974',ಅಶ್ವತ್ಥಮ್ಮ',ಕೆ ಎನ್ ಕೃಷ್ಣ',369ಎ',43',ಹೆಣ್ಣು',',NAYAK',KOOLI',NO'
ALQ1421080',ನರಸಮ್ಮ',ಹನುಮಂತರಾಯಪ್ಪ',371/1',70',ಹೆಣ್ಣು',',NAYAK',KOOLI',NO'
MHR4302311',ಹೆಚ್ ಹನುಮಂತರಾಯಪ್ಪ',ಹನುಮಂತರಾಯ',371/1',40',ಗಂಡು',',NAYAK',KOOLI',NO'
ALQ1421072',ಗಂಗಮ್ಮ',ಹೆಚ್ ಹನುಮಂತರಾಯಪ್ಪ',371/1',35',ಹೆಣ್ಣು',',NAYAK',KOOLI',NO'
ALQ2050102',ಎನ್ ನಾಗೇಶ್ ತಾಯಿಯ',ಮುದ್ದಮ್ಮ',371/1',32',ಗಂಡು',',NAYAK',KOOLI',NO'
ALQ2050243',ಮಂಜುನಾಥ್ ಎನ್',ನರಸಿಂಹಮೂರ್ತಿ',379/1',29',ಗಂಡು',',NAYAK',KOOLI',NO'
MHR2192581',ದಾಳಮ್ಮ',ಗೋವಿಂದಪ್ಪ',379/1',68',ಹೆಣ್ಣು',',NAYAK',KOOLI',NO'
ALQ2195782',ಮೂರ್ತಿ',ಗೋವಿಂದಪ್ಪ',379/1',48',ಗಂಡು',',NAYAK',KOOLI',NO'
MHR219536C',ನಂಜಮ್ಮ',ಮೂರ್ತಿ',379/1',40',ಹೆಣ್ಣು',',NAYAK',KOOLI',NO'
ALQ1421130',ತಿಪ್ಪನ್ನ',ಕೊಂಡಪ್ಪ',379/2',44',ಗಂಡು',',SC',WATERMAN',NO'
ALQ1421148',ಲಕ್ಷ್ಮೀನರಸಮ್ಮ',ತಿಪ್ಪನ್ನ',379/2',37',ಹೆಣ್ಣು',',SC',KOOLI',NO'
MHR2322725',ನಾಗಪ್ಪ',ಗಂಗಪ್ಪ',649ಎ',60',ಗಂಡು',',NAYAK',KOOLI',NO'
ALQ3222387',ಗೋವಿಂದರೆಡ್ಡಿ ಜಿ',ಗಂಗರೆಡ್ಡಿ ಹೆಚ್ ಆರ್',710',22',ಗಂಡು',',REDDY',FARMER',NO'
ALQ2461432',ಎಲ್ ಜ್ಯೋತಿ',ಎನ್ ನಾಗರಾಜ್',746/1',29',ಹೆಣ್ಣು',',REDDY',GARMENTS',NO'
ALQ1421205',ಸರಳ',ದೇವರು',759/1',33',ಹೆಣ್ಣು',',NAYAK',KOOLI',NO'
ALQ2529535',ರವಿ ಜಿ',ಗಂಗಪ್ಪ',759/1',30',ಹೆಣ್ಣು',',SC',KOOLI',NO'
ALQ2461457',ಎನ್ ನಾಗರಾಜ್',ನರಸಿಂಹಪ್ಪ',764/1',30',ಗಂಡು',',ST',KOOLI',NO'
ALQ2126977',ಹಸೀನ ',ಷಹೀದಾ',1171 ಎ',33',ಹೆಣ್ಣು',',MUSLIM',KOOLI',NO'
ALQ3228921',ಅನಿತ ಸೀ ಅಶ್ವಥಪ್ಪ ಕೆ ಎನ್',ಪತ',',20',ಹೆಣ್ಣು',',SHETBALAJIGA',KOOLI',NO'
ALQ3228939',ರಾಜೇಂದ್ರ ಎ',ಅಂಜಿನಪ್ಪ',',33',ಗಂಡು',',ST',GARE',NO'
ALQ3228947',ಪ್ರೇಮ್ ಕುಮಾರ್',ಗೋವಿಂದಪ್ಪ',',21',ಗಂಡು',',ST',KOOLI',NO'
ALQ3228954',ದೀಪಕ್ ಕುಮಾರ್ ಎನ್',ನಾರಾಯಣ ಸ್ವಾಮಿ',0',19',ಗಂಡು',',DELETED',',NO'
ALQ3228962',ಚೆನ್ನಮ್ಮ',ಗಂಗಪ್ಪ',',65',ಹೆಣ್ಣು',',SC',KOOLI',NO'
ALQ3228970',ರತ್ನಮ್ಮ',ನರಸಿಂಹಪ್ಪ',',32',ಹೆಣ್ಣು',',SC',',YES'
ALQ3228988',ಮಂಗಮ್ಮ ಎನ್ ವಿ',ನಿರಂಜನ್',205',23',ಹೆಣ್ಣು',',NAYAK',GARMENTS',NO'
ALQ3239548',ಅನಂದ ಕುಮಾರ್ ಎನ್',ನರಸಪ್ಪ',220',19',ಗಂಡು',',SC',KOOLI',NO'
ALQ3241262',ಗೌರಮ್ಮ',ನರಸಿಂಹಪ್ಪ',115',60',ಹೆಣ್ಣು',',SC',KOOLI',NO'
ALQ3249604',ಜ್ಯೋತಿ ಎ',ಚಕ್ರಪಾಣಿ',0',18',ಹೆಣ್ಣು',',SC',KOOLI',NO'
ALQ3249638',ಮಣಿ ಎ',ಅಶ್ವಥಪ್ಪ',0',18',ಹೆಣ್ಣು',',SC',KOOLI',NO'
ALQ3249646',ಭಾರತ್ ಎಂ',ಮಂಜುನಾಥ ಸಿ',0',20',ಗಂಡು',',NAYAK',KOOLI',NO'
ALQ3252616',N MANJULA ',SURESH G',0',24',ಹೆಣ್ಣು',',SC',KOOLI',NO'
ALQ3255668',GAYATRI ',SURESH BABU A ',',26',ಹೆಣ್ಣು',',SC',GARMENTS',NO'
ALQ3255676',PAVAN KUMAR N ',NAGARAJAPA',251',19',ಗಂಡು',',SC',STUDENT',NO'
ALQ3255742',MANJULA N ',HANUMANTHARAYAPA',278',37',ಹೆಣ್ಣು',',SC',HOUSE -WIFE',NO'
ALQ3263365',YASEEN KHAN',SHANA VAS KHAN',18',18',ಗಂಡು',',MUSLIM',STUDENT',NO'
ALQ3268810',GANGOTRI B ',SURESH N ',',19',ಹೆಣ್ಣು',',ST',STUDENT',NO'