ALQ3211893',ಮಮತ ಸಿ',ಚಿನ್ನಪ್ಪಯ್ಯ',0',19',ಹೆಣ್ಣು',',UPPARA',FARMER',NO'
ALQ3046778',ಸುಬ್ಬರೆಡ್ಡಿ',ಕೊಂಡರೆಡ್ಡಿ',0',48',ಗಂಡು',',REDDY',FARMER',NO'
ALQ2438331',ನಾಗಮಣಿ',ಆನಂದ',0',30',ಹೆಣ್ಣು',',BHOVI',FARMER',NO'
ALQ3071693',ವಿನುಥ ಜಿ ಹೆಚ್',HANUMANTHARAYAPPA',0',25',ಹೆಣ್ಣು',',DELETED',',NO'
ALQ3071669',ಮಂಜುಳ',ಎಲ್ ಪ್ರಕಾಶ್',0',24',ಹೆಣ್ಣು',',NAYAK',HOUSE -WIFE',NO'
ALQ2955524',ಕೂರ್ಲಪಲ್ಲಿ ಹೇಮಾವತಿ',ಬೈರಾರೆಡ್ಡಿ',0',23',ಹೆಣ್ಣು',',REDDY',FARMER',NO'
ALQ3071685',ಅಭಿಲಾಷ ಹೆಚ್',ಹನುಮಂತರಾಯಪ್ಪ',0',22',ಗಂಡು',',NAYAK',CHICKEN-SHOP',NO'
ALQ3129384',ಸುಮಾ ಕೆ ಎ',ಆನಂದ',1',30',ಹೆಣ್ಣು',',REDDY',PVT-TEACHER',NO'
ALQ3129400',ಸಿ ಎನ್ ಲಕ್ಷ್ಮೀ',ಟಿ ಬಾಲಕೃಷ್ಣಾರೆಡ್ಡಿ',1',58',ಹೆಣ್ಣು',YES',REDDY',SALES-BUSINES',NO'
ALQ2963098',ಮೇಘನ ಎಲ್ ',ಲಕ್ಷ್ಮಣ ರೆಡ್ಡಿ',1',24',ಹೆಣ್ಣು',',DELETED',',NO'
ALQ3170537',ಶ್ರೀನಾಥ',ಬೈರಾರೆಡ್ಡಿ',1',19',ಗಂಡು',',REDDY',FARMER',NO'
ALQ 1063072',ಎಸ್ ತಿಪ್ಪರೆಡ್ಡಿ',ಸಂಜೀವರೆಡ್ಡಿ',1',58',ಗಂಡು',',REDDY',FARMER',NO'
ALQ1063080',ಸರಸ್ವತಮ್ಮ',ತಿಪ್ಪರೆಡ್ಡಿ',1',50',ಹೆಣ್ಣು',',REDDY',HOUSE -WIFE',NO'
ALQ1063098',ಲಕ್ಷ್ಮಣರೆಡ್ಡಿ',ಸಂಜೀವರೆಡ್ಡಿ',1',48',ಗಂಡು',',REDDY',FARMER',NO'
ALQ1063106',ಬೈರಾರೆಡ್ಡಿ',ಸಂಜೀವರೆಡ್ಡಿ',1',45',ಗಂಡು',',REDDY',FARMER',NO'
CTR2125623',ಪ್ರಮೀಳಮ್ಮ',ಬೈರರೆಡ್ಡಿ',1',45',ಹೆಣ್ಣು',',REDDY',HOUSE -WIFE',NO'
ALQ1063114',ಹೆಚ್ ಎ ಅನಿತ',ಲಕ್ಷ್ಮಣ ರೆಡ್ಡಿ',1',44',ಹೆಣ್ಣು',',REDDY',HOUSE -WIFE',NO'
CTR2125318',ಬಾಲಕೃಷ್ಮರೆಡ್ಡಿ',ತಿಪ್ಪರೆಡ್ಡಿ',1',37',ಗಂಡು',YES',REDDY',SALES-BUSINESS',NO'
CTR2125292',ನಾಗರಾಜ ',NARASIMHAPPA',1',36',ಗಂಡು',',DELETED',',NO'
CTR5560594',ಜಿ ಟಿ ಆನಂದ ಕುಮಾರ್',ಎಸ್ ತಿಪ್ಪರೆಡ್ಡಿ',1',34',ಗಂಡು',',REDDY',FARMER',NO'
ALQ3045887',ಮಂಜುನಾಥ ಬಿ',ಬೈರಾರೆಡ್ಡಿ',1',21',ಗಂಡು',',REDDY',FARMER',NO'
ALQ1814037',ವೆಂಕಟಲಕ್ಷ್ಮಮ್ಮ',ಹನುಮಂತಪ್ಪ',',61',ಹೆಣ್ಣು',YES',NAYAK',AGED',NO'
ALQ1814045',ಲಕ್ಕಿ',ಆದಿನಾರಾಯಣಪ್ಪ',',31',ಹೆಣ್ಣು',',NAYAK',SHEEP-FARMING',NO'
ALQ1814011',ಎನ್ ಮೂರ್ತಿ',ನಾಗಪ್ಪ',',30',ಗಂಡು',',NAYAK',KOOLI',NO'
ALQ1814029',ಜೆ ಆಂಜಿನಪ್ಪ',ಗಂಗಪ್ಪ',',29',ಗಂಡು',YES',NAYAK',',NO'
ALQ1814086',ಮುನಿಕೃಷ್ಣಪ್ಪ ',HANUMANTHAPP',',45',ಗಂಡು',',DELETED',',NO'
ALQ1814078',ಎನ್ ಮಂಜುನಾಥ',ನಾಗರಾಜ',',30',ಗಂಡು',',KURUBA',KOOLI',NO'
ALQ1814060',ಪ್ರಭಾಕರ ಎ',ಅಶ್ವತ್ಥಪ್ಪ',',29',ಗಂಡು',',NAYAK',SMALL-SHOP',NO'
ALQ1063122',ನರಸಮ್ಮ',ಗಂಗಾಧರಪ್ಪ',2',50',ಹೆಣ್ಣು',',NAYAK',KOOLI',NO'
CTR2124659',ನಾಗಪ್ಪ ತಾಯಿಯ',ಮಾರಕ್ಕೆ',2',40',ಗಂಡು',',NAYAK',KOOLI',NO'
ALQ1063148',ಮುನಿಯಪ್ಪ',ಗಂಗಪ್ಪ',3',60',ಗಂಡು',',NAYAK',FARMER',NO'
ALQ1063155',ಆದಿನಾರಾಯಣಪ್ಪ',ಗಂಗಪ್ಪ',3',56',ಗಂಡು',',NAYAK',FARMER',NO'
ALQ1063163',ದಾಳಮ್ಮ',ಆದಿನಾರಾಯಣಪ್ಪ',3',55',ಹೆಣ್ಣು',',NAYAK',HOUSE -WIFE',NO'
ALQ1063171',ರಾಮಾಂಜಿನಪ್ಪ',ಗಂಗಪ್ಪ',3',47',ಗಂಡು',YES',NAYAK',FACTORY WORKER',NO'
ALQ1063189',ಗಂಗಾರಾಜಮ್ಮ',ರಾಮಾಂಜೀನಪ್ಪ',3',38',ಹೆಣ್ಣು',YES',NAYAK',HOUSE -WIFE',NO'
ALQ0427187',ಚಿಕ್ಕರಾಮಪ್ಪ',ನಡಿಪಣ್ಣ',4',81',ಗಂಡು',',SHETBALAJIGA',FARMER',NO'
ALQ0427179',ಶ್ರೀನಿವಾಸ',ಚಿಕ್ಕರಾಮಪ್ಪ',4',45',ಗಂಡು',',SHETBALAJIGA',FARMER',NO'
ALQ1063213',ಜಯಮ್ಮ',ನಾಗರಾಜಪ್ಪ',4',45',ಹೆಣ್ಣು',',SHETBALAJIGA',SHEEP-FARMING',NO'
ALQ1063205',ವೆಂಕಟೇಶ',ಚಿಕ್ಕರಾಮಪ್ಪ',4',44',ಗಂಡು',',SHETBALAJIGA',SHEEP-FARMING',NO'
ALQ0427161',ನಾಗಲಕ್ಷ್ಮಿ',ವೆಕಂಟೇಶ್',4',38',ಹೆಣ್ಣು',',SHETBALAJIGA',HOUSE -WIFE',NO'
ALQ0427138',ಮಮತ ಎ',ನರಸಿಂಹ ಮೂರ್ತಿ',5',35',ಹೆಣ್ಣು',',NAYAK',SCHOOL-HELPER',NO'
ALQ1063239',ಗಂಗಪ್ಪ',ನರಸಿಂಹಪ್ಪ',5',80',ಗಂಡು',',NAYAK',KOOLI',NO'
ALQ1063247',ನರಸಮ್ಮ',ಗಂಗಪ್ಪ',5',71',ಹೆಣ್ಣು',',NAYAK',KOOLI',NO'
ALQ1063254',ನರಸಿಂಹಮೂರ್ತಿ',ಗಂಗಪ್ಪ',5',45',ಗಂಡು',',NAYAK',KOOLI',NO'
ALQ 1063262',ಆದಿಲಕ್ಷ್ಮಮ್ಮ',ರಾಮಾಂಜಿನಪ್ಪ',5',44',ಹೆಣ್ಣು',YES',NAYAK',FARMER',NO'
CTR2124881',ಅಂಜೀನಮ್ಮ',ಗಂಗಪ್ಪ',5',37',ಹೆಣ್ಣು',YES',NAYAK',GARMENTS',NO'
ALQ1814094',ವಿ ರಾಮಕೃಷ್ಣ',ವೆಂಕಟೇಶಪ್ಪ',6',29',ಗಂಡು',',KURUBA',SHEEP-FARMING',NO'
ALQ3003548',ಬಾಲಕೃಷ್ಣ ವಿ',ವೆಂಕಟೇಶಪ್ಪ',6',26',ಗಂಡು',',KURUBA',SHEEP-FARMING',NO'
ALQ1063296',ವೆಂಕಟೇಶಪ್ಪ',ಆಂಜಿನಪ್ಪ',6',60',ಗಂಡು',',KURUBA',SHEEP-FARMING',NO'
ALQ0426247',ರತ್ನಮ್ಮ',ವೆಂಕಟೇಶಪ್ಪ',6',53',ಹೆಣ್ಣು',',KURUBA',SHEEP-FARMING',NO'
ALQ3003522',ಎನ್ ಎಸ್ ಮಮತ',ರಾಮಕೃಷ್ಣ ವಿ',6',26',ಹೆಣ್ಣು',',KURUBA',SHEEP-FARMING',NO'
ALQ1065507',ನಾಗರಾಜು',ಆದಿನಾರಾಯಣರ್ರೆ',8',72',ಗಂಡು',',REDDY',WELDING',NO'
ALQ2102895',ಟಿ ಶ್ರೀನಾಥ್',ತಿಪ್ಪ ರೆಡ್ಡಿ',8',28',ಗಂಡು',',REDDY',FARMER',NO'
ALQ2105104',ಹರೀಶ ಬಾಬುಟಿ ಎಸ್',ತಿಪ್ಪ ರೆಡ್ಡಿ',8',27',ಗಂಡು',',REDDY',FARMER',NO'
ALQ1063312',ತಿಪ್ಪರೆಡ್ಡಿ',ನಾರಾಯಣಪ್ಪ',8',55',ಗಂಡು',',REDDY',FARMER',NO'
ALQ1063320',ಪಾಪಕ್ಕ',ತಿಪ್ಪರೆಡ್ಡಿ',8',48',ಹೆಣ್ಣು',',REDDY',HOUSE -WIFE',NO'
ALQ3085032',ಟಿ ನಿರ್ಮಲ',ಹರೀಶ್ ಬಾಬುಟಿ ಎಸ್',೬',33',ಹೆಣ್ಣು',',REDDY',HOUSE -WIFE',NO'
ALQ3085024',ಸುಮ ಜಿ ಎನ್',ಟಿ ಶ್ರೀನಾಥ',8',27',ಹೆಣ್ಣು',YES',REDDY',HOUSE -WIFE',NO'
ALQ3084522',ಪ್ರಿಯಾಂಕ ಎನ್',ನಾಗರಾಜ',8',20',ಹೆಣ್ಣು',',REDDY',STUDENT',NO'
ALQ1063338',ನಂಜಮ್ಮ',ಬಾಬಣ್ಣ',9',75',ಹೆಣ್ಣು',',NEGARU',AGED',NO'
ALQ0426148',ಲಕ್ಷ್ಮಿ ನಾರಾಯಣ',BABANNA',9',55',ಗಂಡು',',DELETED',',NO'
ALQ1063346',ಲಕ್ಷ್ಮಿದೇವಮ್ಮ',ಲಕ್ಷ್ಮೀನಾರಾಯಣಪ್ಪ',9',50',ಹೆಣ್ಣು',',NEGARU',KOOLI',NO'
CTR2125417',ರಾಮಾಂಜೀನಪ್ಪ',ಬಾಬಣ್ಣ',9',38',ಗಂಡು',',NEGARU',KOOLI',NO'
ALQ3120995',ಶೈಲಜ ವ್ಯ ಎನ್',ರಾಮಾಂಜಿನಪ್ಪ',9',23',ಹೆಣ್ಣು',',NEGARU',KOOLI',NO'
ALQ1063379',ಸಿದ್ದಮ್ಮ',ನಾರಾಯಣಪ್ಪ',10',55',ಹೆಣ್ಣು',',UPPARA',KOOLI',NO'
ALQ1063395',ಹನುಮಂತರಾಯಪ್ಪ',ಸೋಮಯ್ಯ',11',60',ಗಂಡು',',NAYAK',FARMER',NO'
ALQ1063403',ರಾಮಾಂಜಿನಪ್ಪ',ಸೋಮಯ್ಯ',11',55',ಗಂಡು',',NAYAK',FARMER',NO'
ALQ1063411',ಸರಸ್ವತಮ್ಮ',ಹನುಮಂತರಾಯಪ್ಪ',11',50',ಹೆಣ್ಣು',',NAYAK',HOUSE -WIFE',NO'
ALQ2516300',ರಮೇಶ ಜಿ ಹೆಚ್',ಹನುಮಂತರಾಯ',11',24',ಗಂಡು',',NAYAK',HOUSE -WIFE',NO'
ALQ1063429',ನರಸಿಂಹಪ್ಪ ',ANJANAPPA',12',65',ಗಂಡು',',DELETED',',NO'
ALQ1063437',ಆದಿಲಕ್ಷ್ಮಮ್ಮ',ನರಸಿಂಹಪ್ಪ ',12',55',ಹೆಣ್ಣು',',DELETED',',NO'
ALQ1063445',ತಿಮ್ಮಪ್ಪ',ಕೊಂಡಪ್ಪ',13',70',ಗಂಡು',',SHETBALAJIGA',FARMER',NO'
ALQ1063452',ಆದಿಲಕ್ಷ್ಮಮ್ಮ',ತಿಮ್ಮಪ್ಪ',13',62',ಹೆಣ್ಣು',',SHETBALAJIGA',HOUSE -WIFE',NO'
ALQ0427088',ಜಿ ಎ ಗೌರಿ',ಜಿ ಟಿ ಆದಿನಾರಾಯಣ',13',37',ಹೆಣ್ಣು',YES',SHETBALAJIGA',FACTORY WORKER',NO'
ALQ 1063478',ಶ್ರೀರಾಮಪ್ಪ',ವೀರನಾಗಪ್ಪ',14',60',ಗಂಡು',',EDIGA',FARMER',NO'
ALQ1063486',ವೆಂಕಟಲಕ್ಷ್ಮಮ್ಮ',ಶ್ರೀರಾಮಪ್ಪ',14',59',ಹೆಣ್ಣು',',EDIGA',KOOLI',NO'
ALQ1063494',ಅಶ್ವತ್ಥಪ್ಪ',ವೀರನಾಗಪ್ಪ',14',55',ಗಂಡು',',EDIGA',KOOLI',NO'
ALQ2137024',ನಾಗೇಶ ಎಸ್',ಶ್ರೀರಾಮಪ್ಪ',14',31',ಗಂಡು',YES',EDIGA',PRIVATE JOB',NO'
ALQ2137040',ಲಕಿನಾರಾಯಣ ಎಸ್',ಶ್ರೀರಾಮಪ್ಪ',14',28',ಗಂಡು',YES',EDIGA',PRIVATE JOB',NO'
ALQ3129426',ಲಕ್ಷ್ಮೀದೇವಿ ಕೆ ಎಸ್',ನಾಗೇಶ್ ಎಸ್',14',24',ಹೆಣ್ಣು',YES',EDIGA',HOUSE -WIFE',NO'
ALQ 1063536',ಅಕ್ಕಯ್ಯಮ್ಮ',ಹನುಮಂತಚಾರ್',16',75',ಹೆಣ್ಣು',',ACHARI',AGED',NO'
ALQ1063544',ಆದಿನಾರಾಯಣಚಾರ್',ಹನುಮಂತಚಾರ್',16',60',ಗಂಡು',',ACHARI',KOOLI',YES'
ALQ3003555',ರಾಘವೇಂದ್ರ ಎ',ಆದಿನಾರಾಯಣಚಾರ್',16',22',ಗಂಡು',',ACHARI',FACTORY WORKER',NO'
ALQ1063551',ಅಶ್ವತ್ಥಪ್ಪ',ಆಂಜಿನಪ್ಪ',17',65',ಗಂಡು',',SHETBALAJIGA',FARMER',NO'
ALQ 1063601',ಬಾಗ್ಯಮ್ಮ',ನರಸಿಂಹರೆಡ್ಡಿ',20',55',ಹೆಣ್ಣು',',REDDY',FARMER',NO'
CTR2125482',ಎನ್ ಹನುಮಂತರೆಡ್ಡಿ',ನರಸಿಂಹರೆಡ್ಡಿ',20',40',ಗಂಡು',',REDDY',WOOD-MERCHANT',NO'
CTR2124618',ಎನ್ ಲೋಕೆಶ್',ನರಸಿಂಹರೆಡ್ಡಿ',20',37',ಗಂಡು',',REDDY',FARMER',NO'
ALQ3084381',ಅಶ್ವಿನಿ ಪಿ',ಲೋಕೇಶ ಎನ್',20',21',ಹೆಣ್ಣು',',REDDY',HOUSE -WIFE',NO'
ALQ1063668',ಅಶ್ವತ್ಥಪ್ಪ',ನರಸಪ್ಪ',21',53',ಗಂಡು',',UPPARA',KOOLI',NO'
ALQ1063676',ರತ್ನಮ್ಮ',ಅಶ್ವತ್ಥಪ್ಪ',21',48',ಹೆಣ್ಣು',',UPPARA',KOOLI',NO'
ALQ2955516',ಮಂಜುನಾಥ್ ಜಿ ಎ',ಅಶ್ವತ್ತಪ್ಪ',21',23',ಗಂಡು',',UPPARA',KOOLI',NO'
ALQ3129418',ನವೀನ್ ಕುಮಾರ್ ಎ',ಅಶ್ವಥಪ್ಪ',21',20',ಗಂಡು',',UPPARA',KOOLI',NO'
CTR2124832',ನಾಗಪ್ಪ',ವೀರನಾಗಪ್ಪ',23',60',ಗಂಡು',',EDIGA',KOOLI',NO'
ALQ1063684',ಗಂಗಮ್ಮ',ನಾಗಪ್ಪ',3',50',ಹೆಣ್ಣು',',EDIGA',KOOLI',NO'
ALQ1063692',ತಾಡಪ್ಪ',ನಾಗಪ್ಪ',3',44',ಗಂಡು',',EDIGA',KOOLI',NO'
CTR2125342',ರಾಮಾಂಜೀನಪ್ಪ',ನಾಗಪ್ಪ',23',36',ಗಂಡು',YES',EDIGA',FACTORY WORKER',NO'
ALQ1063700',ಲಕ್ಷ್ಮಮ್ಮ',ಲಕ್ಷ್ಮಪ್ಪ',24',60',ಹೆಣ್ಣು',',UPPARA',AGED',NO'
ALQ1063718',ಅಶ್ವತ್ಥಪ್ಪ',ಕದಿರಪ್ಪ',24',49',ಗಂಡು',',UPPARA',KOOLI',NO'
ALQ1063734',ಗೋವಿಂದಪ್ಪ',ರಾಮಪ್ಪ',25',60',ಗಂಡು',',UPPARA',KOOLI',NO'
ALQ1063742',ಚೆನ್ನಪ್ಪಯ್ಯ',ರಾಮಪ್ಪ',5',55',ಗಂಡು',',UPPARA',SHEEP-FARMING',NO'
ALQ1063759',ಗಂಗಮ್ಮ',ಗೋವಿಂದಪ್ಪ',25',55',ಹೆಣ್ಣು',',UPPARA',KOOLI',NO'
ALQ 1063767',ರಾಮಾಂಜಿನಮ್ಮ',ಚಿನ್ನಪ್ಪಯ್ಯ',25',47',ಹೆಣ್ಣು',',UPPARA',SHEEP-FARMING',NO'
ALQ2966844',ತಿಪ್ಪಕ್ಕ ಜಿ',ಗೋವಿಂದಪ್ಪ',25',23',ಹೆಣ್ಣು',YES',UPPARA',HOUSE -WIFE',NO'
ALQ2966851',ರಮೇಶ ಜಿ',ಗೋವಿಂದಪ್ಪ',25',22',ಗಂಡು',',UPPARA',KOOLI',NO'
ALQ3086147',ಲಕ್ಷ್ಮೀಪತಿ ಜಿ',ಗೋವಿಂದಪ್ಪ',25',20',ಗಂಡು',',UPPARA',KOOLI',NO'
ALQ1063775',ಸತ್ಯನಾರಾಯಣಶೆಟ್ಟಿಡಿ ಜೆ',ಡಿ ಜಯರಾಮಯ್ಯ',28',56',ಗಂಡು',',VAISHYA',HOLESALE-SHOP',NO'
CTR2125680',ಚಂದ್ರಕಳಾ',ಡಿ ಜೆ ಸತ್ಯನಾರಾಯಣಶೆಟ್ಟಿ',28',54',ಹೆಣ್ಣು',',VAISHYA',HOUSE -WIFE',NO'
ALQ1063783',ಶ್ರೀನಿವಾಸಯ್ಯ ಡಿ ಜೆ',ಡಿ ಜಯರಾಮು',28',52',ಗಂಡು',',VAISHYA',HOLESALE-SHOP',NO'
CTR5560578',ಕೆ ಎಸ್ ಸುಮಾ',ಡಿ ಜೆ ಶ್ರೀನಿವಾಸಯ್ಯ',28',49',ಹೆಣ್ಣು',',VAISHNAVA',HOUSE -WIFE',NO'
ALQ3170503',ಪ್ರಜ್ವಲ್ ಡಿ ಎಸ್',ಡಿ ಜೆ ಸತ್ಯನಾರಾಯಣ ಶೆಟ್ಟಿ',28',19',ಗಂಡು',',VAISHYA',STUDENT',NO'
ALQ1063817',ಗೌರಮ್ಮ',ನಾರಾಯಣಪ್ಪ',30',60',ಹೆಣ್ಣು',YES',KUMBA',KOOLI',NO'
ALQ2007896',ರಾಜೇಂದ್ರ ಎನ್',ನಾರಾಯಣಪ್ಪ',30',35',ಗಂಡು',YES',KUMBA',FACTORY WORKER',NO'
ALQ2007912',ಗೌರಮ್ಮ',ರಮೇಶ ಜಿ ಎನ್',30',33',ಹೆಣ್ಣು',YES',KUMBA',FACTORY WORKER',NO'
ALQ2007904',ರಮೇಶ ಜಿ ಎನ್',ನಾರಾಯಣಪ್ಪ',30',29',ಗಂಡು',YES',KUMBA',FACTORY WORKER',NO'
ALQ1063825',ಸಂಜೀವರೆಡ್ಡಿ',ಚಿಕ್ಕನಾರಾಯಣರೆಡ್ಡಿ',32',81',ಗಂಡು',',REDDY',AGED',NO'
ALQ1063833',ಚಿನ್ನಮ್ಮ',ಸಂಜೀವರೆಡ್ಡಿ',32',73',ಹೆಣ್ಣು',',REDDY',AGED',NO'
CTR2125730',ನಾಗರಾಜ',ಸಂಜೀವರೆಡ್ಡಿ',32',44',ಗಂಡು',YES',REDDY',FACTORY WORKER',NO'
CTR2124568',ಹನುಮಂತರೆಡ್ಡಿ',ಸಂಜೀನರೆಡ್ಡಿ',32',38',ಗಂಡು',',REDDY',FACTORY WORKER',NO'
ALQ1063841',ಬುಡಗರೆಡ್ಡಿ',ಜೂಲರೆಡ್ಡಿ',33',75',ಗಂಡು',',REDDY',AGED',NO'
ALQ1063858',ಲಕ್ಷ್ಮಮ್ಮ',ಬುಡಗರೆಡ್ಡಿ',33',65',ಹೆಣ್ಣು',',REDDY',AGED',NO'
ALQ1063866',ಹನುಮಂತರಾಯಪ್ಪ ತಾಯಿಯ',ಯಿಕ್ಕ',34',70',ಗಂಡು',',NAYAK',FARMER',NO'
ALQ0426254',ಗಂಗರತ್ನಮ್ಮ',ಹನುಮಂತರಾಯಪ್ಪ',34',53',ಹೆಣ್ಣು',',NAYAK',HOUSE -WIFE',NO'
ALQ1063874',ಆಂಜಿನಮ್ಮ',ಗಂಗಪ್ಪ',35',65',ಹೆಣ್ಣು',',BHOVI',AGED',NO'
ALQ1063890',ಲಕ್ಷ್ಮಮ್ಮ ತಾಯಿಯ',ಕೋಲಕ್ಕ',35',60',ಹೆಣ್ಣು',',BHOVI',',YES'
ALQ 1063908',ಜಯಪ್ಪ',ನಾರಾಯಣಪ್ಪ',35',44',ಗಂಡು',',BHOVI',KOOLI',NO'
CTR2125128',ಗಂಗರತ್ನಮ್ಮ',ವೆಂಕಟೇಶಪ್ಪ',35',41',ಹೆಣ್ಣು',',BHOVI',KOOLI',NO'
ALQ2007946',ರವಿಕುಮಾರ್ ಜಿ',ಗಂಗಾಧರಪ್ಪ',35',29',ಗಂಡು',',KURUBA',KOOLI',NO'
ALQ1063916',ಗಂಗಪ್ಪ',ವೆಂಕಟಪ್ಪ',36',70',ಗಂಡು',',BHOVI',WOOD-MERCHANT',NO'
ALQ1063924',ಗಂಗಮ್ಮ',ಗಂಗಪ್ಪ',36',63',ಹೆಣ್ಣು',',BHOVI',HOUSE -WIFE',NO'
ALQ2007821',ಲಕ್ಷ್ಮೀದೇವಮ್ಮ ಜಿ ಎನ್',ಆನಂದ ಜಿ',36',30',ಹೆಣ್ಣು',',BHOVI',WOOD-MERCHANT',NO'
ALQ1063932',ರಾಮಪ್ಪ',ಹನುಮಂತಪ್ಪ',37',61',ಗಂಡು',',BHOVI',KOOLI',NO'
ALQ 1063940',ಗಂಗರತ್ನಮ್ಮ',ರಾಮಪ್ಪ',37',53',ಹೆಣ್ಣು',',BHOVI',KOOLI',NO'
ALQ2007854',ಆರ್ ಮಂಜುನಾಥ',ರಾಮಪ್ಪ',37',29',ಗಂಡು',',BHOVI',KOOLI',NO'
ALQ2007862',ರವಿ ಜಿ ಆರ್',ರಾಮಪ್ಪ',37',29',ಗಂಡು',',BHOVI',KOOLI',NO'
ALQ3017290',ಆರ್ ಕೃಷ್ಣಮೂರ್ತಿ',ರಾಮಪ್ಪ',37',28',ಗಂಡು',',BHOVI',KOOLI',NO'
ALQ1063957',ಲಕ್ಷ್ಮಮ್ಮ',ಆದಿಮೂರ್ತಿರೆಡ್ಡಿ',38',81',ಹೆಣ್ಣು',',REDDY',AGED',NO'
ALQ1063965',ಆದಿನಾರಾಯಣರೆಡ್ಡಿ',ಆದಿಮೂರ್ತಿರೆಡ್ಡಿ',38',65',ಗಂಡು',',REDDY',FARMER',NO'
ALQ1063973',ಆಲುಮೇಲಮ್ಮ',ಆದಿನಾರಾಯಣದ',38',54',ಹೆಣ್ಣು',',REDDY',HOUSE -WIFE',NO'
ALQ 1064005',ಹನುಮಂತರೆಡ್ಡಿ',ಚಿನ್ನಪ್ಪರೆಡ್ಡಿ',39',62',ಗಂಡು',',REDDY',HOUSE -WIFE',NO'
ALQ1064013',ರತ್ನಮ್ಮ',ಹನುಮಂತರೆಡ್ಡಿ',39',59',ಹೆಣ್ಣು',',REDDY',HOUSE -WIFE',NO'
ALQ1064039',ಹನುಮಕ್ಕ',ಭಗವಂತರೆಡ್ಡಿ',39',53',ಹೆಣ್ಣು',',REDDY',FARMER',NO'
ALQ2008019',ಕೃಷ್ಣವೇಣಿ',ಶ್ರೀನಾಥ',39',33',ಹೆಣ್ಣು',',KURUBA',GARMENTS',NO'
ALQ2955557',ಮಂಜುಳ',ಹನುಮಂತರೆಡ್ಡಿ',39',24',ಹೆಣ್ಣು',YES',REDDY',',NO'
ALQ1064054',ಲಕ್ಷ್ಮಮ್ಮ',ಚಿನ್ನಪ್ಪರೆಡ್ಡಿ',40',77',ಹೆಣ್ಣು',',YES',AGED',NO'
ALQ1064070',ಲಕ್ಷ್ಮಿದೇವಮ್ಮ',ನಾಗರೆಡ್ಡಿ',40',53',ಹೆಣ್ಣು',',REDDY',FARMER',NO'
ALQ2955540',ಆಶಾ ಎನ್',ನಾಗರೆಡ್ಡಿ',40',23',ಹೆಣ್ಣು',YES',REDDY',HOUSE -WIFE',NO'
ALQ1064088',ತಿಪ್ಪಮ್ಮ',ಗಂಗರೆಡ್ಡಿ',41',77',ಹೆಣ್ಣು',YES',REDDY',HOUSE -WIFE',NO'
ALQ1064096',ನರಸಿಂಹರೆಡ್ಡಿ',ಗಂಗರೆಡ್ಡಿ',41',58',ಗಂಡು',',REDDY',FARMER',NO'
ALQ1064104',ಪದ್ಮಮ್ಮ',ನರಸಿಂಹರೆಡ್ಡಿ',41',52',ಹೆಣ್ಣು',',REDDY',HOUSE -WIFE',NO'
ALQ1064112',ಚಿನ್ನಪ್ಪಯ್ಯ',ಗಂಗರೆಡ್ಡಿ',41',50',ಗಂಡು',',REDDY',FACTORY WORKER',NO'
ALQ1064146',ದಾಸಪ್ಪ',ತಿಮ್ಮಯ್ಯ',42',91',ಗಂಡು',',EDIGA',AGED',NO'
ALQ 1064120',ನಾಗಮ್ಮ',ಅಶ್ವತ್ಥರೆಡ್ಡಿ',42',73',ಹೆಣ್ಣು',',REDDY',AGED',NO'
ALQ1064138',ನರಸಿಂಹರೆಡ್ಡಿ',ಅಶ್ವತ್ಥರೆಡ್ಡಿ',42',70',ಗಂಡು',',REDDY',FARMER',NO'
ALQ1064161',ಓಬಳಪ್ಪ ಇತರೆ ಸಂಬಂಧಿಯ',ದಾಸಪ್ಪ',42',49',ಗಂಡು',',EDIGA',FARMER',NO'
ALQ 1064179',ಓಬಳಮ್ಮ',ಓಬಳಪ್ಪ',42',47',ಹೆಣ್ಣು',',EDIGA',HOUSE -WIFE',NO'
ALQ0426288',ಕಮಲಮ್ಮ',ನರಸಿಂಹರೆಡ್ಡಿ',42',45',ಹೆಣ್ಣು',',REDDY',HOUSE -WIFE',NO'
CTR2125631',ಎ ವೆಂಕಟಶಿವಾರೆಡ್ಡಿ',ಅಶ್ವಥರೆಡ್ಡಿ',42',42',ಗಂಡು',',REDDY',KOOLI',NO'
CTR2125748',ಎ ಲಕ್ಷ್ಮಿನಾರಾಯಣರೆಡ್ಡಿ',ಅಶ್ವತ್ಥರೆಡ್ಡಿ',42',40',ಗಂಡು',',REDDY',MILITARY',NO'
ALQ3170677',ಗಂಗರಾಜಿ',ಓಬಳಪ್ಪ',42',19',ಹೆಣ್ಣು',',EDIGA',SHEEP-FARMING',NO'
ALQ3170743',ಶೃತಿ ಜಿ ಎನ್',ನರಸಿಂಹರೆಡ್ಡಿ',42',19',ಹೆಣ್ಣು',',REDDY',STUDENT',NO'
ALQ1064211',ರತ್ನಮ್ಮ',ನಾರಾಯಣರೆಡ್ಡಿ',43',67',ಹೆಣ್ಣು',',REDDY',',NO'
CTR2124410',ಎನ್ ನರಸರೆಡ್ಡಿ',ನಾರಾಯಣರೆಡ್ಡಿ',43',36',ಗಂಡು',YES',REDDY',FACTORY WORKER',NO'
ALQ2007995',ನರಸಿಂಹಾರೆಡ್ಡಿ ',ADIMURTHI REDDY',44',52',ಗಂಡು',',DELETEED',',NO'
ALQ 1064237',ಗೋವಿಂದರೆಡ್ಡಿ',ಹನುಮಂತರೆಡ್ಡಿ',44',49',ಗಂಡು',',REDDY',KOOLI',NO'
ALQ1064245',ಶಿವಪ್ಪ ',ಹನುಮಂತರೆಡ್ಡಿ',44',48',ಗಂಡು',',DELETED',',NO'
ALQ1064260',ನಾಗರೆಡ್ಡಿ',ರಾಮರೆಡ್ಡಿ',46',50',ಗಂಡು',YES',REDDY',FARMER',NO'
ALQ1066745',ಆರ್ ಆನಂದ್ ಕುಮಾರ್',ರಾಮರೆಡ್ಡಿ',46',38',ಗಂಡು',YES',REDDY',FACTORY WORKER',NO'
ALQ1064278',ಚಿನ್ನಪ್ಪಯ್ಯ ',THIMMAYYA',47',81',ಗಂಡು',',DELETED',',NO'
ALQ 1064286',ಆದಿಲಕ್ಷ್ಮಮ್ಮ',ಚಿನ್ನಪ್ಪಯ್ಯ',47',73',ಹೆಣ್ಣು',',EDIGA',KOOLI',NO'
ALQ2007938',ಲಕ್ಷ್ಮೀದೇವಮ್ಮಸಿ',ಲಕ್ಷ್ಮೀಪತಿ',47',30',ಹೆಣ್ಣು',',EDIGA',KOOLI',NO'
ALQ3120938',ವರಲಕ್ಷ್ಮೀ',ಲಕ್ಷ್ಮೀಪತಿ',47',27',ಗಂಡು',YES',EDIGA',HOUSE -WIFE',NO'
ALQ0426189',ಶಿವಪ್ಪ',ತಿಮ್ಮಪ್ಪ',48',54',ಗಂಡು',',NAYAK',KOOLI',NO'
ALQ1064302',ಶಿವಮ್ಮ',ಶಿವಪ್ಪ',48',53',ಹೆಣ್ಣು',',NAYAK',KOOLI',NO'
ALQ3016474',ಮಮತ ಎನ್',ಮುನಿಕೃಷ್ಣ ಎಸ್',48',27',ಹೆಣ್ಣು',',NAYAK',KOOLI',NO'
ALQ3016466',ಮುನಿಕೃಷ್ಣ ಎಸ್',ಶಿವಪ್ಪ',48',24',ಗಂಡು',',NAYAK',KOOLI',NO'
ALQ1064328',ನಾಗಮ್ಮ',ಕಮ್ಮಪ್ಪ',50',61',ಹೆಣ್ಣು',',NAYAK',KOOLI',NO'
ALQ0633404',ಲಕ್ಷ್ಮಿದೇವಿ',ನರಸಿಂಹಪ್ಪ',50',35',ಹೆಣ್ಣು',',NAYAK',KOOLI',NO'
ALQ1064344',ಅದಿಲಕ್ಷ್ಮಮ್ಮ',ಅಶ್ವತ್ಥಪ್ಪ',51',55',ಹೆಣ್ಣು',',NAYAK',KOOLI',NO'
ALQ1063270',ರಾಯಪ್ಪ',ದಾರಮಾರಪ್ಪ',5ಎ',58',ಗಂಡು',',NAYAK',KOOLI',NO'
ALQ1063288',ನರಸಮ್ಮ',ರಾಯಪ್ಪ',5ಎ',54',ಹೆಣ್ಣು',',NAYAK',KOOLI',NO'
ALQ0426122',ಸುಮಾ',ಗಂಗಾರಾಜಪ್ಪ',5ಸಿ',44',ಹೆಣ್ಣು',',NAYAK',STREET-SELEER',NO'
ALQ1064351',ನಾಗಲಕ್ಷ್ಮಮ್ಮ',ಸೋಮಪ್ಪ',53',60',ಹೆಣ್ಣು',',NAYAK',KOOLI',NO'
ALQ1064385',ಗಂಗರತ್ನಮ್ಮ',ನಾರಾಯಣಪ್ಪ',54',60',ಹೆಣ್ಣು',',NAYAK',HOTEL,AUTO'
CTR2125839',ಎನ್ ಅಂಜೀನಪ್ಪ',ನಾರಾಯಣಪ್ಪ',54',37',ಗಂಡು',',NAYAK',AUTO-DRIVER',NO'
ALQ2007987',ಬಿ ಎಂ ಶಾಂತಮ್ಮ',ಆವುಲಪ್ಪ',54',32',ಹೆಣ್ಣು',',NAYAK',FARMER',NO'
CTR2125755',ಕೊಂಡಪ್ಪ',ಆವುಲಪ್ಪ',55',60',ಗಂಡು',',NAYAK',KOOLI',NO'
CTR2125441',ಸಂಜೀವಮ್ಮ',ಕೊಂಡಪ್ಪ',55',55',ಹೆಣ್ಣು',',NAYAK',KOOLI',NO'
ALQ0426155',ಲಕ್ಷ್ಮಿದೇವಮ್ಮ',ನಾರಾಯಣಪ್ಪ',55',40',ಹೆಣ್ಣು',',NAYAK',KOOLI',NO'
CTR2015592',ವೈ ಕೆ ವೆಂಕಟೇಶ',ಕೊಂಡಪ್ಪ',55',36',ಗಂಡು',',NAYAK',KOOLI',NO'
ALQ3041548',ರಾಜೇಶ್',ನಾರಾಯಣಪ್ಪ',55',21',ಗಂಡು',',NAYAK',KOOLI',NO'
ALQ1064401',ವಿಜಯಲಕ್ಷ್ಮಮ್ಮ',ಜಿ ಕೆ ಶೇಷಗಿರಿ',56',69',ಹೆಣ್ಣು',',BRAHMIN',AGED',NO'
ALQ 1064419',ನಾಗೇಂದ್ರಕುಮಾರ್',ಜಿ ಕೆ ಶೇಷಗಿರಿ',56',46',ಗಂಡು',YES',BRAHMIN',',NO'
ALQ1064468',ಆದಿಲಕ್ಷ್ಮಮ್ಮ',ಸಂಜೀವರೆಡ್ಡಿ',58',71',ಹೆಣ್ಣು',',REDDY',AGED',NO'
ALQ1064476',ಪ್ರಭಾಕರೆಡ್ಡಿ',ಸಂಜೀವರೆಡ್ಡಿ',58',51',ಗಂಡು',YES',REDDY',SECURITY',NO'
ALQ1064484',ಅಲವೇಲಮ್ಮ',ಪ್ರಭಕರರೆಡ್ಡಿ',58',46',ಹೆಣ್ಣು',',REDDY',GARMENTS',NO'
ALQ1064492',ಅನುಸೂಯಮ್ಮ',RAVICHANDRA REDDY',58',43',ಹೆಣ್ಣು',',DELETED',',NO'
ALQ1064518',ಆದಮ್ಮ',VENKATAPPA',60',81',ಹೆಣ್ಣು',',DELETED',',NO'
ALQ1064534',ನರಸಮ್ಮ',ಆದಿನಾರಾಯಣಪ್ಪ',60',65',ಹೆಣ್ಣು',',NAYAK',AGED',NO'
ALQ1064542',ಅಶ್ವಥಮ್ಮ',ನರಸಿಂಹಪ್ಪ',60',61',ಹೆಣ್ಣು',',NAYAK',KOOLI',NO'
CTR2123636',ನಾರಾಯಣಸ್ವಾಮಿ',ಅದಿನಾರಾಯಣಪ',60',36',ಗಂಡು',',NAYAK',KOOLI',NO'
ALQ1064567',ಅಶ್ವತ್ಥಪ್ಪ',ರಾಮಪ್ಪ',61',68',ಗಂಡು',',NAYAK',FARMER',NO'
ALQ1064575',ನರಸಮ್ಮ',ಅಶ್ವತ್ಥಪ್ಪ',61',60',ಹೆಣ್ಣು',',NAYAK',HOUSE -WIFE',NO'
ALQ0633578',ಎನ್ ಕಮಲ',ಎ ರಾಮಕೃಷ್ಣಪ್ಪ',61',31',ಹೆಣ್ಣು',',NAYAK',HOUSE -WIFE',NO'
ALQ1064609',ನರಸಿಂಹರೆಡ್ಡಿ',ಬೈರರೆಡ್ಡಿ',62',55',ಗಂಡು',',REDDY',',NO'
CTR2125284',ಸುಜಾತ',ನರಸಿಂಹರೆಡ್ಡಿ',62',40',ಹೆಣ್ಣು',',REDDY',HOUSE -WIFE',NO'
ALQ1064625',ಸಂಜೀವರೆಡ್ಡಿ',ಮುದ್ದರೆಡ್ಡಿ',63',75',ಗಂಡು',',REDDY',FARMER',NO'
ALQ0426205',ವೆಂಕಟಲಕ್ಷ್ಮಮ್ಮ',ಸಂಜೀವರೆಡ್ಡಿ',63',65',ಹೆಣ್ಣು',',REDDY',HOUSE -WIFE',NO'
ALQ1064633',ಶ್ರೀನಿವಾಸರೆಡ್ಡಿ',ಸಂಜೀವರೆಡ್ಡಿ',63',47',ಗಂಡು',',REDDY',FARMER',NO'
ALQ1064658',ನಂದೀಶಪ್ಪ',ಸಂಜೀವರಾಯಪ್ಪ',64',53',ಗಂಡು',',EDIGA',FARMER',NO'
CTR2125540',ರಾಮಯ್ಯ',ಸಂಜೀವರಾಯಪ್ಪ',64',50',ಗಂಡು',',EDIGA',HOTEL',NO'
ALQ1064666',ಕಲಾವತಮ್ಮ',ನಂದೀಶಪ್ಪ',64',48',ಹೆಣ್ಣು',',EDIGA',FARMER',NO'
CTR2125326',ಅರಣಮ್ಮ',ರಾಮಪ್ಪ',64',44',ಹೆಣ್ಣು',',EDIGA',HOTEL',NO'
ALQ3170701',ಅಜಯ್ ಕುಮಾರ್ ಆರ್',ರಾಮಪ್ಪ',64',19',ಗಂಡು',YES',EDIGA',',NO'
ALQ1064674',ನಾಗಲಕ್ಷ್ಮಮ್ಮ',ಹನುಮಂತರೆಡ್ಡಿ',65',80',ಹೆಣ್ಣು',',REDDY',FARMER',NO'
ALQ1064682',ಶಿವಶಂಕರರೆಡ್ಡಿ',ಹನುಮಂತರೆಡ್ಡಿ',65',57',ಗಂಡು',',REDDY',FARMER',NO'
ALQ 1064690',ರವಿಚಂದ್ರರೆಡ್ಡಿ',ಹನುಮಂತರೆಡ್ಡಿ',65',53',ಗಂಡು',',REDDY',FARMER',NO'
ALQ1064708',ಲಕ್ಷ್ಮಿದೇವಮ್ಮ',ಶಿವಶಂಕರರೆಡ್ಡಿ',65',50',ಹೆಣ್ಣು',',REDDY',FARMER',NO'
ALQ1064716',ಮಂಜುಳ',ರವಿಚಂದ್ರರೆಡ್ಡಿ',65',47',ಹೆಣ್ಣು',',REDDY',FARMER',NO'
ALQ3085107',ಸ್ವರೂಪ್ ರೆಡ್ಡಿ ಜಿ ಆರ್',ರವಿಚಂದ್ರರೆಡ್ಡಿ ಜಿ ಹೆಚ್',65',23',ಗಂಡು',',REDDY',FARMER',NO'
ALQ1064724',ಹನುಮಕ್ಕ',ಚಿಕ್ಕನರಸಿಂಹಪ್ಪ',66',79',ಹೆಣ್ಣು',',REDDY',AGED',NO'
ALQ1064732',ಆದಿನಾರಾಯಣರೆಡ್ಡಿ',ಚಿನ್ನಪ್ಪರೆಡ್ಡಿ',66',51',ಗಂಡು',',REDDY',FARMER',NO'
ALQ2584597',ಸಾವಿತ್ರಮ್ಮ',ಆದಿನಾರಾಯಣರೆ',66',47',ಹೆಣ್ಣು',',REDDY',FARMER',NO'
ALQ2354991',ಮಂಜುನಾಥ ಎ',ಆದಿನಾರಾಯಣಡ್ಡಿ',66',26',ಗಂಡು',',REDDY',AIRTEL-DISTRIBUTOR',NO'
ALQ3084480',ಆನಂದ ಎ',ಆದಿನಾರಾಯಣ',66',22',ಗಂಡು',',REDDY',AIRTEL-DISTRIBUTOR',NO'
ALQ 1064765',ಹನುಮಕ್ಕ',ತಿಮ್ಮರೆಡ್ಡಿ',68',78',ಹೆಣ್ಣು',',DELETED',',NO'
ALQ1064773',ಲೋಕೇಶ',ತಿಮ್ಮರೆಡ್ಡಿ',68',47',ಗಂಡು',',REDDY',FARMER',NO'
ALQ3046521',ಶೋಭ ಎಸ್',ಶ್ರೀರಾಮಪ್ಪ',68',22',ಹೆಣ್ಣು',',NAYAK',GARMENTS',NO'
CTR2123628',ಚಿನ್ನಣ್ಣ',ರಾಯಪ್ಪ',69',76',ಗಂಡು',',NAYAK',KOOLI',NO'
ALQ1064781',ಆದಿಲಕ್ಷ್ಮಮ್ಮ',ಚಿನ್ನಣ್ಣ',69',71',ಹೆಣ್ಣು',',NAYAK',KOOLI',NO'
ALQ1064799',ಮುದ್ದಮ್ಮ',ಚಿನ್ನಪ್ಪಯ್ಯ',70',77',ಹೆಣ್ಣು',',KURUBA',AGED',NO'
ALQ1064807',ಗಂಗಮ್ಮ',ಮನೆಯ',71',101',ಹೆಣ್ಣು',',DELETED',',NO'
ALQ1064815',ಆಂಜಪ್ಪ',ಸಂಜೀವಪ್ಪ',71',51',ಗಂಡು',',KURUBA',SHEEP-FARMING',NO'
CTR2124642',ರತ್ನಮ್ಮ',ಆಂಜಪ್ಪ',71',45',ಹೆಣ್ಣು',',KURUBA',FARMER',NO'
ALQ3122975',ರಘುಎ ',ANJANAPPA',71',21',ಗಂಡು',',DELETED',',NO'
ALQ1064831',ಆಂಜನಮ್ಮ',ರೆಡ್ಡಿಪ್ಪ',72',50',ಹೆಣ್ಣು',',KURUBA',FARMER',NO'
ALQ1064849',ಗಂಗಪ್ಪ',ಸಂಜೀವಪ್ಪ',73',70',ಗಂಡು',',KURUBA',FARMER',NO'
CTR2125896',ಅಶ್ವತ್ಥಮ್ಮ',ಗಂಗಪ್ಪ',73',53',ಹೆಣ್ಣು',',KURUBA',SHEEP-FARMING',NO'
ALQ1064880',ನಾಗರಾಜಪ್ಪ',ಚಿಕ್ಕಸಂಜೀವಪ್ಪ',75',65',ಗಂಡು',',KURUBA',FARMER',NO'
ALQ1064898',ಅಶ್ವತ್ಥಮ್ಮ',ನಾಗರಾಜು',75',53',ಹೆಣ್ಣು',',KURUBA',FARMER',NO'
ALQ1064906',ಶ್ರೀರಾಮಪ್ಪ',ಪಾಪಣ್ಣ',77',55',ಗಂಡು',',KURUBA',FARMER',NO'
ALQ1064914',ಲಕ್ಷ್ಮೀದೇವಮ್ಮ',ಶ್ರೀರಾಮಪ್ಪ',77',50',ಹೆಣ್ಣು',',KURUBA',FARMER',NO'
ALQ3085040',ಪವನ್ ಕುಮಾರ್ ಎಸ್',ಶ್ರೀರಾಮಪ್ಪ',77',20',ಗಂಡು',',KURUBA',STUDENT',NO'
ALQ1064922',ಲಕ್ಷ್ಮಮ್ಮ',ರೆಡ್ಡಪ್ಪ',78',65',ಹೆಣ್ಣು',',KURUBA',AGED',NO'
CTR2125888',ಆಂಜಿನಮ್ಮ',ಗೋವಿಂದಪ್ಪ',78',44',ಹೆಣ್ಣು',',KURUBA',SHEEP-FARMING',NO'
ALQ 1064930',ಹನುಮಂತಪ್ಪ',ರೆಡ್ಡಪ್ಪ',79',49',ಗಂಡು',',KURUBA',SHEEP-FARMING',NO'
ALQ1064948',ಲಕ್ಷ್ಮಮ್ಮ',ಹನುಮಂತಪ್ಪ',79',42',ಹೆಣ್ಣು',',KURUBA',SHEEP-FARMING',NO'
ALQ3084423',ಪ್ರಿಯಾಂಕ',ಹನುಮಂತಪ್ಪ',79',23',ಹೆಣ್ಣು',YES',KURUBA',HOUSE -WIFE',NO'
ALQ1064963',ಶಿವರಾಮರೆಡ್ಡಿ',ದೊಡ್ಡನಾರಾಯಣರೆಡ್ಡಿ',80',63',ಗಂಡು',',REDDY',SHEEP-FARMING',NO'
ALQ1064971',ಲಕ್ಷ್ಮಿ ನರಸಮ್ಮ',ಶಿವರಾಮರೆಡ್ಡಿ',80',53',ಹೆಣ್ಣು',',REDDY',HOUSE -WIFE',NO'
ALQ2096543',ಸುಬ್ರಮಣ್ಯ',ಶ್ರೀರಾಮರೆಡ್ಡಿ',80',29',ಗಂಡು',',REDDY',FARMER',NO'
ALQ3084415',ಅಮೃತ ಎಸ್',SHRI RAMA REDDY',80',20',ಹೆಣ್ಣು',',DELETED',',NO'
ALQ1064989',ರತ್ನಮ್ಮ',ಗೋವಿಂದರೆಡ್ಡಿ',81',75',ಹೆಣ್ಣು',',REDDY',FARMER',NO'
CTR5560388',ಜಿ ಅಶೋಕ ತಾಯಿಯ',ರತ್ನಮ್ಮ',81',36',ಗಂಡು',',REDDY',FARMER',NO'
ALQ1064997',ಗಂಗಮ್ಮ',ಕೃಷ್ಣಾರೆಡ್ಡಿ',82',80',ಹೆಣ್ಣು',',REDDY',AGED',NO'
ALQ 1065002',ತಿಮ್ಮಿರೆಡ್ಡಿ',ಆದಿಮೂರ್ತಿರೆಡ್ಡಿ',83',80',ಗಂಡು',',DELETED',',NO'
ALQ1065010',ಆದಿರೆಡ್ಡಿ ',THIMME REDDY',83',51',ಗಂಡು',YES',REDDY',FACTORY WORKER',NO'
ALQ2186039',ಯಾಮಾರೆಡ್ಡಿ',ತಿಮ್ಮರೆಡ್ಡಿ',83',39',ಗಂಡು',YES',REDDY',FACTORY WORKER',NO'
ALQ 1065036',ಬೈರರೆಡ್ಡಿ',ಆದಿಮೂರ್ತಿರೆಡ್ಡಿ',84',80',ಗಂಡು',',REDDY',AGED',NO'
ALQ1065044',ಚನ್ನಮ್ಮ',ಬೈರರೆಡ್ಡಿ',84',67',ಹೆಣ್ಣು',',REDDY',AGED',NO'
ALQ1065069',ರತ್ನಮ್ಮ',ಚೆನ್ನರಾಯಪ್ಪ',85',71',ಹೆಣ್ಣು',',REDDY',FARMER',NO'
ALQ1065077',ನಂಜರೆಡ್ಡಿ',ನಾರಾಯಣರೆಡ್ಡಿ',86',71',ಗಂಡು',',REDDY',FARMER',NO'
ALQ1065085',ಮುತ್ತು',ನಂಜರೆಡ್ಡಿ',86',65',ಹೆಣ್ಣು',',REDDY',FARMER',NO'
ALQ3016482',ನಾಗಮಣಿ',ಮಂಜುನಾಥ ರೆಡ್ಡಿ',86',34',ಹೆಣ್ಣು',',REDDY',HOUSE -WIFE',NO'
ALQ2008001',ಬೈರಾರೆಡ್ಡಿ ಜಿ ಎನ್',ನಂಜಾರೆಡ್ಡಿ',86',32',ಗಂಡು',',REDDY',FARMER',NO'
CTR2125011',ಜೆ ನಾಗಭೂಷಣ ರೆಡ್ಡಿ',ಗಂಗರೆಡ್ಡಿ',87',41',ಗಂಡು',',REDDY',FACTORY WORKER',NO'
CTR2125763',ಅಡ್ಮಿನರಸಮ್ಮ',ಗಂಗರೆಡ್ಡಿ',87',40',ಹೆಣ್ಣು',',REDDY',HOUSE -WIFE',NO'
ALQ1065119',ಆಂಜಿನಮ್ಮ',ಎಸ್ ರೆಡ್ಡಿಪ್ಪ',88',61',ಹೆಣ್ಣು',',KURUBA',HOUSE -WIFE',NO'
ALQ0426106',ಎನ್ ಮುದ್ದುಮಲ್ಲಪ್ಪ',ನಂಜುಂಜಪ್ಪ',88',46',ಗಂಡು',',KURUBA',GAARE',NO'
CTR2125821',ಆರ್ ಆದಿಲಕ್ಷ್ಮಮ್ಮ',ಮುದ್ದುಮಲ್ಲಪ್ಪ',88',42',ಹೆಣ್ಣು',',KURUBA',HOUSE -WIFE',NO'
CTR2124675',ಆರ್ ನಾರಾಯಣಪ್ಪ',ಎಸ್ ರೆಡ್ಡಪ್ಪ',88',36',ಗಂಡು',',KURUBA',FARMER',NO'
CTR2125847',ಆರ್\u200c ಭಾರತಿ',ಎಸ್ ರೆಡ್ಡಪ್ಪ',88',36',ಹೆಣ್ಣು',',DELETED',',NO'
ALQ1065168',ದೊಡ್ಡಮುನಿಯಪ್ಪ',ದೊಡ್ಡಸಂಜೀವಪ್ಪ',91',70',ಗಂಡು',',KURUBA',FARMER',NO'
ALQ 1065176',ಸಂಜೀವರತ್ನಮ್ಮ',ದೊಡ್ಡಮುನಿಯಪ್ಪ',91',61',ಹೆಣ್ಣು',',KURUBA',FARMER',NO'
CTR2124899',ಎಂ ಬಸವರಾಜು',ದೊಡ್ಡಮುನಿಯಪ್ಪ',91',38',ಗಂಡು',',KURUBA',SHEEP-FARMING',NO'
ALQ2110195',ಜಯಶ್ರೀ ಕೆ ಏ',ಬಸವರಾಜು ಎಮ್',91',28',ಹೆಣ್ಣು',',KURUBA',HOUSE -WIFE',NO'
ALQ 1065184',ಗಂಗಪ್ಪ',ಸಂಜೀವಪ್ಪ',92',58',ಗಂಡು',',KURUBA',FARMER',NO'
ALQ1065192',ಸುಶೀಲಮ್ಮ',ಗಂಗಪ್ಪ',92',55',ಹೆಣ್ಣು',',KURUBA',FARMER',NO'
ALQ1814102',ಜೆ ರಾಮಾಂಜಿನಪ್ಪ',ಗಂಗಪ್ಪ',92',31',ಗಂಡು',',KURUBA',FARMER',NO'
ALQ2186021',ಬಾಲಕೃಷ್ಣ ಜಿ',ಗಂಗಪ್ಪ',92',29',ಗಂಡು',',KURUBA',FARMER',NO'
ALQ3085073',ಪುಷ್ಪ ಎ',ರಾಮಾಂಜಿನಪ್ಪ ಜಿ',92',23',ಹೆಣ್ಣು',',KURUBA',FARMER',NO'
ALQ1065218',ಹನಮಕ್ಕ',ಲಿಂಗಪ್ಪ',93',67',ಹೆಣ್ಣು',',KURUBA',AGED',NO'
CTR2125375',ಶ್ರೀರಾಮಪ್ಪ',ಲಿಂಗಪ್ಪ',93',44',ಗಂಡು',',KURUBA',DRIVER',NO'
ALQ0633529',ನಾಗಲಕ್ಷ್ಮಿ',ಶ್ರೀರಾಮ',93',37',ಹೆಣ್ಣು',',KURUBA',HOUSE -WIFE',NO'
CTR2125169',ಗೋವಿಂದಮ್ಮ',ನರಸಿಂಹಪ್ಪ',95',51',ಹೆಣ್ಣು',',NAYAK',KOOLI',NO'
ALQ2224129',ಎನ್ ಮಂಜುನಾಥ',ನರಸಿಂಹಪ್ಪ',95',29',ಗಂಡು',',NAYAK',KOOLI',NO'
ALQ3120961',ನ್ಯಮದ್ ಬಿ ಎಸ್',ಮಂಜುನಾಥ್ ಎನ್',95',22',ಹೆಣ್ಣು',',NAYAK',KOOLI',NO'
ALQ1065259',ಹೆಚ್ ಸತ್ಯವರಾಚಾರ್',ಹೆಚ್ ವೆಂಕಟೇಶಚಾರ್',97',92',ಗಂಡು',',DELETED',',NO'
ALQ1065275',ಹೆಚ್ ಶ್ರೀಧರ್',ಹೆಚ್ ಸತ್ಯವರಾಚಾರ್',97',54',ಗಂಡು',',BRAHMIN',FARMER',NO'
ALQ1065317',ಹೆಚ್ ಎಸ್ ಮದ್ದೇಶ್',ಹೆಚ್ ಸತ್ಯವರಾಚಾರ್',97',3',ಗಂಡು',YES',BRAHMIN',',NO'
ALQ1065283',ಗಿರೀಶ್',ಹೆಚ್ ಸತ್ಯವರಾಚಾರ್',97',52',ಗಂಡು',',BRAHMIN',FARMER',NO'
ALQ2516284',ಸವಿತ ವಿ ವಿ',ಶ್ರೀಧರ್',97',47',ಹೆಣ್ಣು',',BRAHMIN',HOUSE -WIFE',NO'
ALQ1065291',ಹೆಚ್ ಪೂರ್ಣಪ್ರಜ್ಞ',ಹೆಚ್ ವಿ ಸತ್ಯಾವರಾಚಾರ್',97',45',ಗಂಡು',YES',BRAHMIN',',NO'
ALQ 1065309',ಹೆಚ್ ಎಸ್ ಕೃಷ್ಣ',ಹೆಚ್ ವಿ ಸತ್ಯವರಾಚಾರ್',97',44',ಗಂಡು',YES',BRAHMIN',',NO'
ALQ 1065333',ಅನುರಾಧ',ಎಂ ಎಸ್ ಮಲ್ಲೇಶ್',97',38',ಹೆಣ್ಣು',YES',BRAHMIN',',NO'
ALQ2116739',ಕರಣಂ ನಾಗಮಣಿ',ಗಿರೀಶ',97',34',ಹೆಣ್ಣು',',BRAHMIN',FARMER',NO'
ALQ1065341',ಚಿನ್ನಪ್ಪಯ್ಯ',ನಡಿವಪ್ಪ',98',77',ಗಂಡು',',DELETED',',NO'
ALQ 1065358',ವೆಂಕಟಲಕ್ಷ್ಮಮ್ಮ',ಚಿನ್ನಪ್ಪಯ್ಯ',98',66',ಹೆಣ್ಣು',',REDDY',HOUSE -WIFE',NO'
ALQ1065366',ಗಂಗರೆಡ್ಡಿ',ಚಿನ್ನಪ್ಪಯ್ಯ',98',46',ಗಂಡು',',REDDY',SHEEP-FARMING',NO'
CTR2125003',ಸುಧಾಕರರೆಡ್ಡಿ',ಚಿನ್ನಪ್ಪಯ್ಯ',98',43',ಗಂಡು',',REDDY',FARMER',NO'
ALQ1065374',ಚಿನ್ನಪ್ಪಯ್ಯ',ಸಂಜೀವರೆಡ್ಡಿ',99',81',ಗಂಡು',',REDDY',FARMER',NO'
ALQ1065382',ಮುನಿಯಮ್ಮ',ಚಿನ್ನಪ್ಪಯ್ಯ',99',73',ಹೆಣ್ಣು',',REDDY',AGED',NO'
ALQ 1065408',ಯಲ್ಲಪ್ಪ',ಚಿನ್ನಪ್ಪಯ್ಯ',99',60',ಗಂಡು',',REDDY',FARMER',YES'
ALQ 1065390',ಗಂಗರೆಡ್ಡಿ ',CHINNAPPAYA',99',55',ಗಂಡು',YES',REDDY',',NO'
ALQ1065416',ರಾಮಕೃಷ್ಣ',CHINNAPPAYA',99',44',ಗಂಡು',YES',REDDY',GAARE',NO'
ALQ1065424',ರಾಮರೆಡ್ಡಿ',ದೊಡ್ಡನಾರಾಯಣರೆಡ್ಡಿ',100',74',ಗಂಡು',',REDDY',FARMER',NO'
ALQ1065432',ಎನ್ ಎಲ್ ಗಂಗರತ್ನಮ್ಮ',ರಾಮರೆಡ್ಡಿ',100',60',: ಹೆಣ್ಣು',',REDDY',HOUSE -WIFE',NO'
ALQ2203206',ಆರ್ ಆನಂದ',ರಾಮರೆಡ್ಡಿ',100',44',ಗಂಡು',',REDDY',FARMER',NO'
ALQ1065499',ಆದಿಲಕ್ಷ್ಮಮ್ಮ',ಜಿ ಎನ್ ಆದಿನಾರಾಯಣರೆಡ್ಡಿ',102',67',ಹೆಣ್ಣು',',REDDY',AGED',NO'
ALQ1065515',ಲಕ್ಷ್ಮಿನಾರಾಯಣರೆಡ್ಡಿ',ಜಿ ಎನ್ ಆದಿನಾರಾಯಣರೆಡ್ಡಿ',102',45',ಗಂಡು',',REDDY',FARMER',NO'
ALQ1065523',ಸುರೇಶ್ ಬಾಬು',ಜಿ ಎನ್ ಆದಿನಾರಾಯಣರೆಡ್ಡಿ',102',44',ಗಂಡು',',REDDY',WELDING-SHOP',NO'
ALQ0633644',ಎಂ ಹೆಚ್ ಶೈಲಜ',ಲಕ್ಷ್ಮೀನಾರಾಯಣರೆಡ್ಡಿ',102',40',ಹೆಣ್ಣು',',REDDY',ANGANAWADI-TEACHER',NO'
ALQ 1065531',ಅಲ್ಲಾಬಕಷ',ಹುಸೇನ್ಸಾಬ್',103',60',ಗಂಡು',',MUSLIM',TAILOR',NO'
ALQ1065549',ಖುರ್ಷಿದ್',ಅಲ್ಲಾಬಕಷ',103',53',ಹೆಣ್ಣು',',MUSLIM',TAILOR',NO'
ALQ1065556',ಮಹಮದ್ ಜಾನ್',ಅಲ್ಲಾಬಕಾಷ್',103',33',ಗಂಡು',',MUSLIM',TAILOR',NO'
ALQ2137057',ರೇಶ್\u200cಬಾನು ಎಸ್',ಮಹಮದ್ ಜಾನ್',103',29',ಹೆಣ್ಣು',',MUSLIM',TAILOR',NO'
ALQ1065572',ಸರೋಜಮ್ಮ',ರೆಡ್ಡಪ್ಪ',105',53',ಹೆಣ್ಣು',',REDDY',AGED',NO'
ALQ1065580',ಪಾರ್ವತಮ್ಮ',ಗಂಗರೆಡ್ಡಿ',106',71',ಹೆಣ್ಣು',',DELETED',',NO'
ALQ1065598',ಲಕ್ಷ್ಮಣರೆಡ್ಡಿ',ಗಂಗರೆಡ್ಡಿ',106',49',ಗಂಡು',',REDDY',SHEEP-FARMING',NO'
ALQ3084498',ಮಂಜುನಾಥ ಎಲ್',ಲಕ್ಷ್ಮಣರೆಡ್ಡಿ',106',21',ಗಂಡು',',REDDY',FACTORY WORKER',NO'
ALQ1065614',ಗಂಗಪ್ಪ',ಆದಿಮೂರ್ತಪ್ಪ',107',79',ಗಂಡು',',NAYAK',FACTORY WORKER',NO'
ALQ 1065622',ಹನುಮಕ್ಕ',ಗಂಗಪ್ಪ',107',61',ಹೆಣ್ಣು',',NAYAK',HOUSE -WIFE',NO'
ALQ1065648',ಮುನಪ್ಪ',ಆದಿಮೂರ್ತಪ್ಪ',108',81',ಗಂಡು',',NAYAK',SHEEP-FARMING',NO'
ALQ1065655',ರತ್ನಮ್ಮ',ಮುನೆಪ್ಪ',108',53',ಹೆಣ್ಣು',',NAYAK',HOUSE -WIFE',NO'
ALQ0427146',ವೆಂಕಟೇಶ್',ಮುನಿಯಪ್ಪ',108',34',ಗಂಡು',',NAYAK',KOOLI',NO'
ALQ3129434',ನರಸರಾಜ ಎಮ್',ಮುನಿಯಪ್ಪ',108',22',ಗಂಡು',',NAYAK',FACTORY WORKER',NO'
ALQ3129442',ನವೀನ್ ಕುಮಾರ್ ಎನ್',ಮುನಿಯಪ್ಪ',108',20',ಗಂಡು',',NAYAK',SHEEP-FARMING',NO'
ALQ1065689',ನಾಗರಾಜಪ್ಪ',ನರಸಪ್ಪ',112',57',ಗಂಡು',',UPPARA',FARMER',NO'
ALQ1065697',ಭಾಗ್ಯಮ್ಮ',ನಾಗರಾಜು',112',42',ಹೆಣ್ಣು',',UPPARA',HOUSE -WIFE',NO'
ALQ3122587',ಜಿ ನರಸಿಂಹಮೂರ್ತಿ',ಜಿ ನಾಗರಾಜು',112',20',ಗಂಡು',',UPPARA',STUDENT',NO'
ALQ1065713',ಅಶ್ವತ್ಥಮ್ಮ',ರಂಗಪ್ಪ',113',71',ಹೆಣ್ಣು',',KURUBA',AGED',NO'
ALQ1065721',ಲಕ್ಷ್ಮೀಪತಿ',ರಂಗಪ್ಪ',113',47',ಗಂಡು',',KURUBA',FARMER',NO'
ALQ1065739',ಆರ್ ರಾಮಚಂದ್ರ',ರಂಗಪ್ಪ',113',45',ಗಂಡು',YES',KURUBA',PRIVATE JOB',NO'
ALQ2370344',ಅಮೃತ ಬಿ ಜಿ',ಶಿವಕುಮಾರ್ ಆರ್',113',30',ಹೆಣ್ಣು',YES',KURUBA',PRIVATE JOB',NO'
ALQ3085099',ಸಿಂಧು ಎಲ್',ಲಕ್ಷ್ಮೀಪತಿ ಆರ್',113',21',ಹೆಣ್ಣು',',KURUBA',STUDENT',NO'
ALQ1065747',ತಿಮ್ಮಪ್ಪ ',DAAPPA',114',53',ಗಂಡು',',DELETED',',NO'
ALQ2967370',ಜಿ ಎ ವೆಂಕಟೇಶಪ್ಪ',ಲೇಟ್ ಅಂಜಿನಪ್ಪ',114',45',ಗಂಡು',',NAYAK',SECURITY-AGENCY',NO'
ALQ2985661',ಸುಶೀಲಾ ಕೆ',ಮುನಿಕೃಷ್ಣ',114',23',ಹೆಣ್ಣು',',KURUBA',HOUSE -WIFE',NO'
ALQ1065770',ಲಕಿ ಪತಿ',ಲಿಂಗಪ್ಪ',115',57',ಗಂಡು',',KURUBA',FARMER',NO'
ALQ 1065788',ತಿಪ್ಪಮ್ಮ',ಲಕ್ಷ್ಮೀಪತಿ',115',49',ಹೆಣ್ಣು',',KURUBA',HOUSE -WIFE',NO'
ALQ1065796',ಹೆಚ್ ನಾಗರಾಜು ತಾಯಿಯ',ಗಂಗಮ್ಮ',115',35',ಗಂಡು',',KURUBA',FARMER',NO'
ALQ3003530',ಅಶ್ವತ್ಥನಾರಾಯಣ ಜಿ ಎಲ್',ಲಕ್ಷ್ಮೀಪತಿ',115',24',ಗಂಡು',',KURUBA',FACTORY WORKER',NO'
ALQ 1065804',ಗಂಗಮ್ಮ',ಅಂಜಿನಪ್ಪ',116',72',ಹೆಣ್ಣು',',KURUBA',AGED',NO'
CTR2016707',ಹನುಮಂತಪ ',ಅಂಜಿನಪ್ಪ',116',51',ಗಂಡು',',DELETED',',NO'
CTR2125383',ಲಿಂಗಮ್ಮ ಕೆ',ಹನುಮಂತಪ ',116',49',ಹೆಣ್ಣು',',DELETED',',NO'
ALQ3170750',ಎ ಅರುಣ್',ಆದೆಪ್ಪ',116',19',ಗಂಡು',',KURUBA',FACTORY WORKER',NO'
ALQ1065853',ಗಂಗಾಧರಪ್ಪ',ಆದೆಪ್ಪ',117',61',ಗಂಡು',',NAYAK',KOOLI',NO'
ALQ1065861',ಲಕ್ಷ್ಮಿದೇವಮ್ಮ',ಗಂಗಾಧರಪ್ಪ',117',56',ಹೆಣ್ಣು',',NAYAK',KOOLI',NO'
ALQ3016490',ರಾಜಣ್ಣ ಎ',ಆದಿನಾರಾಯಣ',117',21',ಗಂಡು',',NAYAK',FACTORY WORKER',NO'
CTR2124972',ಗಂಗರತ್ನಮ್ಮ',ಆದಿನಾರಾಯಣಪ್ಪ',118',45',ಹೆಣ್ಣು',',NAYAK',FARMER',NO'
ALQ1065903',ಜಿ ಟಿ ವೆಂಕಟಸ್ವಾಮಿ',ತಿಮ್ಮಯ್ಯ',119',78',ಗಂಡು',',NAYAK',FARMER',NO'
ALQ1065911',ಶಂಕರಮ್ಮ',ಜಿ ಟಿ ವೆಂಕಟಸ್ವಾಮಿ',119',71',ಹೆಣ್ಣು',',NAYAK',HOUSE -WIFE',NO'
ALQ1065929',ಜಿ ಎಸ್ ಹನುಮಂತರಾಯಪ್ಪ',ಸಂಜೀವಪ್ಪ',119',55',ಗಂಡು',',NAYAK',SMALL-SHOP',NO'
ALQ1065937',ಜಿ ವಿ ಪ್ರಭಾವತಿ',ಜಿ ಎಸ್ ಹನುಮಂತರಾಯಪ್ಪ',119',51',ಹೆಣ್ಣು',',NAYAK',GOVT-TEACHER',NO'
ALQ0426213',ಜಿ ವಿ ರಾಜಣ್ಣ',ಜಿ ಟಿ ವೆಂಕಟಸ್ವಾಮಿ',119',48',ಗಂಡು',',NAYAK',FARMER',NO'
CTR2220663',ಉಮಾದೇವಿ',ಜಿ ವಿ ರಾಜಣ್ಣ',119',47',ಹೆಣ್ಣು',',NAYAK',HOUSE -WIFE',NO'
ALQ1065945',ಜಿ ವಿ ಶ್ರೀನಿವಾಸ',ಜಿ ಟಿ ವೆಂಕಟಸ್ವಾಮಿ',119',46',ಗಂಡು',YES',NAYAK',PRIVATE JOB',NO'
ALQ3045879',ಸಿಂಧು ಹೆಚ್',ಹನುಮಂತರಾಯ ಜಿ ಎಸ್',119',22',ಹೆಣ್ಣು',YES',NAYAK',HOUSE -WIFE',NO'
ALQ3120953',ಸಂಕೆತ್ ಜಿ ಆರ್',ರಾಜಣ್ಣ',119',20',ಗಂಡು',YES',NAYAK',FACTORY WORKER',NO'
ALQ1065952',ಲಕ್ಷ್ಮಮ್ಮ',ಸಂಜೀವಪ್ಪ',120',77',ಹೆಣ್ಣು',',NAYAK',AGED',NO'
ALQ2137032',ಟಿ ಮಂಜುನಾಥ',ತಿಪ್ಪಣ್ಣ',120',28',ಗಂಡು',YES',NAYAK',FACTORY WORKER',NO'
ALQ1065986',ಗಂಗಮ್ಮ',ಗಂಗಪ್ಪ',121',62',ಹೆಣ್ಣು',',NAYAK',FLOWER-SELLER',NO'
CTR2124931',ಜಿ ರಮೇಶ',ಗಂಗಪ್ಪ',121',36',ಗಂಡು',',NAYAK',ELECTRICIAN',NO'
ALQ1814110',ಜಿ ಮಂಜುನಾಥ',ಗಂಗಪ್ಪ',121',31',ಗಂಡು',',NAYAK',ELECTRICIAN',NO'
ALQ1065994',ಎ ಗಂಗಾಧರಪ್ಪ',ಆಂಜಿನಪ್ಪ',122',68',ಗಂಡು',',NAYAK',RETAIRED-COMPOUNDER',NO'
ALQ1066000',ಮುದ್ದಮ್ಮ',ಎ ಗಂಗಾಧರಪ್ಪ',122',60',ಹೆಣ್ಣು',',NAYAK',HOUSE -WIFE',NO'
CTR2124766',ಜಿ ರಾಧ',ಜಿ ವಿ ವೆಂಕತಶಾಮಿ',122',37',ಹೆಣ್ಣು',YES',NAYAK',PVT-TEACHER',NO'
ALQ1066018',ಮ್ಯಾಕಣ್ಣ',ಆಂಜಿನಪ್ಪ',13',61',ಗಂಡು',',NAYAK',FARMER',NO'
ALQ1066026',ಗೋವಿಂದಮ್ಮ',ಮ್ಯಾಕಣ್ಣ',123',55',ಹೆಣ್ಣು',',NAYAK',FARMER',NO'
ALQ2966869',ಗಾಯಿತ್ರಿ',ರಾಮಾಂಜಿನಪ್ಪ',13',22',ಹೆಣ್ಣು',',NAYAK',HOUSE -WIFE',NO'
ALQ1066034',ವೆಂಕಟೇಶಮ್ಮ',ಗಂಗಪ್ಪ',124',72',ಹೆಣ್ಣು',',NAYAK',AGED',NO'
ALQ 1066042',ಲಕ್ಷ್ಮಿನಾರಾಯಣಪ್ಪ',ಗಂಗಪ್ಪ',124',49',ಗಂಡು',',NAYAK',PVT-HOSPITAL-WORKER',NO'
ALQ0633396',ವಿನೋಧ',ಲಕ್ಷ್ಮೀನಾರಾಯಣ',124',38',ಹೆಣ್ಣು',',NAYAK',ASHA-WORKER',NO'
ALQ3170511',ಧನಂಜಯ ಎಮ್ ಎಲ್',ಲಕ್ಷ್ಮೀನಾರಾಯಣ',124',19',ಗಂಡು',',NAYAK',FACTORY WORKER',NO'
ALQ1066067',ಎನ್ ನಾರಾಯಣಪ್ಪ',ನರಸಿಂಹಪ್ಪ',125',74',ಗಂಡು',',NAYAK',AGED',NO'
ALQ1066075',ಅಶ್ವತ್ಥಮ್ಮ',ಎನ್ ನಾರಾಯಣ',125',71',ಹೆಣ್ಣು',',NAYAK',HOUSE -WIFE',NO'
ALQ1066083',ಗಂಗಯ್ಯ',ಹನುಮಂತರಾಯಪ್ಪ',125',51',ಗಂಡು',',NAYAK',KOOLI',NO'
CTR2125474',ನರಸಮ್ಮ',ಗಂಗಯ್ಯ',125',45',ಹೆಣ್ಣು',',NAYAK',KOOLI',NO'
ALQ1066091',ರಾಮಾಂಜಪ್ಪ',ಸಂಜೀವರಾಯಪ',125',45',ಗಂಡು',',NAYAK',LAWYER',NO'
CTR2124873',ಎನ್ ಅಶ್ವಥಪ್ಪ',ನಾರಾಯಣಪ್ಪ',125',40',ಗಂಡು',',NAYAK',KOOLI',NO'
ALQ3120946',ನಂದಿನಿ ಜಿ',ಗಂಗಯ್ಯ',125',27',ಹೆಣ್ಣು',',NAYAK',STUDENT',NO'
ALQ1066109',ಲಿಂಗಪ್ಪ',ರಾಮಪ್ಪ',128',78',ಗಂಡು',',NAYAK',FLOWER-SELLER',NO'
ALQ1066117',ರಾಮಲಕ್ಷ್ಮಮ್ಮ',ಲಿಂಗಪ್ಪ',128',55',ಹೆಣ್ಣು',',NAYAK',HOUSE -WIFE',NO'
ALQ1066133',ಚೆನ್ನಮ್ಮ',ಹನುಮಂತಪ್ಪ',129',70',ಹೆಣ್ಣು',',NAYAK',AGED',NO'
ALQ1066158',ಲಕ್ಷ್ಮಮ್ಮ',ಮಲ್ಲಯ್ಯ',130',70',ಹೆಣ್ಣು',',KURUBA',AGED',NO'
CTR2124626',ನಾರಾಯಣಪ್ಪ',ಲಿಂಗಪ್ಪ',130',65',ಗಂಡು',',KURUBA',SHEEP-FARMIG',NO'
ALQ 1066166',ಗಂಗಮ್ಮ',ನಾರಾಯಣಪ್ಪ',130',61',ಹೆಣ್ಣು',',KURUBA',HOUSE -WIFE',NO'
CTR2125789',ಎಂ ತಿಪ್ಪನ್ನ',ಮಲ್ಲಯ್ಯ',130',38',ಗಂಡು',',KURUBA',KOOLI',NO'
ALQ0633420',ಲಿಂಗಪ್ಪ',ನಾರಾಯಣಪ್ಪ',130',35',ಗಂಡು',',KURUBA',SHEEP-FARMING',NO'
ALQ1814128',ಎನ್ ನಾಗರಾಜ',ಎನ್ ನಾರಾಯಣಪ್ಪ',130',34',ಗಂಡು',',KURUBA',SHEEP-FARMING',NO'
ALQ2200129',ಶಶಿಕಲ',ಲಕ್ಷ್ಮೀನಾರಾಯಣಪ್ಪ',130',33',ಹೆಣ್ಣು',',',',NO'
ALQ2516292',ಹರೀಶ ಜಿ ಜಿ',ಗಂಗಾಧರಪ್ಪ',131',24',ಗಂಡು',',NAYAK',FACTORY WORKER',NO'
ALQ1066174',ಹನುಮಂತರಾಯಪ್ಪ',ಹನುಮಂತಪ್ಪ',133',70',ಗಂಡು',',BHOVI',FARMER',NO'
ALQ 1066182',ನಾಗಲಕ್ಷ್ಮಮ್ಮ',ಹನುಮಂತರಾಯ',133',61',ಹೆಣ್ಣು',',BHOVI',KOOLI',NO'
ALQ1066208',ಹನುಮಕ್ಕ',ಆಂಜಿನಪ್ಪ',134',80',ಹೆಣ್ಣು',',NAYAK',AGED',NO'
ALQ0427054',ಹನುಮಂತರಾಯಪ್ಪ',ಆಂಜಿನಪ್ಪ',134',60',ಗಂಡು',',NAYAK',KOOLI',NO'
ALQ1066224',ಅಕ್ಕಮ್ಮ',ರಾಮಾಂಜಿನಪ್ಪ',134',55',ಹೆಣ್ಣು',',NAYAK',KOOLI',NO'
ALQ0633677',ಎಲ್ ಸರಸ್ವತಿ',ಹನುಮಂತರಾಯಪ್ಪ',134',39',ಹೆಣ್ಣು',',NAYAK',KOOLI',NO'
ALQ2007847',ಜಿರಂಜೀವಿ ಜಿ ಆರ್',ರಾಮಾಂಜಿನಪ್ಪ',134',32',ಗಂಡು',',NAYAK',KOOLI',NO'
ALQ 1066232',ಹನುಮಂತರಾಯಪ್ಪ',ಆಂಜಿನಪ್ಪ',135',75',ಗಂಡು',',NAYAK',AGED',NO'
ALQ1066240',ಶ್ರೀರಾಮಪ್ಪ',ಆಂಜಿನಪ್ಪ',135',55',ಗಂಡು',',NAYAK',FARMER',NO'
ALQ1066257',ಸುಧಮ್ಮ',ಶ್ರೀರಾಮಪ್ಪ',135',50',ಹೆಣ್ಣು',',NAYAK',HOUSE -WIFE',NO'
ALQ2955532',ಪ್ರಮೋದ ಆರ್',ರಾಮಚಮದ್ರಆನ',135',22',ಗಂಡು',',NAYAK',STUDENT',NO'
CTR2220655',ಗಂಗಪ್ಪ',ಹನುಮಪ್ಪ',136',71',ಗಂಡು',',NAYAK',FARMER',NO'
ALQ1066281',ಲಕ್ಷ್ಮಮ್ಮ',ಗಂಗಪ್ಪ',136',65',ಹೆಣ್ಣು',',NAYAK',HOUSE -WIFE',NO'
ALQ 1066299',ಮ್ಯಾಕನ್ನ ',GANGAPPA',136',50',ಗಂಡು',',DELETED',',NO'
ALQ1066307',ಸರಸ್ವತಮ್ಮ',ಮ್ಯಾಕನ್ನ',136',41',ಹೆಣ್ಣು',',DELETED',',NO'
CTR2125649',ಜಿ ಗಂಗಧರಪ್ಪ',ಗಂಗಪ್ಪ',136',37',ಗಂಡು',YES',NAYAK',FACTORY WORKER',NO'
CTR2125433',ಜಿ ಶ್ರೀನಿವಾಸಪ್ಪ',ಗಂಗಪ್ಪ',136',36',ಗಂಡು',YES',NAYAK',FACTORY WORKER',NO'
ALQ2344158',ಅಂಬಿಕಾ',ಗಂಗಾಧರಪ್ಪ ಜಿ',136',32',ಹೆಣ್ಣು',YES',NAYAK',GARMENTS',NO'
ALQ3129350',ಮಂಜುಳಾಜಿ',ಜಿ ಶ್ರೀನಿವಾಸಪ್ಪ',136',29',ಹೆಣ್ಣು',YES',NAYAK',GARMENTS',NO'
ALQ 1066315',ವೆಂಕಟರವಣಪ್ಪ',ಗಂಗಪ್ಪ',137',70',ಗಂಡು',',BHOVI',AGED',NO'
ALQ1066323',ಗಂಗರತ್ನಮ್ಮ',ವೆಂಕಟರವಣಪ್ಪ',137',66',ಹೆಣ್ಣು',',BHOVI',SHEEP-FARMING',NO'
CTR5140520',ವಿಜಯಮ್ಮ',ಶಿವಪ್ಪ',137',38',ಹೆಣ್ಣು',',BHOVI',KOOLI',NO'
CTR2125458',ವಿ ಚಂದ್ರಶೇಖರ್',ವೆಂಕಟರವಣಪ್ಪ',137',37',ಗಂಡು',',BHOVI',KOOLI',NO'
CTR2125672',ವಿ ಲಕ್ಷ್ಮೀನಾರಾಯಣ',ವೆಂಕಟರಮಣಪ್ಪ',137',36',ಗಂಡು',',BHOVI',FACTORY WORKER',NO'
ALQ2967347',ಮಹಾದೇವಿ ವಿ',ಲಕ್ಷ್ಮೀನಾರಾಯಣ',137',26',ಹೆಣ್ಣು',',BHOVI',GARMENTS',NO'
ALQ1066331',ರಾಮಪ್ಪ',ಗಂಗಪ್ಪ',138',67',ಗಂಡು',',BHOVI',AGED',NO'
ALQ1066349',ವೆಂಕಟಲಕ್ಷ್ಮಮ್ಮ',ರಾಮಪ್ಪ',138',61',ಹೆಣ್ಣು',',BHOVI',HOUSE -WIFE',NO'
CTR2125201',ಜಿ ಆರ್ ಶ್ರೀನಿವಾಸ',ರಾಮಪ್ಪ',138',36',ಗಂಡು',',BHOVI',KSRTC-DRIVER',NO'
ALQ1066364',ಕಾಂತಮ್ಮ',ಆಂಜಿನಪ್ಪ',139',51',ಹೆಣ್ಣು',YES',BHOVI',',NO'
ALQ1066430',ಗಂಗಾಧರಪ್ಪ',ವೆಂಕಟರವಣಪ್ಪ',141',56',ಗಂಡು',',BHOVI',MESTRI',NO'
ALQ1066448',ಮುನಿಯಪ್ಪ',ವೆಂಕಟರವಣಪ್ಪ',141',53',ಗಂಡು',',BHOVI',KOOLI',NO'
ALQ1066455',ರತ್ನಮ್ಮ',ಗಂಗಾಧರಪ್ಪ',141',48',ಹೆಣ್ಣು',',BHOVI',HOUSE -WIFE',NO'
CTR2125508',ನಾಗರಾಜಪ್ಪ ಜಿ ವಿ',ವೆಂಕಟರವಣಪ್ಪ',141',44',ಗಂಡು',YES',BHOVI',FACTORY WORKER',NO'
CTR2125532',ಬಿ ಸಿ ಅನಿತ',ಜಿ ವಿ ನಾಗರಾಜಪ್ಪ',141',41',ಹೆಣ್ಣು',YES',BHOVI',GARMENTS',NO'
CTR2125185',ಜಿ ವಿ ಆನಂದ',ವೆಂಕಟರಮಣಪ್ಪ',141',38',ಗಂಡು',YES',BHOVI',FACTORY WORKER',NO'
ALQ2967362',ಮುರಳಿಧರ ಜಿ ಜಿ',ಗಂಗಾಧರಪ್ಪ',141',26',ಗಂಡು',YES',BHOVI',PRIVATE JOB',NO'
ALQ1066489',ನಾಗಮ್ಮ',ಮುದ್ದಪ್ಪ',142',70',ಹೆಣ್ಣು',',BHOVI',AGED',NO'
ALQ3170529',ಶೋಭ ಎಮ್ ಹೆಚ್',ಭಗವಂತರೆಡ್ಡಿ',142',39',ಹೆಣ್ಣು',',REDDY',HOUSE -WIFE',NO'
CTR2124600',ಎಂ ಶ್ರೀನಿವಾಸಪ್ಪ',ಮುದ್ದಪ್ಪ',142',36',ಗಂಡು',',BHOVI',KOOLI',NO'
ALQ2963080',ಪರಿಗಿ ಸ್ವಾತಿ',ಶ್ರೀನಿವಾಸ',142',24',ಹೆಣ್ಣು',',BHOVI',KOOLI',NO'
ALQ1063502',ಗಂಗಮ್ಮ',ಅಶ್ವತ್ಥಪ್ಪ',14ಎ',56',ಹೆಣ್ಣು',',EDIGA',KOOLI',NO'
CTR2124790',ಗಂಗಪ್ಪ',ವೀರನಾಗಪ್ಪ',14ಎ',55',ಗಂಡು',',EDIGA',KOOLI',NO'
ALQ2368413',ಶಾಂತಮ್ಮ ಜಿ',GANGAPPA',14ಎ',26',ಹೆಣ್ಣು',',DELETED',',NO'
ALQ2331056',ನಾಗರಾಜ ಜಿ',ಗಂಗಪ್ಪ',14 ಎ',25',ಗಂಡು',',EDIGA',FACTORY WORKER',NO'
ALQ1066554',ನಾಗಪ್ಪ',ಕೊ ರಾಮಯ್ಯ',145',47',ಗಂಡು',YES',NAYAK',PRIVATE JOB',NO'
ALQ2224285',ನಾಗಮಣಿ',ನಾಗಪ್ಪ',145',35',ಹೆಣ್ಣು',YES',NAYAK',HOUSE -WIFE',NO'
ALQ 1066596',ಮುದ್ದರೆಡ್ಡಿ',ಸಂಜೀವರೆಡ್ಡಿ',149',44',ಗಂಡು',',REDDY',ELECTRICIAN',NO'
ALQ1066604',ಗಿರಿಯಪ್ಪ',ಜಿ ಎಂ ಜೂಲಪ್ಪ',151',50',ಗಂಡು',',KURUBA',PVT-TEACHER',NO'
CTR2125698',ವಿಜಯಲಕ್ಷ್ಮಿ',ಗಿರಿಯಪ್ಪ',151',41',ಹೆಣ್ಣು',',KURUBA',HOUSE -WIFE',NO'
ALQ3016508',ಭೂದನ್ ಕುಮಾರ್ ಜಿ',ಗಿರಿಯಪ್ಪ',151',21',ಗಂಡು',',KURUBA',STUDENT',NO'
ALQ1066646',ಎನ್ ನಾಗರಾಜು',ನರಸಪ್ಪ',152',3',ಗಂಡು',',NAYAK',KOOLI',NO'
ALQ1066612',ಮುದ್ದಕ್ಕೆ',ನಾಗರಾಜು',152',53',ಹೆಣ್ಣು',',NAYAK',KOOLI',NO'
ALQ2584639',ಕೃಷ್ಣಪ್ಪ',ನರಸಪ್ಪ',152',49',ಗಂಡು',',NAYAK',KOOLI',NO'
CTR2124949',ಆರ್ ರಾಮಲಕ್ಷ್ಮೀ',ಕೃಷ್ಣಪ್ಪ',152',47',ಹೆಣ್ಣು',YES',NAYAK',KOOLI',NO'
CTR2125029',ಬಿ ಕಾಂತಮ್ಮ',ವೆಂಕಟೇಶ್',152',44',ಹೆಣ್ಣು',YES',NAYAK',KOOLI',NO'
CTR2125607',ಶ್ರೀನಿವಾಸ್',ನರಸಪ್ಪ',152',41',ಗಂಡು',YES',NAYAK',KOOLI',NO'
ALQ2966182',ಕೃಷ್ಣವೇಣಿ ಎ',ಆದಿನಾರಾಯಣಪ್ಪ',172',22',ಹೆಣ್ಣು',',NAYAK',',NO'
ALQ3122488',ತುಳಸಿ ಎ',ಅಂಜಿನಪ್ಪ',174',20',ಹೆಣ್ಣು',',NAYAK',STUDENT',NO'
ALQ3121092',ಲಕ್ಷ್ಮಿನಾರಾಯಣ ಜಿ',ಗಂಗಪ್ಪ',20 1',24',ಗಂಡು',YES',NAYAK',FACTORY WORKER',NO'
ALQ1063635',ಚಿಕ್ಕಪ್ಪ',ನರಸಿಂಹರೆಡ್ಡಿ',20ಎ',53',ಗಂಡು',',REDDY',FARMER',NO'
CTR2125177',ರಾಜಮ್ಮ',ಚಿಕ್ಕಪ್ಪರೆಡ್ಡಿ',20ಎ',45',ಹೆಣ್ಣು',',REDDY',HOUSE -WIFE',NO'
ALQ0633537',ಮಂಜುಳ ಎನ್',ಸುಧಾಕರರೆಡ್ಡಿ',20ಎ',30',ಹೆಣ್ಣು',',REDDY',SMALL-SHOP',NO'
ALQ1063650',ಗಂಗರಾಜಮ್ಮ',ಆದಿರೆಡ್ಡಿ',20ಬಿ',53',ಹೆಣ್ಣು',',REDDY',ANGANAWADI-HELPER',NO'
ALQ1063643',ಗಂಗರೆಡ್ಡಿ',ನರಸಿಂಹರೆಡ್ಡಿ',20ಸಿ',47',ಗಂಡು',',REDDY',SHEEP-FARMING',NO'
ALQ2485498',ಸುಧಾಕರ ಎಸ್',ಶಿವಣ್ಣ',27ಎ',33',ಗಂಡು',',BHOVI',KOOLI',NO'
ALQ2485712',ವೆಂಕಟಲಕ್ಷ್ಮಮ್ಮ',ಸುಧಾಕರ ಎಸ್',27ಎ',28',ಹೆಣ್ಣು',',BHOVI',KOOLI',NO'
CTR2125615',ಎಂ ನಂಜರೆಡ್ಡಿ',ಸಂಜೀವ ರೆಡ್ಡಿ',28 1',66',ಗಂಡು',',REDDY',FARMER',NO'
CTR2125565',ರಾಧಮ್ಮ',ಎಂ ನಂಜರೆಡ್ಡಿ',28 1 ',48',ಹೆಣ್ಣು',',REDDY',HOUSE -WIFE',NO'
CTR2220721',ಎನ್ ಜನಾರ್ದನ ರೆಡ್ಡಿ',ನಂಜರೆಡ್ಡಿ',28 1',40',ಗಂಡು',YES',REDDY',FACTORY WORKER',NO'
ALQ1063981',ಬೈರರೆಡ್ಡಿ',ಆದಿಮೂರ್ತಿರೆಡ್ಡಿ',38ಎ',51',ಗಂಡು',',REDDY',FARMER',NO'
ALQ1063999',ಶಾಂತಮ್ಮ',BAIRAREDDY',38A',44',ಹೆಣ್ಣು',',REDDY',DELETED',NO'
ALQ1064435',ಸಂಜೀವಮ್ಮ',ನಾರಾಯಣರೆಡ್ಡಿ',57ಎ',75',ಹೆಣ್ಣು',',REDDY',FARMER',NO'
ALQ2967354',ಪಾರ್ವತಮ್ಮ',ಜಿ ಎ ವೆಂಕಟೇಶಪ್ಪ',57 ಎ',41',ಹೆಣ್ಣು',YES',REDDY',FARMER',NO'
ALQ1064443',ಅಮರನಾಥರೆಡ್ಡಿ',ರಾಮಲಿಂಗಾರೆಡ್ಡಿ',57ಬಿ',58',ಗಂಡು',',REDDY',SMALL-SHOP',NO'
ALQ 1064450',ಪದ್ಮಾವತಮ್ಮ',ಅಮರನಾಥರೆಡ್ಡಿ',57ಬಿ',53',ಹೆಣ್ಣು',',REDDY',HOUSE -WIFE',NO'
ALQ1064559',ನರಸಿಂಹಪ್ಪ',ಗಂಗಪ್ಪ',60ಎ',65',ಗಂಡು',',NAYAK',AGED',NO'
ALQ2007961',ಕಾಂತಮ್ಮ ಎನ್',ನರಸಿಂಹಾರೆಡ್ಡಿ',75 1',49',ಹೆಣ್ಣು',',REDDY',PROVISION-STORE',NO'
ALQ2007953',ತೇಜಸ್ವಿನಿ ಎನ್',NARASIMHA REDDY',75/1',29',ಹೆಣ್ಣು',',DELETED',',NO'
ALQ 1065127',ಚಿಕ್ಕಮುನಿಯಪ್ಪ',ಸಂಜೀವಪ್ಪ',88ಎ',55',ಗಂಡು',',KURUBA',FARMER',NO'
ALQ1065135',ಲಕ್ಷ್ಮೀದೇವಮ್ಮ',ಚಿಕ್ಕಮುನಿಯಪ್ಪ',88ಎ',51',ಹೆಣ್ಣು',',KURUBA',HOUSE -WIFE',NO'
ALQ3121001',ಅಶೋಕ್',ಚಿಕ್ಕಮುನಿಯಪ್ಪ',88',24',ಗಂಡು',',KURUBA',SHEEP-FARMING',NO'
ALQ2007920',ಎನ್ ಸರಸ್ವತಿ',NASA REDDY',99/1',29',ಹೆಣ್ಣು',',DELETED',',NO'
ALQ2516318',ವಿಶ್ವ ಎ',ಅಶ್ವತ್ಥಪ್ಪ',116 1',23',ಗಂಡು',YES',KURUBA',FACTORY WORKER',NO'
ALQ1065838',ಶ್ರೀನಿವಾಸಪ್ಪ',ಅಂಜಿನಪ್ಪ',116ಎ',47',ಗಂಡು',',KURUBA',FARMER',NO'
ALQ3120979',ರಾಜಶೇಖರ್ ಎನ್',ನರಸಿಂಹರೆಡ್ಡಿ',132',23',ಗಂಡು',',REDDY',DRIVER',NO'
ALQ3121084',ಕಿಶೋರ್ ಕುಮಾರ್ ಎನ್',ನರಸಿಂಹರೆಡ್ಡಿ',132',20',ಗಂಡು',',REDDY',DRIVER',NO'
ALQ1066265',ರಾಮಚಂದ್ರಪ್ಪ',ಕೊಟಿಪಿರಾಮಯ್ಯ',135',50',ಗಂಡು',',NAYAK',WOOD-MERCHANT',NO'
ALQ1066273',ಗಂಗರತ್ನಮ್ಮ',ರಾಮಚಂದ್ರಪ್ಪ',135ಎ',45',ಹೆಣ್ಣು',',NAYAK',HOUSE -WIFE',NO'
ALQ1066380',ಅಶ್ವತ್ಥಪ್ಪ',ಗಂಗಪ್ಪ',140ಎ',50',ಗಂಡು',',BHOVI',KOOLI',NO'
ALQ1066398',ಅಂಜಿನಮ್ಮ',ಅಶ್ವತ್ಥಪ್ಪ',140ಎ',47',ಹೆಣ್ಣು',',BHOVI',KOOLI',NO'
ALQ3122595',ನಾಗರಾಜ ಎ',ಅಶ್ವತ್ಥಪ್ಪ',140 ಎ',22',ಗಂಡು',YES',BHOVI',FACTORY WORKER',NO'
ALQ1066406',ಅಂಜಿನಮ್ಮ',ನರಸಿಂಹಪ್ಪ',140ಬಿ',84',ಹೆಣ್ಣು',',NAYAK',AGED',NO'
ALQ1066414',ಜಯಮ್ಮ',ನಾಗರಾಜಪ್ಪ',140ಬಿ',57',ಹೆಣ್ಣು',',NAYAK',KOOLI',NO'
ALQ1066422',ಅಶ್ವತ್ಥಮ್ಮ',ಅಶ್ವತ್ಥಪ್ಪ',140ಬಿ',49',ಹೆಣ್ಣು',',NAYAK',KOOLI',NO'
ALQ2967388',ಎ ನಾಗೇಶ್',ಅಶ್ವತ್ಥಪ್ಪ',140ಬಿ',25',ಗಂಡು',',NAYAK',FACTORY WORKER',NO'
CTR2124717',ವೆಂಕಟರಮಣಪ್ಪ',ನರಸಿಂಹಪ್ಪ',143ಎ',81',ಗಂಡು',',NAYAK',AGED',NO'
ALQ1066497',ಲಕ್ಷ ಲಕ್ಷ್ಮಮ್ಮ',ವೆಂಕಟರಮಣಪ್ಪ',143ಎ',75',ಹೆಣ್ಣು',',NAYAK',AGED',NO'
ALQ1066505',ವೆಂಕಟಸ್ವಾಮಿ',ವೆಂಕಟರಮಣಪ್ಪ',143ಎ',50',ಗಂಡು',',NAYAK',GOVT-TEACHER',NO'
ALQ3045069',ಶ್ವೇತ ಡಿ ಎಸ್',ಸೀತಾರಾಮರೆಡ್ಡಿ',2254',27',ಹೆಣ್ಣು',',REDDY',',NO'
ALQ2219939',ಮಂಜುನಾಥ ಜಿ ಎಲ್',ಲಕ್ಷ್ಮಣರೆಡ್ಡಿ',1',26',ಗಂಡು',',REDDY',FARMER',YES'
ALQ2438166',ಮಮತ',ನಾಗಪ್ಪ',2',27',ಹೆಣ್ಣು',',EDIGA',FACTORY WORKER',NO'
ALQ2110252',ಎಮ್ ಮಂಜುನಾಥ',ಮುನಿಯಪ್ಪ',3',29',ಗಂಡು',YES',NAYAK',FACTORY WORKER',NO'
ALQ2115350',ಅಶ್ವತಪ್ಪ',ಅಧಿನಾರಾಯಣಪ್ಪ',3',27',ಗಂಡು',YES',NAYAK',FACTORY WORKER',NO'
ALQ2334035',ಶಿವಮ್ಮ',ನರಸಿಂಹಮೂರ್ತಿ',5',28',ಹೆಣ್ಣು',',',KOOLI',NO'
ALQ2438265',ಮಂಜುನಾಥ ಎಲ್',ಲಕ್ಷ್ಮೀನಾರಾಯಣಪ್ಪ',9',26',ಗಂಡು',',NEGARU',FACTORY WORKER',NO'
ALQ0426114',ಶ್ರೀನಿವಾಸ ಜಿಬಿ',ಬಾಬಣ್ಣ',9',32',ಗಂಡು',',NEGARU',KOOLI',NO'
CTR2125243',ಸುಶೀಲಮ್ಮ',ಆಂಜಿನಪ್ಪ',11',42',ಹೆಣ್ಣು',',NAYAK',SHEEP-FARMING',NO'
ALQ1066679',ರಾಮಾಂಜಿನಮ್ಮ',ANJINAPPA',01/122',34',ಹೆಣ್ಣು',',DELETED',',NO'
ALQ0427070',ಟಿ ಆದಿನಾರಾಯಣಪ್ಪ',ತಿಮ್ಮಪ್ಪ',13',39',ಗಂಡು',YES',SHETBALAJIGA',SECURITY',NO'
ALQ0633693',ಕಳಾವತಮ್ಮ',ಗಂಗರೆಡ್ಡಿ',20',42',ಹೆಣ್ಣು',',REDDY',FARMER',NO'
ALQ0633685',ರತ್ನಮ್ಮ',ನಾರಾಯಣಪ್ಪ',24',38',ಹೆಣ್ಣು',',UPPARA',KOOLI',NO'
ALQ0427229',ರಾಮಾಂಜಿನಮ್ಮ',ಅಶ್ವತ್ತಪ್ಪ',24',32',ಹೆಣ್ಣು',',UPPARA',SCHOOL-HELPER',NO'
CTR2124634',ಹೆಚ್ ಶ್ರೀನಿವಾಸ್',ಹನುಮಂತಪ್ಪ',26',39',ಗಂಡು',',NAYAK',KOOLI',NO'
ALQ0633669',ಆನಂದಮ್ಮ',ಹೆಚ್ ಶ್ರೀನಿವಾಸ',26',33',ಹೆಣ್ಣು',',NAYAK',KOOLI',NO'
ALQ0633651',ಜಯಲಕ್ಷ್ಮಿ',ಹನುಮಂತ ರೆಡ್ಡಿ',32',34',ಹೆಣ್ಣು',',REDDY',GARMENTS',NO'
ALQ2152528',ನಂದೀಶ್ ಹೆಚ್',ಹನುಮಂತರಾಯ',34',28',ಗಂಡು',',NAYAK',WOOD-MERCHANT',NO'
CTR2220622',ಜಿ ಆನಂದ',ಗಂಗಪ್ಪ',36',42',ಗಂಡು',',BHOVI',WOOD-MERCHANT',NO'
ALQ0633610',ಮಂಜುಳ',ಭಗವಂತ ರೆಡ್ಡಿ',39',39',ಹೆಣ್ಣು',',REDDY',GARMENTS',NO'
ALQ2438208',ಜನಾರ್ದನ ರೆಡ್ಡಿ ಎನ್',ನಾಗರೆಡ್ಡಿ',40',26',ಗಂಡು',',REDDY',FARMER',NO'
ALQ1066729',ಹನುಮಂತರೆಡ್ಡಿ',ಅಶ್ವತ್ಥರೆಡ್ಡಿ',42',44',ಗಂಡು',',REDDY',KOOLI',NO'
ALQ1066737',ಭಾಗ್ಯಲಕ್ಷ್ಮಿ',ಹನುಮಂತ ರೆಡ್ಡಿ',42',37',ಹೆಣ್ಣು',',REDDY',KOOLI',NO'
ALQ0633768',ಹೆಚ್ ಎಸ್ ಸುನಿತಾ',ಎ ಲಕ್ಷ್ಮೀನಾರಾಯಣರೆಡ್ಡಿ',42',33',ಹೆಣ್ಣು',',REDDY',HOUSE -WIFE',NO'
ALQ0633628',ವರಲಕ್ಷ್ಮಿ',ವೆಂಕಟ ಶಿವಾರೆಡ್ಡಿ',42',33',ಹೆಣ್ಣು',',REDDY',FARMER',NO'
ALQ2438349',ಶೋಭ ಎನ್',ನರಸಿಂಹರೆಡ್ಡಿ',42',24',ಹೆಣ್ಣು',YES',REDDY',HOUSE -WIFE',NO'
ALQ2438323',ಚೈತ್ರ ಕೆ ಆರ್',ನರಸರೆಡ್ಡಿ',43',28',ಹೆಣ್ಣು',YES',REDDY',HOUSE -WIFE',NO'
CTR2125391',ಹೆಚ್ ನಾಗಿರೆಡಿ',ಹನುಮಂತರೆಡ್ಡಿ',44',49',ಗಂಡು',',REDDY',TEMPO-DRIVER',NO'
CTR2125045',ಅಡ್ಮಿನರಸಮ್ಮ',ನಾಗಿರೆಡ್ಡಿ',44',42',ಹೆಣ್ಣು',',REDDY',HOUSE -WIFE',NO'
ALQ2326445',ಅನಿತ ಎಸ್',ಶಿವಪ್ಪ',44',27',ಹೆಣ್ಣು',',REDDY',GARMENTS',NO'
ALQ1066752',ಅನಿತಾ',ನಾಗರೆಡ್ಡಿ',46',36',ಹೆಣ್ಣು',',REDDY',HOUSE -WIFE',NO'
ALQ1064294',ರಾಮಾಂಜಿನಮ್ಮ',ದಾಸಪ್ಪ',47',54',ಹೆಣ್ಣು',YES',EDIGA',FACTORY WORKER',NO'
ALQ1066760',ರಾಮಾಂಜಿನಪ್ಪ',ವೆಂಕಟರವಣಪ್ಪ',49',42',ಗಂಡು',',NAYAK',FARMER',NO'
CTR2125078',ಅಶ್ವತ್ಥಮ್ಮ',ರಾಮಾಂಜಿನಪ್ಪ',49',39',ಹೆಣ್ಣು',',NAYAK',HOUSE -WIFE',NO'
CTR2125144',ಶ್ಯಾಮಲಮ್ಮ',ನಾಗರಾಜಪ್ಪ',50',40',ಹೆಣ್ಣು',',NAYAK',KOOLI',NO'
CTR2220689',ನಾಗರಾಜಪ್ಪ',ಕಮ್ಮಪ್ಪ',50',40',ಗಂಡು',',NAYAK',KOOLI',NO'
ALQ0426197',ನರಸಿಂಹಪ್ಪ',ಕಮ್ಮಪ್ಪ',50',39',ಗಂಡು',',NAYAK',KOOLI',NO'
ALQ2346724',ಎ ನಾಗಮಣಿ',ರಾಜು',51',27',ಹೆಣ್ಣು',',NAYAK',GARMENTS',NO'
CTR2125136',ಅವಲಪ್ಪ',ನಾರಾಯಣಪ್ಪ',54',42',ಗಂಡು',',NAYAK',FARMER',NO'
CTR2124691',ಸೋಮಶೇಕರರೆಡ್ಡಿ',ನಾರಾಯಣರೆಡ್ಡಿ',57',39',ಗಂಡು',',REDDY',PRIVATE JOB',NO'
ALQ2152536',ಕಾರ್ತಿಕ',ಅಮರನಾಥರೆಡ್ಡಿ',57',27',ಗಂಡು',',REDDY',SMALL-SHOP',NO'
ALQ0427211',ಗಂಗಮ್ಮ',ನಾರಾಯಣಸ್ವಾಮಿ',60',32',ಹೆಣ್ಣು',',NAYAK',HOUSE -WIFE',NO'
CTR2125037',ಎ ರಾಮಕೃಷ್ಣಪ್ಪ',ಎ ಅಶ್ವತ್ಥಪ್ಪ',61',40',ಗಂಡು',',NAYAK',FARMER',NO'
CTR2125102',ಜಿ ಎಸ್ ಹನುಮಂತರೆಡ್ಡಿ',ಸಂಜೀವರೆಡ್ಡಿ',63',42',ಗಂಡು',',REDDY',BANK-WORKER',NO'
ALQ0633495',ಜಿ ಎಸ್ ಪ್ರವೀಣ್ ಕುಮಾರ್',ಜಿ ಹೆಚ್ ಶಿವಶಂಕರರೆಡ್ಡಿ',65',33',ಗಂಡು',',REDDY',FARMER',NO'
ALQ2333623',RAKSHITHA',ರವಿಚಂದ್ರರೆಡ್ಡಿ',65',26',ಹೆಣ್ಣು',',DELETED',',NO'
ALQ0427096',ಸಿರಾಯಪ್ಪ',ಚನ್ನಪ್ಪ',69',34',ಗಂಡು',',NAYAK',HOTEL-WORKER',NO'
ALQ0426130',ಗಾಯಿತ್ರಿ',ಸಿ ರಾಯಪ್ಪ',69',31',ಹೆಣ್ಣು',',',HOUSE -WIFE',NO'
CTR2124592',ಶ್ರೀನಾಥ್ ',CHINAPPAYYA',70',40',ಗಂಡು',',DELETED',',NO'
ALQ2438273',ಶಿಲ್ಪ ಜಿ',ಗಂಗಪ್ಪ',73',26',ಹೆಣ್ಣು',',KURUBA',STUDENT',NO'
ALQ2438315',ಸುವರ್ಣ ಜಿ',ಗಂಗಪ್ಪ',73',24',ಹೆಣ್ಣು',YES',KURUBA',HOUSE -WIFE',NO'
ALQ2438232',ರೋಜಾ ',GOVINDPPA',78',24',ಹೆಣ್ಣು',',DELETED',',NO'
CTR2124774',ಸುಧಾಕರರೆಡ್ಡಿ',ಬೈರಾರೆಡ್ಡಿ',84',44',ಗಂಡು',',REDDY',FARMER',NO'
ALQ0427112',ಪದ್ಮಕ್ಕ',ವೆಂಕಟಶಿವರೆಡ್ಡಿ',85',42',ಹೆಣ್ಣು',',REDDY',GARMENTS',NO'
ALQ2225886',ಮಂಜುನಾಥ',ನಂಜರೆಡ್ಡಿ',86',43',ಗಂಡು',',REDDY',FARMER',NO'
ALQ2343440',ಅಮರಾವತಿ ಬಿ ಸಿ',ನಾಗಭೂಷಣರೆಡ್ಡಿ',87',36',ಹೆಣ್ಣು',',REDDY',HOUSE -WIFE',NO'
ALQ2438356',ಎಮ್ ಮುರಳಿ ಕುಮಾರ್',ಮುನಿಯಪ್ಪ',91',27',ಗಂಡು',',KURUBA',FARMER',NO'
CTR2125524',ನರಸಿಂಹಪ್ಪ',ದಾಸಪ್ಪ',95',69',ಗಂಡು',',NAYAK',AGED',NO'
ALQ0426221',ಹೆಚ್ ಲಕ್ಷ್ಮೀದೇವಿ',ನರಸಿಂಹಪ್ಪ',95',31',ಹೆಣ್ಣು',',NAYAK',KOOLI',NO'
MHR1996610',ಆರ್ ಮಂಜುನಾಥರೆಡ್ಡಿ',ಜಿ ರಾಮರೆಡ್ಡಿ',100',37',ಗಂಡು',',REDDY',FARMER',NO'
ALQ1066919',ವಿ ವಿಧ್ಯಾರಾಣಿ',ಅರ್ ರಾಮಚಂದ್ರ',101',31',ಹೆಣ್ಣು',YES',KURUBA',PRIVATE JOB',NO'
CTR2125334',ರಾಧಮ್ಮ',ನಾಗರಾಜ',102',43',ಹೆಣ್ಣು',',REDDY',FARMER',NO'
ALQ2219913',ಸುಪ್ರಿಯ ಎನ್',ಸುರೇಶ ಬಾಬು',102',31',ಹೆಣ್ಣು',',REDDY',GARMENTS',NO'
CTR2124733',ನಾರಾಯಣಸ್ವಾಮಿ',ರೆಡ್ಡಿಪ್ಪ',105',39',ಗಂಡು',',REDDY',FARMER',NO'
CTR2125052',ಜಿ ಎಸ್ ಪದ್ಮ',ನಾರಾಯಣಸ್ವಾಮಿ',105',36',ಹೆಣ್ಣು',',REDDY',HOUSE -WIFE',NO'
CTR2220697',ಜಯಕ್ಕ',ಕೃಷ್ಣಾರೆಡ್ಡಿ',106',40',ಹೆಣ್ಣು',',REDDY',FACTORY WORKER',NO'
CTR2125268',ಆದಿ ಲಕ್ಷ್ಮಮ್ಮ',ಲಕ್ಷ್ಮಣರೆಡ್ಡಿ',106',39',ಹೆಣ್ಣು',',REDDY',SHEEP-FARMING',NO'
CTR2124469',ಆದಿನಾರಾಯಣಪ್ಪ',ಗಂಗಪ್ಪ',107',40',ಗಂಡು',',NAYAK',AUTO-DRIVER',NO'
ALQ0427195',ಲಕ್ಷ್ಮಿ',ವೆಂಕಟೇಶ',108',32',ಹೆಣ್ಣು',',NAYAK',HOUSE -WIFE',NO'
ALQ 1066927',ಗೀತಾ',MUNKRISHNA',110',41',ಹೆಣ್ಣು',',DELETED',',NO'
ALQ0427062',ನಾರಾಯಣಸ್ವಾಮಿ',ಹನುಮಂತಪ್ಪ',110',39',ಗಂಡು',YES',NAYAK',FACTORY WORKER',NO'
CTR5560396',ಆಂಜಿನಮ್ಮ',ವೆಂಕಟರವಣಪ್ಪ',111',55',ಹೆಣ್ಣು',YES',NAYAK',AGED',NO'
CTR2125219',ನಂಜಮ್ಮ',ಲಕ್ಷ್ಮೀಪತಿ',113',43',ಹೆಣ್ಣು',',KURUBA',HOUSE -WIFE',NO'
ALQ0633552',ಆರ್ ಗೀತ',ಅಶ್ವತ್ಥನಾರಾಯಣಪ್ಪ',113',38',ಹೆಣ್ಣು',YES',KURUBA',HOUSE -WIFE',NO'
CTR2124758',ಶಿವಕುಮಾರ್ ಆರ್',ರಂಗಪ್ಪ',113',37',ಗಂಡು',YES',KURUBA',FACTORY WORKER',NO'
ALQ2438257',ಸಂಧ್ಯ ಎಲ್ ',LAKSHMIPATHI R',113',24',ಹೆಣ್ಣು',',DELETED',',NO'
ALQ2207777',ಮುನಿಕೃಷ್ಣ',ತಿಮ್ಮಪ್ಪ',114',29',ಗಂಡು',',KURUBA',FARMER',NO'
ALQ2438307',ಹೆಚ್ ವಿಕಾಸ್',ಜಿ ಎಸ್ ಹನುಮಂತರಾಯಪ್ಪ',119',25',ಗಂಡು',',NAYAK',STUDENT',NO'
ALQ0633461',ರಾಮಾಂಜಿನಪ್ಪ',ಮ್ಯಾಕನ್ನ',13',34',ಗಂಡು',',NAYAK',FARMER',NO'
ALQ2438190',ಹರೀಶ್ ಜಿ',ಗಂಗಯ್ಯ',125',27',ಗಂಡು',',NAYAK',KOOLI',NO'
ALQ2438182',ಪ್ರಕಾಶ ಎಲ್',ಲಿಂಗಪ್ಪ',128',25',ಗಂಡು',',NAYAK',DRIVER',NO'
CTR2125151',ನಾಗರಾಜ',ಹನುಮಂತಪ್ಪ',129',39',ಗಂಡು',',NAYAK',SHEEP-FAMING',NO'
ALQ1066950',ಅನುರಾಧ',ನಾಗರಾಜು',129',35',ಹೆಣ್ಣು',',NAYAK',HOUSE -WIFE',NO'
ALQ0426171',ಮಂಜುಳಾ',ತಿಪ್ಪಣ್ಣ',130',35',ಹೆಣ್ಣು',',KURUBA',HOUSE -WIFE',NO'
ALQ0633586',ಜಿ ಎಂ ಮೈಲಾರಪ್ಪ',ಮಲ್ಲಯ್ಯ',130',31',ಗಂಡು',',KURUBA',WATERMAN',NO'
ALQ0426098',ಗೋಪಾಲ ಟಿ',ತಿಮ್ಮಪ್ಪ',13ಎ',35',ಗಂಡು',',SHETBALAJIGA',SMALL-SHOP',NO'
ALQ2483733',ಎನ್ ಚೈತ್ರ',ಗೋಪಾಲ ಟಿ',13ಎ',29',ಹೆಣ್ಣು',',SHETBALAJIGA',HOUSE -WIFE',NO'
CTR2124865',ಪಾರ್ವತಿ',RAMAJINAPPA',134',36',ಹೆಣ್ಣು',',DELETED',',NO'
ALQ2438224',ರೋಜ ಎ',ಚಿರಂಜೀವಿ',134',26',ಹೆಣ್ಣು',',NAYAK',FACTORY WORKER',NO'
CTR2125235',ರಾಮಲಕ್ಷ್ಮೀ',ವೆಂಕಟೇಶಪ್ಪ',136',39',ಹೆಣ್ಣು',',NAYAK',KOOLI',NO'
CTR2124857',ಶಿವಪ್ಪ',ವೆಂಕಟರವಣಪ್ಪ',137',42',ಗಂಡು',',BHOVI',',YES'
ALQ2438240',ಚಿನ್ನಕ್ಕ',ವಿ ಚಂದ್ರಶೇಖರ್',137',30',ಹೆಣ್ಣು',',BHOVI',KOOLI',NO'
CTR2125227',ನರಸಿಂಹಮೂರ್ತಿ',ನಾಗಪ್ಪ',140',40',ಗಂಡು',',NAYAK',KOOLI',NO'
ALQ2201556',ರಾಧಮ್ಮ',ರಾಮಪ್ಪ',141',40',ಹೆಣ್ಣು',',BHOVI',FACTORY WORKER',NO'
ALQ2201564',ಮಂಜುಳ ಜಿ ',GANGADARAPPA',141',28',ಹೆಣ್ಣು',',DELETED',',NO'
CTR2124956',ನಾರಾಯಣಸ್ವಾಮಿ',ಮುದ್ದಪ್ಪ',142',44',ಗಂಡು',',BHOVI',GAARE',NO'
CTR2123180',ಆನಂದಪ್ಪ',ಮುದ್ದಪ್ಪ',142',43',ಗಂಡು',',BHOVI',GAARE',NO'
CTR2125300',ಗಂಗರತ್ನಮ್ಮ',NARAYANAPPA ',142',39',ಹೆಣ್ಣು',',DELETED',',NO'
ALQ1067008',ರಾಮಾಂಜಿನಪ್ಪ',VENKATARAVANAPPA',143',41',ಗಂಡು',',DELETED',',NO'
ALQ0633594',ಉಮಾದೇವಿ',ಶ್ರೀನಿವಾಸ',152',34',ಹೆಣ್ಣು',',NAYAK',WOOD-MERCHANT',NO'
ALQ2438281',ಗಂಗಾ ಎನ್',ನಾಗಪ್ಪ',152',27',ಹೆಣ್ಣು',YES',NAYAK',HOUSE -WIFE',NO'
ALQ0633602',ರಾಮಾಂಜನಮ್ಮ',ಅಂಜಿನಪ್ಪ',174',38',ಹೆಣ್ಣು',',NAYAK',TAILOR',NO'
CTR2220606',ಗಂಗಪ್ಪ',ನಾರಾಯಣಪ್ಪ',20 1',55',ಗಂಡು',',NAYAK',KOOLI',NO'
CTR2124451',ಅಶ್ವಥಮ್ಮ',ಗಂಗಪ್ಪ',20 1',45',ಹೆಣ್ಣು',',NAYAK',',YES'
ALQ0427237',ಗಾಯಿತ್ರಿ',ಎನ್ ಹನುಮಂತರೆ',20',35',ಹೆಣ್ಣು',',REDDY',HOUSE -WIFE',NO'
ALQ2109767',ಮುನಿಕೃಷ್ಣ ಸಿ',ಚನ್ನರಾಯಪ್ಪ',268',29',ಗಂಡು',',NAYAK',FARMER',NO'
ALQ0426296',ಗಂಗಲಕ್ಷ್ಮಿ',ನಾರಾಯಣಸ್ವಾಮಿ',27ಎ',36',ಹೆಣ್ಣು',',NAYAK',KOOLI',NO'
ALQ0427203',ಸುಜಾತ',ನಾಗರಾಜು',32ಎ',34',ಹೆಣ್ಣು',',REDDY',GARMENTS',NO'
ALQ2438299',ನಾಗಮಣಿ ಜಿ ಜಿ',ಗಂಗಾಧರಪ್ಪ',35ಎ',33',ಹೆಣ್ಣು',YES',NAYAK',GARMENTS',NO'
ALQ2438174',ಪಾರ್ವತಿ ಜಿ',ಗಂಗಾಧರಪ್ಪ',35ಎ',26',ಹೆಣ್ಣು',',KURUBA',HOUSE -WIFE',NO'
ALQ0633545',ಪವಿತ್ರ',ನಾರಾಯಣಪ್ಪ',55ಎ',35',ಹೆಣ್ಣು',',NAYAK',KOOLI',NO'
ALQ0633479',ಕೆಸ್ವಾತಿB',ಸೋಮಶೇಖರ ರೆ',57ಬಿ',31',ಹೆಣ್ಣು',',REDDY',GARMENTS',NO'
ALQ1066794',ಕಲ್ಪನ',ಅಮರನಾಥ ರೆಡ್ಡಿ',57ಬಿ',31',ಹೆಣ್ಣು',YES',REDDY',HOUSE -WIFE',NO'
ALQ1066802',ಪ್ರತಿಭಾ ಜಿ ಎಸ್ ',SHIVASHANKARA REDDY',65A',30',ಹೆಣ್ಣು',',DELETED',',NO'
ALQ0633511',ಬಿ ಶಾಂತಮ್ಮ',ಟಿ ಲೋಕೇಶ',68ಎ',37',ಹೆಣ್ಣು',',REDDY',FARMER',NO'
ALQ1066851',ಪ್ರಮೀಳ',ಆದಿರೆಡ್ಡಿ',83ಎ',32',ಹೆಣ್ಣು',YES',REDDY',',NO'
ALQ2438216',ಶ್ರೀಕಾಂತ',ಚಿಕ್ಕಮುನಿಯಪ್ಪ',88ಎ',25',ಗಂಡು',',KURUBA',SHEEP-FARMING',NO'
ALQ1066877',ಎನ್ ರವೀಂದ್ರ ರೆಡ್ಡಿ',ನರಸಪ್ಪ',95 1ಎ',34',ಗಂಡು',',REDDY',SHEEP-FARMING',NO'
ALQ0427104',ಜೆ ಎನ್ ಸುಧಾಕರ ರೆಡ್ಡಿ',ನರಸಪ್ಪ',95 1ಎ',32',ಗಂಡು',',REDDY',FARMER',NO'
ALQ1066885',ನರಸಪ್ಪ',ನಡಿಪಿರೆಡ್ಡಿ',991',70',ಗಂಡು',',REDDY',AGED',NO'
ALQ1066901',ನಡಪರೆಡ್ಡಿ',ನರಸಪ್ಪ',99 1',45',ಗಂಡು',',REDDY',FARMER',NO'
ALQ0427153',ಲಕ್ಷ್ಮೀ',ನಡಪರೆಡ್ಡಿ',99 1',41',ಹೆಣ್ಣು',',REDDY',HOUSE -WIFE',NO'
CTR2125466',ಸಿ ಅಶ್ವತ್ಥಪ್ಪ',ಲಿಂಗಣ್ಣ',116 1',49',ಗಂಡು',',KURUBA',GAARE',NO'
CTR2220614',ANJANAMMA',C ASHVATHAPPA',116-1',39',ಹೆಣ್ಣು',',KURUBA',HOUSE -WIFE',NO'
CTR2125870',ಸಿ ಅಶ್ವತ್ಥಮ್ಮ',ಶ್ರೀನಿವಾಸ',116 2',40',ಹೆಣ್ಣು',',KURUBA',HOUSE -WIFE',NO'
ALQ1066935',ಆದೆಪ್ಪ',ಆಂಜಿನಪ್ಪ',1163',43',ಗಂಡು',',KURUBA',FARMER',NO'
CTR2125854',ತಿಮ್ಮಕ್ಕ',ಆದೆಪ್ಪ',1163',40',ಹೆಣ್ಣು',',KURUBA',HOUSE -WIFE',NO'
ALQ0633701',ಅರುಣ ಬಿ',ಶ್ರೀನಿವಾಸ ಜಿ ವಿ',119ಎ',34',ಹೆಣ್ಣು',YES',NAYAK',PRIVATE JOB',NO'
ALQ0633719',ನಾಗಲಕ್ಷ್ಮಮ್ಮ',ಅಶ್ವಥಪ್ಪ ಎಸ್',125ಎ',32',ಹೆಣ್ಣು',',NAYAK',KOOLI',NO'
ALQ 1066976',ನರಸಿಂಹರೆಡ್ಡಿ',ನಾರಾಯಣರೆಡ್ಡಿ',132ಎ',40',ಗಂಡು',',REDDY',FARMER',NO'
ALQ1066968',ರಘುವೀರ ಆರ್',ರಾಮಚಂದ್ರಪ್ಪ',135ಎ',26',ಗಂಡು',',REDDY',FARMER',NO'
ALQ2219947',ಜಿ ಎನ್ ಶಂಕರ್',ನಾಗಪ್ಪ',140ಬಿ',33',ಗಂಡು',',NAYAK',LAWYER',NO'
ALQ 1066992',ಅನಿತ ಎಂ ಎನ್',ಅಂಜಿನರೆಡ್ಡಿ',154ಎ',43',ಹೆಣ್ಣು',',NAYAK',KOOLI',NO'
ALQ0633446',ಅರುಣಮ್ಮ ಎಂ ಎ',ಮಂಜುನಾಥ್ ಜಿ ಎ',151',21',ಹೆಣ್ಣು',',REDDY',ANGANAWADI-TEACHER',NO'
ALQ3229648',SUSHMA H M',NARAYANAPPA R',88',18',ಹೆಣ್ಣು',',',',NO'
ALQ3243094',SUSHMITHA N ',NARASIMHA REDDY',62',18',ಹೆಣ್ಣು',',',',NO'
ALQ3243102',ಚಾಂದಿನಿ ಜಿ',ಗಿರಿಯಪ್ಪ',151',18',ಹೆಣ್ಣು',',REDDY',STUDENT',NO'
ALQ3243110',ಪವಿತ್ರ ಜಿ ಎನ್',ನಾಗರೆಡ್ಡಿ',44',18',ಹೆಣ್ಣು',',KURUBA',STUDENT',NO'
ALQ3243839',ಗೋವರ್ಧನ ಜಿ',ಗಂಗರೆಡ್ಡಿ',20',18',ಗಂಡು',',REDDY',STUDENT',NO'
ALQ3243847',E PALAVI',LAKSHMINARAYANA S',14',18',ಹೆಣ್ಣು',',REDDY',FACTORY WORKER',NO'
ALQ3259710',',',',',',',',','