ALQ2376002',ಸಂತೋಷ್ ಕುಮಾರ್',ಶ್ರೀನಿವಾಸರೆಡ್ಡಿ ಕೆ ಎನ್',0',26',ಗಂಡು'
ALQ2398873',ಲಕ್ಷ್ಮಮ್ಮ',ಲೇಟ್ ಕೆ ಟಿ ನರಸಿಂಹಪ್ಪ',0',66',ಹೆಣ್ಣು'
ALQ2252310',ಶಿವಾನಂದರೆಡ್ಡಿ ಎನ್',ಎ ನಾರಾಯಣರೆ',0',47',ಗಂಡು'
ALQ2347821',ರಾಜಕುಮಾರ್',ಚಿಕ್ಕ ವೇಂಕಟಪ್ಪ',0',43',ಗಂಡು'
ALQ2252187',ಕೆ ವಿ ಗಾಯಿತ್ರಿ',ವೆಂಕಟರವಣಪ್ಪ',0',31',ಹೆಣ್ಣು'
ALQ2252351',ಆದರ್ಶ ಕೆ ಎನ್',ನರಸರೆಡ್ಡಿ ಕೆ ಎನ್',0',29',ಗಂಡು'
ALQ2252146',ಕಾರ್ತಿಕ ಕೆ ಎನ್',ನರಸಿಂಹರೆಡ್ಡಿ ಕೆ ಎನ್',0',28',ಗಂಡು'
ALQ2341063',ಅಶ್ವತ್ಥಮ್ಮ',ರಾಜಕುಮಾರ',0',25',ಹೆಣ್ಣು'
ALQ3101698',ಕೆ ಎನ್ ಲಕ್ಷ್ಮೀನಾರಾಯಣಃ',ನರಸಿಂಹಪ್ಪ',1',23',ಗಂಡು'
MVJ1896539',ಗಂಗಮ್ಮ',ನರಸಿಂಹಪ್ಪ',1',85',ಹೆಣ್ಣು'
MVJ1896281',ಗಂಗರಾಜಮ್ಮ',ನರಸಿಂಹಪ್ಪ',1',70',ಹೆಣ್ಣು'
MVJ1778042',ನರಸಿಂಹಮೂರ್ತಿ',ನರಸಿಂಹಪ್ಪ',1',50',ಗಂಡು'
ALQ1470657',ಗಂಗಾಧರಪ್ಪ',ನರಸಿಂಹಪ್ಪ',1',45',ಗಂಡು'
ALQ0809996',ಮಂಜಮ್ಮ',ನರಸಿಂಹಮೂರ್ತಿ',1',39',ಹೆಣ್ಣು'
ALQ2252286',ಸುಶೀಲ ಟಿ ಕೆ',ಗಂಗಾಧರಪ್ಪ',1',29',ಹೆಣ್ಣು'
ALQ3101771',ಚಂದ್ರಶೇಖರ ಕೆಸಿ ',ಸಾಕಮ್ಮ',2',20',ಗಂಡು'
ALQ0810101',ಸಾಕಮ್ಮ',ಚಲುವಚಾರಿ',2',44',ಹೆಣ್ಣು'
MVJ1895572',ಗೋಪಾಲಕೃಷ್ಣ',ಮುತ್ತಾಚಾರಿ',2',63',ಗಂಡು'
MVJ1895994',ಆದಿಲಕ್ಷ್ಮಮ್ಮ',ಗೋಪಾಲಕೃಷ್ಣ',2',59',ಹೆಣ್ಣು'
ALQ0810754',ಮುತ್ತುರಾಜು',ಗೋಪಾಲಚಾರಿ',2',34',ಗಂಡು'
ALQ0810762',ಸುಶೀಲ',ಮುತ್ತುರಾಜು',2',33',ಹೆಣ್ಣು'
ALQ2399186',ಕೆ ವಿ ರೂಪ',ಅಶೋಕ್ ಕುಮಾರ್',3',27',ಹೆಣ್ಣು'
ALQ0269167',ಚಿನ್ನಕ್ಕ',ಓಬಳಪ್ಪ',3',85',ಹೆಣ್ಣು'
ALQ0809962',ಅಶೋಕಕುಮಾರ',ಶ್ರೀರಾಮಪ್ಪ',3',32',ಗಂಡು'
MVJ1896208',ನಾರಾಯಣಪ್ಪ ',',4',70',ಗಂಡು'
MVJ1898154',ರತ್ನಮ್ಮ',ನರಸಿಂಹಪ್ಪ',4',44',ಹೆಣ್ಣು'
ALQ1470665',ನರಸಿಂಹಪ್ಪ ',',4',38',ಗಂಡು'
ALQ2399228',ಕೆ ಎನ್ ಸುನಿಲ್ ಕುಮಾರ್',ನರಸಿಂಹಪ್ಪ ಕೆ ಎನ್',4',24',ಗಂಡು'
ALQ3101805',ಶಿವಕುಮಾರ್ ಕೆ ಎಸ್',ಶ್ರೀರಾಮಪ್ಪ',5',20',ಗಂಡು'
MVJ1897909',ಗಂಗಮ್ಮ',ಶ್ರೀರಾಮಪ್ಪ',5',55',ಹೆಣ್ಣು'
ALQ2752376',ಲಕ್ಷ್ಮಮ್ಮ',ಗಂಗಪ್ಪ',6',81',ಹೆಣ್ಣು'
ALQ0810945',ಅದೆಪ್ಪ ತಾಯಿಯ',ಲಕ್ಷ್ಮಮ್ಮ',6',61',ಗಂಡು'
ALQ2752384',ಕಮಲಮ್ಮ',ನರಸಿಂಹ ಮೂರ್ತಿ',6',55',ಹೆಣ್ಣು'
ALQ2059459',ಕೆ ಆರ್ ವೆಂಕಟಲಕ್ಷ್ಮಮ್ಮ',ಎ ಹನುಮಪ್ಪ',7',34',ಹೆಣ್ಣು'
ALQ3022704',ನಾಗಮಣಿ ವೈ ',ನರಸಿಂಹಮೂರ್ತಿ',7',32',ಗಂಡು'
ALQ2752392',ಎ ಹನುಮಪ್ಪ',ಅಂಜಿನಪ್ಪ',7',52',ಗಂಡು'
ALQ2179851',ಭಾಗ್ಯಮ್ಮ ತಾಯಿಯ',ಮುನಿಯಮ್ಮ',8',41',ಹೆಣ್ಣು'
MVJ1895762',ಮುನಿಯಮ್ಮ',ಗೋವಿಂದಪ್ಪ',8',70',ಹೆಣ್ಣು'
ALQ1470673',ನರಸಿಂಹಮೂರ್ತಿ',ಕಾ ನರಸಿಂಹಪ್ಪ',9',48',ಗಂಡು'
ALQ2752418',ಲಕ್ಷ್ಮೀನರಸಪ್ಪ',ಕಾ ನರಸಿಂಹಪ್ಪ',9',46',ಗಂಡು'
ALQ1470681',ಮುತ್ತು',ನರಸಿಂಹಮೂರ್ತಿ',9',43',ಹೆಣ್ಣು'
ALQ3178282',ನವ್ಯಶ್ರೀ ಕೆ ಎಲ್',ಲಕ್ಷ್ಮೀನರಸಪ್ಪ',9',19',ಹೆಣ್ಣು'
ALQ2752426',ಅಂಜಿನಮ್ಮ',ಅಶ್ವಥಪ್ಪ',10',75',ಹೆಣ್ಣು'
MVJ1779388',ಸಿ ನರಸಿಂಹರೆಡ್ಡಿ',ಚಿಕ್ಕಗಂಗಪ್ಪ',12',71',ಗಂಡು'
ALQ1470715',ಗಂಗಲಕ್ಷ್ಮಮ್ಮ',ಸಿ ಎನ್ ನರಸಿಂಹ',12',65',ಹೆಣ್ಣು'
MVJ1897420',ಸಿ ಎನ್ ರಾಘವೇಂದ್ರರೆಡ್ಡಿ',ಸಿ ನರಸಿಂಹರೆಡ್ಡಿ',12',44',ಗಂಡು'
MVJ1895713',ಸಿ ಎನ್ ಚಂದ್ರಶೇಖರ',ನರಸರೆಡ್ಡಿ',12',39',ಗಂಡು'
ALQ2252401',ಜ್ಯೋತಿ ಕೆ ಎಸ್',ಸಿ ಎನ್ ಚಂದ್ರಶೇಖ',12',33',ಹೆಣ್ಣು'
MVJ1779362',ಎ ನರಸರೆಡ್ಡಿ',ಚಿಕ್ಕಗಂಗಪ್ಪ',13',60',ಗಂಡು'
ALQ1470723',ಸಿ ಜಿ ಜಯಮ್ಮ',ಎ ನರಸರೆಡ್ಡಿ',13',55',ಹೆಣ್ಣು'
MVJ1897867',ನಾಗಮಣಿ',ಕೆ ಆರ್ ಮದನ ಮೋಹನರೆಡ್ಡಿ',15',48',ಹೆಣ್ಣು'
ALQ3066974',ವರುಣ್ ಕುಮಾರ್ ಕೆ ಎಂ',ಮಧನ್ ಮೋಹನ',15',22',ಗಂಡು'
ALQ2752459',ಶಂಕರಮ್ಮ',ಎನ್ ರಾಮರೆಡ್ಡಿ',16',53',ಹೆಣ್ಣು'
ALQ2133478',ಅರ್ ರಾಜಶೇಖರ್',ಎನ್ ರಾಮರೆಡ್ಡಿ',16',30',ಗಂಡು'
MVJ1778372',ಎನ್ ಶ್ರೀನಿವಾಸರೆಡ್ಡಿ',ನಾರಾಯಣರೆಡ್ಡಿ',17',55',ಗಂಡು'
ALQ2752467',ಕಾಂತಮ್ಮ',ಎನ್ ಶ್ರೀನಿವಾಸರೆಡ್ಡಿ',17',50',ಹೆಣ್ಣು'
ALQ2752475',ನಾಗರತ್ನಮ್ಮ',ಎನ್ ಆದಿನಾರಾಯಣರೆಡ್ಡಿ',18',75',ಹೆಣ್ಣು'
MVJ1895861',ಅಶ್ವತ್ಥನಾರಾಯಣರೆಡ್ಡಿ',ಎನ್ ಆದಿನಾರಾಯಣರೆಡ್ಡಿ',18',47',ಗಂಡು'
MVJ1897347',ಎ ಮಂಜುನಾಥರೆಡ್ಡಿ',ಎನ್ ಆದಿನಾರಾಯಣರೆಡ್ಡಿ',18',44',ಗಂಡು'
MVJ1895721',ಕೆ ಎ ಶಂಕರನಾರಾಯಣರೆಡ್ಡಿ',ಆದಿನಾರಾಯಣ',18',43',ಗಂಡು'
ALQ2059483',ಸುನಿತಮ್ಮ',ಮಂಜುನಾಥ ರೆಡ್ಡಿ',18',35',ಹೆಣ್ಣು'
ALQ2059491',ಸಿ ಗೌತಮಿ',ಅಶ್ವಥನಾರಾಯಣರೆಡ್ಡಿ',18',35',ಹೆಣ್ಣು'
ALQ2252377',ಸಿ ಅನುರಾಧ',ಕೆ ಎ ಶಂಕರನಾರಾಯಣರೆಡ್ಡಿ',18',26',ಹೆಣ್ಣು'
MVJ1895960',ಮುನಿಯಮ್ಮ',ವೆಂಕಟೇಶಪ್ಪ',20',50',ಹೆಣ್ಣು'
ALQ2398881',ಕೆ ವಿ ರವಿ ಕುಮಾರ್ ತಾಯಿಯ',ಮುನಿಯಮ್ಮ',20',26',ಗಂಡು'
ALQ2398915',ಕಮಲಮ್ಮ',ಕೆ ವಿ ರವಿ ಕುಮಾರ್',20',26',ಹೆಣ್ಣು'
ALQ3116134',ಕೆ ವಿ ಸುರೇಶ್',ವೆಂಕಟೇಶಪ್ಪ',20',24',ಗಂಡು'
ALQ2752509',ಕೆ ಎನ್ ಶ್ರೀನಿವಾಸರೆಡ್ಡಿ',ನಾರಾಯಣರೆಡ್ಡಿ',22',51',ಗಂಡು'
MVJ1896554',ರತ್ನಮ್ಮ',ಕೆ ಎನ್ ಶ್ರೀನಿವಾಸರೆಡ್ಡಿ',22',47',ಹೆಣ್ಣು'
ALQ3101318',ಜ್ಯೋತಿ ಕೆ ಎಸ್',ಶ್ರೀನಿವಾಸರೆಡ್ಡಿ ಕೆ ಎನ್',22',26',ಹೆಣ್ಣು'
ALQ2969566',ರಂಗನಾಥ ಕೆ ಎಸ್',ಶ್ರೀನಿವಾಸರೆಡ್ಡಿ',22',23',ಗಂಡು'
ALQ2752517',ಅಶ್ವಥರೆಡ್ಡಿ',ನಾರಾಯಣರೆಡ್ಡಿ',23',68',ಗಂಡು'
ALQ0272179',ಲಕ್ಷ್ಮಿದೇವಮ್ಮ',ಅಶ್ವಥರೆಡ್ಡಿ',23',63',ಹೆಣ್ಣು'
ALQ1470749',ನರಸಮ್ಮ',ಎಂ ರಾಮರೆಡ್ಡಿ',24',77',ಹೆಣ್ಣು'
ALQ2752525',ಕೆ ಆರ್\u200c ಸುದರ್ಶನರೆಡ್ಡಿ',ಎಂ ರಾಮರೆಡ್ಡಿ',24',51',ಗಂಡು'
ALQ2752533',ಸಿ ಎನ್ ಕವಿತಾ',ಕೆ ಆರ್ ಸುದರ್ಶನರೆಡಿ',24',45',ಹೆಣ್ಣು'
ALQ2752541',ಕೆ ಆರ್ ಪರ್ಸನ್ನ ಕುಮಾರ್',ಎಂ ರಾಮರೆಡ್ಡಿ',24',44',ಗಂಡು'
MVJ1896497',ಮಮತಾ',ಪ್ರಸನ್ನ ಕುಮಾರ್ ಕೆ ಆರ್',24',38',ಹೆಣ್ಣು'
ALQ0810531',ಆನಂದಕುಮಾರ್',ಕೃಷ್ಣರೆಡ್ಡಿ',24',37',ಗಂಡು'
ALQ3101813',ಮೇಘಾಡಿ',ಆನಂದರೆಡ್ಡಿ ಕೆ',24',26',ಹೆಣ್ಣು'
ALQ2752558',ಸಂಜೀವರೆಡ್ಡಿ',ಗಂಗಪ್ಪ',25',63',ಗಂಡು'
ALQ1470772',ಶಾಂತಮ್ಮ',ಸಂಜೀವರೆಡ್ಡಿ',25',58',ಹೆಣ್ಣು'
ALQ0810234',ಕೆ ಎಸ್ ನವೀನ್ ಕುಮಾರ್',ಸಂಜೀವರೆಡ್ಡಿ',25',31',ಗಂಡು'
ALQ2752566',ವೆಂಕಟಮ್ಮ ತಾಯಿಯ',ಗಂಗಮ್ಮ',26',93',ಹೆಣ್ಣು'
ALQ2752574',ಆದಿಲಕ್ಷ್ಮಮ್ಮ',ನರಸಿಂಹರೆಡ್ಡಿ',26',53',ಹೆಣ್ಣು'
ALQ1470798',ಲಕ್ಷ್ಮೀನರಸಮ್ಮ',ನರಸಿಂಹರೆಡ್ಡಿ',27',80',ಹೆಣ್ಣು'
ALQ1470780',ನರಸಿಂಹರೆಡ್ಡಿ',ಗಂಗಪ್ಪ',27',73',ಗಂಡು'
MVJ1777895',ಕೆ ಎನ್ ನಾಗಭೂಷಣರೆಡ್ಡಿ',ಕೆ ಎನ್ ನರಸಿಂಹರೆಡ್ಡಿ',27',43',ಗಂಡು'
MVJ1896067',ರಾಮಲಕ್ಷ್ಮಮ್ಮ',ನಾಗಭೂಷಣರೆಡ್ಡಿ',27',38',ಹೆಣ್ಣು'
ALQ1470806',ಸೀತಮ್ಮ ',',28',88',ಹೆಣ್ಣು'
ALQ1470814',ಕೆ ಎನ್ ಸೋಮಶೇಖರರೆಡ್ಡಿ',ಕೆ ಸಿ ಅಶ್ವತ್ತರೆಡ್ಡಿ',28',53',ಗಂಡು'
ALQ0275495',ಕೆ ಎ ರಘುನಾಥರೆಡ್ಡಿ',ಕೆ ಸಿ ಅಶ್ವತ್ತರೆಡ್ಡಿ',28',49',ಗಂಡು'
MVJ1896976',ಸುಶೀಲಮ್ಮ',ರಘುರಾಮರೆಡ್ಡಿ',28',43',ಹೆಣ್ಣು'
ALQ2059418',ಲಕ್ಕಿ',ಲೇಟ್ ವೇಣುಗೋಪಾಲ್',28',36',ಹೆಣ್ಣು'
ALQ2179976',ಲಕ್ಷ್ಮೀದೇವಮ್ಮ',ರಮೇಶ ಜಿ',28',32',ಹೆಣ್ಣು'
ALQ3022696',ಭಾಸ್ಕರ ಕವಿ',ಲೇಟ್ ವೇಣುಗೋಪಾಲರೆಡ್ಡಿ',28',21',ಗಂಡು'
ALQ3178498',ಹರಿ ಪ್ರಸಾದ್ ಕೆ ವಿ',ವೇಣುಗೋಪಾಲರೆಡ್ಡಿ ಕೆ ಎ',28',19',ಗಂಡು'
ALQ2752582',ಚೌಡಮ್ಮ',ಜುಂಜಪ್ಪ',29',73',ಹೆಣ್ಣು'
ALQ2752590',ಹನುಮಪ್ಪ',ಜುಂಜಪ್ಪ',29',45',ಗಂಡು'
MVJ1896109',ಗಿರಿಜಮ್ಮ',ಹನುಮಪ್ಪ',29',41',ಹೆಣ್ಣು'
MVJ1777960',ಅಶ್ವತ್ಥನಾರಾಯಣ',ಜುಂಜಪ್ಪ',29',39',ಗಂಡು'
MVJ1895895',ರೆಡ್ಡಪ್ಪ',ಜುಂಜಪ್ಪ',29',37',ಗಂಡು'
ALQ2179968',ಕೆ ಪ್ರಭಾವತಿ',ಅಶ್ವತ್ಥನಾರಾಯಣ',29',31',ಹೆಣ್ಣು'
ALQ2398923',ಎ ಪವಿತ್ರ',ರೆಡ್ಡಪ್ಪ',29',26',ಹೆಣ್ಣು'
ALQ2399236',ಎಸ್ ಎ ಕಾರ್ತಿಕ',ಆದಿನಾರಾಯಣ',29',25',ಗಂಡು'
ALQ2752608',ಎ ಗಂಗರೆಡ್ಡಿ',ಅಂಜಿನಪ್ಪ',30',77',ಗಂಡು'
ALQ2752616',ಆದಮ್ಮ',ಎ ಗಂಗರೆಡ್ಡಿ',30',75',ಹೆಣ್ಣು'
ALQ2752624',ಕೆ ಜಿ ಶಿವಾನಂದರೆಡ್ಡಿ',ಎ ಗಂಗರೆಡ್ಡಿ',30',50',ಗಂಡು'
ALQ2752632',ಜಿ ಜನಾರ್ದನರೆಡ್ಡಿ',ಎ ಗಂಗರೆಡ್ಡಿ',30',45',ಗಂಡು'
MVJ1778448',ಜಿ ರಮೇಶಬಾಬು',ಎ ಗಂಗರೆಡ್ಡಿ',30',44',ಗಂಡು'
MVJ1896257',ಪ್ರಮೀಳ',ಕೆ ಜಿ ಶಿವಾನಂದರೆ',30',43',ಹೆಣ್ಣು'
MVJ1778471',ಬೈಯಪ್ಪರೆಡ್ಡಿ',ಎ ಗಂಗರೆಡ್ಡಿ',30',41',ಗಂಡು'
MVJ1897743',ಅನಿತಾ',ಜಿ ಜನಾರ್ಧನರೆಡ್ಡಿ',30',40',ಹೆಣ್ಣು'
ALQ2398899',ಭಾಗ್ಯಮ್ಮ',ಜಿ ರಮೇಶ್ ಬಾಬು',30',35',ಹೆಣ್ಣು'
ALQ2434025',ಪಿ ಸುನಿತ',ಜಿ ಬೈಯಪ್ಪ ರೆಡ್ಡಿ',30',31',ಹೆಣ್ಣು'
ALQ3178464',ಲಕ್ಷ್ಮೀ ಕೆಜೆ',ಜನಾರ್ಧನರೆಡ್ಡಿ',30',19',ಹೆಣ್ಣು'
ALQ3178274',ಮನೋಹರ್ ಕೆ ಎಸ್',ಶಿವಾನಂದರೆಡ್ಡಿ ಕೆ',30',19',ಗಂಡು'
ALQ1470822',ಕೆ ಆರ್ ಆದಿರೆಡ್ಡಿ',ರಾಮಕೃಷ್ಣ ಉ ಕೊಟ್ಲಪ್ಪ',31',62',ಗಂಡು'
ALQ0810341',ನಾಗಲಕ್ಷ್ಮಮ್ಮ',ಕೆ ಆರ್ ಆದಿರೆಡ್ಡಿ',31',57',ಹೆಣ್ಣು'
ALQ2752657',ಆದಮ್ಮ',ಚಿಕ್ಕಅಂಜಿನರೆಡ್ಡಿ',32',77',ಹೆಣ್ಣು'
ALQ2752640',ಎ ಗಂಗಶಿವಾರೆಡ್ಡಿ',ಲೇಟ್ ಅಂಜಿನಪ್ಪ',32',53',ಗಂಡು'
ALQ2752665',ಪ್ರಭಾವತಿ',ಎ ಗಂಗಶಿವಾರೆಡ್ಡಿ',32',43',ಹೆಣ್ಣು'
ALQ2497394',ಮಾಲ ಜಿ',ಎ ಗಂಗಶಿವಾರೆಡ್ಡಿ',32',23',ಹೆಣ್ಣು'
ALQ1859784',ಕೆ ಎನ್ ಪ್ರಭಾಕರರೆಡ್ಡಿ',ಚಿಕ್ಕನಾರಾಯಣಪ್ಪ',34',62',ಗಂಡು'
ALQ2752707',ಪಾರ್ವತಮ್ಮ',ಕೆ ಎನ್ ಪ್ರಭಾಕರ ರೆವ',34',55',ಹೆಣ್ಣು'
ALQ2252369',ಶಿವರಾಜ್ ಕೆ ಪಿ',ಕೆ ಎನ್ ಪ್ರಭಾಕರರ',34',25',ಗಂಡು'
ALQ2752715',ಕೆ ಜಿ ಗಂಗರೆಡ್ಡಿ',ಗಂಗಯ್ಯ',35',71',ಗಂಡು'
MVJ3567229',ಸರೋಜಮ್ಮ',ಕೆ ಜಿ ಗಂಗರೆಡ್ಡಿ',35',65',ಹೆಣ್ಣು'
ALQ1470830',ಗೋಪಾಲರೆಡ್ಡಿ ಕೆ ಜಿ',ಗಂಗರೆಡ್ಡಿ',35',37',ಗಂಡು'
ALQ2179901',ರಾಜೇಶ್ ಕೆ ಆರ್',ರಾಯಣ್ಣ',35',28',ಗಂಡು'
ALQ2551539',ವಿದ್ಯಶ್ರೀ ಎಸ್',ಗೋಪಾಲರೆಡ್ಡಿ ಕೆಜಿ',35',26',ಹೆಣ್ಣು'
ALQ3165347',ಲಕ್ಷ್ಮಿದೇವಮ್ಮ',ಸೀತಾರಾಮರೆಡ್ಡಿ',36',74',ಹೆಣ್ಣು'
ALQ2752723',ಎ ಕೃಷ್ಣರೆಡ್ಡಿ',ಸಿ ಎಸ್ ಆದಿರೆಡ್ಡಿ',36',64',ಗಂಡು'
ALQ2752731',ಕೆ ಎಸ್\u200c ಸುಧಾ',ಎ ಕೃಷ್ಣರೆಡ್ಡಿ',36',51',ಹೆಣ್ಣು'
ALQ2497287',ಕೆ ಮರಳಿ',ಎ ಕೃಷ್ಣಾರೆಡ್ಡಿ',36',23',ಗಂಡು'
ALQ1859792',ಕೆ ಎನ್ ಲಕ್ಷ್ಮಿನಾರಾಯಣ',ಕೆ ನರಸಿಂಹಪ್ಪ',37',44',ಗಂಡು'
MVJ4283321',ಜಿ ಅಶ್ವತ್ಥಮ್ಮ',ಕೆ ಎನ್ ಲಕ್ಷ್ಮಿನಾರಾಯಣ',37',37',ಹೆಣ್ಣು'
ALQ0809970',ಜಿ ಪ್ರಸಾದ್',ಲೇ ಗಂಗಪ್ಪ',38',32',ಗಂಡು'
ALQ3053030',ಪದ್ಮಡಿ ಬಿ',ಜಿ ಪ್ರಸಾದ',38',22',ಹೆಣ್ಣು'
ALQ1470863',ಗಂಗಮ್ಮ',ಗಂಗಪ್ಪ',39',80',ಹೆಣ್ಣು'
ALQ2752749',ಕೆ ಜಿ ನರಸಿಂಹಪ್ಪ',ಗಂಗಪ್ಪ',39',53',ಗಂಡು'
MVJ1895788',ಶ್ರೀನಿವಾಸ್',ಗಂಗಪ್ಪ',39',38',ಗಂಡು'
ALQ3165404',ಕವಿತ ಆರ್',ಶ್ರೀನಿವಾಸ',39',26',ಹೆಣ್ಣು'
ALQ2969582',ಗಿರೀಶ್ ಕೆ ಎಸ್',ನರಸಿಂಹಪ್ಪ',39',22',ಗಂಡು'
ALQ3022712',ಬಾಬು ಕೆ ಎನ್',ನರಸಿಂಹಪ್ಪ',39',21',ಗಂಡು'
ALQ2752756',ನರಸಿಂಹಪ್ಪ',ಗಂಗಪ್ಪ',40',73',ಗಂಡು'
ALQ2752764',ಗಂಗಮ್ಮ',ನರಸಿಂಹಪ್ಪ',40',63',ಹೆಣ್ಣು'
ALQ0277285',ಆನಂದಕುಮಾರ್',ನರಸಿಂಹಪ್ಪ',40',31',ಗಂಡು'
ALQ3178415',ಲಕ್ಷ್ಮೀನರಸಮ್ಮ ಎನ್',ಆನಂದಕುಮಾರ್',40',22',ಹೆಣ್ಣು'
MVJ1778117',ಕದಿರಪ್ಪ',ನರಸಪ್ಪ',42',75',ಗಂಡು'
MVJ1896448',ಗಂಗಮ್ಮ',ಕದಿರಪ್ಪ',42',70',ಹೆಣ್ಣು'
MVJ1777903',ಗಂಗಾದರ ಕೆ',ಕದಿರಪ್ಪ',42',52',ಗಂಡು'
ALQ2752798',ನರಸಿಂಹಪ್ಪ',ಕದಿರಪ್ಪ',42',47',ಗಂಡು'
ALQ1859800',ನರಸಮ್ಮ',ಅಂಜಿನಪ್ಪ',42',45',ಹೆಣ್ಣು'
MVJ1896398',ಗಂಗರತ್ನಮ್ಮ',ಕೆ ಗಂಗಾಧರ',42',43',ಹೆಣ್ಣು'
MVJ1897172',ಲಕ್ಷ್ಮಮ್ಮ',ನರಸಿಂಹಪ್ಪ',42',38',ಹೆಣ್ಣು'
ALQ3101359',ಕೆಎ ಮಧುಚಂದ್ರ',ಅಂಜಿನಪ್ಪ',42',21',ಗಂಡು'
ALQ3178258',ಅಖಿಲಾ ಕೆ ಎ ',',42',19',ಹೆಣ್ಣು'
MVJ1895838',ಶಿರವಾರದ ಕೃಷ್ಣಪ್ಪ',ಅಂಜಿನಪ್ಪ',43',70',ಗಂಡು'
MVJ1896117',ಸುಬ್ಬಮ್ಮ',ಶಿರವಾರದ ಕೃಷ್ಣಪ್ಪ',43',65',ಹೆಣ್ಣು'
MVJ4283222',ರಾಮಪ್ಪ',ಕೃಷ್ಣಪ್ಪ',43',41',ಗಂಡು'
MVJ4283206',ರಾಮಲಕ್ಷ್ಮ',ರಾಮಪ್ಪ',43',33',ಹೆಣ್ಣು'
ALQ2752830',ಕೆ ಎನ್ ನರಸಿಂಹರೆಡ್ಡಿ',ಕೆ ಎನ್ ಕೃಷ್ಣರೆಡ್ಡಿ',44',60',ಗಂಡು'
ALQ0274076',ಪದ್ಮ',ಕೆ ಎನ್ ನರಸಿಂಹರೆರಿ',44',53',ಹೆಣ್ಣು'
ALQ2752848',ಸೋಮಶೇಖರರೆಡ್ಡಿ',ಕೆ ಎನ್ ಕೃಷ್ಣಾರೆಡ್ಡಿ',44',48',ಗಂಡು'
ALQ2752855',ನಾರಾಯಣರೆಡ್ಡಿ',ಕೆ ಎನ್ ಕೃಷ್ಣಾರೆಡ್ಡಿ',44',46',ಗಂಡು'
ALQ0275602',ಲಕ್ಷ್ಮಿದೇವಮ್ಮ',ಸೋಮಶೇಖರಯ್ಯ',44',40',ಹೆಣ್ಣು'
ALQ2252336',ಕವಿತಮ್ಮ ಆರ್',ನಾರಾಯಣರೆಡ್ಡಿ ಕೆ ಎನ್',44',30',ಹೆಣ್ಣು'
ALQ0272815',ಬೈರಪ್ಪರೆಡ್ಡಿ ',',45',73',ಗಂಡು'
ALQ3066966',ದೊಡ್ಡ ರತ್ನಮ್ಮ',ಪಾಪರೆಡ್ಡಿ',45',73',ಹೆಣ್ಣು'
MVJ1896646',ರತ್ನಮ್ಮ',ಬೈರಪ್ಪರೆಡ್ಡಿ',45',67',ಹೆಣ್ಣು'
ALQ2398782',ಕೆಬಿ ನಾಗಭೂಷಣ ರೆಡ್ಡಿ',ಬೈರಪ್ಪ ರೆಡ್ಡಿ',45',29',ಗಂಡು'
ALQ2752863',ಮುತ್ತಿಕ್ಕ',ಅಂಜಿನಪ್ಪ',46',80',ಹೆಣ್ಣು'
ALQ1859818',ಎ ನಾಗರಾಜ',ಅಂಜಿನಪ್ಪ',46',45',ಗಂಡು'
MVJ1778943',ಸರಿತ',ನಾಗರಾಜು ಎ',46',40',ಹೆಣ್ಣು'
ALQ3178266',ಕಲ್ಪನ ಎನ್',',46',19',ಹೆಣ್ಣು'
ALQ2752871',ಗಂಗರೆಡ್ಡಿ',ನಾರಾಯಣಪ್ಪ',47',70',ಗಂಡು'
ALQ2752889',ಲಕ್ಷ್ಮೀದೇವಮ್ಮ',ಗಂಗರೆಡ್ಡಿ',47',65',ಹೆಣ್ಣು'
ALQ0276568',ರಾಮಲಿಂಗಾರೆಡ್ಡಿ',ನರಸಪ್ಪ ಉ ಕೂಜ್ಪ',48',50',ಗಂಡು'
ALQ2752897',ಸುನಂದಮ್ಮ',ರಾಮಲಿಂಗಾರೆಡ್ಡಿ',48',46',ಹೆಣ್ಣು'
ALQ2398949',ಕೆ ಆರ್ ವಿನೋದ್ ಕುಮಾರ್',ಕೆ ಎನ್ ರಾಮಲಿಂಗರೆಡ್ಡಿ',48',24',ಗಂಡು'
ALQ3022720',ಮಂಜುನಾಥ ಕೆ ಆರ್',ರಾಮಲಿಂಗರೆಡ್ಡಿ ಕೆ ಎನ್',48',21',ಗಂಡು'
ALQ2752905',ಕೆ ಎನ್ ನರಸರೆಡ್ಡಿ',ನಾರಾಯಣರೆಡ್ಡಿ',49',60',ಗಂಡು'
ALQ2752913',ಅಶ್ವತ್ತಮ್ಮ',ಕೆ ಎನ್ ನರಸರೆಡ್ಡಿ',49',55',ಹೆಣ್ಣು'
ALQ0812099',ಎನ್ ಹರೀಶ',ಕೆ ಎನ್ ನರಸರೆಡ್ಡಿ',49',33',ಗಂಡು'
ALQ3053089',ಕಾವ್ಯ ಹೆಚ್ ಟಿ',ಎನ್ ಹರೀಶ್',49',23',ಹೆಣ್ಣು'
ALQ0810564',ನಂಜುಂಡರೆಡ್ಡಿ',ಕೆನಂಜುಂಡಪ್ಪ',50',85',ಗಂಡು'
ALQ1470905',ಅಶ್ವತ್ತಮ್ಮ',ನಂಜುಂಡರೆಡ್ಡಿ',50',80',ಹೆಣ್ಣು'
MVJ1778927',ಮಂಜುಳ',ಎನ್ ಶ್ಯಾಮಸುಂದ',50',42',ಹೆಣ್ಣು'
ALQ1470913',ಎನ್ ಶ್ಯಾಮಸುಂದರ ರೆಡ್ಡಿ',ಸಿ ಎನ್ ನರಸಿಂಹರೆಡ್ಡಿ',50',42',ಗಂಡು'
MVJ1897016',ಪುಟ್ಟತಾಯಮ್ಮ',ನರಸೀಯಪ್ಪ',51',73',ಹೆಣ್ಣು'
ALQ2752921',ನರಸಿಂಹಮೂರ್ತಿ',ನರಸೀಯಪ್ಪ',51',49',ಗಂಡು'
ALQ0809897',ಟಿ ಜಿ ಮಂಜುಳ',ನರಸಿಂಹಮೂರ್ತಿ',51',37',ಹೆಣ್ಣು'
ALQ2752939',ತೊಳಸಮ್ಮ',ಗಂಗಪ್ಪ',52',75',ಹೆಣ್ಣು'
ALQ2752947',ಕೃಷ್ಣಪ್ಪ',ಗಂಗಪ್ಪ',52',46',ಗಂಡು'
ALQ2969483',ಲಕ್ಷ್ಮಮ್ಮ',ಕೃಷ್ಣಪ್ಪ',52',27',ಹೆಣ್ಣು'
ALQ2752970',ಲಕ್ಷ ಲಕ್ಷ್ಮಮ್ಮ',ಗಂಗಾಧರಪ್ಪ',53',70',ಹೆಣ್ಣು'
ALQ2752988',ಬಾಲಪ್ಪ',ಪ ಅವುಲಪ್ಪ',54',53',ಗಂಡು'
ALQ2752996',ಲಕ್ಷ್ಮೀದೇವಮ್ಮ',ಬಾಲಪ್ಪ',54',49',ಹೆಣ್ಣು'
MVJ1779784',ನಾಗರಾಜು',ಅಂಜಿನಪ್ಪ',55',61',ಗಂಡು'
MVJ1779776',ಲಕ್ಷ್ಮೀದೇವಮ್ಮ',ನಾಗರಾಜು',55',55',ಹೆಣ್ಣು'
ALQ0810218',ರವಿಚಂದ್ರ',ನಾಗರಾಜ',55',33',ಗಂಡು'
ALQ2398907',ಮಮತ',ಎನ್ ರವಿಚಂದ್ರ',55',26',ಹೆಣ್ಣು'
ALQ3005550',ರೋಜಾ ಕೆ ಎನ್',ನಾಗರಾಜಪ್ಪ',55',23',ಹೆಣ್ಣು'
ALQ2753002',ರತ್ನಮ್ಮ',ಓ ರಾಮಕೃಷ್ಣಪ್ಪ',56',73',ಹೆಣ್ಣು'
ALQ0270199',ಆರ್ ಆನಂದ',ಓ ರಾಮಕೃಷ್ಣಪ್ಪ',56',44',ಗಂಡು'
MVJ1897446',ಅರ್ ಲೋಕೇಶ',ರಾಮಕೃಷ್ಣಪ್ಪ',56',37',ಗಂಡು'
ALQ0809988',ಹೆಚ್ ಡಿ ಸುಮಲತ',ಆರ್ ಅನಂದ',56',35',ಹೆಣ್ಣು'
ALQ2180016',ಕವಿತ ಎಲ್',ಆರ್ ಲೋಕೇಶ್',56',27',ಹೆಣ್ಣು'
MVJ1897990',ಪಾರ್ವತಮ್ಮ',ರಾಮಚಂದ್ರಪ್ಪ',57',53',ಹೆಣ್ಣು'
ALQ2252393',ಯೋಗೇಂದ್ರ ಕೆ ಆರ್',ರಾಮಚಂದ್ರಪ್ಪ',57',25',ಗಂಡು'
ALQ2753010',ಸಾಕಮ್ಮ',ನಾರಾಯಣಪ್ಪ',58',65',ಹೆಣ್ಣು'
ALQ0811141',ಜಗದೀಶ್ ಕೆ ಎನ್',ನಾರಾಯಣಪ್ಪ',58',35',ಗಂಡು'
ALQ1470939',ಎಸ್ ಸರಸ್ವತಮ್ಮ',ಕೆ ಎನ್ ಚಂದ್ರಮೋಹನ್',58',33',ಹೆಣ್ಣು'
MVJ4283339',ಕೆ ಟಿ ನರಸಿಂಹಮೂರ್ತಿ',ತಿಮ್ಮಯ್ಯ',59',47',ಗಂಡು'
MVJ3567120',ಕೆ ಟಿ ಶ್ರೀನಿವಾಸ',ತಿಮ್ಮಯ್ಯ',59',43',ಗಂಡು'
MVJ1896505',ಅನಿತಮ್ಮ',ಕೆ ಟಿ ನರಸಿಂಹಮೂರ್ತಿ',59',37',ಹೆಣ್ಣು'
ALQ2179935',ಪ್ರಶಾಂತಿ ಇ',ಶ್ರೀನಿವಾಸ',59',26',ಹೆಣ್ಣು'
ALQ2753051',ನಾಗರಾಜ',ನರಸಿಂಹಪ್ಪ',61',65',ಗಂಡು'
ALQ2753069',ಗಂಗಮ್ಮ',ನಾಗರಾಜ',61',55',ಹೆಣ್ಣು'
ALQ2378669',ಹರಿಕೃಷ್ಣ ಕೆ',ಕಾಮಯ್ಯ ಕೆ ಎನ್',61',30',ಗಂಡು'
ALQ2252203',ಸುನಿತ ಎನ್',ನಾಗರಾಜ',61',26',ಹೆಣ್ಣು'
MVJ1779180',ಹನುಮಪ್ಪ',ಶೇಂದಿ ತಿಮ್ಮಯ್ಯ',62',70',ಗಂಡು'
MVJ1897669',ಗಂಗರಾಜಮ್ಮ',ಹನುಮಪ್ಪ',62',65',ಹೆಣ್ಣು'
ALQ2753077',ಮಂಜುನಾಥ',ಹನುಮಪ್ಪ',62',45',ಗಂಡು'
ALQ0810168',ಶ್ರೀನಾಥ',ಹನುಮಪ್ಪ',62',32',ಗಂಡು'
ALQ2059475',ಕೆ ಸೌಭಾಗ್ಯ',ಹೆಚ್ ಮಂಜುನಾಥ',62',30',ಹೆಣ್ಣು'
ALQ2753085',ಆರ್\u200c ರಾಮಕೃಷ್ಣಪ್ಪ',ರಾಮಯ್ಯ',63',65',ಗಂಡು'
ALQ2753093',ಪದ್ಮಾವತಮ್ಮ',ಆರ್ ರಾಮಕೃಷ್ಣಪ್ಪ',63',55',ಹೆಣ್ಣು'
ALQ2252138',ಹರೀಶ ಕೆ ಆರ್',ರಾಮಕೃಷ್ಣಪ್ಪ ಆರ್',63',26',ಗಂಡು'
ALQ2753101',ಕೆ ವಿ ಗಂಗಾಧರಪ್ಪ',ಈರಣ್ಣ',64',73',ಗಂಡು'
ALQ2753119',ಗಿರಿಜಮ್ಮ',ಕೆ ವಿ ಗಂಗಾಧರಪ್ಪ',64',67',ಹೆಣ್ಣು'
ALQ2753127',ಜಿ ಉಮೇಶ',ಕೆ ವಿ ಗಂಗಾಧರಪ್ಪ',64',49',ಗಂಡು'
ALQ0273367',ಜಿ ಶಿವಕುಮಾರ್\u200c',ಕೆ ವಿ ಗಂಗಾಧರಪ್ಪ',64',38',ಗಂಡು'
ALQ2454486',ಮಂಗಳ ಗೌರಮ್ಮ ಡಿ ಎಸ್',ಉಮೇಶ್ ಜಿ',64',37',ಹೆಣ್ಣು'
ALQ3066941',ತಿಮ್ಮಯ್ಯನವರ್',ಜಿ ಶಿವ ಕುಮಾರ್',64',32',ಹೆಣ್ಣು'
ALQ2753135',ನಂಜಮ್ಮ',ಕೆ ವಿ ನಂಜುಂಡಪ್ಪ',65',62',ಹೆಣ್ಣು'
ALQ1470954',ಮಲ್ಲೇಶ',ಕೆ ವಿ ನಂಜುಂಡಪ್ಪ',65',47',ಗಂಡು'
ALQ2753143',ಎ ಪದ್ಮನಾಭಯ್ಯಶೆಟ್ಟಿ',ಆದೆಪ್ಪಶೆಟ್ಟಿ',66',82',ಗಂಡು'
ALQ2753150',ನಾಗರತ್ನಮ್ಮ',ಎ ಪದ್ಮನಾಭಯ್ಯತ',66',80',ಹೆಣ್ಣು'
MVJ1897024',ರತ್ನಮ್ಮ',ಗಂಗಾಧರಪ್ಪ',69',51',ಹೆಣ್ಣು'
ALQ2179919',ಹರೀಶ ಜಿ',ಗಂಗಾಧರಪ್ಪ',69',26',ಗಂಡು'
MVJ3567237',ಮುದ್ದುಗಂಗಮ್ಮ',ನಾರಾಯಣಪ್ಪ',70',65',ಹೆಣ್ಣು'
MVJ1895507',ಚಂದ್ರಮೋಹನ್',ನಾರಾಯಣಪ್ಪ',70',38',ಗಂಡು'
ALQ0810093',ರೂಪಾದೇವಿ',ಚಂದ್ರಮೋಹನ್',70',35',ಹೆಣ್ಣು'
ALQ2753168',ಮಾಳಮ್ಮ',ಎಚ್ ಗಂಗಾಧರಪ್ಪ',71',51',ಹೆಣ್ಣು'
MVJ1779917',ಜಿ ನಾಗರಾಜ',ಹೆಚ್ ಗಂಗಾಧರಪ್ಪ',71',41',ಗಂಡು'
ALQ1470962',ಧರ್ಮಕ್ಕೆ',ನಾಗರಾಜ',71',37',ಹೆಣ್ಣು'
MVJ1777853',ರಮೇಶ್',ಹೆಚ್ ಗಂಗಾಧರತ',71',36',ಗಂಡು'
ALQ2179877',ಮಂಜುನಾಥ್',ವೆಂಕಟರವಣಪ್ಪ',7 1',37',ಗಂಡು'
ALQ2179844',ಗಾಯತ್ರಿ ಎ ತಾಯಿಯ',ಗಂಗಮ್ಮ',71',32',ಹೆಣ್ಣು'
ALQ1859859',ಅಂಜಿನಮ್ಮ',ಕೆ ಎನ್ ನಾರಾಯಣಪ್ಪ',72',67',ಹೆಣ್ಣು'
MVJ1896935',ಗೌರಿ',ರವಿಕುಮಾರ್ ಕೆ ಎಸ್',72',42',ಹೆಣ್ಣು'
MVJ1895499',ರವಿಕುಮಾರ್ ಕೆ ಎನ್',ಕೆ ಎನ್ ನಾರಾಯಣಪ್ಪ',72',40',ಗಂಡು'
MVJ1895903',ರಘುನಾಯಕ',ಕೆ ಎನ್ ನಾರಾಯಣಪ್ಪ',72',38',ಗಂಡು'
ALQ2399160',ಕೆ ಆರ್ ಸುಕನ್ಯ',ರಘುನಾಯಕ',72',24',ಹೆಣ್ಣು'
ALQ3178522',ಕೆ ಆರ್ ರಮ್ಯ',ರವಿ ಕುಮಾರ್',72',19',ಹೆಣ್ಣು'
ALQ2753192',ಅಂಜಿನಪ್ಪ',ಗಂಗಪ್ಪ',73',44',ಗಂಡು'
MVJ1896455',ಸಿ ಎನ್ ಮಂಜುಳಾ',ಅಂಜಿನಪ್ಪ',73',41',ಹೆಣ್ಣು'
ALQ3203783',ಶ್ರೀನಿವಾಸ ಕೆ ಎ',ಅಂಜಿನಪ್ಪ',73',19',ಗಂಡು'
MVJ1896414',ರತ್ನಮ್ಮ',ಅವುಲಪ್ಪ',74',65',ಹೆಣ್ಣು'
MVJ1898006',ಕೆ ಎಸ್ ಗಂಗಲಕ್ಷ್ಮಿ',ಮಂಜುನಾಥ',74',41',ಹೆಣ್ಣು'
ALQ2532661',ಕೆಹೆಚ್ ರೇಖಾ',ಹನುಮಂತಪ್ಪ',74',26',ಹೆಣ್ಣು'
ALQ2969574',ಸುನೀಲ್ ಕುಮಾರ್ ಕೆ ಎಂ',ಮಂಜುನಾಥ',74',23',ಗಂಡು'
ALQ2969467',ಅನಿಲ್ ಕುಮಾರ್ ಕೆ ಎಚ್',ಹನುಮಂತಪ್ಪ',74',23',ಗಂಡು'
ALQ2753226',ಯಲಕ್ಷ್ಮಮ್ಮ',ಅಂಜಿನಪ್ಪ',75',75',ಹೆಣ್ಣು'
ALQ2753234',ವೆಂಕಟೇಶಪ್ಪ',ವೆಂಕಟರವಣಪ್ಪ',76',65',ಗಂಡು'
MVJ1896950',ನರಸಮ್ಮ',ವೆಂಕಟೇಶಪ್ಪ',76',60',ಹೆಣ್ಣು'
ALQ2753242',ಲಕ್ಷ್ಮಮ್ಮ',ಹನುಮಂತರಾಯಪ್ಪ',77',69',ಹೆಣ್ಣು'
ALQ2753267',ಕೆ ಎನ್ ಸರಸ್ವತಮ್ಮ',ಕೆ ಹೆಚ್ ಅವುಲಪ್ಪ',78',48',ಹೆಣ್ಣು'
ALQ2180024',ಕೆ ಎ ಹರೀಶ್ ಕುಮಾರ್',ಆವುಲಪ್ಪ',78',28',ಗಂಡು'
ALQ3101649',ವನಿತ ಎಸ್',ಕೆ ಎ ಹರೀಶ್ ಕುಮಾರ್',78',26',ಹೆಣ್ಣು'
ALQ3101342',ಮನೋಜ್ ಕುಮಾರ್ ಕೆ ಎ',ಅವಲಪ್ಪ ಕೆ ಹೆಚ್',78',21',ಗಂಡು'
ALQ2753283',ಅಂಜಿನಮ್ಮ',ನಾಗಪ್ಪ',79',70',ಹೆಣ್ಣು'
ALQ2753291',ಶಾರದಮ್ಮ',ಅಶ್ವತ್ತಪ್ಪ',80',50',ಹೆಣ್ಣು'
ALQ0812081',ಕೆ ಎ ನರಸಿಂಹಮೂರ್ತಿ',ಅಶ್ವಥಪ್ಪ',80',33',ಗಂಡು'
ALQ2453652',ಅನಿತಾ',ನರಸಿಂಹಮೂರ್ತಿ ಕೆ',80',26',ಹೆಣ್ಣು'
MVJ1778257',ಅವುಲಪ್ಪ',ನಾಗಪ್ಪ',81',55',ಗಂಡು'
ALQ0810598',ಅಂಜಿನಮ್ಮ',ಅವುಲಪ್ಪ',81',50',ಹೆಣ್ಣು'
ALQ2398857',ಕೆ ಎ ದನೇಶ್',ಆವಲಪ್ಪ ಕೆ ಎನ್',81',24',ಗಂಡು'
ALQ2753309',ಕೆ ಎನ್ ನಾರಾಯಣಪ್ಪ',ನಾಗಪ್ಪ',82',67',ಗಂಡು'
ALQ2753317',ಗಂಗಮ್ಮ',ಕೆ ಎನ್ ನಾರಾಯಣಪ್ಪ',82',60',ಹೆಣ್ಣು'
ALQ2398832',ನಾರಾಯಣ',ನರಸಿಂಹಪ್ಪ',82',36',ಗಂಡು'
ALQ2399202',ಎನ್ ರಾಧಿಕಾ',ನಾರಾಯಣ',82',29',ಹೆಣ್ಣು'
ALQ2969475',ಅರ್ಚನ ಕೆ ಎನ್',ನಾರಾಯಣಪ್ಪ',82',25',ಹೆಣ್ಣು'
ALQ3005568',ಕೆ ಎನ್ ಮಾನಸ',ನಾರಾಯಣಪ್ಪ',82',24',ಹೆಣ್ಣು'
ALQ2753325',ರಂಗಮ್ಮ',ಶ್ರೀರಾಮಪ್ಪ',83',75',ಹೆಣ್ಣು'
ALQ1470970',ಕೆ ಎಸ್ ನಾರಾಯಣಪ್ಪ',ಶ್ರೀರಾಮಪ್ಪ',83',60',ಗಂಡು'
ALQ1470988',ಲಕ್ಷ್ಮೀದೇವಮ್ಮ',ಕೆ ಎಸ್ ನಾರಾಯಣಪ್ಪ',83',50',ಹೆಣ್ಣು'
ALQ2753333',ಹನುಮಂತರಾಯ',',83',44',ಗಂಡು'
MVJ1898287',ಎಂ ವಿಜಯಗೋಕಾಲ ',',83',65',ಗಂಡು'
MVJ1778554',ಎಂ ನರಸಿಂಹರೆಡಿ ',',85',59',ಗಂಡು'
MVJ1897321',ಕೆ ಎ ಪಾಪರೆಡ್ಡಿ',ಮ ಅಶ್ವಥಪ್ಪ',85',57',ಗಂಡು'
MVJ1897289',ಕೆ ಎ ನಾರಾಯಣ ರೆಡ್ಡಿ',ಮ ಅಶ್ವಥಪ್ಪ',85',55',ಗಂಡು'
MVJ1898105',ಗಂಗಾದೇವಿ',ವಿಜಯಗೋಪಾಲರೆಡ್ಡಿ',85',55',ಹೆಣ್ಣು'
MVJ1898089',ಪದ್ಮಾವತಿ',ಎಂ ನರಸಿಂಹರೆಡ್ಡಿ',85',47',ಹೆಣ್ಣು'
MVJ1779073',ಸಾವಿತ್ರಮ್ಮ',ಪಾಪಿರೆಡ್ಡಿ',85',43',ಹೆಣ್ಣು'
ALQ0271015',ಆರ್ ಸುಮಾ',ಕೆ ಎ ನಾರಾಯಣರೆಡ್ಡಿ',85',38',ಹೆಣ್ಣು'
ALQ2497261',ಕೆ ಎನ್ ಮನೂಷ',ಎಮ್ ನರಸಿಂಹರ',85',26',ಹೆಣ್ಣು'
ALQ2497451',ಕೆ ಎನ್ ಅನೂಷ',ಎಮ್ ನರಸಿಂಹ',85',23',ಹೆಣ್ಣು'
ALQ2753358',ಸಿ ಎನ್ ವಿಜಯರಾಘವರೆಡ್ಡಿ',ಸಿ ನಾರಾಯಣರೆಡ್ಡಿ',86',65',ಗಂಡು'
ALQ2753366',ಎಂ ಲಕ್ಷ್ಮೀಕಾಂತಮ್ಮ',ಸಿ ಎನ್ ವಿಜಯರಾಘವರೆಡ್ಡಿ',86',60',ಹೆಣ್ಣು'
MVJ1895879',ಸಿ ವಿ ನವೀನ್ ಕುಮಾರ್',ಸಿ ಎನ್ ವಿಜಯರಾಘವರೆಡ್ಡಿ',86',40',ಗಂಡು'
ALQ2252195',ಸುಪ್ರಜ ಪಿ',ನವೀನ್ ಕುಮಾರ್ ಸಿ ವಿ',86',26',ಹೆಣ್ಣು'
MVJ1779743',ಜಯಮ್ಮ',ಕೆ ಎಸ್ ರಾಮರೆಡ್ಡಿ',87',74',ಹೆಣ್ಣು'
ALQ2252153',ಸಿ ಆರ್ ಪಿ ಕೋಲಾರ್',ಕೆ ಎಸ್ ರಾಮರೆಡ್ಡಿ',87',55',ಗಂಡು'
ALQ2252211',ಕೆ ಮಮತ',ಸಿ ಆರ್ ಪಿ ಕೋಲಾರ್',87',48',ಹೆಣ್ಣು'
ALQ2753390',ಕೆ ಎನ್ ರಾಮಾನಂದ ರೆಡ್ಡಿ',ಎಂ ಜಿ ನಾರಾಯಣರೆಡ್ಡಿ',88',48',ಗಂಡು'
ALQ2753408',ವೈ ಎನ್ ಸತೀಶ್ ಕುಮಾರ್',ವೈ ಜಿ ನಂಜರೆಡ್ಡಿ',88',44',ಗಂಡು'
ALQ2059434',ಎಶಿಲ್ಪ',ಕೆ ಎನ್ ರಮಾನಂದರೆಡ್ಡಿ',88',35',ಹೆಣ್ಣು'
ALQ2059442',ಗೀತಾ ಎನ್',ಸತೀಷ್ ಕುಮಾರ್',88',34',ಹೆಣ್ಣು'
ALQ2753424',ಜಯಮ್ಮ',ಕುಮಂತರೆ',89',83',ಹೆಣ್ಣು'
ALQ0276345',ಕೆ ಹೆಚ್ ಕೃಷ್ಣಾರೆಡ್ಡಿ',ಕೆ ವಿ ಹನುಮಂತರೆಡ್ಡಿ',89',56',ಗಂಡು'
ALQ2753432',ಕೆ ಹೆಚ್ ರವೀಂದ್ರ ರೆಡ್ಡಿ',ಕೆ ವಿ ಹನುಮಂತರೆ',89',49',ಗಂಡು'
MVJ1896869',ಲಕ್ಷ್ಮಿ',ಕೆ ಎಚ್ ರವೀಂದ್ರ',89',46',ಹೆಣ್ಣು'
MVJ1896851',ಸಿ ಎ ಶಿಲ್ಪ',ಕೆ ಎಚ್ ಕೃಷ್ಣಾರೆಡ್ಡಿ',89',45',ಹೆಣ್ಣು'
ALQ2398865',ತೇಜ್ ಪವನ್ ಕೆ ಆರ್',ರವೀಂದ್ರ ರೆಡ್ಡಿ ಕೆ ಹೆಚ್',89',24',ಗಂಡು'
ALQ2398964',ಜಯರ್ದುತಿ ಕೆ',ಕೃಷ್ಣಾರೆಡ್ಡಿ ಕೆ ಹೆಚ್',89',24',ಹೆಣ್ಣು'
ALQ2969533',ಹರ್ಷವರ್ಧನ್ ಕೆ',ಕೆ ಎಚ್ ಕೃಷ್ಣರೆಡ್ಡಿ',89',22',ಗಂಡು'
ALQ2969541',ಕೆ ಆರ್ ವರುಣ್ ಕಾರ್ತಿಕ್',ಕೆ ಹೆಚ್ ರವೀಂದ್ರ',89',22',ಗಂಡು'
ALQ2753440',ಕೆ ಪಿ ಆದಿನಾರಾಯಣರೆಡ್ಡಿ',ವೆಂಕಟಯ್ಯ',90',75',ಗಂಡು'
ALQ2753457',ರಾಮಲಕ್ಷ್ಮಮ್ಮ',ಕೆ ವಿ ಆದಿನಾರಾಯಣರೆಡ್ಡಿ',90',70',ಹೆಣ್ಣು'
ALQ2753465',ಕೆ ಎ ಆನಂದರೆಡಿ ',',90',45',ಗಂಡು'
ALQ1859875',ಕೆ ಎ ವೆಂಕಟಶಿವರೆಡ್ಡಿ',ಕೆ ವಿ ಆದಿನಾರಾಯಣರೆಡ್ಡಿ',90',44',ಗಂಡು'
ALQ1471010',ಗೀತ',ಆನಂದರೆಡ್ಡಿ ಕೆ ಎ',90',35',ಹೆಣ್ಣು'
ALQ2398808',ಹೆಚ್ ಸಂಧ್ಯಾ',ಕೆ ಎ ವೆಂಕಟಶಿವಾರೆ',90',28',ಹೆಣ್ಣು'
ALQ2532679',ಜಿ ನವೀನ',ಗೋವಿಂದರೆಡ್ಡಿ',90',26',ಗಂಡು'
ALQ2753473',ಕೆ ವಿ ಶ್ರೀನಿವಾಸರೆಡ್ಡಿ',ವೆಂಕಟಯ್ಯ',91',70',ಗಂಡು'
ALQ2753481',ಸರಸ್ವತಮ್ಮ',ಕೆ ವಿ ಶ್ರೀನಿವಾಸರೆಡ್ಡಿ',91',62',ಹೆಣ್ಣು'
MVJ1898626',ಕೆ ಎಸ್ ನವೀನ್ ಕುಮಾರ್',ಕೆ ವಿ ಶ್ರೀನಿವಾಸರ',91',39',ಗಂಡು'
ALQ2179893',ಅಶ್ವಿನಿ ಎನ್',ನವೀನ್ ಕುಮಾರ್',91',27',ಹೆಣ್ಣು'
ALQ2753499',ಗಂಗಮ್ಮ',ಲೇಟ್ ಎನ್ ಸುಬ್ಬಯ್ಯ',92',90',ಹೆಣ್ಣು'
ALQ2753507',ಎನ್ ಎಸ್ ಶಂಕರನಾರಾಯ',ಎನ್ ಸುಬ್ಬಯ್ಯ',92',59',ಗಂಡು'
ALQ2753515',ಕೆ ವಿ ಧನಲಕ್ಷ್ಮಮ್ಮ',ಎನ್ ಎಸ್ ಶಂಕರನಾರಾಯಣ',92',52',ಹೆಣ್ಣು'
ALQ2497568',ಅರುಣ್ ಕುಮಾರ್ ಕೆ ಎಸ್',ಶಂಕರನಾರಾಯಣ ಎನ್ ಎಸ್',92',23',ಗಂಡು'
ALQ3101375',ಶ್ರೀದೇವಿ ಕೆ ಎಸ್',ಎನ್ ಎಸ್ ಶಂಕರನಾರಾಯಣ',92',20',ಹೆಣ್ಣು'
ALQ2753523',ಎನ್ ಆದಿನಾರಾಯಣಪ್ಪ',ನಡಿಪಣ್ಣ',93',75',ಗಂಡು'
ALQ2753531',ಲಕ್ಕಮ್ಮ',ನಾರಾಯಣಪ್ಪ',93',67',ಹೆಣ್ಣು'
MVJ1777861',ಲಕ್ಷ್ಮೀನಾರಾಯಣ ಎನ್',ಆದಿನಾರಾಯಣ',93',36',ಗಂಡು'
ALQ0273789',ಗಂಗಾದೇವಮ್ಮ',ಆದಿಮೂರ್ತಿ',94',60',ಹೆಣ್ಣು'
ALQ1471036',ಅರುಣ ಕೆ ಎ',ಆದಿಮೂರ್ತಿ ಎನ್',94',36',ಹೆಣ್ಣು'
ALQ1471044',ಸುಧಾಕರ ಕೆ ಎ',ಆದಿಮೂರ್ತಿ ಎನ',94',31',ಗಂಡು'
ALQ2753549',ಲಕ್ಷ್ಮೀನಾರಾಯಣ',ಗಂಗಪ್ಪ',95',45',ಗಂಡು'
MVJ1778901',ಪಾರ್ವತಮ್ಮ',ಲಕಿನಾರಾಯಣ',95',43',ಹೆಣ್ಣು'
MVJ1896240',ಲಕ್ಷ್ಮಮ್ಮ',ತ ಗಂಗಯ್ಯ',96',80',ಹೆಣ್ಣು'
MVJ1897644',ಜಿ ಜಯರಾಮಪ್ಪ',ತ ಗಂಗಯ್ಯ',96',56',ಗಂಡು'
ALQ2753564',ಭಾಗ್ಯಮ್ಮ',ಜಯರಾಮಪ್ಪ',96',55',ಹೆಣ್ಣು'
ALQ1471051',ಜಿ ನರಸಿಂಹಮೂರ್ತಿ',ತ ಗಂಗಯ್ಯ',96',50',ಗಂಡು'
ALQ1471069',ಜಿ ಬಾಲಾಜಿ',ತ ಗಂಗಯ್ಯ',96',45',ಗಂಡು'
MVJ1896570',ಎ ಅಲುವೇಲಮ್ಮ',ನರಸಿಂಹಮೂರ್ತಿ',96',39',ಹೆಣ್ಣು'
MVJ1896588',ಎನ್ ಅರುಣ',ಈ ಬಾಲಾಜಿ',96',37',ಹೆಣ್ಣು'
ALQ2180008',ಚಂದ್ರಶೇಖರ್ ಕೆಜೆ',ಜಯರಾಮಪ್ಪ',96',26',ಗಂಡು'
ALQ2398790',ಕೆ ಜೆ ಶಿವಕುಮಾರ್',ಜಯರಾಮಪ್ಪ ಜಿ',96',24',ಗಂಡು'
ALQ2753572',ದೇವಮ್ಮ',ಹನುಮಂತಪ್ಪ',97',80',ಹೆಣ್ಣು'
ALQ1471077',ಪ್ರಭಾಕರ',ಹನುಮಂತಪ್ಪ',97',48',ಗಂಡು'
ALQ1859883',ನಾರಾಯಣಪ್ಪ',ಹನುಮಂತಪ್ಪ',97',45',ಗಂಡು'
ALQ0275206',ತೇಜ',ಪ್ರಭಾಕರ',97',42',ಹೆಣ್ಣು'
ALQ2399194',ವಿ ಎ ಧನಲಕ್ಷ್ಮೀ',ಕೆ ಹೆಚ್ ನಾರಾಯಣಪ್ಪ',97',25',ಹೆಣ್ಣು'
ALQ1859909',ಅಶ್ವತ್ತಯ್ಯ',ತ ಕದಿರಪ್ಪ',99',73',ಗಂಡು'
ALQ1859917',ನರಸಮ್ಮ',ಅಶ್ವಥಯ್ಯ',99',70',ಹೆಣ್ಣು'
ALQ2753622',ನರಸಿಂಹಮೂರ್ತಿ',ಅಶ್ವಥಯ್ಯ',99',50',ಗಂಡು'
MVJ3567203',ಪ್ರಮೀಳಮ್ಮ',ನರಸಿಂಹಮೂರ್ತಿ',99',43',ಹೆಣ್ಣು'
MVJ1778851',ನರಸಿಂಹಯ್ಯ',ಅಶ್ವತ್ಥಪ್ಪ',99',40',ಗಂಡು'
ALQ2497444',ಲಕ್ಷ್ಮಮ್ಮ',ನರಸಿಂಹಯ್ಯ',99',27',ಹೆಣ್ಣು'
ALQ2753630',ಕಮಲಮ್ಮ',ಅಶ್ವತ್ತಪ್ಪ',100',60',ಹೆಣ್ಣು'
ALQ0810796',ಕೆ ಎ ರಮೇಶ್ವಾಬು',ಅಶ್ವತ್ಥಪ್ಪ',100',39',ಗಂಡು'
ALQ0810077',ಕೆನಾರಾಯಣಮ್ಮ',ಕೆ ಎ ರಮೇಶ್\u200cಬಾಬು',100',33',ಹೆಣ್ಣು'
MVJ1897511',ನಂಜಮ್ಮ',ನಾರಾಯಣಪ್ಪ',101',71',ಹೆಣ್ಣು'
ALQ2753648',ರಾಮಾಂಜಿ',ನಾರಾಯಣಪ್ಪ',101',55',ಗಂಡು'
ALQ2753655',ಕಾಮಯ್ಯ',ನಾರಾಯಣಪ್ಪ',101',53',ಗಂಡು'
ALQ2753663',ವರಲಕ್ಷ್ಮಿ',ರಾಮಾಂಜಿ',101',50',ಹೆಣ್ಣು'
MVJ1895515',ನರಸಿಂಹಮೂರ್ತಿ',ನಾರಾಯಣಪ್ಪ',101',43',ಗಂಡು'
MVJ1897503',ಅನಿತಾಕುಮಾರಿ',ನರಸಿಂಹಮೂರ್ತಿ',101',38',ಹೆಣ್ಣು'
ALQ3022753',ಶೈಲ ಹೆಚ್ ಎನ್',ಹರಿಕೃಷ್ಣ ಕೆ',101',24',ಹೆಣ್ಣು'
ALQ2969517',ಚರಣ್ ಕೆ ಆರ್',ರಾಮಾಂಜಿನಪ್ಪ',101',22',ಗಂಡು'
ALQ3101789',ಅಶ್ವಿನಿ ಕೆ ಆರ್',ರಾಮಾಂಜಿನಪ್ಪ',101',20',ಹೆಣ್ಣು'
ALQ1859933',ನರಸಿಂಹಯ್ಯ',ನೀ ಚಿಕ್ಕಪ್ಪಯ್ಯ',102',67',ಗಂಡು'
ALQ1859941',ರತ್ನಮ್ಮ',ನರಸಿಂಹಯ್ಯ',102',60',ಹೆಣ್ಣು'
ALQ2753671',ನಾರಾಯಣಪ್ಪ',',103',73',ಗಂಡು'
ALQ2753689',ಕಮಲಮ್ಮ',ನಾರಾಯಣಪ್ಪ',103',69',ಹೆಣ್ಣು'
ALQ2753697',ರಾಮಾಂಜಿನಯ್ಯ ಎನ್',ನಾರಾಯಣಪ್ಪ',103',45',ಗಂಡು'
MVJ1897156',ಅಶ್ವತಮ್ಮ',ಎಸ್ ರಾಮಾಂಜನೇಯ',103',44',ಹೆಣ್ಣು'
MVJ1895689',ಶ್ರೀರಾಮ',ನಾರಾಯಣಪ್ಪ',103',41',ಗಂಡು'
ALQ2179950',ಎನ್ ಕಾಂತಮ್ಮ',ಲೇಟ್ ರಾಮಾಂಜಿ',103',40',ಹೆಣ್ಣು'
ALQ0810085',ಉಮಾದೇವಿ',ಶ್ರೀರಾಮಪ್ಪ',103',37',ಹೆಣ್ಣು'
ALQ3165313',ನಂದೀಶ ಕೆಆರ್',ರಾಮಾಂಜಿನಪ್ಪ ಎ',103',20',ಗಂಡು'
ALQ3178514',ಕೈವಲ್ಯ',ರಾಮಾಂಜಿನೇಯ',103',19',ಹೆಣ್ಣು'
ALQ2753705',ನಾಗಪ್ಪ',ಶ್ರೀರಾಮಪ್ಪ',105',55',ಗಂಡು'
ALQ2753713',ಪುಟ್ಟಮ್ಮ',ನಾಗಪ್ಪ',105',50',ಹೆಣ್ಣು'
ALQ2969558',ಆಶಾ ಕೆ ಎನ್',ನಾಗರಾಜಪ್ಪ',105',23',ಹೆಣ್ಣು'
ALQ1471135',ರಾಜಪ್ಪ',ಬೊಮ್ಮಲಿಂಗಪ್ಪ',106',46',ಗಂಡು'
ALQ2180032',ಶ್ರೀಮತಿ',ರಾಜಪ್ಪ',106',33',ಹೆಣ್ಣು'
MVJ1895820',ಆನಂದಪ್ಪ',ಶ್ರೀರಾಮಪ್ಪ',107',50',ಗಂಡು'
ALQ2753721',ಜಯಮ್ಮ',ಆನಂದಪ್ಪ',107',47',ಹೆಣ್ಣು'
MVJ1895952',ನಾಗಮ್ಮ',ಆನಂದಪ್ಪ',107',41',ಹೆಣ್ಣು'
ALQ3022688',ಕೆ ಶಿವಕುಮಾರ್',ಆನಂದ',107',21',ಗಂಡು'
ALQ3101300',ಲಕ್ಕಿ ಕೆ ಎ ',',107',20',ಹೆಣ್ಣು'
ALQ2753739',ರತ್ನಮ್ಮ',ನಾರಾಯಣಪ್ಪ',100',54',ಹೆಣ್ಣು'
MVJ1895887',ಸತೀಶ್ ಕುಮಾರ್',ನಾರಾಯಣಪ್ಪ',109',40',ಗಂಡು'
MVJ4283131',ಬಿ ಜಿ ನಾಗವೇಣಿ',ಸತೀಶ್',109',35',ಹೆಣ್ಣು'
ALQ2753747',ಭದ್ರಮ್ಮ',ಅಂಜಿನಪ್ಪ',110',80',ಹೆಣ್ಣು'
ALQ1471168',ಮುತ್ತಕ್ಕ',ಚಿಕ್ಕಪ್ಪ',111',75',ಹೆಣ್ಣು'
MVJ1897982',ಗೋಪಾಲ',ಚಿಕ್ಕಪ್ಪ',111',36',ಗಂಡು'
ALQ2496735',ಸುಮಂಗಳ ಆರ್',ಕೆ ಸಿ ಗೋಪಾಲ',111',25',ಹೆಣ್ಣು'
ALQ1471176',ಚಿನ್ನಮ್ಮಣ್ಣಿ',ಆರ್ ಎನ್ ನರಸಿಂಹರೆಡ್ಡಿ',113',85',ಹೆಣ್ಣು'
ALQ1471184',ಆರ್ ಎನ್ ಮಂಜುನಾಥರೆಡ್ಡಿ',ಆರ್ ಎನ್ ನರಸಿಂಹರೆಡ್ಡಿ',113',3',ಗಂಡು'
MVJ4283305',ಆರ್ ಎನ್ ಹನುಮಂತರೆಡ್ಡಿ',ಆರ್ ಎನ್ ನರಸಿಂಹರೆಡ್ಡಿ',113',47',ಗಂಡು'
ALQ0810887',ಪ್ರೇಮಾ',ಆರ್ ಎನ್ ಮಂಜುನಾಥರೆಡ್ಡಿ',113',45',ಹೆಣ್ಣು'
ALQ0810879',ಕಾವ್ಯ',ಕೆ ಎನ್ ಹನುಮಂತರೆಡ್ಡಿ',113',34',ಹೆಣ್ಣು'
MVJ1897636',ಟಿ ಗಂಗಾಧರಪ್ಪ',ತಿಮ್ಮರಾಯಪ್ಪ',114',63',ಗಂಡು'
MVJ1897834',ರತ್ನಮ್ಮ',ಗಂಗಾಧರಪ್ಪ',114',60',ಹೆಣ್ಣು'
ALQ0271696',ಅಶ್ವತ್ಥನಾರಾಯಣ ಜಿ',ಗಂಗಾಧರಪ್ಪ',114',40',ಗಂಡು'
ALQ1860006',ನಾಗರತ್ನಮ್ಮ',ಜಿ ಅಶ್ವತ್ಥನಾರಾಯಣ',114',33',ಹೆಣ್ಣು'
ALQ1471192',ಅಶ್ವತ್ಥನಾರಾಯಣಪ್ಪ',ಸಂಜೀವಪ್ಪ',115',50',ಗಂಡು'
ALQ1471200',ತಿಮ್ಮಕ್ಕ',ಅಶ್ವತ್ಥನಾರಾಯಣಪ್ಪ',115',47',ಹೆಣ್ಣು'
ALQ3165412',ಸರಿತ ಕೆ ಎ',ಅಶ್ವತ್ಥನಾರಾಯಣ',115',20',ಹೆಣ್ಣು'
ALQ1471218',ವೆಂಕಟರವಣಪ್ಪ',ತಿಮ್ಮರಾಯಪ್ಪ',116',75',ಗಂಡು'
ALQ1471226',ಮಿಮ್ಮ',ವೆಂಕಟರವಣಪ್ಪ',116',70',ಹೆಣ್ಣು'
ALQ1471234',ಕೆ ವಿ ಶ್ರೀನಿವಾಸ',ವೆಂಕಟರವಣಪ್ಪ',116',44',ಗಂಡು'
MVJ4283115',ಎ ಮಮತ',ವಿ ಶ್ರೀನಿವಾಸ',116',35',ಹೆಣ್ಣು'
ALQ1471242',ಅಂಜಿನಪ್ಪ',ವೆಂಕಟಪ್ಪ',117',75',ಗಂಡು'
ALQ1471259',ಲಿಂಗಮ್ಮ',ಅಂಜಿನಪ್ಪ',117',71',ಹೆಣ್ಣು'
MVJ1778414',ಅಶ್ವತ್ಥನಾರಾಯಣ',ಅಂಜನಪ್ಪ',117',44',ಗಂಡು'
ALQ0810861',ಬಿ ಆರ್ ಜ್ಯೋತಿ',ಅಶ್ವಥನಾರಾಯಣ',117',37',ಹೆಣ್ಣು'
ALQ1471283',ಅಶ್ವತ್ತಪ್ಪ',ನರಸಿಂಹಪ್ಪ',118',55',ಗಂಡು'
MVJ1898147',ಜಯಮ್ಮ',ಅಶ್ವತ್ಥಪ್ಪ',118',51',ಹೆಣ್ಣು'
ALQ2179984',ಗಿರೀಶ್ ಕೆ',ಅಶ್ವತ್ಥಪ್ಪ',118',26',ಗಂಡು'
ALQ2532687',ಕೆ ಎ ಮಾಲಾಶ್ರೀ',ಕೆ ಎ ನವೀನ',118',25',ಹೆಣ್ಣು'
ALQ2252179',ನರಸಿಂಹರೆಡ್ಡಿ ಎನ್',ಲೇ ನಾರಾಯಣನ ಪಿ',119',48',ಗಂಡು'
MVJ1778190',ರತ್ನಮ್ಮ',ನಾರಾಯಣಪ್ಪ',119',45',ಹೆಣ್ಣು'
ALQ2398931',ಡಿ ಎಸೌಮ್ಯ',ಎನ್ ನರಸಿಂಹರೆಡ್ಡಿ',119',24',ಹೆಣ್ಣು'
ALQ2753754',ಹನುಮಂತಪ್ಪ',ತಿಮ್ಮಯ್ಯ',120',55',ಗಂಡು'
ALQ2753762',ಭೂಲಕ್ಷ್ಮಮ್ಮ',ಹನುಮಂತಪ್ಪ',120',50',ಹೆಣ್ಣು'
ALQ2969525',ವೆಂಕಟೇಶ',ಹನುಮಂತಪ್ಪ',120',22',ಗಂಡು'
ALQ3101821',ಶ್ರೀನಿವಾಸ ಕೆ ಹೆಚ್',ಹನುಮಂತಪ್ಪ',120',20',ಗಂಡು'
MVJ1896372',ಶಂಕರಪ್ಪ',ನಾಗಪ್ಪ',121',43',ಗಂಡು'
MVJ4283172',ರತ್ನಮ್ಮ',ಶಂಕರಪ್ಪ',121',34',ಹೆಣ್ಣು'
MVJ1895978',ಕೆ ಜಿ ಗಂಗಾಧರಪ್ಪ',ತಿಮ್ಮಯ್ಯ',122',65',ಗಂಡು'
ALQ2753770',ಪಾರ್ವತಮ್ಮ',ಕೆ ಜಿ ಗಂಗಾಧರಪ್ಪ',122',63',ಹೆಣ್ಣು'
MVJ1896141',ಚಂದ್ರಪ್ಪ',ಕೆ ಜಿ ಗಂಗಾಧರಪ್ಪ',122',39',ಗಂಡು'
ALQ2399210',ಸಾಕಮ್ಮ',ಲೇಟ್ ಕೃಷ್ಣಪ್ಪ',124',86',ಹೆಣ್ಣು'
ALQ2753788',ಲಕ್ಷ್ಮಮ್ಮ',ಕೃಷ್ಣಾಚಾರಿ',124',70',ಹೆಣ್ಣು'
ALQ0809954',ಶಾಂತಮ್ಮ',ರಾಮಚಂದ್ರಾಚಾರಿ',124',57',ಹೆಣ್ಣು'
ALQ2398840',ಯಲ್ಲಪ್ಪ ತಾಯಿಯ',ಸಾಕಮ್ಮ',124',49',ಗಂಡು'
ALQ2753812',ಸರಸ್ವತಮ್ಮ',ಕೆ ಎನ್ ಗಂಗರೆಡ್ಡಿ',128',70',ಹೆಣ್ಣು'
MVJ1895598',ಕೆ ಜಿ ನವೀನ್',ಕೆ ಎನ್ ಗಂಗರೆಡ್ಡಿ',128',37',ಗಂಡು'
MVJ1779750',ಕೆ ಎನ್ ರಾಜಗೊಪಾಲರೆಡ್ಡಿ',ನರಸಣ್ಣ',129',55',ಗಂಡು'
MVJ1896604',ಕೆ ಜಿ ನಾಗಮಣಿ',ರಾಜಗೋಪಾಲರೆಡ್ಡಿ',129',46',ಹೆಣ್ಣು'
ALQ3005543',ಮಂಜುನಾಥ ರೆಡ್ಡಿ ಕೆ ಆರ್',ರಾಜಗೋಪಾಲರೆದ ಕೆ ಎನ್',129',23',ಗಂಡು'
ALQ3101326',ಬಿಂದುಕೆ ಆರ್',ರಾಜಗೊಪಾಲರ',129',20',ಹೆಣ್ಣು'
ALQ2753820',ಕೊಂಡಮ್ಮ',ಅಂಜಿನಪ್ಪ',130',85',ಹೆಣ್ಣು'
ALQ1471325',ನಾರಾಯಣರೆಡ್ಡಿ',ನಂಜುಂಡರೆಡ್ಡಿ',130',65',ಗಂಡು'
ALQ1471333',ಗಂಗಮ್ಮ',ನಾರಾಯಣರೆಡ್ಡಿ',130',61',ಹೆಣ್ಣು'
ALQ2753838',ಕೆ ಎ ರಾಮಕೃಷ್ಣರೆಡ್ಡಿ',ಅಂಜಿನಪ್ಪ',130',61',ಗಂಡು'
ALQ2753846',ಅಮರಾವತಿ',ಕೆ ಎ ರಾಮಕೃಷ್ಣರೆಡ್ಡಿ',130',51',ಹೆಣ್ಣು'
MVJ4283271',ಮಂಜುನಾಥ ರೆಡ್ಡಿ ಕೆ ಎನ್',ನಾರಯಣರೆಡ್ಡಿ',130',35',ಗಂಡು'
ALQ2434017',ವರಲಕ್ಷ್ಮೀ ಎ',ನರಸಿಂಹರೆಡ್ಡಿ',130',29',ಹೆಣ್ಣು'
ALQ2252245',ಶಿಲ್ಪ ಕೆ ಆರ್',ಕೆ ಎ ರಾಮಕೃಷ್ಣರೆಡ್ಡಿ',130',26',ಹೆಣ್ಣು'
ALQ3014529',ಮಮತ ಎಸ್',ಏಕಜುನಾಥ',130',25',ಹೆಣ್ಣು'
ALQ2969491',ಸೋಮಶೇಖರರೆಡ್ಡಿ ಕೆ ಆರ್',ರಾಮಕೃಷ್ಣಾರೆಡ್ಡಿ ಕೆ ಎ',130',22',ಗಂಡು'
ALQ2753853',ವೆಂಕಟಮ್ಮ',ನಾರಾಯಣರೆಡ್ಡಿ',131',75',ಹೆಣ್ಣು'
ALQ2753861',ರಾಮರೆಡ್ಡಿ ಕೆ ಎನ್',ನಾರಾಯಣರೆಡ್ಡಿ',131',52',ಗಂಡು'
ALQ2753879',ಅಶ್ವತ್ಥನಾರಾಯಣರೆಡ್ಡಿ ಎನ್',ನಾರಾಯಣರೆಡ್ಡಿ',131',44',ಗಂಡು'
MVJ3567252',ಸುನಂದಮ್ಮ',ರಾಮರೆಡ್ಡಿ',131',44',ಹೆಣ್ಣು'
MVJ1896232',ನಾಗರತ್ನಮ್ಮ',ಕೆ ಎನ್ ಅಶ್ವತ್ಥನಾರಾಯಣರೆಡ್ಡಿ',131',39',ಹೆಣ್ಣು'
ALQ0810291',ರಾಮಚಂದ್ರರೆಡ್ಡಿ',ನರಸಿಂಹರೆಡ್ಡಿ',132',47',ಗಂಡು'
ALQ0811158',ಪದ್ಮಾವತಮ್ಮ',ರಾಮಚಂದ್ರರೆಡ್ಡಿ',132',46',ಹೆಣ್ಣು'
ALQ0809863',ಕೆ ಎ ನರಸಿಂಹರೆಡ್ಡಿ',ಅಂಜಿನಪ್ಪ',132',45',ಗಂಡು'
MVJ1896273',ಜಯಮ್ಮ',ಕೆ ಎ ನರಸಿಂಹರೆಡ್ಡಿ',132',45',ಹೆಣ್ಣು'
ALQ2497410',ಎಮ್ ಆರ್ ಸುರೇಶ್ ಕುಮಾರ್',ರಾಮಚಂದ್ರರೆಡ್ಡಿ',132',23',ಗಂಡು'
ALQ2532695',ಕೆ ಎನ್ ರಜಿತ',ಕೆ ಎ ನರಸಿಂಹರೆಡ್ಡಿ',132',23',ಹೆಣ್ಣು'
ALQ3022746',ಮಂಜುನಾಥ ಕೆ ಎನ್',ನರಸಿಂಹರೆಡ್ಡಿ',132',21',ಗಂಡು'
ALQ2753895',ಎನ್ ಶಿವಶಂರಕರೆಡ್ಡಿ',ನರಸಿಂಹರೆಡ್ಡಿ',133',65',ಗಂಡು'
ALQ2753903',ಸಿ ಜಿ ಲಕ್ಷ್ಮಿ',ಎನ್ ಶಿವಶಂಕರರೆ',133',63',ಹೆಣ್ಣು'
MVJ1897164',ಕೆ ಎಸ್\u200c ಸಂದ್ಯಾ',ನರಸರೆಡ್ಡಿ',133',39',ಹೆಣ್ಣು'
ALQ2753911',ಅಚ್ಚಮ್ಮ',ನಂಜಣ್ಣ',134',85',ಹೆಣ್ಣು'
MVJ1778497',ಕೆ ಎನ್ ನಾರಾಯಣರೆಡ್ಡಿ',ಟಿ ನಂಜಣ್ಣ',134',57',ಗಂಡು'
MVJ1897057',ಪದ್ಮ ಎ',ಕೆ ಎನ್ ನಾರಾಯಣರೆಡ್ಡಿ',134',50',ಹೆಣ್ಣು'
ALQ1471341',ರತ್ನಮ್ಮ',ನಂಜರೆಡ್ಡಿ',134',47',ಹೆಣ್ಣು'
ALQ2398972',ಕೆ ಎನ್ ಪ್ರಶಾಂತ್',ಕೆ ಎನ್ ನಾರಾಯ ರೆಡ್ಡಿ',134',25',ಗಂಡು'
ALQ3022738',ಪ್ರಳಿತ ಕೆ ಎನ್',ನಾರಾಯಣರೆಡ್ಡಿ ಕೆ ಎನ್',134',21',ಹೆಣ್ಣು'
ALQ2753929',ಆರ್ ಬೈಯಪ್ಪರೆಡ್ಡಿ',ಬಿ ರಾಮಕೃಷ್ಣರೆಡ್ಡಿ',135',56',ಗಂಡು'
MVJ1896562',ಬಿ ಕಲಾವತಿ',ಬೈಯಪ್ಪರೆಡ್ಡಿ ಆರ್',135',41',ಹೆಣ್ಣು'
ALQ3178449',ಕೆಬಿ ಸಾಯಿ ಕಿರಣ್',ಆರ್ ಬಯ್ಯಪ್ಪರೆಡ್ಡಿ',135',19',ಗಂಡು'
ALQ2753937',ಕೆ ಎ ಸೀತಾರಾಮರೆಡ್ಡಿ',ಅಂಜಿನಪ್ಪ',136',70',ಗಂಡು'
ALQ2753945',ಕೆ ಎ ಶಂಕರನಾರಾಯಣರೆಡ್ಡಿ',ಅಂಜಿನರೆಡ್ಡಿ',136',53',ಗಂಡು'
MVJ1898501',ಸರೋಜಮ್ಮ',ಕೆ ಎ ಸೀತಾರಾಮರೆಡ್ಡಿ',136',51',ಹೆಣ್ಣು'
MVJ1778893',ಸರಸ್ವತಮ್ಮ',ಕೆ ಎ ಶಂಕರನಾರಾಯಣರೆಡ್ಡಿ',136',44',ಹೆಣ್ಣು'
ALQ2753952',ಕೆ ಎಸ್ ರವೀಂದ್ರರೆಡ್ಡಿ',ಕೆ ಎ ಸೀತಾರಾಮರೆಡ್ಡಿ',136',41',ಗಂಡು'
ALQ0810119',ಎಸ್ ಶಿವಪ್ರಸಾದ್',ಕೆ ಎ ಸೀತಾರಾಮರ್ರೆ',136',36',ಗಂಡು'
MVJ1896315',ನರಸಮ್ಮ',ಸದಾಶಿವರೆಡ್ಡಿ',137',90',ಹೆಣ್ಣು'
ALQ2753960',ಅಶ್ವತ್ಥನಾರಾಯಣರೆಡ್ಡಿ',ಸದಾಶಿವರೆಡ್ಡಿ',137',60',ಗಂಡು'
ALQ2753978',ನರಸಿಂಹರೆಡ್ಡಿ',ಸದಾಶಿವರೆಡ್ಡಿ',137',55',ಗಂಡು'
MVJ1778760',ಕದಿರಪ್ಪರೆಡ್ಡಿ',ಸದಾಶಿವರೆಡ್ಡಿ',137',53',ಗಂಡು'
MVJ1896984',ಸುನಿತ ಎನ್',ನರಸಿಂಹರೆಡ್ಡಿ',137',50',ಹೆಣ್ಣು'
MVJ1778174',ವೆಂಕಟಶಿವರೆಡ್ಡಿ',ಸದಾಶಿವರೆಡ್ಡಿ',137',50',ಗಂಡು'
ALQ2133445',ಎನ್ ವಾಣಿ',ಕದಿರಪ್ಪರೆಡ್ಡಿ',137',38',ಹೆಣ್ಣು'
ALQ1859966',ಕೆ ಬಿ ಶ್ರೀನಿವಾಸರೆಡ್ಡಿ',ಬೈಯಪ್ಪರೆಡ್ಡಿ',138',70',ಗಂಡು'
ALQ1471358',ರತ್ನಮ್ಮ',ಕೆ ಬಿ ಶ್ರೀನಿವಾಸರೆಡ್ಡಿ',138',67',ಹೆಣ್ಣು'
MVJ4283263',ಕೆ ಎಸ್ ಹನುಮಂತರೆಡ್ಡಿ',ಕೆ ಬಿ ಶ್ರೀನಿವಾಸರೆಡಿ',138',46',ಗಂಡು'
ALQ0810192',ಎಸ್ ಸೌಮ್ಯಶ್ರೀ',ಕೆ ಎಸ್ ಹನುಮಂತರೆಡ್ಡಿ',138',39',ಹೆಣ್ಣು'
ALQ2753986',ಕೆ ಎಸ್ ರತ್ನಮ್ಮ',ಎ ಎಸ್ ಸತ್ಯನಾರಾಯಣಶೆಟ್ಟಿ',139',63',ಹೆಣ್ಣು'
ALQ0810838',ಅಮರನಾಥ',ಎ ಎಸ್ ಸತ್ಯನಾರಾಯಣ ಶೆಟ್ಟಿ',139',40',ಗಂಡು'
MVJ1895796',ಮೋಹನ್',ಎ ಎಸ್ ಸತ್ಯನಾರಾಯಣಶೆಟ್ಟಿ',139',36',ಗಂಡು'
ALQ3053097',ರಾಧಿಕ ಆರ್\u200c',ಮೋಹನ್ ಎಸ್',139',27',ಹೆಣ್ಣು'
ALQ2497436',ಹೆಚ್ ಎಸ್ ಅಶ್ವಿನಿ',ಡಿ ಎಸ್ ಅಮರನಾರ',139',23',ಹೆಣ್ಣು'
ALQ2753994',ಗಂಗಮ್ಮ',ಸಂಜೀವಪ್ಪ',140',70',ಹೆಣ್ಣು'
MVJ1778455',ಕೆ ಎಸ್ ನಂಜುಂಡಪ್ಪ',ಸಂಜೀವಪ್ಪ',140',40',ಗಂಡು'
MVJ1896752',ಪುಷ್ಪ',ಕೆ ಎಸ್ ನಂಜುಂಡಪ್ಪ',140',38',ಹೆಣ್ಣು'
ALQ2754000',ಕೆ ಎನ್ ಶ್ರೀನಿವಾಸರೆಡ್ಡಿ',ನಾಗಪ್ಪ',141',47',ಗಂಡು'
MVJ1779156',ಸುಧಾ',ಕೆ ಎನ್ ಶ್ರೀನಿವಾಸರೆಡ್ಡಿ',141',39',ಹೆಣ್ಣು'
ALQ3101433',ಮಾನಸ ಕೆ ಎಸ್',ಶ್ರೀನಿವಾಸರೆಡ್ಡಿ ಕೆ ಎನ್',141',20',ಹೆಣ್ಣು'
MVJ1895671',ರತ್ನಮ್ಮ',ರಮೇಶ',144',52',ಹೆಣ್ಣು'
MVJ1778463',ಲಕ್ಷ್ಮೀನರಸಪ್ಪ',ನರಸಪ್ಪ',145',53',ಗಂಡು'
MVJ1896075',ಎಸ್ ಜಯಮ್ಮ',ಲಕ್ಷ್ಮೀನರಸಪ್ಪ',145',41',ಹೆಣ್ಣು'
ALQ2399178',ಕೆ ಎಲ್ ನವೀನ್',ಲಕ್ಷ್ಮೀನರಸಪ್ಪ',145',24',ಗಂಡು'
ALQ2523355',ಶಿಲ್ಪ ವೈ ಎನ್',ನಂಜುಂಡಪ್ಪ',145',23',ಹೆಣ್ಣು'
ALQ1471374',ಅಶ್ವತ್ಥರೆಡ್ಡಿ',ನರಸಿಂಹ ರೆಡ್ಡಿ',150',49',ಗಂಡು'
ALQ1471382',ವೇದಾವತಮ್ಮ',ಅಶ್ವತ್ಥರೆಡ್ಡಿ',150',43',ಹೆಣ್ಣು'
ALQ2398816',ಎ ಅಜಯ್ ಕುಮಾರ್',ವಿ ಎನ್ ಅಶ್ವತ್ಥ ರೆಡ್ಡಿ',150',24',ಗಂಡು'
ALQ2398824',ಆಶಾ ',',24/1',25',ಹೆಣ್ಣು'
ALQ0272278',ಶಾರದಮ್ಮ',ಕೆಂಚಪ್ಪರೆಡ್ಡಿ',24/1',55',ಹೆಣ್ಣು'
ALQ0272229',ಕೆ ರವೀಂದ್ರರೆಡ್ಡಿ',ಕೆಂಚಪ್ಪರೆಡ್ಡಿ',24/1',48',ಗಂಡು'
MVJ4283198',ಕೆ ಮಹೇಂದ್ರರೆಡ್ಡಿ',ಕೆಂಚಪ್ಪರೆಡ್ಡಿ',24/1',45',ಗಂಡು'
ALQ1470764',ಕೆ ಶ್ರೀನಿವಾಸರೆಡ್ಡಿ',ಕೆಂಚಪ್ಪರೆಡ್ಡಿ',24/1',41',ಗಂಡು'
ALQ0272336',ಗೀತಾ',ಕೆ ರವಿಂದ್ರರೆಡ್ಡಿ',24/1',35',ಹೆಣ್ಣು'
ALQ2752673',ಲಕ್ಷ್ಮಿದೇವಮ್ಮ',ಜಯಣಪ್ಪ ',33/1',93',ಹೆಣ್ಣು'
ALQ2752681',ಕೆ ಎನ್ ನಾಗಭೂಷಣರೆಡ್ಡಿ',ಚಿಕ್ಕನಾರಾಯಣ',33/1',53',ಗಂಡು'
ALQ0810747',ಸರಿತ',ಕೆ ಎನ್ ನಾಗಭೂಷಣರೆಡ್ಡಿ',33/1',43',ಹೆಣ್ಣು'
ALQ2252229',ಪಿ ಆರ್ ಉಷಾಕುಮಾರಿ',ಕೆ ಎನ್ ವಿಜಯಶಂಕರರೆಡ್ಡಿ',33/2',49',ಹೆಣ್ಣು'
ALQ2752699',ಕೆ ಎನ್ ವಿಜಯಶಂಕರರೆಡ್ಡಿ',ಚಿಕ್ಕನಾರಾಯಣರ',33/2',65',ಗಂಡು'
ALQ3101524',ಭರತ್ ಕೆ ಸಿ',ಚಿನ್ನಪ್ಪಯ್ಯ',52/1',20',ಗಂಡು'
ALQ0810648',ಚನ್ನಪ್ಪಯ್ಯ',ಗಂಗಪ್ಪ',52/1',53',ಗಂಡು'
MVJ1779172',ಗಂಗಮ್ಮ',ಚಿನ್ನಪ್ಪಯ್ಯ',52/1',49',ಹೆಣ್ಣು'
ALQ3066958',ಗಾಯಿತ್ರಿಕೆ ಸಿ',ಚಿನ್ನಪ್ಪಯ್ಯ',52/1',23',ಹೆಣ್ಣು'
ALQ2497378',ಕೆ ಎನ್ ನವೀನ್ ಕುಮಾರ್',ಕೆಜಿ ನರಸಿಂಹಮೂರ್ತಿ',52/2',23',ಗಂಡು'
ALQ2752954',ನರಸಿಂಹಮೂರ್ತಿ',ಗಂಗಪ್ಪ',52/2',47',ಗಂಡು'
ALQ2752962',ಶಕುಂತಲಮ್ಮ',ನರಸಿಂಹಮೂರ್ತಿ',52/2',45',ಹೆಣ್ಣು'
ALQ2532349',ನವೀನ್ ಕುಮಾರ್',ನಾರಾಯಣಪ್ಪ',58/1',23',ಗಂಡು'
ALQ2753028',ಭದ್ರಮ್ಮ',ನಾರಾಯಣಪ್ಪ',58/1',60',ಹೆಣ್ಣು'
MVJ1778521',ಕೆ ಎಸ್ ನಾರಾಯಣಪ್ಪ',ಸುಬ್ಬರಾಯಪ್ಪ',58/1',58',ಗಂಡು'
MVJ1897958',ನರಸಿಂಹಮೂರ್ತಿ',ಸುಬ್ಬರಾಯಪ್ಪ',58/1',49',ಗಂಡು'
MVJ1897735',ಜಿ ರತ್ನಮ್ಮ',ನರಸಿಂಹಮೂರ್ತಿ',58/1',40',ಹೆಣ್ಣು'
ALQ3178456',ಶ್ವೇತ ಕೆ ಎನ್',ಕೆ ಎಸ್ ನರಸಿಂಹಮೂರ್ತಿ',58/1',19',ಹೆಣ್ಣು'
MVJ1896489',ಆದಿಲಕ್ಷ್ಮಮ್ಮ',ವೆಂಕಟೇಶ',60/1',39',ಹೆಣ್ಣು'
ALQ2753044',ರಾಮಾಂಜಿನಪ್ಪ',ನರಸಿಂಹಪ್ಪ',60/2',49',ಗಂಡು'
MVJ1896513',ಶಾಂತಮ್ಮ',ರಾಮಾಂಜೀನಪ್ಪ',60/2',38',ಹೆಣ್ಣು'
ALQ3101334',ಲಕ್ಷ್ಮೀನಾರಾಯಣಮ್ಮ',ರಾಮಚಂದ್ರ',73/1',57',ಹೆಣ್ಣು'
ALQ3053105',ನೇತ್ರಾವತಿ ಆರ್',ಗಿರೀಶ್ ಕೆ ಟಿ',73/1',25',ಹೆಣ್ಣು'
ALQ2496743',ಗಿರೀಶ್ ಕೆ ಟಿ',ತಿಮ್ಮಪ್ಪ',73/1',24',ಗಂಡು'
ALQ2753200',ತಿಮ್ಮಪ್ಪ',ಗಂಗಪ್ಪ',73/1',60',ಗಂಡು'
ALQ2753218',ಜಮುನ',ತಿಮ್ಮಪ್ಪ',73/1',50',ಹೆಣ್ಣು'
MVJ1777929',ಕೃಷ್ಣಪ್ಪ',ನಾಗಪ್ಪ',81/1',47',ಗಂಡು'
MVJ1896000',ಸಂತೋಷಮ್ಮ',ಕೃಷ್ಣಪ್ಪ',81/1',41',ಹೆಣ್ಣು'
ALQ3078698',ನಂಜಮ್ಮ',ನರಸಿಂಹಪ್ಪ',81/2',68',ಹೆಣ್ಣು'
MVJ1778570',ರಮೇಶ್ ಬಾಬು',ನಾಗಪ್ಪ',81/2',46',ಗಂಡು'
MVJ1896927',ಲಕ್ಕಿ',ರಮೇಶ್ ಬಾಬು',81/2',39',ಹೆಣ್ಣು'
ALQ0272328',ರತ್ನಮ್ಮ',ಎಸ್ ರಾಮಪ್ಪ',83/1',38',ಹೆಣ್ಣು'
MVJ1897776',ಕೆ ಭೀಮಪ್ಪ',ಅಂಜಿನಪ್ಪ',84/1',51',ಗಂಡು'
MVJ1897792',ಓಬಳಮ್ಮ',ಕೆ ಎ ಭೀಮಪ್ಪ',84/1',40',ಹೆಣ್ಣು'
ALQ1471002',ಸಿ ಎನ್ ಲಕ್ಷ್ಮಿನಾರಾಯಣರ',ಸಿ ನಾರಾಯಣರೆ',86/1',57',ಗಂಡು'
ALQ2753374',ಸಿ ಎನ್ ರಾಮಚಂದ್ರರೆಡ್ಡಿ',ಸಿ ನಾರಾಯಣರೆಡ್ಡಿ',86/1',53',ಗಂಡು'
MVJ1779107',ಎಚ್ ಎನ್ ಲತಾ',ಸಿ ಎನ್ ಲಕ್ಷ್ಮೀನಾರಾಯಣರೆಡ್ಡಿ',86/1',43',ಹೆಣ್ಣು'
MVJ3567146',ರಮಾದೇವಿ ಸಿ ಕೆ',ಸಿ ಎನ್ ರಾಮಚಂದ್ರರೆಡ್ಡಿ',86/1',40',ಹೆಣ್ಣು'
ALQ2496370',ಅರುಣ್ ಕುಮಾರ್ ಸಿ ಎಲ್',ಲಕ್ಷ್ಮೀನಾರಾಯಣ ರೆಡ್ಡಿ ಸಿ ಎನ್',86/1',23',ಗಂಡು'
ALQ2753416',ಕೆ ಎನ್ ವೆಂಕಟಶಿವರೆಡ್ಡಿ',ಎಂ ಜಿ ನಾರಾಯಣರೆಡ್ಡಿ',88/1',50',ಗಂಡು'
MVJ1896521',ತುಲಸಮ್ಮ',ಕೆ ಎಸ್ ವೆಂಕಟಶಿವಾರೆಡ್ಡಿ',88/1',42',ಹೆಣ್ಣು'
ALQ3101292',ಪಲ್ಲವಿ ಕೆ ವಿ',ವೆಂಕಟಶಿವಾರೆಡ್ಡಿ ಕೆ',88/1',20',ಹೆಣ್ಣು'
ALQ3101516',ವಿಂದುಕೆ ವಿ',ವೆಂಕಟಶಿವ ರೆಡ್ಡಿ',88/1',20',ಹೆಣ್ಣು'
ALQ2753580',ನರಸಿಂಹಮೂರ್ತಿ',ಹನುಮಂತಪ್ಪ',97/1',55',ಗಂಡು'
MVJ1896596',ಸೌಭಾಗ್ಯಮ್ಮ',ನರಸಿಂಹಮೂರ್ತಿ',97/1',43',ಹೆಣ್ಣು'
ALQ2252294',ಮಂಜುಳ ಸಿ ಜಿ',ಬಾಲಪ್ಪ ಎನ್',98/1',26',ಹೆಣ್ಣು'
ALQ2753598',ಚಿನ್ನಕ್ಕ',ನರಸಿಂಹಯ್ಯ',98/1',70',ಹೆಣ್ಣು'
MVJ1777994',ಎನ್ ಬಾಲಪ್ಪ',ನರಸಿಂಹಯ್ಯ',98/1',36',ಗಂಡು'
ALQ2753606',ಕೃಷ್ಣಪ್ಪ',ತ ಕದಿರಪ್ಪ',98/2',65',ಗಂಡು'
ALQ2753614',ರತ್ನಮ್ಮ',ಕೃಷ್ಣಪ್ಪ',98/2 ',29',ಹೆಣ್ಣು'
MVJ1778075',ಪ್ರಕಾಶ',ಕೃಷ್ಣಪ್ಪ',98/2',41',ಗಂಡು'
ALQ1859982',ಕೆ ರವಿ',ಕೃಷ್ಣಪ್ಪ',98/2',29',ಗಂಡು'
ALQ2179869',ಸಿ ಕೆ ಸಾವಿತ್ರಿ',ಪ್ರಕಾಶ್',98/2 ',29',ಹೆಣ್ಣು'
ALQ2496768',ಕೆ ಪಿ ಲೋಕೇಶ್',ವೆಂಕಟರವಣಪ್ಪ',117/1',23',ಗಂಡು'
ALQ2454478',ಗಂಗಮ್ಮ',ಕನಕಪ್ಪ',117/1',75',ಹೆಣ್ಣು'
ALQ1471267',ವೆಂಕಟರವಣಪ್ಪ',ಅಂಜಿನಪ್ಪ',117/1',50',ಗಂಡು'
ALQ1471275',ಕಮಲಮ್ಮ',ವೆಂಕಟರವಣಪ್ಪ',117/1',47',ಹೆಣ್ಣು'
ALQ2753796',ಶ್ರೀನಿವಾಸ',ಗೋವಿಂದಪ್ಪ',124/1',47',ಗಂಡು'
ALQ3014537',ಶಿರೀಷಾ ಕೆ ಎಸ್ ',',',22',ಹೆಣ್ಣು'
ALQ3101797',ಸಾಯಿಕುಮಾರ್',ಶ್ರೀನಿವಾಸ',124/1',20',ಗಂಡು'
ALQ2252419',ಪಾರ್ವತಮ್ಮ ಎಸ್',ನಾಗಭೂಷಣರೆಡ್ಡಿ',129/1',36',ಹೆಣ್ಣು'
MVJ1895523',ರತ್ನಮ್ಮ',ಜಗನ್ನಾಥರೆಡ್ಡಿ',129/1',60',ಹೆಣ್ಣು'
MVJ1896307',ಕೆ ಎನ್ ನರಸಿಂಹರೆಡ್ಡಿ',ನರಸಣ್ಣ',129/1',55',ಗಂಡು'
MVJ1896265',ಜೆ ಬಿ ಶಾರದಮ್ಮ',ಕೆ ಎನ್ ನರಸಿಂಹರೆರಿ',129/1',49',ಹೆಣ್ಣು'
MVJ4283297',ನಾಗಭೂಷಣರೆಡ್ಡಿ',ನರಸಣ್ಣ',129/1',47',ಗಂಡು'
MVJ1778109',ನರಸಿಂಹರೆಡ್ಡಿ',ನಾರಾಯಣರೆಡ್ಡಿ',130/1',37',ಗಂಡು'
ALQ2252161',ದೀಪಾ ಸಿ ಎನ್',ಪ್ರಸಾದ್ ಕುಮಾರ್ ಕೆ ಎನ್',141/1',25',ಹೆಣ್ಣು'
ALQ2754018',ಕೆ ಎಸ್ ನಾರಾಯಣರೆಡ್ಡಿ',ಸುಬ್ಬಯ್ಯ',141/1',85',ಗಂಡು'
MVJ1779321',ನಾಗರತ್ನಮ್ಮ',ಕೆ ಎಸ್ ನಾರಾಯಣರೆಡ್ಡಿ',141/1',80',ಹೆಣ್ಣು'
MVJ1897560',ಕೆ ಎನ್ ಪ್ರಸಾದ್ ಕುಮಾರ್',ಕೆ ಎಸ್ ನಾರಾಯಣರೆಡ್ಡಿ',141/1',41',ಗಂಡು'
ALQ2252278',ಜಲಜ',ಶಿವಾನಂದ ರೆಡ್ಡಿ ಎನ್',0',42',ಹೆಣ್ಣು'
ALQ2382505',ಕೆ ಎ ಗೀತಾ',ನಾಗರಾಜು',0',29',ಹೆಣ್ಣು'
MVJ1779149',ಸರಸ್ವತಮ್ಮ',ಲಕ್ಷ್ಮೀನರಸಪ್ಪ',9',38',ಹೆಣ್ಣು'
ALQ2326692',ಮಂಜುನಾಥ ಕೆ ಎಸ್',ಎನ್ ಎಸ್ ಶಂಕರನಾರಾಯಣ',23',26',ಗಂಡು'
MVJ1896653',ಕೊಂಡಮ್ಮ',ಕೆ ನರಸಿಂಹಪ್ಪ',39',42',ಹೆಣ್ಣು'
ALQ2252302',ನವೀನ್ ಕೆ ಎ',ಅಶ್ವತ್ಥಪ್ಪ',118',28',ಗಂಡು'
ALQ3228764',ರಕ್ಷಿತ ಕೆ ಆರ್',ರಾಮರೆಡ್ಡಿ ಕೆಎನ್',131',19',ಹೆಣ್ಣು'
MVJ1895853',ಶೇಷಗಿರಿ',ಸುಬ್ಬಣ್ಣ',',67',ಗಂಡು'
MVJ1779289',ಜಯಲಕ್ಷ್ಮಮ್ಮ',ಶೇಷಗಿರಿ',69/1',63',ಹೆಣ್ಣು'
ALQ3239068',ವೀ ಕವಿತ',ದಿನೇಶ ಕೆ ಎ',81',19',ಹೆಣ್ಣು'
ALQ3239084',ಮಧುಶ್ರೀ ಆರ್',ರಾಮಾಂಜನೇಯ ಹೆಚ್',58',19',ಹೆಣ್ಣು'
ALQ3239092',ಗೌತಮ್ ಕುಮಾರ್ ಕೆ ಎಸ್',ಕೆ ಎನ್ ಶ್ರೀನಿವಾ ರೆಡ್ಡಿ',141',18',ಗಂಡು'
ALQ3239100',ರಕ್ಷಿತ ಕೆಆರ್',ರಾಮರೆಡ್ಡಿ ಕೆ ಎನ್',131',18',ಹೆಣ್ಣು'
ALQ3239118',ನರೇಂದ್ರ ಕೆಆರ್',ರಘುನಾಥ ರೆಡ್ಡಿ',28',18',ಗಂಡು'
ALQ3239134',ದೀಕ್ಷಿತ ಕೆ ಜೇ',ಜನಾರ್ಧನ ರೆಡ್ಡಿ',30',18',ಹೆಣ್ಣು'
ALQ3239142',ಭರತ್ ಕೆ ಎಸ್',ನರಸಿಂಹರೆಡ್ಡಿ ಕೆ ಎಸ್',137',18',ಗಂಡು'
ALQ3239159',ಸಚಿನ್ ಕೆ ಕೆ',ಕೃಷ್ಣಪ್ಪ',81/1',18',ಗಂಡು'
ALQ3239167',ಎನ್ ಗಾಯತ್ರೀ',ಹೆಚ್ ರಾಮಾಂಜನೇಯ',58',38',ಹೆಣ್ಣು'
ALQ3239175',ಕೆ ಎನ್ ದಯಾನಂದ',ನರಸಿಂಹಮೂರ್ತಿ',59',18',ಗಂಡು'
ALQ3239183',ಭಾವನಾ ಎಸ್',ಕೆ ಆರ್ ಸುಧರ್ಶನ್',24',18',ಹೆಣ್ಣು'
ALQ3261260',ಐಶ್ವರ್ಯ ಕೆ ಎನ್',ನರಸಿಂಹಮೂರ್ತಿ',99',18',ಹೆಣ್ಣು'