ALQ3175213',ನಂದನ್ ಕುಮಾರ್',ಉಜ್ಜಿನಪ್ಪ',42',19',ಗಂಡು',YES',KURUBA',STUDENT',NO'
ALQ2167575',ಮಲ್ಲಿಕಾರ್ಜುನ ಸಿಜಿ',ಗಂಗಾಧರಪ್ಪ',0',48',ಗಂಡು',',LINGAYATH',STREET-SELLER',NO'
ALQ2167583',ನಳಿನಿ ಎಮ್ ಜಿ',ಸುರೇಂದ್ರಕುಮಾರ್',0',29',ಹೆಣ್ಣು',',LINGAYATH',HOUSE -WIFE',NO'
ALQ2167617',ಪದ್ಮ ಎ',ಅಶ್ವತ್ಥಪ್ಪ',0',29',ಹೆಣ್ಣು',',KURUBA',FARMER',NO'
ALQ2167591',ಸೌಮ್ಯ ಎಸ್',ಪ್ರದೀಪ ಪಿ',0',26',ಹೆಣ್ಣು',YES',LINGAYATH',HOTEL',NO'
ALQ2034452',ರಂಗನಾಥ ತಾಯಿಯ',ನಾರಾಯಮ್ಮ',0',29',ಗಂಡು',',UPPARA',FARMER',NO'
ALQ2326601',ಶಾರದಮ್ಮ',ರಂಗನಾಥ',0',26',ಹೆಣ್ಣು',',UPPARA',FARMER',NO'
ALQ3075603',ಲಕ್ಷ್ಮೀ ಹೆಚ್ ಎಸ್',ಸಿ ಮಹೇಶ್',0',23',ಹೆಣ್ಣು',',KURUBA',FARMER',NO'
ALQ2102168',ಗಂಗರಾಜು ಸಿ ಎಮ್',ಮುದ್ದಗಂಗಪ್ಪ',1',27',ಗಂಡು',',KURUBA',FACTORY WORKER',NO'
ALQ3037066',ಸಿ ಎಮ್ ಸುಜಾತಮ್ಮ',ಮುದ್ದುಗಂಗಪ್ಪ',1',22',ಹೆಣ್ಣು',',KURUBA',STUDENT',NO'
MVJ1904572',ಸುಧಾಕರ ಎನ್',ನಾಗರಾಜಪ್ಪ',2',35',ಗಂಡು',',REDDY',RAILWAY-WORKER',NO'
ALQ1283795',ನಾಗರಾಜಪ್ಪ',ರಾಜಪ್ಪ',2',55',ಗಂಡು',',REDDY',FARMER',NO'
ALQ1283803',ರತ್ನಮ್ಮ',ನಾಗರಾಜಪ್ಪ',2',50',ಹೆಣ್ಣು',',REDDY',HOUSE -WIFE',NO'
ALQ3075629',ಚೈತ್ರ ಎ ಎಲ್',ಸುಧಾಕರ ಎನ್',2',25',ಹೆಣ್ಣು',',REDDY',HOUSE -WIFE',NO'
ALQ2258978',ಸುನೀಲ್ ಕುಮಾರ್ ಎಮ್',ಮಲ್ಲಿಕಾರ್ಜುನ',4',29',ಗಂಡು',',LINGAYATH',SHEEP-FARMING',NO'
ALQ3037090',ಸಂದೀಪ್ ಸಿ ಎಮ್',ಮಂಜುನಾಥ್',4',21',ಗಂಡು',',LINGAYATH',STUDENT',NO'
ALQ2652089',ಗಂಗಾಧರಪ್ಪ',ನಂಜಪ್ಪ',4',95',ಗಂಡು',',DELETED',',NO'
MVJ1907609',ಮಲ್ಲಿಕಾರ್ಜುನಪ್ಪ',ಗಂಗಾಧರಪ್ಪ',4',55',ಗಂಡು',',LINGAYATH',FARMER',NO'
ALQ0010876',ಸತೀಶ',ಗಂಗಾಧರಪ್ಪ',4',52',ಗಂಡು',',LINGAYATH',FARMER',NO'
ALQ2652097',ಮಂಜುನಾಥ',ಗಂಗಾಧರಪ್ಪ',4',51',ಗಂಡು',',LINGAYATH',FARMER',NO'
ALQ2652105',ಶಾರದಮ್ಮ',ಮಲ್ಲಿಕಾರ್ಜುನಪ್ಪ',4',50',ಹೆಣ್ಣು',',LINGAYATH',HOUSE -WIFE',NO'
MVJ1907591',ಲಲಿತಮ್ಮ',ಮಂಜುನಾಥ',4',45',ಹೆಣ್ಣು',',LINGAYATH',HOUSE -WIFE',NO'
ALQ2339018',ಸಿ ಎನ್ ರಾಜ್ ಕುಮಾರ್',ನಾರಾಯಣಪ್ಪ',5',25',ಗಂಡು',',KURUBA',TRUCK-DRIVER',NO'
ALQ2652113',ದೊಡ್ಡಅಂಜಿನಪ್ಪ',ನಂಜಯ್ಯ',5',75',ಗಂಡು',',KURUBA',UNEMPLOYED',NO'
ALQ2652121',ಲಿಂಗಮ್ಮ',ದೊಡ್ಡ ಆಂಜನಪ್ಪ',5',70',ಹೆಣ್ಣು',',KURUBA',HOUSE -WIFE',NO'
ALQ2652139',ನಾರಾಯಣಪ್ಪ',ದೊಡ್ಡಅಂಜಯ್ಯ ',ಸಂಖ್ಯೆ : 5',46',ಗಂಡು',',KURUBA',FARMER',NO'
ALQ1283811',ಲಕ್ಷ್ಮಮ್ಮ',ನಾರಾಯಣಪ್ಪ',5',45',ಹೆಣ್ಣು',',KURUBA',FARMER',NO'
ALQ0011346',ಸಿ ಡಿ ಸದಾಶಿವ',ದೊಡ್ಡಅಂಜಿನಪ್ಪ',5',37',ಗಂಡು',',KURUBA',FARMER',NO'
ALQ2971117',ಹರಿಕೃಷ್ಣ ಸಿ ಎನ್',ನಾರಾಯಣಪ್ಪ',5',22',ಗಂಡು',',KURUBA',TRUCK-DRIVER',NO'
ALQ1283837',ನಂಜುಂಡಪ್ಪ',ಗಂಗಪ್ಪ',6',71',ಗಂಡು',',KURUBA',FARMER',NO'
ALQ2356905',ಸುರೇಶ ಎ ಟಿ',ತಿಮ್ಮಯ್ಯ',7',32',ಗಂಡು',',BAJANTHRI',CUTTING-SHOP',NO'
ALQ1283845',ಅಶ್ವತ್ತಪ್ಪ',ಚೆನ್ನಯ್ಯ',7',70',ಗಂಡು',',BAJANTHRI',HOUSE -WIFE',NO'
ALQ1283852',ಲಕ್ಷ್ಮೀನರಸಮ್ಮ',ಅಶ್ವತ್ತಪ್ಪ',7',61',ಹೆಣ್ಣು',',BAJANTHRI',HOUSE -WIFE',NO'
ALQ2034320',ಪದ್ಮಮ್ಮ',ಲಕ್ಷ್ಮೀನಾರಾಯಣಪ್ಪ',7',46',ಹೆಣ್ಣು',',BAJANTHRI',HOUSE -WIFE',NO'
ALQ2034288',ಜಯಮ್ಮ',ರಾಮಚಂದ್ರಪ್ಪ',7',43',ಹೆಣ್ಣು',',DELETED',',NO'
ALQ2426138',ಸುಧಾ',ನವೀನ್ ಕುಮಾರ್ ಎಲ್',7',24',ಹೆಣ್ಣು',',BAJANTHRI',HOUSE -WIFE',NO'
ALQ3037116',ಪ್ರಸನ್ನ ಕುಮಾರ್ ಎಲ್',ಲಕ್ಷ್ಮೀನಾರಾಯಣಪ್ಪ',8',40',ಗಂಡು',YES',AGASARU',CONTRACTOR',NO'
ALQ1283910',ಲಕ್ಷ್ಮೀನಾರಾಯಣಪ್ಪ',ಕೊಂಡಾರಪ್ಪ',8',73',ಗಂಡು',',AGASARU',SHEEP-FARMING',NO'
ALQ0252619',ಎನ್ ನಾರಾಯಣಪ್ಪ',ನರಸೀಯಪ್ಪ',8',65',ಗಂಡು',',AGASARU',FARMER',NO'
ALQ1283928',ನಂಜಮ್ಮ',ಲಕ್ಷ್ಮೀನಾರಾಯಣಪ್ಪ',8',64',ಹೆಣ್ಣು',',AGASARU',HOUSE -WIFE',NO'
ALQ1283860',ಹೊನ್ನಮ್ಮ',ಎನ್ ನಾರಾಯಣಪ',8',54',ಹೆಣ್ಣು',',AGASARU',HOUSE -WIFE',NO'
ALQ1283902',ನರಸಿಂಹಮೂರ್ತಿ',ನಾರಾಯಣಪ್ಪ',8',36',ಗಂಡು',',AGASARU',AUTO-DRIVER',NO'
ALQ2034536',ಗೀತಮ್ಮ',ನರಸಿಂಹಮೂರ್ತಿ',8',32',ಹೆಣ್ಣು',',AGASARU',ASHA-WORKER',NO'
ALQ2367951',ಜೆ ಎಲ್ ಪುಷ್ಪಲತ',ಎನ್ ಲಕ್ಷ್ಮಣ',8',25',ಹೆಣ್ಣು',',AGASARU',HOUSE -WIFE',NO'
ALQ1283878',ಕೃಷ್ಣಪ್ಪ',ಚಿಕ್ಕವೆಂಕಟಪ್ಪ',9',60',ಗಂಡು',',KURUBA',CONTRACTOR',NO'
ALQ2652147',ಲಕ್ಷ್ಮಮ್ಮ',ಕೃಷ್ಣಪ್ಪ',9',50',ಹೆಣ್ಣು',',KURUBA',SCHOOL-HELPER',NO'
ALQ2652162',ಗಂಗಮ್ಮ',ಶಾಲಪ್ಪ',10',47',ಹೆಣ್ಣು',',KURUBA',HOUSE -WIFE',NO'
ALQ1283886',ತಿಮ್ಮಯ್ಯ',ಗಂಗಪ್ಪ',11',77',ಗಂಡು',',KURUBA',SHEEP-FARMING',NO'
ALQ1283894',ಗಂಗಮ್ಮ',ತಿಮ್ಮಯ್ಯ',11',70',ಹೆಣ್ಣು',',KURUBA',HOUSE -WIFE',NO'
ALQ1831239',ಟಿ ನಂದೀಶ',ತಿಮ್ಮಯ್ಯ',11',31',ಗಂಡು',YES',KURUBA',PRIVATE JOB',NO'
ALQ2652170',ಗಂಗಾಧರಪ್ಪ',ಚಿಕ್ಕಗಂಗಪ್ಪ',12',75',ಗಂಡು',',KURUBA',SHEEP-FARMING',NO'
ALQ2652188',ಹನುಮಕ್ಕ',ಗಂಗಾಧರಪ್ಪ',12',75',ಹೆಣ್ಣು',',KURUBA',HOUSE -WIFE',NO'
ALQ2034395',ರಂಜಿತ್ ಕುಮಾರ್',ಗಂಗಧರಪ್ಪ',12',29',ಗಂಡು',YES',KURUBA',MILITARY',NO'
ALQ2652196',ನಂಜುಂಡಪ್ಪ',ಚಿಕ್ಕಗಂಗಪ್ಪ',13',65',ಗಂಡು',',KURUBA',FARMER',NO'
ALQ0250571',ಸಿ ಎನ್ ಸಂಜೀವಮೂರ್ತಿ',ನಂಜುಂಡಪ್ಪ',13',36',ಗಂಡು',',KURUBA',AIRPORT-WORKER',NO'
ALQ2340537',ಆರ್ ಬಿ ಸುಷ್ಯ',ಸಿ ಎನ್ ಸಂಜೀವಮೂರ್ತಿ',13',32',ಹೆಣ್ಣು',',KURUBA',HOUSE -WIFE',NO'
ALQ2329480',ಟಿ ಸುಧಾ',ಹರೀಶ್',13',26',ಹೆಣ್ಣು',',KURUBA',HOUSE -WIFE',NO'
ALQ2652204',ಆಂಜಿನಪ್ಪ ',',',75',ಗಂಡು',',DELETED',',NO'
ALQ2652212',ಗಂಗಮ್ಮ',ಆಂಜಿನಪ್ಪ',14',65',ಹೆಣ್ಣು',',DELETED',',NO'
ALQ1831247',ಮುದ್ದುಮ್ಮ',ರವಿ',14',34',ಹೆಣ್ಣು',',KURUBA',FACTORY WORKER',NO'
ALQ3037108',ದಿನೇಶ್ ಸಿ ಎ',ಅಶ್ವತ್ಥಪ್ಪ',15',21',ಗಂಡು',',KURUBA',PRIVATE JOB',NO'
ALQ2652220',ಆದಮ್ಮ',ನಂಜುಂಡಪ್ಪ',15',70',ಹೆಣ್ಣು',',DELETED',',NO'
ALQ2114635',ಅಶ್ವತಪ್ಪ',ಮುದ್ದಪ್ಪ',15',57',ಗಂಡು',',KURUBA',TRACTOR-DRIVER',NO'
ALQ2115160',ಗಂಗರತ್ನಮ್ಮ',ಅಶ್ವತ್ತಪ್ಪ',15',42',ಹೆಣ್ಣು',',KURUBA',HOUSE -WIFE',NO'
ALQ2652238',ಚಿಕ್ಕಅವುಲಮೂರ್ತಪ್ಪ',ಲಕ್ಷ್ಮಯ್ಯ',16',70',ಗಂಡು',',DELETED',',NO'
ALQ2652246',ಗಂಗಮ್ಮ',ಚಿಕ್ಕಅವುಲಮೂತ',16',68',ಹೆಣ್ಣು',',AGASARU',HOUSE -WIFE',NO'
ALQ0251736',ಗಂಗಾಧರ',ಚಿಕ್ಕಆವುಲಮೂರ್ತಪ್ಪ',16',40',ಗಂಡು',',AGASARU',COOKING-CONTRACTOR',NO'
MVJ3964467',ಸೋಮೇಶ್',ಚಿಕ್ಕಆವುಲಮೂರ್ತಪ್ಪ',16',35',ಗಂಡು',',AGASARU',FARMER',NO'
ALQ1283951',ಬಸವರಾಜು',ಚೆನ್ನವೀರಯ್ಯ',17',67',ಗಂಡು',',LINGAYATH',RETAIRED-LINEMAN',NO'
ALQ1283969',ಸಿದ್ದಲಿಂಗಮ್ಮ',ಬಸವರಾಜು',17',55',ಹೆಣ್ಣು',',LINGAYATH',HOUSE -WIFE',NO'
ALQ1831254',ಜಗದಾಂಬ ಆರ್ ಜಿ',ಮಂಜುನಾಥ ಸಿ ಬಿ',17',34',ಹೆಣ್ಣು',',LINGAYATH',FACTORY WORKER',NO'
ALQ2347359',ಎಸ್ ಆರ್ ಪವಿತ್ರ',ಸಿ ಬಿ ಶಶಿಧರ್',17',31',ಹೆಣ್ಣು',YES',LINGAYATH',HOUSE -WIFE',NO'
ALQ1283985',ಸಮಂಗಳಮ್ಮ',ಸಿ ಮಲ್ಲಯ್ಯ',18',90',ಹೆಣ್ಣು',',DELETED',',NO'
ALQ1283993',ಎಂ ರೇಣುಕಾರಾಧ್ಯ',ಸಿ ಮಲ್ಲಯ್ಯ',18',56',ಗಂಡು',',JANGAMA',FARMER',NO'
ALQ1284009',ಶೈಲಜಾ',ಎಂ ರೇಣುಕಾರಾಧ್ಯ',18',53',ಹೆಣ್ಣು',',JANGAMA',HOUSE -WIFE',NO'
ALQ3075611',ರೇಖಾ ಆರ್',ಎಂ ರೇಣುಕಾರಾಧ್ಯ',18',22',ಹೆಣ್ಣು',',JANGAMA',STUDENT',NO'
ALQ2652253',ನಂಜುಂಡಪ್ಪ',ನಂಜಪ್ಪ',21',61',ಗಂಡು',',LINGAYATH',AGED',NO'
ALQ2034460',ಎನ್ ರಮೇಶ',ನಂಜುಂಡಪ್ಪ',21',29',ಗಂಡು',',LINGAYATH',PRINTING-MACHINE',NO'
ALQ2097269',ಶಶಿ ಕುಮಾರ್ ಸಿ ಎನ್',ನಂಜುಂಡಪ್ಪ',21',27',ಗಂಡು',',LINGAYATH',PRINTING-MACHINE',NO'
MVJ1906627',ಸುರೇಶ್',ವೀರಭದ್ರಯ್ಯ',23',45',ಗಂಡು',',LINGAYATH',TATA-AC-DRIVER',NO'
MVJ3567435',ನಟರಾಜು',ವೀರಭದ್ರಯ್ಯ',3',43',ಗಂಡು',YES',LINGAYATH',FACTORY WORKER',NO'
ALQ2034379',ರೂಪಾದೇವಿ ಟಿ ಎಲ್',ನಟರಾಜು',3',39',ಹೆಣ್ಣು',YES',LINGAYATH',HOUSE -WIFE',NO'
MVJ1906221',ಸುನಂದಮ್ಮ',ಸುರೇಶ',23',36',ಹೆಣ್ಣು',',LINGAYATH',HOUSE -WIFE',NO'
ALQ2652279',ಶಿವರಾಮರೆಡ್ಡಿ',ರಾಮಯ್ಯ',24',50',ಗಂಡು',',REDDY',CAR-DRIVER',NO'
MVJ3567989',ಸತ್ಯಭಾಮ',ಶಿವರಾಮರೆಡ್ಡಿ',24',44',ಹೆಣ್ಣು',',REDDY',HOUSE -WIFE',NO'
ALQ2426112',ಪುನೀತ್ ಸಿ ಎಸ್',ಶಿವರಾಮರೆಡ್ಡಿ',24',24',ಗಂಡು',',REDDY',UNEMPLOYED',NO'
ALQ2652295',ಶಾರದಮ್ಮ',ಶಿವಣ್ಣ',25',55',ಹೆಣ್ಣು',',LINGAYATH',HOTEL',NO'
MVJ3568433',ನವೀನ್\u200cಕುಮಾರ್',ಶಿವಣ್ಣ',5',36',ಗಂಡು',',LINGAYATH',HOTEL',NO'
ALQ2652311',ಅಶ್ವತ್ಥಪ್ಪ',ಆಂಜನರೆಡ್ಡಿ',27',69',ಗಂಡು',',REDDY',FARMER',NO'
ALQ1284017',ನಾರಾಯಣಪ್ಪ',ರಾಜಪ್ಪ',27',53',ಗಂಡು',',REDDY',SHEEP-FARMING',NO'
ALQ1284025',ನಾಗಮ್ಮ',ನಾರಾಯಣಪ್ಪ',27',51',ಹೆಣ್ಣು',',REDDY',HOUSE -WIFE',NO'
ALQ2652329',ಆಂಜನರೆಡ್ಡಿ',ಅಶ್ವತ್ತರೆಡ್ಡಿ',27',49',ಗಂಡು',YES',REDDY',',NO'
ALQ2652337',ಸಂಜೀವರೆಡ್ಡಿ',ಅಶ್ವತ್ತರೆಡ್ಡಿ',27',47',ಗಂಡು',',REDDY',FARMER',NO'
ALQ2034338',ಕವಿತ',ಕೃಷ್ಣಾರೆಡ್ಡಿ',27',46',ಹೆಣ್ಣು',',REDDY',FACTORY WORKER',NO'
MVJ3567617',ಕೃಷ್ಣಾರೆಡ್ಡಿ',ಅಶ್ವತ್ಥರೆಡ್ಡಿ',27',43',ಗಂಡು',',REDDY',SURVERER',NO'
ALQ2034262',ಅನಿತ ಪಿ',ಸಂಜೀವರೆಡ್ಡಿ',27',29',ಹೆಣ್ಣು',',REDDY',FACTORY WORKER',NO'
ALQ2034429',ರಾಜಶೇಖರ',ನಾರಾಯಣಪ್ಪ',27',29',ಗಂಡು',',REDDY',VEGETABLE-SELLER',NO'
ALQ2652345',ರಾಮಪ್ಪ',ರಾಜಪ್ಪ',28',67',ಗಂಡು',',REDDY',FARMER',NO'
ALQ2652352',ಲಕ್ಷ್ಮಮ್ಮ',ರಾಮಪ್ಪ',28',50',ಹೆಣ್ಣು',',REDDY',HOUSE -WIFE',NO'
ALQ1284033',ಆರ್ ಶಿವಶಂಕರಪ್ಪ',ರಾಮಪ್ಪ',28',37',ಗಂಡು',',REDDY',FARMER',NO'
ALQ2034411',ನರಸಿಂಹರೆಡ್ಡಿ',ನಾರಾಯಣಪ್ಪ',28',29',ಗಂಡು',',REDDY',FARMER',NO'
ALQ1284066',ಸಿದ್ದಲಿಂಗಮ್ಮ',ಪಾಪಣ್ಣ',30',88',ಹೆಣ್ಣು',',LINGAYATH',AGED',NO'
ALQ1284041',ಶಂಕರಪ್ಪ',ಪಾಪನ್ನ',30',55',ಗಂಡು',YES',LINGAYATH',WATCHMAN',NO'
ALQ1284058',ಸುಧಾ',ಶಂಕರಪ್ಪ',30',47',ಹೆಣ್ಣು',',LINGAYATH',HOTEL',NO'
ALQ2355204',ಸಿ ಎಸ್ ಕಿರಣ್ ಕುಮಾರ್',ಶಂಕರಪ್ಪ',30',25',ಗಂಡು',',LINGAYATH',MEDICAL-REPRESENTATIVE',NO'
ALQ3091477',ಚರಣ್ ಸಿ ಎಸ್',ಶಂರರಪ್ಪ',30',20',ಗಂಡು',',LINGAYATH',STUDENT',NO'
ALQ1284074',ನಾಗಮ್ಮ',ಚಿಕ್ಕಅಂಜಿನಪ್ಪ',31',53',ಹೆಣ್ಣು',',REDDY',FARMER',NO'
ALQ2034528',ಶಿವರಾಜು ತಾಯಿಯ',ನಾಗಮ್ಮ',31',34',ಗಂಡು',',REDDY',SHEEP-FARMING',NO'
MVJ3964848',ನಾರಾಯಣಮ್ಮ',ಜಯಕೀರ್ತಿ',32',54',ಹೆಣ್ಣು',',DELETED',',NO'
ALQ2652386',ಆವುಲಪ್ಪ',ಲಕ್ಷ್ಮೀಪತಿ',33',60',ಗಂಡು',',AGASARU',FARMER',NO'
ALQ3075595',ಎಲ್ ಲಕ್ಷ್ಮಣ',ಲಕ್ಷ್ಮೀಪತಿ',33',53',ಗಂಡು',YES',AGASARU',',NO'
ALQ2652394',ಅಶ್ವತ್ತಪ್ಪ',ಲಕ್ಷ್ಮೀಪತಿ',33',50',ಗಂಡು',',AGASARU',SHEEP-FARMING',NO'
ALQ2652402',ಗೌರಮ್ಮ',ಆವುಲಪ್ಪ',33',50',ಹೆಣ್ಣು',',AGASARU',HOUSE -WIFE',NO'
ALQ2034445',ಪಾರ್ವತಮ್ಮ ಇತರೆ ಸಂಬಂಧಿಯ',ಲಕ್ಷ್ಮಿ',33',48',ಗಂಡು',YES',AGASARU',',NO'
ALQ3075579',ರಾಧಮ್ಮ ಆರ್',ಸಿ ಎಲ್ ಗಂಗಾಧರಪ್ಪ',33',46',ಹೆಣ್ಣು',YES',AGASARU',',NO'
ALQ2652410',ಶೋಭ',ಅಶ್ವತ್ತಪ್ಪ',33',45',ಹೆಣ್ಣು',',AGASARU',KOOLI',NO'
ALQ2034569',ಲಕ್ಷ್ಮಣ ಎನ್',ನಾರಾಯನಪ್ಪ ಎ',33',34',ಗಂಡು',',AGASARU',PRIVATE JOB',NO'
ALQ3075637',ಆಶಾ ಸಿ ಎ',ಅಶ್ವತ್ಥಪ್ಪ',33',23',ಹೆಣ್ಣು',',AGASARU',HOUSE -WIFE',NO'
ALQ2131670',ರಾಮಣ್ಣ',ಹನುಮಂತಪ್ಪ',34',75',ಗಂಡು',',KURUBA',AGED',NO'
ALQ1284090',ರತ್ನಮ್ಮ',ರಾಮಣ್ಣ',34',65',ಹೆಣ್ಣು',',KURUBA',AGED',NO'
MVJ3964228',ಶಾಂತರಾಜು',ರಾಮಣ್ಣ',34',34',ಗಂಡು',',KURUBA',FACTORY WORKER',NO'
ALQ2107365',ಶಿಲ್ಪಾ ಕೆ ಟಿ',ತಿಪ್ಪರುದ್ರಯ್ಯ',34',27',ಹೆಣ್ಣು',',KURUBA',GARMENTS',NO'
ALQ1284108',ಆಂಜಿನಪ್ಪ',ಹನುಮಂತಪ್ಪ',35',65',ಗಂಡು',',SUNN-KALLARU',AGED',NO'
MVJ3963840',ಮುದ್ದುಗಂಗಮ್ಮ',ಮಲ್ಲಪ್ಪ',35',55',ಹೆಣ್ಣು',YES',SUNN-KALLARU',',NO'
MVJ3964210',ಕಾಂತರಾಜು',ಅಂಜಿನಪ್ಪ',35',35',ಗಂಡು',',SUNN-KALLARU',PAINTER',NO'
ALQ3037041',ಮನುಕುಮಾರ್ ಸಿ ಎ',ಅಶ್ವತ್ಥಪ್ಪ',37',21',ಗಂಡು',',KURUBA',FARMER',NO'
ALQ1284124',ನಂಜಪ್ಪ',ಗಂಗಪ್ಪ',37',75',ಗಂಡು',',KURUBA',',YES'
ALQ1284140',ಜಯಮ್ಮ',ನಂಜಪ್ಪ',37',70',ಹೆಣ್ಣು',',KURUBA',HOUSE -WIFE',NO'
MVJ1907336',ಸರೋಜಮ್ಮ',ಅಶ್ವತ್ತಪ್ಪ',37',43',ಹೆಣ್ಣು',',KURUBA',HOUSE -WIFE',NO'
ALQ2971133',ಸಿ ಎ ಮಧು',ಅಶ್ವತ್ಥಪ್ಪ',37',22',ಗಂಡು',',KURUBA',STUDENT',NO'
ALQ2652428',ರಾಮಾಂಜಿನಪ್ಪ',ಆಂಜಿನಪ್ಪ',38',51',ಗಂಡು',',KURUBA',FARMER',NO'
ALQ2652436',ಲಕ್ಷ್ಮಮ್ಮ',ರಾಮಾಂಜಿನಪ್ಪ',38',47',ಹೆಣ್ಣು',',KURUBA',HOUSE -WIFE',NO'
ALQ2105005',ಸಿಆರ್ ಸುನಿಲ್',ರಾಮಂಜಿನಪ್ಪ',38',27',ಗಂಡು',YES',KURUBA',PRIVATE JOB',NO'
ALQ2652444',ವೀರಣ್ಣಗೌಡ',ದೊಡ್ಡರಂಗಪ್ಪ',40',70',ಗಂಡು',',KURUBA',FARMER',NO'
ALQ1284157',ಗಂಗಮ್ಮ',ವೆಂಕಟಶಾಮಪ್ಪ',41',77',ಹೆಣ್ಣು',',KURUBA',AGED',NO'
MVJ3568391',ವೆಂಕಟೇಶ್',ವೆಂಕಟಶಾಮಪ್ಪ',41',43',ಗಂಡು',YES',KURUBA',GARMENTS',NO'
MVJ3567807',ಲಕ್ಷ್ಮೀನಾರಾಯಣ',ವೆಂಕಟಶಾಮಪ್ಪ',41',42',ಗಂಡು',YES',KURUBA',GARMENTS',NO'
MVJ1907187',ವೆಂಕಟರವಣ',ವೆಂಕಟಶಾಮಪ್ಪ',41',36',ಗಂಡು',',KURUBA',FARMER',NO'
ALQ2359198',ಜಿ ಮಮತ',ಲಕ್ಷ್ಮೀನಾರಾಯಣ',41',29',ಹೆಣ್ಣು',YES',KURUBA',HOUSE -WIFE',NO'
ALQ1284165',ಗಂಗಾಧರಪ್ಪ',ಗಂಗಪ್ಪ',42',70',ಗಂಡು',',KURUBA',FARMER',NO'
ALQ1284181',ಅಶ್ವತ್ಥಪ್ಪ',ಗಂಗಾಧರಪ್ಪ',42',39',ಗಂಡು',',KURUBA',KEB-LINEMAN',NO'
MVJ1907476',ನಾಗರಾಜ',ಗಂಗಾಧರಪ್ಪ',42',36',ಗಂಡು',YES',KURUBA',STREET-SELLER',NO'
ALQ2034486',ಶಾರದಮ್ಮ',ನಾಗರಾಜು',42',29',ಹೆಣ್ಣು',',KURUBA',HOUSE -WIFE',NO'
ALQ2652451',ಆನಂದಪ್ಪ',ನಾಗಪ್ಪ',43',75',ಗಂಡು',',CHRISTIAN',AGED',NO'
ALQ1284199',ನಾಗಮ್ಮ',ಆನಂದಪ್ಪ',43',61',ಹೆಣ್ಣು',',CHRISTIAN',HOUSE -WIFE',NO'
MVJ1907385',ನಂದೀಶ',ಆನಂದಪ್ಪ',43',37',ಗಂಡು',',CHRISTIAN',AUTO-DRIVER',NO'
ALQ2034437',ಎ ರಾಮು',ಆನಂದಪ್ಪ',43',29',ಗಂಡು',',CHRISTIAN',',YES'
ALQ1284207',ನಂಜಪ್ಪ',ರೆಡ್ಡಪ್ಪ',45',65',ಗಂಡು',',KURUBA',KOOLI',NO'
ALQ3037082',ಕಾರ್ತಿಕ್\u200c ಸಿ ಎನ್',ನಾರಾಯಣಪ್ಪ',46',22',ಗಂಡು',',KURUBA',STUDENT',NO'
ALQ2426260',ದೇವರಾಜು ಸಿ ಎನ್',ನಾರಾಯಣಪ್ಪ',46',24',ಗಂಡು',',KURUBA',DELIVARY-BOY',NO'
ALQ3175114',ಸಿಎನ್ ಸಂತೋಷ್',ನಾರಾಯಣಪ್ಪ',46',19',ಗಂಡು',',KURUBA',SHEEP-FARMING',NO'
ALQ2652485',ಸರಸ್ವತಮ್ಮ',ರೆಡ್ಡಪ್ಪ',50',55',ಹೆಣ್ಣು',',KURUBA',HOUSE -WIFE',NO'
ALQ2034304',ಸೌಮ್ಯ ಸಿ ಎನ್',ನಂದೀಶ',50',29',ಹೆಣ್ಣು',',KURUBA',HOUSE -WIFE',NO'
ALQ2107373',ಸಿ ಆರ್ ಅಶ್ವಥ್ ನಾರಾಯಣ',ರೇಡ್ಡಪ್ಪ',50',27',ಗಂಡು',',KURUBA',POLICE-CONSTABEL',NO'
ALQ2546539',ವಸಂತ್ ಕುಮಾರ್ ಸಿ ಆರ್',ರೆಡ್ಡಪ್ಪ',50',23',ಗಂಡು',',KURUBA',POLICE-CONSTABEL',NO'
ALQ0252213',ನಾಗಮ್ಮ',ಪುಟೀರಪ್ಪ',51',58',ಹೆಣ್ಣು',',KURUBA',HOUSE -WIFE',NO'
ALQ2108678',ಸಿ ಪಿ ಮಂಜುನಾಥ',ಪುಟ್ಟೇರಪ್ಪ',51',27',ಗಂಡು',',KURUBA',SHEEP-FARMING',NO'
ALQ3033156',ಸುಮಿತ್ರಸಿ ಪಿ',ಪುಟ್ಟರಪ್ಪ',51',21',ಹೆಣ್ಣು',YES',KURUBA',HOUSE -WIFE',NO'
ALQ1284215',ನಾರಾಯಣಪ್ಪ ಜಿ ಇತರೆ ಸಂಬಂಧಿಯ',ಗಂಗಪ್ಪ',52',80',ಗಂಡು',',KURUBA',AGED',NO'
ALQ2131662',ಗಂಗಮ್ಮ',ನಾರಾಯಣಪ್ಪ',52',70',ಹೆಣ್ಣು',',KURUBA',AGED',NO'
ALQ2447183',ಗಂಗರತ್ನಮ್ಮ',',',51',ಹೆಣ್ಣು',',DELETED',',NO'
ALQ2447167',ಅಲುವೇಲಮ್ಮ',ಹನುಮಂತಪ್ಪ',53',41',ಹೆಣ್ಣು',YES',KURUBA',',NO'
ALQ2652519',ಮುದ್ದುಗಂಗಪ್ಪ',ಗಂಗಪ್ಪ',55',85',ಗಂಡು',',DELETED',',NO'
ALQ2652527',ಅಶ್ವತ್ತಮ್ಮ',ಮುದ್ದುಗಂಗಪ್ಪ',55',60',ಹೆಣ್ಣು',',KURUBA',HOUSE -WIFE',NO'
ALQ2258986',ಅನಿತಾ ಕೆ ಎನ್',ಕ್ಷೇತ್ರಪಾಲಾಕ್ಷ ಕೆ ಜಿ',55',36',ಹೆಣ್ಣು',',LINGAYATH',PVT-TEACHER',NO'
MVJ3567872',ವೀರಣ್ಣ',ಗಂಗಪ್ಪ',56',75',ಗಂಡು',',KURUBA',AGED',NO'
ALQ2652535',ಶಿವಪ್ಪ',ಮಾದಪ್ಪ',57',75',ಗಂಡು',',REDDY',STREET-SELLER',NO'
ALQ2652543',ನರಸಮ್ಮ',ಶಿವಪ್ಪ',57',65',ಹೆಣ್ಣು',',REDDY',HOUSE -WIFE',NO'
MVJ1906577',ಶಿವಪ್ಪ',ಶನಿವಾರಮಪ್ಪ',57',43',ಗಂಡು',',REDDY',KOOLI',NO'
MVJ3964293',ನಟರಾಜ್',ಶಿವಪ್ಪ',57',37',ಗಂಡು',',REDDY',COOKING-CONTRACTOR',NO'
ALQ2034494',ಸುಮ ಹೆಚ್ ಆರ್',ಅಂಜಿನಪ್ಪ',57',34',ಹೆಣ್ಣು',',KURUBA',HOUSE -WIFE',NO'
ALQ3175163',ಅಶ್ವಿನಿ ಸಿ ಎಸ್',ಶಿವಪ್ಪ',57',19',ಹೆಣ್ಣು',',REDDY',TAILOR',NO'
ALQ3037074',ಲಾವಣ್ಯಸಿ ಎಲ್',ಲಕ್ಷ್ಮೀ ಪತಿ',58',22',ಹೆಣ್ಣು',',KURUBA',UNEMPLOYED',NO'
MVJ3568136',ಸಿ ವಿ ಲಕ್ಷ್ಮೀಪತಿ',ವೆಂಕಟೇಶಪ್ಪ',58',43',ಗಂಡು',',KURUBA',GP-MEMBER',NO'
MVJ3964699',ಮಂಜುಳ ಅರ್',ಲಕ್ಷ್ಮೀಪತಿ ಸಿ ವಿ',58',39',ಹೆಣ್ಣು',',KURUBA',HOUSE -WIFE',NO'
ALQ3091501',ಭವ್ಯ ಸಿ ಎಲ್',ಲಕ್ಷ್ಮೀಪತಿ ಸಿ ವಿ',58',20',ಹೆಣ್ಣು',',KURUBA',STUDENT',NO'
ALQ1284231',ಕೃಷ್ಣಮ್ಮ',ಚಿಕ್ಕಅಂಜಿನಪ್ಪ',59',71',ಹೆಣ್ಣು',',KURUBA',HOUSE -WIFE',NO'
ALQ2652550',ನಂಜುಂಡಪ್ಪ',ಚಿಕ್ಕಅಂಜಿನಪ್ಪ',59',46',ಗಂಡು',',KURUBA',FARMER',NO'
MVJ1907252',ಅಕ್ಕಯ್ಯಮ್ಮ',ಚಿಕ್ಕಅಂಜಿನಪ್ಪ',59',44',ಹೆಣ್ಣು',YES',KURUBA',GARMENTS',NO'
MVJ1907260',ಶಾಂತಮ್ಮ',ನಂಜುಂಡಪ್ಪ',59',38',ಹೆಣ್ಣು',',KURUBA',GARMENTS',NO'
ALQ0011288',ಸಿ ಆಶ್ವತ್ಥಪ್ಪ',ಚಿಕ್ಕಆಂಜನಪ್ಪ',59',37',ಗಂಡು',',KURUBA',GOVT-LECTURER',NO'
ALQ3075561',ಶ್ಯಾಮಲ ಡಿ',ಅಶ್ವತ್ಥಪ್ಪ ಸಿ',59',33',ಹೆಣ್ಣು',',KURUBA',HOUSE -WIFE',NO'
ALQ3033164',ನರೇಂದ್ರ ಸಿ ಎನ್',ನಂಜುಂಡಪ್ಪ',59',21',ಗಂಡು',',KURUBA',UNEPLOYED',NO'
ALQ3175205',ಭವ್ಯ ಸಿ ಎನ್',ನಂಜುಂಡಪ್ಪ',59',19',ಹೆಣ್ಣು',',KURUBA',STUDENT',NO'
ALQ1284256',ಮಂಜುನಾಥ',ಹನುಮಂತಪ್ಪ',61',43',ಗಂಡು',YES',KURUBA',SURVERYER',NO'
ALQ2034577',ಕೆ ಎನ್ ಅಂಬಿಕಾ',ಮಂಜುನಾಥ ಸಿ ಕೆ',61',32',ಹೆಣ್ಣು',YES',KURUBA',HOUSE -WIFE',NO'
ALQ2652568',ನಾರಾಯಣಪ್ಪ',ಮಲ್ಲಪ್ಪ',62',70',ಗಂಡು',',KURUBA',AGED',NO'
ALQ2652576',ಲಕ : ಲಕ್ಷ್ಮಮ್ಮ',ನಾರಾಯಣಪ್ಪ',62',60',ಹೆಣ್ಣು',',KURUBA',HOUSE -WIFE',NO'
MVJ1907583',ವಸಂತಕುಮಾರ್',ನಾರಾಯಣಪ್ಪ',62',45',ಗಂಡು',',KURUBA',FARMER',NO'
MVJ1907286',ಹನುಮಂತರಾಯಪ್ಪ',ನಾರಾಯಣಪ್ಪ',62',43',ಗಂಡು',',KURUBA',FARMER',NO'
ALQ2259034',ಸುಧಾ',ಮಂಜುನಾಥ್ ಎನ್',62',31',ಹೆಣ್ಣು',YES',KURUBA',HOUSE -WIFE',NO'
ALQ2652584',ಕೊಂಡಪ್ಪ',ತಿಮ್ಮಯ್ಯ',63',85',ಗಂಡು',',NAYAK',AGED',NO'
MVJ1905934',ರಾಮಕೃಷ್ಣಪ್ಪ',ನರಸಿಂಹಪ್ಪ',63',50',ಗಂಡು',',DELETED',',NO'
MVJ1907328',ಪಾರ್ವತಮ್ಮ',ರಾಮಕೃಷ್ಣಪ್ಪ',63',43',ಹೆಣ್ಣು',',NAYAK',ANGANAWADI-HELPER',NO'
ALQ2971109',ಸಿ ಆರ್ ಮಧುಕುಮಾರ್',ರಾಮಕೃಷ್ಣಪ್ಪ',63',22',ಗಂಡು',',NAYAK',FACTORY WORKER',NO'
ALQ3175130',ತೇಜಸ್ವಿನಿ ಸಿ ಆರ್',ರಾಮಕೃಷ್ಣಪ್ಪ',63',19',ಹೆಣ್ಣು',',NAYAK',STUDENT',NO'
ALQ2652592',ಅಡಿವಪ್ಪ',ಚಿಕ್ಕಚಂದ್ರಪ್ಪ',65',60',ಗಂಡು',',KURUBA',SHEEP-FARMING',NO'
ALQ2652600',ಅಶ್ವತ್ತಮ್ಮ',ಅಡಿವಪ್ಪ',65',45',ಹೆಣ್ಣು',',KURUBA',AGED',NO'
ALQ2652618',ಅಡಿವಪ್ಪ',ಕೂಡ್ಲಪ್ಪ',66',75',ಗಂಡು',',KURUBA',CONTRACTOR',NO'
ALQ2652626',ಲಕ್ಷ್ಮಮ್ಮ',ಅಡಿವಪ್ಪ',66',60',ಹೆಣ್ಣು',',KURUBA',HOUSE -WIFE',NO'
MVJ1907427',ಚಂದ್ರಕಳ',ನಾಗರಾಜಪ್ಪ',66',45',ಹೆಣ್ಣು',',KURUBA',FACTORY WORKER',NO'
MVJ3964715',ಲಕ್ಷ್ಮೀನಾರಾಯಣ ಸಿ ಎ',ಅಡಿವಪ್ಪ',66',34',ಗಂಡು',',KURUBA',SHEEP-FARMING',NO'
ALQ2259026',ವೀಣ',ಲಕ್ಷ್ಮೀನಾರಾಯಣ ಸಿ ಎ',66',29',ಹೆಣ್ಣು',',KURUBA',HOUSE -WIFE',NO'
ALQ2971083',ಸಿ ಎನ್ ಕೀರ್ತಿ ಕುಮಾರ್',ನಾಗರಾಜ',66',22',ಗಂಡು',',KURUBA',PRIVATE JOB',NO'
ALQ1284272',ನಾಗರತ್ನಮ್ಮ',ಚಂದ್ರಣ್ಣ',67',55',ಹೆಣ್ಣು',',LINGAYATH',HOUSE -WIFE',NO'
MVJ1906510',ಗಂಗಾಧರಪ್ಪ',ತಿಪ್ಪಣ್ಣ',68',72',ಗಂಡು',',KURUBA',UNEMPLOYED',NO'
MVJ3963832',ಮಾಳಮ್ಮ',ಗಂಗಾಧರಪ್ಪ',68',51',ಹೆಣ್ಣು',',KURUBA',HOUSE -WIFE',NO'
ALQ1284298',ಚಂದ್ರಣ್ಣ',ತಿಪ್ಪಣ್ಣ',68',50',ಗಂಡು',',KURUBA',FARMER',NO'
ALQ2652634',ಸಂಜೀವಮೂರ್ತಿ',ತಿಪ್ಪಣ್ಣ',68',48',ಗಂಡು',YES',KURUBA',PRIVATE JOB',NO'
ALQ2652642',ಪುಟ್ಟಮ್ಮ',ಚಂದ್ರಣ್ಣ',68',45',ಹೆಣ್ಣು',',KURUBA',HOUSE -WIFE',NO'
ALQ2034403',ಗಾಯಿತ್ರಿ ಆರ್',ಸೋಮಣ್ಣ',68',31',ಹೆಣ್ಣು',YES',KURUBA',',NO'
ALQ2034361',ಶಶಿಕುಮಾರ್',ಗಂಗಾಧರಪ್ಪ',68',29',ಗಂಡು',',KURUBA',FARMER',NO'
ALQ2259067',ಭಾರತಿ ಸಿ',ಚಂದ್ರಣ್ಣ',68',26',ಹೆಣ್ಣು',YES',KURUBA',NURCE',NO'
ALQ2546596',ಶೈಲಜಾಸಿ ಜಿ',ಗಂಗಾಧರಪ್ಪ',68',23',ಹೆಣ್ಣು',',KURUBA',UNEMPLOYE',NO'
ALQ2546638',ನಂದಕುಮಾರ್ ಸಿ',ಚಂದ್ರಣ್ಣ',68',23',ಗಂಡು',',KURUBA',STUDENT',NO'
ALQ3091469',ಮನೋಹರ ಸಿ ಎಸ್',ಸಂಜೀವಮೂರ್ತಿ',68',20',ಗಂಡು',',KURUBA',FARMER',NO'
ALQ2652659',ಮುನಿಲಕ್ಷ್ಮಮ್ಮ',ನಾರಾಯಣಪ್ಪ',69',85',ಹೆಣ್ಣು',',AGASARU',KOOLI',NO'
ALQ2652667',ಆಂಜಿನಪ್ಪ',ನಾರಾಯಣಪ್ಪ',69',50',ಗಂಡು',',AGASARU',KOOLI',NO'
ALQ2652675',ತುಳಸಮ್ಮ',ನರಸಿಂಹಮೂರ್ತ',73',90',ಹೆಣ್ಣು',YES',AGASARU',AGED',NO'
ALQ2104842',ಮುದ್ದುಗಂಗಪ್ಪ',ಕೊಂಡಾರಪ್ಪಾ',73',59',ಗಂಡು',',DEATH',',NO'
ALQ2107837',ಅಶ್ವತ್ತಮ್ಮ',ಮುದುಗಂಗಪ್ಪಾ',73',57',ಹೆಣ್ಣು',YES',AGASARU',HOUSE -WIFE',NO'
ALQ2652683',ಲಕ್ಷ್ಮಯ್ಯ',ನರಸಿಂಹಪ್ಪ',74',63',ಗಂಡು',',NAYAK',KOOLI',NO'
ALQ2652691',ಆದಿಲಕ್ಷ್ಮಮ್ಮ',ಚಂದ್ರಣ್ಣ',75',45',ಹೆಣ್ಣು',YES',KURUBA',TEA SHOP',NO'
ALQ2034296',ಸಿ ಮಹೇಶ ತಾಯಿಯ',ಆದಿಲಕ್ಷ್ಮಮ್ಮ',75',29',ಗಂಡು',',KURUBA',UNEMPLOYE',NO'
ALQ2167633',ಸಿ ಸುರೇಶ ತಾಯಿಯ',ಆದಿಲಕ್ಷ್ಮಮ್ಮ',75',29',ಗಂಡು',',KURUBA',UNEMPLOYE',NO'
ALQ1284314',ಗೌರಮ್ಮ',ಅಡಿವಪ್ಪ',76',70',ಹೆಣ್ಣು',',KURUBA',AGED',NO'
ALQ0255158',ದೊಡ್ಡಯ್ಯ',ಅಡಿವಪ್ಪ',76',49',ಗಂಡು',',KURUBA',HOME',NO'
ALQ2652709',ಅಶ್ವತ್ತಮ್ಮ',ದೊಡ್ಡಯ್ಯ',76',45',ಹೆಣ್ಣು',',KURUBA',KOOLI',NO'
ALQ1284322',ರಮೇಶ',ಅಡಿವಪ್ಪ',76',43',ಗಂಡು',',KURUBA',FARMER',NO'
ALQ1831288',ಬಿ ಎಂ ಪೂರ್ಣಿಮ',ಅಶ್ವತ್ಥಪ್ಪ',76',38',ಹೆಣ್ಣು',',KURUBA',KOOLI',NO'
ALQ2426153',ಚೈತ್ರಸಿ ಡಿ',ದೊಡ್ಡಯ್ಯ',76',24',ಹೆಣ್ಣು',YES',KURUBA',',NO'
ALQ3091386',ಚರಣ್ ರಾಜುಸಿ ಡಿ',ದೊಡ್ಡಯ್ಯ ಎ',77',21',ಗಂಡು',',KURUBA',UNEMPLOYE',NO'
ALQ1284348',ರಂಗಪ್ಪ',ಜೂಲಪ್ಪ',78',65',ಗಂಡು',',KURUBA',AGED',NO'
ALQ0252825',ಮುತ್ತಕ್ಕ',ಮನೆಯ',78',55',ಹೆಣ್ಣು',',DELETED',',NO'
MVJ1906957',ಜೂಲಪ್ಪ',ರಂಗಪ್ಪ',78',43',ಗಂಡು',',KURUBA',FARMER',NO'
MVJ1906965',ಲಕ್ಷ್ಮಮ್ಮ',ಜೂಲಪ್ಪ',78',40',ಹೆಣ್ಣು',',KURUBA',HOUSE -WIFE',NO'
ALQ2104131',ಲಕ್ಷ್ಮಮ್ಮ ಕೆ ವಿ',ರಂಗಧಾಮ',78',29',ಹೆಣ್ಣು',',KURUBA',FARMER',NO'
ALQ2971091',ಶೈಲ ಕೆವಿ',ಕುಮಾರ್ ಸಿ ಆರ್',78',26',ಹೆಣ್ಣು',YES',KURUBA',',NO'
ALQ2546513',ಪ್ರಭಾಕರ ಸಿ ಎ',ಅಶ್ವತ್ಥಪ್ಪ',78',23',ಗಂಡು',',UPPARA',MEDICTION WORK',NO'
ALQ1284355',ಚಿಕ್ಕಚನ್ನರಾಯಪ್ಪ',ಕೆಂಪುಚೆನ್ನಪ್ಪ',79',75',ಗಂಡು',',LINGAYATH',AGED',NO'
ALQ1284371',ಚಂದ್ರಶೇಖರ',ಚಿಕ್ಕಚನ್ನರಾಯಪ್ಪ',79',44',ಗಂಡು',',LINGAYATH',BUSINESS',NO'
ALQ1831296',ನಾಗಮಣಿ',ಚಂದ್ರಶೇಖರ',79',31',ಹೆಣ್ಣು',',LINGAYATH',KOOLI',NO'
ALQ2652717',ಪುಟ್ಟನಂಜಮ್ಮ',ಗಂಗಾಧರಪ್ಪ',81',67',ಹೆಣ್ಣು',',DEATH',',NO'
MVJ1906262',ನಾಗರಾಜ',ಗಂಗಾಧರಪ್ಪ',81',45',ಗಂಡು',',LINGAYATH',AUTO DRIVER',NO'
ALQ1831304',ಶಶಿಕಲಾ',ನಾಗರಾಜ',81',35',ಹೆಣ್ಣು',',LINGAYATH',HOUSE -WIFE',NO'
ALQ3033172',ಸುಮಂತ್ ಸಿ ಎಂ',ಮಲ್ಲಿಕಾರ್ಜುನ',81',21',ಗಂಡು',',LINGAYATH',UNEMPLOYE',NO'
ALQ3175148',ಅಶ್ವಿನಿ ಸಿ ಎಮ್',ಮಲ್ಲಿಕಾರ್ಜುನ',81',19',ಹೆಣ್ಣು',',LINGAYATH',STUDENT',NO'
ALQ1284405',ಶಿವಕುಮಾರ',ಗಂಗಾಧರಪ್ಪ',82',60',ಗಂಡು',',LINGAYATH',FARMER',NO'
ALQ 1284413',ನಿರ್ಮಲಮ್ಮ',ಶಿವಕುಮಾರ',82',50',ಹೆಣ್ಣು',',LINGAYATH',HOUSE -WIFE',NO'
ALQ2426179',ಮೊಹನ್ ಕುಮಾರ್ ಸಿ ಎಸ್',ಶಿವಕುಮಾರ್',82',34',ಹೆಣ್ಣು',',LINGAYATH',FARMER',NO'
ALQ0011817',ನಂಜಪ್ಪ',ಪಾಪಣ್ಣ',84',78',ಗಂಡು',',LINGAYATH',AGED',NO'
ALQ2652733',ಗಿರಿಜಮ್ಮ',ನಂಜಪ್ಪ',84',68',ಹೆಣ್ಣು',',LINGAYATH',HOUSE -WIFE',NO'
ALQ0251074',ಚಂದ್ರಶೇಖರ',ನಂಜಪ್ಪ',84',36',ಗಂಡು',',LINGAYATH',KOOLI',NO'
ALQ2368462',ಎನ್ ಜಗದೀಶ',ನಂಜಪ್ಪ',84',34',ಗಂಡು',',LINGAYATH',KOOLI',NO'
ALQ2034353',ಟಿ ಪುಪ್ಪ',ಚಂದ್ರಶೇಖರ',84',32',ಹೆಣ್ಣು',',LINGAYATH',KOOLI',NO'
MVJ3964913',ವೆಂಕಟೇಶಪ್ಪ',ಪಿಳ್ಳಪ್ಪ',85',47',ಗಂಡು',',KURUBA',KURI',NO'
ALQ0010314',ಪುಟ್ಟಮ್ಮ',ವೆಂಕಟೇಶಪ್ಪ',85',45',ಹೆಣ್ಣು',',KURUBA',KURI',NO'
ALQ2426120',ದಿನೇಶ್ ಕುಮಾರ್ ಸಿ ವಿ',ವೆಂಕಟೇಶ್',85',24',ಗಂಡು',',KURUBA',KURI',NO'
ALQ2971141',ದಿವ್ಯ ಸಿ ವಿ',ವೆಂಕಟೇಶಪ್ಪ',85',22',ಹೆಣ್ಣು',YES',KURUBA',',NO'
ALQ2652741',ತಿಮ್ಮಕ್ಕ',ಪಿಳ್ಳಪ್ಪ',86',73',ಹೆಣ್ಣು',',KURUBA',HOUSE -WIFE',NO'
MVJ3963758',ಆಂಜಿನಪ್ಪ',ಚಿಕ್ಕಣ್ಣ',87',76',ಗಂಡು',',VAKALIGA',AGED',NO'
ALQ1284439',ರಾಜಮ್ಮ',ಆಂಜಿನಪ್ಪ',87',65',ಹೆಣ್ಣು',',VAKALIGA',HOUSE -WIFE',NO'
MVJ3963766',ಬಾಬುರೆಡ್ಡಿ ಸಿ ಎ',ಆಂಜಿನಪ್ಪ',87',45',ಗಂಡು',',VAKALIGA',FARMER',NO'
ALQ1831312',ಸುಜಾತ ಬಿ',ಬಾಬುರೆಡ್ಡಿ',87',30',ಹೆಣ್ಣು',',VAKALIGA',HOUSE -WIFE',NO'
ALQ2652758',ಪಾರ್ವತಮ್ಮ',ಗಂಗಾಧರಪ್ಪ',88',74',ಹೆಣ್ಣು',',LINGAYATH',AGED',NO'
ALQ2652766',ಶಿವಕುಮಾರಸ್ವಾಮಿ ಕೆಜಿ',ಗಂಗಾಧರಪ್ಪ',88',49',ಗಂಡು',',LINGAYATH',COIN SHOP',NO'
MVJ3964665',ಕ್ಷೇತ್ರಪಾಲಾಕ್ಷ ಕೆಜಿ',ಗಂಗಾಧರಪ್ಪ',88',43',ಗಂಡು',',LINGAYATH',GOV-TEACHER',NO'
MVJ3964285',ಬಸವರಾಜಪ್ಪ',ಶಿವಲಿಂಗಪ್ಪ',90',55',ಗಂಡು',',LINGAYATH',FARMER',NO'
ALQ0255109',ನಾಗರತ್ನಮ್ಮ',ಮಲ್ಲಿಕಾರ್ಜುನ',90',53',ಹೆಣ್ಣು',',LINGAYATH',HOUSE -WIFE',NO'
ALQ1284447',ನಾಗರಾಜಪ್ಪ',ಶಿವಲಿಂಗಪ್ಪ',90',51',ಗಂಡು',',LINGAYATH',SECURITY',NO'
ALQ0255091',ಮಲ್ಲಿಕಾರ್ಜುನ',ಶಿವಲಿಂಗಪ್ಪ',90',47',ಗಂಡು',',LINGAYATH',COIN SHOP',NO'
ALQ2652790',ಮಂಜುನಾಥ',ಶಿವಲಿಂಗಪ್ಪ',90',47',ಗಂಡು',',LINGAYATH',KOOLI',NO'
ALQ1284462',ರಾಜಕುಮಾರ್',ಶಿವಲಿಂಗಪ್ಪ',90',45',ಗಂಡು',',LINGAYATH',SELF EMPLOYED',NO'
ALQ2348282',ಲಲಿತಮ್ಮ ಬಿ',ಬಸವರಾಜಪ್ಪ',90',37',ಹೆಣ್ಣು',',LINGAYATH',KOOLI',NO'
ALQ2369510',ಕೆ ವಿ ಸವಿತ',ರವಿಕುಮಾರ್',90',31',ಹೆಣ್ಣು',YES',LINGAYATH',TYILOR',NO'
ALQ2971125',ಮಂಜುಳ ಎಂ',',',23',ಹೆಣ್ಣು',',DELETED',',NO'
ALQ3091451',ಸಿ ಎಮ್ ಮಹೇಶ',ಮಲ್ಲಿಕಾರ್ಜುನಪ್ಪ',90',20',ಗಂಡು',',LINGAYATH',STUDENT',NO'
ALQ2652816',ಪುಟ್ಟಕ್ಕ',ಚಂದ್ರಣ್ಣ',91',53',ಹೆಣ್ಣು',',LINGAYATH',AGED',NO'
ALQ1284470',ಮೈಲಾರಪ್ಪ',ಲಿಂಗಣ್ಣ',92',60',ಗಂಡು',',LINGAYATH',HOME',NO'
ALQ2652824',ವಿಜಯಮ್ಮ',ಮೈಲಾರಪ್ಪ',92',50',ಹೆಣ್ಣು',',LINGAYATH',HOUSE -WIFE',NO'
ALQ1831320',ಮಲ್ಲೇಶ ಸಿ ಎಂ',ಮೈಲಾರಪ್ಪ',92',29',ಗಂಡು',',LINGAYATH',KOOLI',NO'
ALQ2652832',ನಂಜಪ್ಪ',ಲಿಂಗಣ್ಣ',93',70',ಗಂಡು',',LINGAYATH',AGED',NO'
ALQ2652840',ಅಶ್ವತ್ತಮ್ಮ',ನಂಜಪ್ಪ',93',60',ಹೆಣ್ಣು',',LINGAYATH',AGED',NO'
ALQ1831213',ರೂಪ ಪಿ ಸಿ',ಮಂಜುನಾಥ ಸಿ ಎನ್',93',32',ಹೆಣ್ಣು',',LINGAYATH',FARMER',NO'
ALQ2652857',ಸಂಜೀವಮ್ಮ',ಲಿಂಗಪ್ಪ',94',60',ಹೆಣ್ಣು',',KURUBA',AGED',NO'
ALQ0252973',ಮಲ್ಲಿಕಾರ್ಜುನ',ಲಿಂಗಪ್ಪ',94',36',ಗಂಡು',',KURUBA',KURI',NO'
ALQ1284496',ಸಂಜೀವಮ್ಮ',ಗಂಗಪ್ಪ',95',93',ಹೆಣ್ಣು',',KURUBA',AGED',NO'
ALQ1284504',ಮದ್ದುಗಂಗಪ್ಪ',ಗಂಗಪ್ಪ',95',65',ಗಂಡು',',KURUBA',FARMER',NO'
ALQ1284512',ಲಕ್ಷ್ಮಮ್ಮ',ಮುದ್ದುಗಂಗಪ್ಪ',95',55',ಹೆಣ್ಣು',',KURUBA',HOUSE -WIFE',NO'
ALQ3175254',ಸಂಧ್ಯಾ ಸಿ ಎಮ್',ಮುದ್ದಗಂಗಪ್ಪ',95',19',ಹೆಣ್ಣು',',KURUBA',STUDENT',NO'
ALQ1284520',ಲಿಂಗಮ್ಮ',ವೆಂಕಟರವಣಪ್ಪ',96',75',ಹೆಣ್ಣು',',KURUBA',AGED',NO'
MVJ3567880',ಲಿಂಗಪ್ಪ',ಗಂಗಾಧರಪ್ಪ',97',57',ಗಂಡು',',KURUBA',FARMER',NO'
ALQ2652873',ಹನುಮಕ್ಕ',ಲಿಂಗಪ್ಪ',97',55',ಹೆಣ್ಣು',',KURUBA',KOOLI',NO'
ALQ2131696',ಸಿ ಎಲ್ ಬಾಬು',ಲಿಂಗಪ್ಪ',97',28',ಗಂಡು',',KURUBA',HOME',NO'
ALQ2426104',ಸಿ ಎಲ್ ಮಂಜುನಾಥ',ಲಿಂಗಪ್ಪ',97',24',ಗಂಡು',',KURUBA',FARMER',NO'
ALQ2652881',ಶಿವಲಿಂಗಪ್ಪ',ದೊಡ್ಡಲಿಂಗಪ್ಪ',98',75',ಗಂಡು',',LINGAYATH',AGED',NO'
ALQ2259000',ಮಂಗಳ ಜೆ',ಮಹೇಶ್ ಎಸ್',98',25',ಹೆಣ್ಣು',YES',LINGAYATH',',NO'
MVJ1907245',ಪ್ರಕಾಶ',ಮೈಲಾರಪ್ಪ',99',51',ಗಂಡು',',LINGAYATH',FARMER',NO'
MVJ1907625',ಸೋಮಶೇಖರ',ಮೈಲಾರಪ್ಪ',99',46',ಗಂಡು',',LINGAYATH',FARMER',NO'
MVJ1907237',ಎಂ ಸೌಭಾಗ್ಯಮ್ಮ',ಪ್ರಕಾಶ',99',44',ಹೆಣ್ಣು',',LINGAYATH',HOUSE -WIFE',NO'
ALQ3075587',ಸಿ ಪಿ ಸಿದ್ದೇಶ',ಪ್ರಕಾಶ',99',23',ಗಂಡು',',LINGAYATH',MOBILE SHOP',NO'
MVJ3568011',ಗಂಗರಾಜು',ನಂಜುಂಡಪ್ಪ',100',52',ಗಂಡು',',LINGAYATH',SELF EMPLOYED',NO'
MVJ3568003',ಉಮಾದೇವಿ',ಗಂಗರಾಜು',100',46',ಹೆಣ್ಣು',',LINGAYATH',HOUSE -WIFE',NO'
ALQ2259042',ಶೈಲಜ ಸಿ ಜಿ',ಗಂಗರಾಜು',100',25',ಹೆಣ್ಣು',YES',LINGAYATH',',NO'
ALQ2546489',ಶಶಿಕಲಾಸಿ ಜಿ',ಗಂಗರಾಜು',100',23',ಹೆಣ್ಣು',',LINGAYATH',KOOLI',NO'
ALQ3175106',ನಂದೀಶ ಸಿಜಿ',ಗಂಗರಾಜು',100',19',ಗಂಡು',',LINGAYATH',FARMER',NO'
ALQ2034478',ಹನುಮಕ್ಕ',ತಿಮ್ಮಕ್ಕ',101',50',ಹೆಣ್ಣು',',KURUBA',AGED',NO'
MVJ3568052',ತಿಪ್ಪರಾಜ',ಮೈಲಾರಪ್ಪ',101',36',ಗಂಡು',',KURUBA',KOOLI',NO'
ALQ2971158',ಶೈಲಜಾ',ಸಿ ಎಂ ಗಂಗರಾಜು',101',29',ಹೆಣ್ಣು',',KURUBA',KOOLI',NO'
ALQ2355378',ಕೆರಾಘವೇಂದ್ರ',ಕೃಷ್ಣಪ್ಪ',101',27',ಗಂಡು',',KURUBA',KOOLI',NO'
ALQ3037058',ಲೋಕೇಶ್',ಕೃಷ್ಣಪ್ಪ',101',21',ಗಂಡು',',KURUBA',KOOLI',NO'
ALQ2652907',ನಂಜುಂಡಪ್ಪ',ಚಿಕ್ಕಲಿಂಗಪ್ಪ',102',71',ಗಂಡು',',LINGAYATH',AGED',NO'
ALQ2652915',ಶಿವಮ್ಮ',ನಂಜುಂಡಪ್ಪ',102',67',ಹೆಣ್ಣು',',LINGAYATH',AGED',NO'
MVJ3568144',ಸುವರ್ಣಮ್ಮ',ಆನಂದಪ್ಪ',103',57',ಹೆಣ್ಣು',',LINGAYATH',AGED',NO'
MVJ3568037',ರವಿಕುಮಾರ್',ಆನಂದಪ್ಪ',103',42',ಗಂಡು',YES',LINGAYATH',',NO'
ALQ2652923',ಸಿ ಕೆನಾಗರಾಜಪ್ಪ',ಕರೋತಿಮ್ಮಯ್ಯ',105',57',ಗಂಡು',',DHOBI',KURI',NO'
ALQ2652931',ಭಾಗ್ಯಮ್ಮ',ಸಿ ಕೆ ನಾಗರಾಜಪ್ಪ',105',55',ಹೆಣ್ಣು',',DHOBI',KURI',NO'
ALQ1284561',ಅಶ್ವತ್ಥನಾರಾಯಣ ಎನ್',ನಾಗರಾಜಪ್ಪ',105',36',ಗಂಡು',',DHOBI',PRIVATE JOB',NO'
ALQ2034551',ಮಂಜುಶ್ರೀ',ಅಶ್ವತ್ಥನಾರಾಯಣ',105',29',ಹೆಣ್ಣು',',DHOBI',HOUSE -WIFE',NO'
ALQ2652956',ನರಸಿಂಹಮೂರ್ತಿ',ನರಸಪ್ಪ',106',50',ಗಂಡು',',DHOBI',DHOBI',NO'
MVJ1907310',ಅಮರಾವತಿ',ನರಸಿಂಹಮೂರ್ತಿ',106',45',ಹೆಣ್ಣು',',DHOBI',HOUSE -WIFE',NO'
ALQ2652964',ಕೃಷ್ಣಪ್ಪ ಸಿ ಎನ್',ನರಸಪ್ಪ',106',43',ಗಂಡು',',DHOBI',KURI',NO'
ALQ1284587',ಅನುಸೂಯಮ್ಮ',ಪ್ರಭಯ್ಯ',108',55',ಹೆಣ್ಣು',',LINGAYATH',AGED',NO'
MVJ1907534',ಲಲಿತಮ್ಮ',ಅಂಜನಾರೆಡ್ಡಿ',27ಎ',39',ಹೆಣ್ಣು',',VAKALIGA',FARMER',NO'
ALQ0011973',ಲಕ್ಷ್ಮಮ್ಮ',ನಾರಾಯಣಪ್ಪ',46ಎ',44',ಹೆಣ್ಣು',',KURUBA',KOOLI',NO'
MVJ1907302',ಲಕ್ಷ್ಮೀದೇವಿ',ಸಂಜೀವಮೂರ್ತಿ',68ಬಿ',40',ಹೆಣ್ಣು',',KURUBA',FARMER',NO'
ALQ2652725',ಪಾರ್ವತಮ್ಮ',ಗಂಗಾಧರಪ್ಪ',81ಎ',70',ಹೆಣ್ಣು',YES',LINGAYATH',',NO'
MVJ3964731',ಕಮಲ',ಶಿವಕುಮಾರಸ್ವಾಮಿ',88ಎ',35',ಹೆಣ್ಣು',',LINGAYATH',COIN SHOP',NO'
ALQ1284454',ರವಿಕುಮಾರ್',ಬಸವರಾಜಪ್ಪ',90ಎ',38',ಗಂಡು',YES',LINGAYATH',',NO'
MVJ1905918',ವಿಜಯಲಕ್ಷ್ಮೀ ಸಿ ವಿ',ಕೃಷ್ಣಪ್ಪ',106ಎ',38',ಹೆಣ್ಣು',',DHOBI',KURI',NO'
ALQ2167609',ಅಶ್ವತ್ಥಮ್ಮ',ಮುದ್ದುರಂಗಪ್ಪ',0',53',ಹೆಣ್ಣು',',KURUBA',FARMER',NO'
ALQ1831338',ಎಂ ಪಿ ಕುಸುಮ',ನಂದೀಶ',0',30',ಹೆಣ್ಣು',',KURUBA',HOUSE -WIFE',NO'
ALQ2131712',ಮನುಕುಮಾರ್ ಸಿಎ',ಅವಲಪ್ಪ',0',28',ಗಂಡು',YES',DHOBI',PRIVATE JOB',NO'
ALQ1284793',ಮುದ್ದುಗಂಗಪ್ಪ',ಗಂಗಾಧರಪ್ಪ',1',55',ಗಂಡು',',KURUBA',KURI',NO'
ALQ0251405',ನಾರಾಯಣಮ್ಮ',ನರಸಿಂಹಯ್ಯ',',47',ಹೆಣ್ಣು',',UPPARA',KOOLI',NO'
ALQ0011668',ಅನಿಲ್ ಕುಮಾರ್',ಮಲ್ಲಿಕಾರ್ಜುನಪ್ಪ',:4',33',ಗಂಡು',',LINGAYATH',FARMER',NO'
ALQ2240257',ರೇಣುಕ ಬಿ ಯು',ಅನಿಲ್ ಕುಮಾರ್',4',25',ಹೆಣ್ಣು',',LINGAYATH',HOUSE -WIFE',NO'
ALQ0011338',ಅನಿತ',ಸದಾಶಿವಯ್ಯ',5',35',ಹೆಣ್ಣು',',KURUBA',GARMENTS',NO'
ALQ0250894',ಲಕ್ಷ್ಮೀನಾರಾಯಣ',ದೊಡಾಅಂಜಿನಪ',5',37',ಗಂಡು',',KURUBA',KOOLI',NO'
ALQ0013631',ಚೆನ್ನಮ್ಮ',ನಂಜುಂಡಪ್ಪ',6',71',ಹೆಣ್ಣು',',KURUBA',KOOLI',NO'
ALQ0253930',ಎ ಮಂಜುನಾಥ',ಅಶ್ವತ್ಥಪ್ಪ',7',41',ಗಂಡು',',BAJANTHRI',HAIR CUT SHOP',NO'
ALQ0011676',ಎಲ್ ನವೀನ್ ಕುಮಾರ್',ಲಕ್ಷ್ಮೀನಾರಾಯಣಪ್ಪ',7',34',ಗಂಡು',',BAJANTHRI',HAIR CUT SHOP',NO'
ALQ0011833',ಚಂದ್ರಕಳ',ಅಶ್ವಥಪ್ಪ',7',32',ಹೆಣ್ಣು',',BAJANTHRI',HOUSE -WIFE',NO'
MVJ3964202',ಸಿ ಕೆ ಶ್ರೀನಿವಾಸ',ಕೃಷ್ಣಪ್ಪ',9',35',ಗಂಡು',',KURUBA',FARMER',NO'
ALQ0011775',ಪುಷ್ಪಲತಾ ಎಂ',ಶ್ರೀನಿವಾಸ ಸಿ ಕೆ',',32',ಹೆಣ್ಣು',',KURUBA',GARMENTS',NO'
ALQ0819441',ಹರೀಶ ಸಿ ಕೆ',ಕೃಷ್ಣಪ್ಪ',9',31',ಗಂಡು',',KURUBA',UNEMPLOYE',NO'
ALQ2329753',ಕೆ ಶಶಿಕಲ',ಕಾಂತರಾಜು',9',27',ಹೆಣ್ಣು',',SUNKARLU',KOOLI',NO'
ALQ2652154',ಚಾಲಪ್ಪ',ಚಿಕ್ಕವೆಂಕಟಪ್ಪ',10',64',ಗಂಡು',',KURUBA',FARMER',NO'
ALQ0817973',ಮಹೇಶ',ಚಾಲಪ್ಪ',10',32',ಗಂಡು',',KURUBA',FARMER',NO'
ALQ1284603',ಅಶ್ವತ್ಥಪ್ಪ',ನಾರಾಯಣಪ್ಪ',11',41',ಗಂಡು',',DHOBI',GOVERMENT EMPLOYEE',NO'
ALQ0818781',ಎನ್ ಹರೀಶ್',ನಂಜುಂಡಪ್ಪ',13',33',ಗಂಡು',',KURUBA',DAIRY OWN',NO'
ALQ1284629',ರೇಣುಕಮ್ಮ',ರೆಡ್ಡಪ್ಪ',14',48',ಹೆಣ್ಣು',YES',KURUBA',',NO'
MVJ1907278',ರವಿ',ಅಂಜನಪ್ಪ',14',40',ಗಂಡು',',KURUBA',FARMER',NO'
ALQ2240240',ರೂಪ ಎನ್',ಸೋಮೇಶ್',16',26',ಹೆಣ್ಣು',',DHOBI',HOUSE -WIFE',NO'
ALQ0010678',ಸಿ ಬಿ ಮಂಜುನಾಥ',ಬಸವರಾಜು',17',44',ಗಂಡು',',LINGAYATH',FARMER',NO'
ALQ0013888',ಸಿ ಬಿ ಶಶಿಧರ',ಬಸವರಾಜು',17',42',ಗಂಡು',YES',LINGAYATH',',NO'
ALQ1284637',ಸುರೇಂದ್ರಕುಮಾರ್ ಎನ್',ನಂಜುಂಡಪ್ಪ',21',31',ಗಂಡು',',LINGAYATH',KOOLI',NO'
ALQ2652287',ಶಿವಣ್ಣ',ಲಿಂಗಣ್ಣ',25',76',ಗಂಡು',',LINGAYATH',KURI',NO'
ALQ1284652',ಪ್ರೇಮ',ನರಸಿಂಹರೆಡ್ಡಿ',28',31',ಹೆಣ್ಣು',',VAKALIGA',HOUSE -WIFE',NO'
ALQ2447191',ರಮಾದೇವಿ ಎಮಜಿ',ಶಿವಶಂಕರಪ್ಪ',28',26',ಹೆಣ್ಣು',',VAKALIGA',GARMENTS',NO'
ALQ2167666',ಬಾಲರಾಜುಸಿ ತಾಯಿಯ',ನಾಗಮ್ಮ',31',29',ಗಂಡು',',VAKALIGA',FARMER',NO'
ALQ2546562',ಲಕ್ಷ್ಮೀ ಆರ್ ಎ',ಶಿವರಾಜು',31',24',ಹೆಣ್ಣು',',VAKALIGA',GARMENTS',NO'
ALQ0010306',ರಾಧಮ್ಮ',ಜಯಕೀರ್ತಿ',32',35',ಹೆಣ್ಣು',',VAKALIGA',GARMENTS',NO'
ALQ2546505',ಮೀನ ಎನ್',ಬಾಲರಾಜು',32',23',ಹೆಣ್ಣು',',VAKALIGA',GARMENTS',NO'
ALQ1284686',ಗಂಗಾಧರ ಸಿ ಎಲ್',ಲಕ್ಷ್ಮೀಪತಿ',33',48',ಗಂಡು',YES',DHOBI',',NO'
MVJ3964632',ಅಶ್ವತ್ಥಪ್ಪ ಸಿ ಎಂ',ಚಿಕ್ಕಮಲ್ಲಪ್ಪ',37',49',ಗಂಡು',',KURUBA',KURI',NO'
ALQ2546612',ಅನಿಲ್ ಕುಮಾರ್ ಸಿ ಆರ್',ರಾಮಾಂಜಿನಪ್ಪ',38',23',ಗಂಡು',YES',KURUBA',',NO'
ALQ2131688',ಗೌರಮ್ಮ',ವೆಂಕಟೇಶ್',41',34',ಹೆಣ್ಣು',',KURUBA',HOUSE -WIFE',NO'
ALQ2167625',ರೇಣುಕಾದೇವಿ',ವೆಂಕಟರವಣ',41',27',ಹೆಣ್ಣು',',KURUBA',GARMENTS',NO'
MVJ3963824',ಹನುಮಕ್ಕ',ಅಶ್ವತ್ಥಪ್ಪ',42',50',ಹೆಣ್ಣು',',UPPARA',HOUSE -WIFE',NO'
MVJ3964194',ಮಂಜುನಾಥ ಜಿ',ಗಂಗಾಧರಪ್ಪ',42',35',ಗಂಡು',YES',KURUBA',AUTO DRIVER',NO'
MVJ3965019',ಸಿ ಆರ್ ನಂದೀಶ',ರೆಡ್ಡಪ್ಪ ಸಿ ಎನ್',50',33',ಗಂಡು',',KURUBA',FARMER',NO'
ALQ2652493',ಪುಟ್ಟರಪ್ಪ',ನಂಜುಂಡಪ್ಪ',51',65',ಗಂಡು',',KURUBA',FARMER',NO'
MVJ1903814',ರಾಮಕೃಷ್ಣ',ಮುದ್ದುಗಂಗಪ್ಪ',55',42',ಗಂಡು',',KURUBA',FARMER',NO'
MVJ3964350',ಸಿ ಎಸ್ ಸುಜಾತ',ಸಿ ಆರ್\u200c ರಾಮಕೃಷ್ಣ',55',35',ಹೆಣ್ಣು',',KURUBA',GARMENTS',NO'
ALQ1831270',ಸುಶೀಲಮ್ಮ',ರೆಡ್ಡಪ್ಪ',56',55',ಹೆಣ್ಣು',',KURUBA',KOOLI',NO'
MVJ1906635',ರಾಧಮ್ಮ',ಶಿವಾರೆಡ್ಡಿ',57',40',ಹೆಣ್ಣು',',VAKALIGA',KOOLI',NO'
MVJ3965035',ಸಿ ನವೀನ್\u200cಕುಮಾರ್',ಚಿಕ್ಕ ಅಂಜನಪ್ಪ',59',34',ಗಂಡು',',KURUBA',KURI',NO'
ALQ2167641',ಎಮ್ ಪ್ರಸನ್ನ ಕುಮಾರ್ ತಾಯಿಯ',ಅಕ್ಕಯಮ್ಮ',59',29',ಗಂಡು',YES',KURUBA',',NO'
MVJ1907468',ಆಂಜಿನಪ್ಪ',ಹನುಮಂತಪ್ಪ',61',41',ಗಂಡು',',KURUBA',FARMER',NO'
MVJ1907294',ಎನ್ ಮಂಜುನಾಥ',ನಾರಾಯಣಪ್ಪ',62',40',ಗಂಡು',YES',KURUBA',',NO'
ALQ0011858',ಅನಿತ',ಹನುಮಂತರಾಯಪ್ಪ',62',35',ಹೆಣ್ಣು',',KURUBA',FARMER',NO'
ALQ0011841',ಸುಮ',ವಸಂತಕುಮಾರ್',62',35',ಹೆಣ್ಣು',',KURUBA',HOUSE -WIFE',NO'
ALQ0011692',ಶಿವಶಂಕರ ಎನ್',ನಾರಾಯಣಪ್ಪ',62',31',ಗಂಡು',',KURUBA',BANK EMPLOYE',NO'
ALQ2546471',ಗಂಗಮ್ಮ ಸಿ ಎ',ಅಡಿವಪ್ಪ',65',23',ಹೆಣ್ಣು',YES',KURUBA',',NO'
MVJ1906007',ನಾಗೇಶ',ಅಡಿವಪ್ಪ',66',42',ಗಂಡು',',KURUBA',FARMER',NO'
MVJ3964707',ಸುಜಾತ',ನಾಗೇಶ್',66',36',ಹೆಣ್ಣು',',KURUBA',GARMENTS',NO'
ALQ1284264',ಚಂದ್ರಣ್ಣ',ಕೆಂಪುಚೆನ್ನಪ್ಪ',67',69',ಗಂಡು',',DEATH',',NO'
MVJ3964459',ಆಶಾ',ಮಂಜುನಾಥ',67',35',ಹೆಣ್ಣು',',BAJANTHRI',HOUSE -WIFE',NO'
MVJ3964244',ಸುರೇಂದ್ರಕುಮಾರ್',ಚಂದ್ರಣ್ಣ',67',33',ಗಂಡು',',LINGAYATH',FARMER',NO'
ALQ1284801',ಸೋಮಣ್ಣ',ತಿಪ್ಪಣ್ಣ',68',44',ಗಂಡು',YES',KURUBA',',NO'
ALQ0251660',ಅನಿತ',ಆಂಜಿನಪ್ಪ',69',38',ಹೆಣ್ಣು',',DHOBI',GARMENTS',NO'
ALQ2167658',ಭೂಲಕ್ಷ್ಮಮ್ಮ',ಲಕ್ಷ್ಮಯ್ಯ',74',53',ಹೆಣ್ಣು',',NAYAK',HOUSE -WIFE',NO'
MVJ3964343',ಅಶ್ವತ್ಥಪ್ಪ',ಅಡವಪ್ಪ',76',41',ಗಂಡು',',KURUBA',TRACTOR DRIVER',NO'
MVJ3964376',ನೇತ್ರಾವತಿ',ಸಿ ಎ ರಮೇಶ್',76',35',ಹೆಣ್ಣು',',KURUBA',HOUSE -WIFE',NO'
ALQ0250647',ಸಿ ಎ ರವಿಕುಮಾರ್',ಅಡಿವಪ್ಪ',76',33',ಗಂಡು',',KURUBA',FARMER',NO'
ALQ2546620',ಪವಿತ್ರ ಎನ್',ರವಿಕುಮಾರ್ ಸಿ ಎ',76',25',ಹೆಣ್ಣು',',KURUBA',GARMENTS',NO'
MVJ3963790',ಅಶ್ವತ್ಥಪ್ಪ',ರಂಗಪ್ಪ',78',60',ಗಂಡು',',UPPARA',KOOLI',NO'
MVJ1906502',ರಂಗಧಾಮ',ರಂಗಪ್ಪ',78',41',ಗಂಡು',',KURUBA',FARMER',NO'
ALQ0012021',ವಿಶ್ವನಾಥ',ರಂಗಪ್ಪ',78',35',ಗಂಡು',',KURUBA',FARMER',NO'
MVJ3965001',ಕುಮಾರ್ ಸಿ ಆರ್',ರಂಗಪ್ಪ',78',33',ಗಂಡು',',KURUBA',FARMER',NO'
ALQ2546604',ಲಾವಣ್ಯ',ವಿಶ್ವನಾಥ',78',27',ಹೆಣ್ಣು',',KURUBA',GARMENTS',NO'
MVJ1906197',ಸುಧಾ',ಸಿ ಜಿ ಮಲ್ಲಿಕಾರ್ಜುನಯ್ಯ',81',39',ಹೆಣ್ಣು',',LINGAYATH',HOUSE -WIFE',NO'
ALQ2652774',ಚೆನ್ನಮ್ಮ',ಶಿವಲಿಂಗಪ್ಪ',90',67',ಹೆಣ್ಣು',',LINGAYATH',AGED',NO'
ALQ2652782',ಸಿದ್ದಗಂಗಮ್ಮ',ಬಸವರಾಜಪ್ಪ',90',50',ಹೆಣ್ಣು',',LINGAYATH',KOOLI',NO'
ALQ1284736',ಉಮಾದೇವಿ',ನಾಗರಾಜಪ್ಪ',90',37',ಹೆಣ್ಣು',',LINGAYATH',HOUSE -WIFE',NO'
ALQ1284744',ಗೌರಮ್ಮ',ಮಂಜುನಾಥ',90',35',ಹೆಣ್ಣು',',LINGAYATH',GARMENTS',NO'
MVJ1903558',ಸಿ ಎನ್ ಮಂಜುನಾಥ',ಸಿ ನಂಜಪ್ಪ',93',37',ಗಂಡು',',LINGAYATH',CAR MECHANIC',NO'
ALQ2034346',ಲಕ್ಷ್ಮಿದೇವಿ',ಮಲ್ಲಿಕಾರ್ಜನ',94',30',ಹೆಣ್ಣು',',KURUBA',KURI',NO'
ALQ2546588',ಚೇತನ ಸಿ ಎಮ್',ಮುದ್ದುಗಂಗಪ್ಪ',95',23',ಗಂಡು',',KURUBA',UNEMPLOYE',NO'
ALQ2652899',ಗೌರಮ್ಮ',ಶಿವಲಿಂಗಪ್ಪ',98',70',ಹೆಣ್ಣು',',LINGAYATH',AGED',NO'
ALQ0010504',ಎಸ್ ಮಹೇಶ್',ಶಿವಲಿಂಗಪ್ಪ',98',36',ಗಂಡು',',LINGAYATH',KOOLI',NO'
ALQ0010322',ಲೀಲಾವತಿ ಪಿ ಎಂ',ಸೋಮಶೇಖರ',99',40',ಹೆಣ್ಣು',',LINGAYATH',FARMER',NO'
ALQ2546554',ಶಿಲ್ಪ ಸಿ ಪಿ',ಪ್ರಕಾಶ್',99',23',ಹೆಣ್ಣು',YES',LINGAYATH',',NO'
ALQ0011650',ಎಂ ಗಂಗರಾಜುಜ',ಮೈಲಾರಪ್ಪ',101',34',ಗಂಡು',',KURUBA',KOOLI',NO'
ALQ0011643',ಜಮುನ',ತಿಪ್ಪರಾಜು',101',31',ಹೆಣ್ಣು',',KURUBA',KOOLI',NO'
MVJ3964855',ಸಿ ಎನ್ ಮಂಜುನಾಥ',ನಂಜುಂಡಪ್ಪ',102',37',ಗಂಡು',',LINGAYATH',KURI',NO'
MVJ3964863',ಸಿ ಇ ರೇಣುಕ',ಸಿ ಎನ್ ಮಂಜುನಾಥ',102',35',ಹೆಣ್ಣು',',LINGAYATH',ANGANAVADI TEACHER',NO'
ALQ2447175',ಅಶ್ವತ್ಥಮ್ಮ',ನರಸಪ್ಪ',106',48',ಹೆಣ್ಣು',',DHOBI',HOME',YES'
ALQ2546547',ಶ್ರೀಕಾಂತ ಸಿ ಎನ್',ನರಸಿಂಹಮೂರ್ತಿ',106',23',ಗಂಡು',',DHOBI',CAR DRIVER',NO'
ALQ0011593',ಪಿ ಪ್ರದೀಪ್',ಪ್ರಭಯ್ಯ',108',31',ಗಂಡು',',LINGAYATH',FOOD MAKER',NO'
ALQ1284785',ಗೀತಾ',ಗಂಗಾಧರಪ್ಪ',560',35',ಹೆಣ್ಣು',',DHOBI',GARMENTS',NO'
ALQ3243250',ವಿಶ್ವಾಸ್ ಸೀ ಎಂ',ಮಂಜುನಾಥ',4',18',ಗಂಡು',',LINGAYATH',STUDENT',NO'
ALQ3243268',ಪ್ರವೀಣ್ ಕುಮಾರ್',ಸಂಜೀವಾ ರೆಡ್ಡಿ',27',21',ಗಂಡು',',VAKALIGA',FARMER',NO'
ALQ3213276',ಲೋಕೇಶ',ಸಂಜೀವಮೂರ್ತಿ',68',18',ಗಂಡು',',KURUBA',STUDENT',NO'
ALQ3243284',ದಿಲೀಫ್ ಸಿ ಕೆ',ಸಿ ಎನ್ ಕೃಷ್ಣಪ್ಪ',106',18',ಗಂಡು',',DHOBI',STUDENT',NO'
ALQ3243292',ರಾಕೇಶ ಸೀ ಜೇ',ಜುಲಪ್ಪ',78',18',ಗಂಡು',',KURUBA',STUDENT',NO'
ALQ3252863',BISILAMANEPALLI MANJULA',C NAVEEN KUMAR',59',25',ಹೆಣ್ಣು',',KURUBA',KOOLI',NO'
ALQ3257011',SUMA A',MANJUNATH G',42',23',ಹೆಣ್ಣು',',KURUBA',KOOLI',NO'
ALQ3259140',UMILA D N',SURENDRA KUMAR',#67',25',ಹೆಣ್ಣು',',LINGAYATH',HOUSE -WIFE',NO'
ALQ3264041',SAJEEVA REDDY ',ASHWATH REDDY',0',39',ಗಂಡು',',VAKALIGA',FARMER',NO'
ALQ3265154',MAHESH',ANANDAPPA',103',39',ಗಂಡು',',LINGAYATH',FARMER',NO'
ALQ3265162',NALINAKSHI',MAHESH',103',33',ಹೆಣ್ಣು',',LINGAYATH',HOUSE -WIFE',NO'
ALQ3266871',MEENAKSHI R',MANU KUMAR C A',#00',21',ಹೆಣ್ಣು',',DHOBI',HOUSE -WIFE',NO'