ALQ2648467',NARASAMMA',VENKATAPPA',78',76',F',',SC',',NO'
MVJ1904002',RATNAMMA',HONAPPA',78',44',F',',NAYAK',KOOLI',NO'
ALQ0010819',HONAPPA',VENKATAPPA',78',44',M',',NAYAK',KOOLI',NO'
MVJ1906882',LAKSHMINARAYANA',AVALAPPA',86',40',M',',KUMBA',SHEEP-FARMING',NO'
MVJ3567682',SUMITRAMMA',LAKSHMINARAYANAPPA',86',37',F',',KUMBA',HOUSE -WIFE',NO'
MVJ1907575',MOHAN KUMAR',K H HANUMANTHA RAO',92',46',M',',SHETBALAJIGA',KOOLI',NO'
MVJ3568094',PADMA',MURALIDARAYYA',92',43',F',',SHETBALAJIGA',KOOLI',NO'
ALQ0254862',MANJULA',K H MOHAN KUMAR',92',38',F',',SHETBALAJIGA',GARMENTS',NO'
ALQ3042652',HARISH KUMAR K M',MURALIDARAYYA',92',23',M',YES',SHETBALAJIGA',',NO'
ALQ2955805',ASHA RANI K M',MURALIDARAYYA',92',23',F',',SHETBALAJIGA',STUDENT',NO'
ALQ2649143',FHAIJUN B',MABUSABH',138',70',F',',MUSLIM',KOOLI',NO'
ALQ2649150',BABU KHAN',MABUBH KHAN',138',53',M',',MUSLIM',GAARE',NO'
ALQ1281492',DILSHAD ',BABU KHAN',138',47',F',',MUSLIM',KOOLI',NO'
ALQ2187839',MUNAVAR',MABUBH KHAN',138',44',M',',MUSLIM',KOOLI',NO'
MVJ1903681',SATHUR KHAN',MABUBH KHAN',138',38',M',',MUSLIM',FARMER',NO'
ALQ2033355',HUSSAIN  KHAN',MABUBH KHAN',138',35', M',',MUSLIM',AUTO-DRIVER',NO'
ALQ2208536',RESHMA ',MUNAVAR',138',35',F',',MUSLIM',KOOLI',NO'
ALQ2033520',REHAANA BANU',SATHUR KHAN',138',32',F',',MUSLIM',FARMER',NO'
ALQ2033512',MUJUMILA',HASSAIN KHAN',138',31',F',',MUSLIM',HOUSE -WIFE',NO'
ALQ2479319',AKRAM M',MABUBH KHAN',138',30',M',YES',MUSLIM',GUJURI',NO'
ALQ2033348',GHOUS PHIR',MABUBH KHAN',138',29',M',',MUSLIM',FARMER',NO'
ALQ3047362',NARJURNISA',AKRAM KHAN M',138',27',F',YES',MUSLIM',KOOLI',NO'
ALQ3218013',RESHMA BANU Y',GHOUS PHIR',138',23',F',',MUSLIM',KOOLI',NO'
MVJ1907211',PENNAYYA',DASAPPA',159',42',M',',ST',FLOWER-SELLER',NO'
ALQ2223394',RADHA R',PENNAYA',159',29',F',',ST',FLOWER-SELLER',NO'
ALQ2649465',ASHWATHAPPA',DODDA ANJINAPPA',169',62',M',',KURUBA',KOOLI',NO'
ALQ2649473',LAKSHMAMMA',ASHWATHAPPA',169',60',F',',KURUBA',HOUSE -WIFE',NO'
ALQ2106011',RAVI KUMAR A',ASHWATHAPPA',169',27',M',',KURUBA',POLICE-CONSTABLE',NO'
ALQ2649481',LAKSHMIPATHY ',KEMPANNA',170',53',M',',KURUBA',SHEEP-FARMING',NO'
ALQ1281799',LAKSHMAMMA',LAKSHMIPATHY',170',49',F',',KURUBA',KOOLI',NO'
ALQ2429595',HARISHA L',LAKSHMIPATHY',170',24',M',YES',KURUBA',',NO'
ALQ3204807',GIRISH L ',LAKSHMIPATHY',170',20',M',',KURUBA',HOUSE -WIFE',NO'
MVJ1906171',NANJUNDAPPA D',DHARMAYYA K V',191',43',M',',KURUBA',TRACTOR-DRIVER',NO'
ALQ2096154',B VINODHA',NANJUNDAPPA D',191',32',F',',KURUBA',FACTORY WORKER',NO'
ALQ2650075',PARVATHAMMA',ASHWATHAPPA',241',60',F',',SADRU',FARMER',NO'
MVJ1903947',SRINIVASA',ASHWATHAPPA',241',47',M',',SADRU',TRUCK-DRIVER',NO'
ALQ1830827',SAROJAMMA M',SRINIVASAPPA K A',241',46',F',',SADRU',KOOLI',NO'
ALQ2955789',K S SUNIL',SRINIVASA',241',22',M',YES',SADRU',PRIVATE JOB',NO'
ALQ2208361.',MUBHARAK',SABEER',283',35',M',',MUSLIM',KOOLI',NO'
ALQ2223402',RESHMA',MUBHARAK',283',29',F',',MUSLIM',KOOLI',NO'
ALQ2651826',ಶಿವಣ್ಣ',ಮೈಲಾರಪ್ಪ',0',65',ಗಂಡು',',SHETBALAJIGA',KOOLI',NO'
MVJ1905553',SHAKINABI',ಜಬ್ಬರ್ ಸಾಬ್',0',55',ಹೆಣ್ಣು',',MUSLIM',BEEDI',NO'
ALQ0011387',ಪ್ರಭಾವತಿ ಟಿ',ವೆಂಕಟೇಶ್ ಎನ್',0',',ಹೆಣ್ಣು',',KURUBA',HOUSE -WIFE',NO'
ALQ2974681',ಕೆಎಲ್ ಅಶ್ವತ್ಥನಾರಾಯಣ',ಕೆ ಎಲ್ ಲಕ್ಷ್ಮೀ ನಾರಾಯಣ',0',31',ಗಂಡು',',ST',AUTO-DRIVER',NO'
ALQ1831205',ಕೆ ಎನ್ ಯೋಗಾನಂದ',ನಾರಾಯಣಪ್ಪ',0',31',ಗಂಡು',',KURUBA',FLOWER-SELLER',NO'
ALQ2456283',ಸರೋಜ ಜಿ',ಶ್ರೀನಿವಾಸ ಕೆ ಎನ್',0',30',ಹೆಣ್ಣು',',SC',FACTORY WORKER',NO'
ALQ1831197',ಕೆ ಎನ್ ರವಿಕುಮಾರ್',ನಾರಾಯಣಪ್ಪ',0',29',ಗಂಡು',',KURUBA',KOOLI',NO'
ALQ2188050',ಗಂಗಾಧರ್',ಹನುಮಂತರಾಯ',0',28',ಗಂಡು',',SC',STUDENT',NO'
ALQ2188076',ನಂದಿನಿ',ಗಂಗಾಧರಪ್ಪ',0',27',ಹೆಣ್ಣು',YES',SC',KOOLI',NO'
ALQ3128634',ರಾಜೇಶ್\u200c ಹೆಚ್',ಹೊನ್ನಪ್ಪ',0',27',ಗಂಡು',',',',NO'
ALQ3090594',ಧನಲಕ್ಷ್ಮೀ ಸಿ',ಸುರೇಶ್ ಕೆ ಟಿ',0',26',ಹೆಣ್ಣು',',',',NO'
ALQ2187995',ನಂದಿನಿ',ರಮೇಶ',0',26',ಹೆಣ್ಣು',',SC',HOUSE -WIFE',NO'
ALQ2249191',ಗೀತಾ ಎಸ್ ಎನ್',ನರಸಿಂಹಮೂರ್ತಿ',0',25',ಹೆಣ್ಣು',',',',NO'
ALQ3204815',ರಾಧಾ ಎಸ್',ಸದಾಶಿವ ಟಿ ಗಂಡ',0',25',ಹೆಣ್ಣು',',',',NO'
ALQ2547453',ರಾಜೇಶ್ ಕೆ ಎಸ್',ನರಸಿಂಹಪ್ಪ',0',24',ಗಂಡು',',SC',CAR-DRIVER',NO'
ALQ2547446',ಶಿಲ್ಬ ಎಮ್ ವಿ',ವೆಂಕಟೇಶ ಕೆ ವಿ',0',23',ಹೆಣ್ಣು',',SC',HOUSE -WIFE',NO'
ALQ3090560',ರೂಪ',ಕೆ ಎಮ್ ಮಂಜು',0',22',ಹೆಣ್ಣು',',',',NO'
ALQ3224813',ಘಜಿಯಾಕೌಸರ್',ಮಹಮ್ಮದ ಮುಸವಿರ್',0',21',ಹೆಣ್ಣು',',',',NO'
ALQ3090545', ಕೆರಜಿತ',ಯೋಗಾನಂದ ಕೆ ಎನ್',0',20',ಹೆಣ್ಣು',',KURUBA',HOUSE -WIFE',NO'
ALQ3090552',ನಿತಿನ್ ರೆಡ್ಡಿ ಅರ್',ರಾಜಾರೆಡ್ಡಿ ಕೆ ಎನ್',0',20',ಗಂಡು',YES',REDDY',PRIVATE JOB',NO'
ALQ3175197',ಹರೀಶ ಎಸ್',ಸಂಜೀವರಾಯಪ',0',19',ಗಂಡು',',SC',CAR-DRIVER',NO'
ALQ3175452',ಮಾಬುಭಾಷ',ಬಾಬಾಜಾನ್',0',19',ಗಂಡು',',MUSLIM',STUDENT',NO'
ALQ3206588',ಮೇಘನ ಕೆಆರ್',ರಾಮಪ್ಪ ಕೆ ವಿ',0',19',ಹೆಣ್ಣು',',SADRU',STUDENT',NO'
ALQ2096071',ಸಂದೀಪ ಬಿ',ಬೊಮ್ಮಲಿಂಗಯ್ಯ',',27',ಗಂಡು',',NAYAK',FLOWER-SELLER',NO'
ALQ0616235',ನಾರಾಯಣಸ್ವಾಮಿ',ನಂಜಪ್ಪ',',34',ಗಂಡು',',SC',KOOLI',NO'
ALQ0010603',ಭಾಗ್ಯಮ್ಮ ಸಿ ಎ',ರಾಮಲಿಂಗಪ್ಪ ಜಿ',',34',ಹೆಣ್ಣು',',ST',HOUSE -WIFE',NO'
ALQ2187920',ನಾಗರತ್ನಮ್ಮ',ರಾಜಣ್ಣ',6',40',ಹೆಣ್ಣು',',LINGAYATH',KOOLI',NO'
ALQ3224441',ಗೋವಿಂದಪ್ಪ ಎಂಕೆ',ಕಾಳಯ್ಯ',1',20',ಗಂಡು',',SC',UNEMPLOYED',NO'
MVJ3567930',ಕೆ ವೈ ಲಕ್ಷ್ಮೀದೇವಿ',ರಾಮಾಂಜನಪ್ಪ',19',35',ಹೆಣ್ಣು',',ST',HOUSE -WIFE',NO'
ALQ2173011',ಗೋಪಾಲಮ್ಮ',ಕೃಷ್ಣಾರೆಡ್ಡಿ',20',46',ಹೆಣ್ಣು',',REDDY',HOUSE -WIFE',NO'
ALQ2547461',ಲೋಕೇಶ್ ಸಿ ಆರ್',ರಾಮಕೃಷ್ಣಯ್ಯ',20',37',ಗಂಡು',',REDDY',SOCIETY-WORKER',NO'
ALQ1280726',ಅಶ್ವತ್ಥಮ್ಮ',ಹನುಮಂತರಾಯಪ',22',63',ಹೆಣ್ಣು',',ST',HOUSE -WIFE',NO'
ALQ2650588',ಗಂಗಾಧರಪ್ಪ',ನರಸಿಂಹಪ್ಪ',22',53',ಗಂಡು',',ST',FARMER',NO'
ALQ2034122',ಶಶಿಕಳ',ನಾಗರಾಜು',25',35',ಹೆಣ್ಣು',',SC',HOUSE -WIFE',NO'
ALQ2034007',ಅರುಣ ಕುಮಾರ ಎನ್',ನರಸಿಂಹಪ್ಪ',28',31',ಗಂಡು',',SC',UNEMPLOYED',NO'
MVJ3567583',ಮಲ್ಲೇಶಪ್ಪ',ಗುಡ್ಡ ಲಿಂಗಪ್ಪ',32',65',ಗಂಡು',',SHETBALAJIGA',FARMER',NO'
ALQ2650596',ಲಕ್ಷ್ಮೀನರಸಮ್ಮ',ಮಲ್ಲೇಶಪ್ಪ',32',53',ಹೆಣ್ಣು',',SHETBALAJIGA',HOUSE -WIFE',NO'
ALQ2033777',ಚನ್ನಪ್ಪ',ಮೂಗಪ್ಪ',40',50',ಗಂಡು',',SC',GAARE',NO'
MVJ1904424',ಅಶ್ವತ್ಥಪ್ಪ ಇತರೆ ಸಂಬಂಧಿಯ',ವೆಂಕಟಸ್ವಾಮಿ',49',55',ಗಂಡು',',AGASARU',KOOLI',NO'
MVJ1904788',ಸರಸ್ವತಮ್ಮ',ಅಶ್ವತ್ಥಪ್ಪ',49',46',ಹೆಣ್ಣು',',AGASARU',HOUSE -WIFE',NO'
ALQ2397537',ವೆಂಕಟೇಶ್ ಎ',ಅಶ್ವತ್ಥಪ್ಪ',49',24',ಗಂಡು',',AGASARU',KOOLI',NO'
ALQ2992659',ತಾರ ಟಿ ಎಸ್',ಕೆ ಎನ್ ಜಗದೀಶ್',5ಬಿ',27',ಹೆಣ್ಣು',',',',NO'
ALQ2188142',ಭಾಗ್ಯಮ್ಮ',ಸಿದ್ದೇಶ',53',30',ಹೆಣ್ಣು',',SC',HOUSE -WIFE',NO'
ALQ2650612',ನಂದೀಶಯ್ಯ ಕೆ ವಿ',ಕೆಆರ್ ವೀರಭದ್ರಯ್ಯ',58',67',ಗಂಡು',',LINGAYATH',CYLINDER-WORKER',NO'
ALQ2650604',ಗಂಗಮ್ಮ',ಕೆ ವಿ ನಂದೀಶ್ವರಯ್ಯ',58',56',ಹೆಣ್ಣು',',LINGAYATH',HOUSE -WIFE',NO'
ALQ1280981',ಕೆ ಎನ್ ಜಗದೀಶ್',ಕೆ ವಿ ನಂದೀಶ್ವರಯ್ಯ',58',36',ಗಂಡು',',LINGAYATH',GOVT-TERACHER',NO'
MVJ3568235',ನಾಗರತ್ನಮ್ಮ',ಚೌಡಪ್ಪ',60',43',ಹೆಣ್ಣು',',REDDY',HOUSE -WIFE',NO'
ALQ3005402',ಶಶಿ ಕುಮಾರ್',ಚೌಡಪ್ಪ',60',27',ಗಂಡು',YES',REDDY',PRIVATE JOB',NO'
ALQ3005410',ರೇಖಾಸಿ',ಚೌಡಪ್ಪ',60',22',ಹೆಣ್ಣು',YES',REDDY',HOUSE -WIFE',NO'
ALQ2188043',ಕಾಂತರಾಜುಹೆಚ್',ಹನುಮಂತಪ್ಪ',61',27',ಗಂಡು',YES',SC',MARKETING',NO'
ALQ2992147',ನಂದಿನಿ ಎಸ್',ಕಾಂತರಾಜು ಹೆಚ್',61',27',ಹೆಣ್ಣು',YES',SC',NURSE',NO'
ALQ2282150',ದಿಲಿಪ ಕೆಜೆ',ಜಯಣ್ಣ',62',26',ಗಂಡು',',REDDY',PRIVATE JOB',NO'
ALQ2436491',ಎನ್ ವಿದ್ಯಾ',ಎನ್ ನವೀನ',65',33',ಹೆಣ್ಣು',YES',REDDY',',NO'
ALQ2187938',ರಾಜಣ್ಣ',ಸಿದ್ದಯ್ಯ',77',50',ಗಂಡು',',LINGAYATH',FARMER',NO'
ALQ3090354',ರೇಣುಕಾ ಕೆ ಆರ್',ರಾಜಶೇಖರಯ್ಯ',77',21',ಹೆಣ್ಣು',',LINGAYATH',STUDENT',NO'
ALQ2188084',ಅಂಬರೀಶ ಎನ್',ನರಸಪ್ಪ',80',27',ಗಂಡು',',SC',GP-MEMBER',NO'
ALQ2033868',ಗಂಗಾಧರಪ್ಪ',ಗಂಗಾಧರಪ್ಪ',85',51',ಗಂಡು',',SC',KOOLI',NO'
ALQ2650638',ಅಶ್ವತ್ತಪ್ಪ',ಹನುಮಂತರಾಯಪ್ಪ',92',65',ಗಂಡು',',SHETBALAJIGA',KOOLI',NO'
ALQ2650646',ತುಳಸಮ್ಮ',ಆಶ್ವತ್ತಪ್ಪ',92',55',ಹೆಣ್ಣು',',SHETBALAJIGA',HOUSE -WIFE',NO'
ALQ0253690',ರಘುರಾಮಯ್ಯ',ಅಶ್ವತ್ಥಪ್ಪ',92',41',ಗಂಡು',',SHETBALAJIGA',KOOLI',NO'
ALQ2203644',ತ್ರಿವೇಣಿ',ರಘುರಾಮಯ್ಯ',92',30',ಹೆಣ್ಣು',',SHETBALAJIGA',GARMENTS',NO'
ALQ1831114',ಕಾಂತಮ್ಮ ಎನ್',ಗಂಗರಾಜ್',140',35',ಹೆಣ್ಣು',',SC',FACTORY WORKER',NO'
ALQ2650679',ಲಕ್ಷ್ಮೀದೇವಮ್ಮ',ಆಶ್ವತ್ತಪ್ಪ',144',55',ಹೆಣ್ಣು',',ST',HOUSE -WIFE',NO'
ALQ2650653',ಕೃಷ್ಣಪ್ಪ',ಬೊಮ್ಮಯ್ಯ',144',47',ಗಂಡು',',ST',GP-MEMBER',NO'
MVJ1903756',ರಾಧಮ್ಮ',ಕೃಷ್ಣಪ್ಪ',144',36',ಹೆಣ್ಣು',',ST',HOUSE -WIFE',NO'
ALQ2397222',ನಾಗೇಶ ಕೆ',ಕೃಷ್ಣಪ್ಪ',144',24',ಗಂಡು',',ST',KOOLI',NO'
ALQ2376648',ಆನಂದ ಹೆಚ್',ಹನುಮಂತರಾಯಪ್ಪ',152',26',ಗಂಡು',',ST',KOOLI',NO'
ALQ2650695',ಲಕ್ಷ್ಮೀನಾರಾಯಣಪ್ಪ',ನರಸಿಂಹಪ್ಪ',160',60',ಗಂಡು',',ST',KOOLI',NO'
ALQ2650687',ಧಾನಮ್ಮ',ಲಕ್ಷ್ಮೀನಾರಾಯಣ',160',55',ಹೆಣ್ಣು',',ST',KOOLI',NO'
MVJ1904879',ನರಸಿಂಹ ಮೂರ್ತಿ',ಲಕ್ಷ್ಮೀ ನಾರಾಯಣಪ್ಪ',160',36',ಗಂಡು',',ST',AUTO-DRIVER',NO'
ALQ2033454',ಅನಿತಲಕ್ಷ್ಮಿ ವೈ ಎನ್',ನರಸಿಂಹಮೂರ್ತಿ',160',29',ಹೆಣ್ಣು',',ST',HOUSE -WIFE',NO'
ALQ2974954',ಸುಮಿತ್ರ ಎನ್',ಅಶ್ವತ್ಥನಾರಾಯಣ',160',22',ಹೆಣ್ಣು',',ST',HOUSE -WIFE',NO'
MVJ3963865',ರಾಮಕ್ಕೆ',ಗಂಗಪ್ಪ',161',60',ಹೆಣ್ಣು',',ST',HOUSE -WIFE',NO'
MVJ1906841',ಶಿವಮ್ಮ',ಗಂಗಪ್ಪ',161',38',ಹೆಣ್ಣು',',ST',FLOWER-SELLER\\',NO'
ALQ2116481',ಜಿ ನಾಗಭೂಷಣ ತಾಯಿಯ',ಲೇಟ್ ಗಂಗಪ್ಪ',161',31',ಗಂಡು',',ST',FLOWER-SELLER',NO'
ALQ2381481',ನಾಗಮಣಿ ಟಿ',ನಾಗಭೂಷಣ',161',29',ಹೆಣ್ಣು',',ST',HOUSE -WIFE',NO'
MVJ1905876',ಗಂಗಾಧರಪ್ಪ',ಬೀರಪ್ಪ',204',55',ಗಂಡು',',KURUBA',HOUSE -WIFE',NO'
MVJ1905736',ರತ್ನಮ್ಮ',ಗಂಗಾಧರಪ್ಪ',204',43',ಹೆಣ್ಣು',',KURUBA',HOUSE -WIFE',NO'
ALQ2436475',ಪುನೀತ್\u200c ರಾಜುಜಿ',ಗಂಗಾಧರಪ್ಪ',204',24',ಗಂಡು',',KURUBA',MOBILE-REPAIR',NO'
ALQ3063187',ದಿನೇಶ್ ಜಿ',ಗಂಗಾಧರಪ್ಪ',204',23',ಗಂಡು',YES',KURUBA',PRIVATE JOB',NO'
ALQ3084589',ನೇತನ್ ಕೆ',ಕೃಷ್ಣಪ್ಪ ಕೆ ಎಂ',207',27',ಗಂಡು',YES',KURUBA',',NO'
ALQ2650703',ಲಕ್ಷ್ಮಮ್ಮ',ಎಚ್ ವೆಂಕಟೇಶಪ್ಪ',210',64',ಹೆಣ್ಣು',',KURUBA',HOUSE -WIFE',NO'
ALQ1282086',ಕೆ ವಿ ಆನಂದಕುಮಾರ್',ಎಚ್ ವೆಂಕಟೇಶಪ್ಪ',210',47',ಗಂಡು',YES',KURUBA',FACTORY WORKER',NO'
MVJ1906049',ಕೆ ರಂಗಮ್ಮ',ಆನಂದಕುಮಾರ್',210',40',ಹೆಣ್ಣು',',KURUBA',FACTORY WORKER',NO'
MVJ1905538',ಶ್ರೀನಿವಾಸ ಕೆ ವಿ',ಹೆಚ್ ವೆಂಕಟೇಶಪ್ಪ',210',39',ಗಂಡು',',KURUBA',FACTORY WORKER',NO'
ALQ2547313',ಮಂಜುಳ ಬಿ',ಶ್ರೀನಿವಾಸ ಕೆವಿ',210',25',ಹೆಣ್ಣು',',KURUBA',FACTORY WORKER',NO'
ALQ3218138',ಗಗನ ಕೆ ಎ',ಅನಂದ ಕೆ ವಿ',210',20',ಹೆಣ್ಣು',',KURUBA',STUDENT',NO'
ALQ2993053',ಗೀತಮ್ಮ',ಜಿ ಗಂಗಾಧರಪ್ಪ',216',27',ಹೆಣ್ಣು',',SC',HOUSE -WIFE',NO'
ALQ2650729',ಮುದ್ದಪ್ಪ',ದಾಸಪ್ಪ',219',75',ಗಂಡು',',REDDY',AGED',NO'
ALQ2650711',ಗಂಗಮ್ಮ',ನರಸಿಂಹಪ್ಪ',219',53',ಹೆಣ್ಣು',',REDDY',KOOLI',NO'
ALQ2282135',ರವಿ ಎನ್',ಲೇಟ್ ನರಸಿಂಹರೆಡ್ಡಿ',219',34',ಗಂಡು',',REDDY',PRIVATE JOB',NO'
ALQ1830819',ಲಕ್ಷ್ಮೀ ಪತಿ',ಚಿಕ್ಕನರಸಿಂಹಪ್ಪ',222',47',ಗಂಡು',',REDDY',FARMER',NO'
MVJ3964574',ಸುಜಾತ',ಲಕ್ಷ್ಮೀಪತಿ',222',42',ಹೆಣ್ಣು',',REDDY',HOUSE -WIFE',NO'
ALQ2650737',ಪ್ರಭಾಕರ',ರಾಮಯ್ಯ',233',55',ಗಂಡು',',REDDY',KOOLI',NO'
MVJ3964954',ಕೆ ಹೆಚ್ ಗಂಗಾಧರಪ್ಪ',ಕೆ ಎಸ್ ಹನುಮಂತರಾಯಪ್ಪ',233',47',ಗಂಡು',',SHETBALAJIGA',KOOLI',NO'
MVJ3964970',ಕೆ ಹೆಚ್ ಶಾಂತಮ್ಮ',ಕೆ ಹೆಚ್ ಗಂಗಾಧರಂ',233',35',ಹೆಣ್ಣು',',DELETED',',NO'
MVJ1905215',ನಂಜುಂಡಪ್ಪ',ಕೆ ಟಿ ವೆಂಕಟೇಶಪ್ಪ',248',65',ಗಂಡು',',KURUBA',SHEEP-FARMING',NO'
ALQ2650760',ರಾಮಕ್ಕೆ',ನಂಜುಂಡಪ್ಪ',248',60',ಹೆಣ್ಣು',',KURUBA',HOUSE -WIFE',NO'
ALQ0254730',ವೆಂಕಟಶಾಮಿ',ಕೆ ಟಿ ವೆಂಕಟೇಶಪ್ಪ',248',57',ಗಂಡು',',KURUBA',FARMER',NO'
MVJ1905108',ರತ್ನಮ್ಮ',ವೆಂಕಟ ಶಾಮಿ',248',38',ಹೆಣ್ಣು',',KURUBA',HOUSE -WIFE',NO'
ALQ2381689',ವೆಂಕಟೇಶ ಎನ್',ನಂಜುಂಡಪ್ಪ',248',29',ಗಂಡು',',KURUBA',KOOLI',NO'
ALQ3026523',ಬ್ರಹ್ಮಯ್ಯ ಕೆ ಎನ್',ನಂಜುಂಡಪ್ಪ',248',21',ಗಂಡು',',KURUBA',KOOLI',NO'
ALQ3175585',ಆನಂದ ಕೆ ವಿ',ವೆಂಕಟಸ್ವಾಮಿ',248',19',ಗಂಡು',',KURUBA',KOOLI',NO'
MVJ1906411',ಕೆ ಎನ್ ನರಸಿಂಹಮೂರ್ತಿ',ಕೆ ಎಸ್ ನರಸಣ್ಣ',255',68',ಗಂಡು',',REDDY',RETAIRED-TEACHER',NO'
MVJ1907344',ಎಂಜೆ ವಿಮಲ',ಕೆ ಎನ್ ನರಸಿಂಹಮೂರ್ತಿ',255',60',ಹೆಣ್ಣು',',REDDY',HOUSE -WIFE',NO'
MVJ1903616',ಎನ್ ನವೀನ',ಕೆ ಎನ್ ನರಸಿಂಹಮೂರ್ತಿ',255',37',ಗಂಡು',YES',REDDY',ENGINEER',NO'
ALQ2650786',ಬಿ ನಾರಾಯಣಪ್ಪ',ಲೇಟ್ ಬೊಮ್ಮಯ',268',72',ಗಂಡು',',REDDY',SMALL-SHOP',NO'
ALQ2650778',ನರಸಮ್ಮ',ನಾರಾಯಣಪ್ಪ',268',55',ಹೆಣ್ಣು',',ST',HOUSE -WIFE',NO'
MVJ1905272',ಎನ್ ಚಂದ್ರಶೇಖರ್',ನಾರಾಯಣಪ್ಪ',268',39',ಗಂಡು',',ST',CAR-DRIVER',NO'
ALQ2282051',ಸವಿತ ಡಿ',ಎನ್ ಚಂದ್ರಶೇಖರ್',268',26',ಹೆಣ್ಣು',',ST',HOUSE -WIFE',NO'
ALQ2650802',ಓದಪ್ಪ',ರಾಮಚನ್ನಯ್ಯ',275',76',ಗಂಡು',',SADRU',KOOLI',NO'
ALQ2650794',ಸಿದ್ದಗಂಗಮ್ಮ',ಓದಪ್ಪ',275',63',ಹೆಣ್ಣು',',SADRU',HOUSE -WIFE',NO'
MVJ1905660',ರಾಮಲಿಂಗಪ್ಪ',ಓದಪ್ಪ',275',43',ಗಂಡು',',SADRU',KOOLI',NO'
MVJ1904135',ಕಾಂತಮ್ಮ',ಓದಪ್ಪ',275',41',ಹೆಣ್ಣು',',SADRU',',YES'
ALQ0254383',ಸುರೇಶ್',ಓದಪ್ಪ',275',36',ಗಂಡು',',SADRU',RAILWAY-WORKER',NO'
ALQ2033538',ಮಂಜುಳ ಸಿ',ಕೆ ಒರಾಮಲಿಂಗಪ್ಪ',275',29',ಹೆಣ್ಣು',',SADRU',FACTORY WORKER',NO'
ALQ1282508',ಆತವುಲ್ಲಾಸಾಬ್',ಫ\u200cದೀನ್ಸಾಬ',284',60',ಗಂಡು',',DELETED',',NO'
ALQ1282516',ಜಯನ್ನಾಬೀ',ಆತವುಲ್ಲಾಸಾಬ್',284',50',ಹೆಣ್ಣು',',MUSLIM',HOUSE -WIFE',NO'
ALQ3090701',ಪವಿತ್ರ ಕೆ',ಕೃಷ್ಣಪ್ಪ',293',23',ಹೆಣ್ಣು',',ST',STUDENT',NO'
ALQ3090693',ದಿವ್ಯಶ್ರೀ',ಕೃಷ್ಣಪ್ಪ',293',22',ಹೆಣ್ಣು',',ST',NURSE',NO'
ALQ2650810',ಸಾಕಮ್ಮ',ನಾರಾಯಣಪ್ಪ',302',75',ಹೆಣ್ಣು',',ST',HOUSE -WIFE',NO'
ALQ2650836',ಪಾರ್ವತಮ್ಮ',ಬೊಮ್ಮಲಿಂಗಪ್ಪ',302',55',ಹೆಣ್ಣು',',ST',HOUSE -WIFE',NO'
ALQ0011502',ಬ್ರಹ್ಮರತ್ನಯ್ಯ',ಸಂಜೀವಪ್ಪ',303',65',ಗಂಡು',',ST',KOOLI',NO'
ALQ0010595',ಯಶೋದಮ್ಮ',ಬ್ರಹ್ಮರತ್ನಯ್ಯ',303',55',ಹೆಣ್ಣು',',ST',KOOLI',NO'
ALQ2650844',ನಾರಾಯಣಸ್ವಾಮಿ',ಸಂಜೀವಪ್ಪ',303',50',ಗಂಡು',',ST',KOOLI',NO'
ALQ2650851',ರಾಮಾಂಜಿನಮ್ಮ',ನಾರಾಯಣಸ್ವಾಮಿ',303',45',ಹೆಣ್ಣು',',ST',KOOLI',NO'
MVJ1905348',ಆನಂದ',ಬ್ರಹ್ಮರತ್ನಯ್ಯ',303',36',ಗಂಡು',',ST',FACTORY WORKER',NO'
ALQ2173037',ಸುಕನ್ಯ ಬಿಜೆ',ಆನಂದ',303',31',ಹೆಣ್ಣು',',ST',FACTORY WORKER',NO'
ALQ2379170',ಶ್ರೀನಿವಾಸ ಎನ್',ನಾರಾಯಣಸ್ವಾಮ್',303',27',ಗಂಡು',YES',ST',PRIVATE JOB',NO'
ALQ3148061',ಕವಿತ ಎನ್',ನಾರಾಯಣಸ್ವಾಮಿ',303',21',ಹೆಣ್ಣು',',ST',NURSE',NO'
ALQ2650869',ಅಶ್ವತ್ತಪ್ಪ',ಸಂಜೀವಪ್ಪ',304',75',ಗಂಡು',',DELETED',',NO'
ALQ2650877',ರಾಮಾಂಜಿನಮ್ಮ',ಅಶ್ವತ್ತಪ್ಪ',304',69',ಹೆಣ್ಣು',',ST',HOUSE -WIFE',NO'
ALQ2650885',ರಾಮಾಂಜಿನಪ್ಪ',ಅಶ್ವತ್ತಪ್ಪ',304',44',ಗಂಡು',',ST',KOOLI',NO'
MVJ1903574',ಜಿ ರಾಮಲಿಂಗ',ಗಂಗಾಧರಪ್ಪ',304',40',ಗಂಡು',',ST',GRAM-SEVAKA',NO'
ALQ2034221',ಎನ್ ಅರುಣಮ್ಮ',ಶಂಕರಪ್ಪ',304',35',ಹೆಣ್ಣು',',ST',FACTORY WORKER',NO'
MVJ3963808',ಲಿಂಗಪ್ಪ',ನಂಜಪ್ಪ',305',75',ಗಂಡು',',ST',KOOLI',NO'
MVJ1903723',ಬ್ರಹ್ಮಶ',ಲಿಂಗಪ್ಪ',305',39',ಗಂಡು',',ST',KOOLI',NO'
ALQ2188035',ಮಂಜುಳ ಎಮ್ ಸಿ',ಬ್ರಹ್ಮಶ',305',25',ಹೆಣ್ಣು',',ST',KOOLI',NO'
ALQ2650893',ವೆಂಕಟಮ್ಮ',ಬೊಮ್ಮಲಿಂಗಪ್ಪ',306',70',ಹೆಣ್ಣು',',ST',KOOLI',NO'
ALQ1282961',ಬ್ರಹ್ಮ',ಬೊಮ್ಮಲಿಂಗಪ್ಪ',306',44',ಗಂಡು',',ST',KOOLI',NO'
MVJ1906486',ನಾಗರಾಜ',ಬೊಮ್ಮಲಿಂಗಪ್ಪ',306',36',ಗಂಡು',',ST',KOOLI',NO'
ALQ2344695',ಕವಿತ ಹೆಚ್',ಬ್ರಹ್ಮ',306',25',ಹೆಣ್ಣು',YES',ST',KOOLI',NO'
ALQ1282979',ಶ್ಯಾಮಲಮ್ಮ',ಚಿಕ್ಕಬೊಮ್ಮಲಿಂಗಪ್ಪ',307',73',ಹೆಣ್ಣು',',ST',KOOLI',NO'
MVJ3568169',ನ್ಯಾತಪ್ಪ',ಬೊಮ್ಮಯ್ಯ',307',68',ಗಂಡು',',ST',KOOLI',NO'
ALQ1282987',ಶಾರದಮ್ಮ',ನ್ಯಾತಪ್ಪ',307',58',ಹೆಣ್ಣು',',ST',HOUSE -WIFE',NO'
ALQ2173045',ಪ್ರಭಾಕರ ಕೆ ಎನ್',ನ್ಯಾತಪ್ಪ',307',40',ಗಂಡು',',ST',BMTC-DRIVER',NO'
MVJ1903707',ಬ್ರಹ್ಮರತ್ನಯ್ಯ',ಚಿಕ್ಕಬೊಮ್ಮಲಿಂಗ',307',36',ಗಂಡು',',ST',PRIVATE JOB',NO'
ALQ2480317',ರೇಣುಕಮ್ಮ',ಬ್ರಹ್ಮರತ್ನಯ್ಯ',307',27',ಹೆಣ್ಣು',',ST',PRIVATE JOB',NO'
ALQ3063211',ಮಾನಸ ಎಸ್',ಪ್ರಭಾಕರ ಕೆ ಎನ್',307',25',ಹೆಣ್ಣು',',ST',HOUSE -WIFE',NO'
ALQ2650901',ಪುಟ್ಟಮ್ಮ',ಚಿಕ್ಕರಂಗಪ್ಪ',308',63',ಹೆಣ್ಣು',YES',SC',KOOLI',YES'
ALQ2650919',ರಂಗಸ್ವಾಮಿ',ದೊಡ್ಡರಂಗಪ್ಪ',309',50',ಗಂಡು',',SC',KOOLI',NO'
ALQ0010975',ಜಿ ಗಂಗಮ್ಮ',ರಂಗಸ್ವಾಮಿ',309',40',ಹೆಣ್ಣು',',SC',FACTORY WORKER',NO'
ALQ0253187',ಆರ್ ಗಂಗಾಧರಪ್ಪ',ರಂಗಪ್ಪ',309',40',ಗಂಡು',',SC',CANTER-DRIVER',NO'
MVJ1904796',ರಂಗನಾಥ',ದೊಡ್ಡರಂಗಪ್ಪ',309',39',ಗಂಡು',',SC',AUTO-DRIVER',NO'
ALQ2492551',ಗಂಗರತ್ನಮ್ಮ ಎಸ್',ರಂಗನಾಥ',309',25',ಹೆಣ್ಣು',',SC',HOUSE -WIFE',NO'
MVJ3568292',ನಂಜಪ್ಪ',ಗಂಗಪ್ಪ',310',70',ಗಂಡು',',DELETED',',NO'
ALQ2650927',ಪಾರ್ವತಮ್ಮ',ನಂಜಪ್ಪ',310',55',ಹೆಣ್ಣು',',SC',HOUSE -WIFE',NO'
ALQ2650935',ನಂಜುಂಡಪ್ಪ',ನಂಜಪ್ಪ',310',45',ಗಂಡು',',SC',KOOLI',NO'
MVJ1905264',ಗಂಗಮ್ಮ',ನಂಜುಂಡಪ್ಪ',310',42',ಹೆಣ್ಣು',',SC',HOUSE -WIFE',NO'
ALQ0253849',ಕೆ ಎನ್ ಗಂಗಾಧರ',ನಂಜಪ್ಪ',310',38',ಗಂಡು',',SC',TREUCK-DRIVER',NO'
ALQ2547222',ಭಾಗ್ಯಮ್ಮ',ಗಂಗಾಧರ ಕೆ ಎನ್',310',33',ಹೆಣ್ಣು',',SC',HOUSE -WIFE',NO'
ALQ3042744',ರಾಮಕೃಷ್ಣ',ನಂಜುಂಡಪ್ಪ',310',21',ಗಂಡು',',SC',FACTORY WORKER',NO'
ALQ2650943',ಲಕ್ಷ್ಮೀನರಸಮ್ಮ',ಚಿಕ್ಕರಂಗಪ್ಪ',312',60',ಹೆಣ್ಣು',',SC',HOUSE -WIFE',NO'
ALQ3147832',ರೂಪಶ್ರೀ ಆರ್',ರಾಮಪ್ಪ',312',20',ಹೆಣ್ಣು',YES',SC',HOUSE -WIFE',NO'
ALQ2650950',ಲಿಂಗಮ್ಮ',ರಂಗಪ್ಪ',313',75',ಹೆಣ್ಣು',',SC',KOOLI',NO'
ALQ0011114',ಲಿಂಗಮ್ಮ',ರಂಗಪ್ಪ',313',65',ಹೆಣ್ಣು',',SC',KOOLI',NO'
ALQ1283001',ರಂಗನಾಥಪ್ಪ',ರಂಗಪ್ಪ',313',55',ಗಂಡು',',SC',FARMER',NO'
MVJ3568342',ಲಕ್ಷ್ಮಮ್ಮ',ರಂಗನಾಥಪ್ಪ',313',50',ಹೆಣ್ಣು',',SC',HOUSE -WIFE',NO'
ALQ2033769',ಗೋಪಣ್ಣ',ದೊಡ್ಡ ರಂಗಪ್ಪ',313',40',ಗಂಡು',YES',SC',KOOLI',NO'
ALQ2034064',ಆಶಾರಾಣಿ',ಗೋಪಣ್ಣ',313',33',ಹೆಣ್ಣು',YES',SC',KOOLI',NO'
ALQ2034080',ರೂಪ ಆರ್',ರಂಗನಾಥಪ್ಪ',313',30',ಹೆಣ್ಣು',YES',SC',',NO'
ALQ2381754',ಅಂಬರೀಶ ಆರ್',ರಂಗಪ್ಪ',313',26',ಗಂಡು',',SC',VAN-DRIVER',NO'
ALQ2974913',ಹರೀಶ್ ಆರ್',ರಂಗನಾಥ',313',25',ಗಂಡು',YES',SC',',NO'
ALQ3090511',ರಮ್ಯ',ರಂಗಪ್ಪ',313',20',ಹೆಣ್ಣು',',SC',STUDENT',NO'
ALQ0252486',ರಂಗನಾಥಪ್ಪ',ಲಕ್ಷ್ಮಪ್ಪ',314',47',ಗಂಡು',',SC',KOOLI',NO'
MVJ3568334',ನರಸಮ್ಮ',ರಂಗನಾಥಪ್ಪ',314',36',ಹೆಣ್ಣು',',SC',KOOLI',NO'
ALQ3042710',ರಾಜೇಶ ಆರ್',ರಂಗನಾಥಪ್ಪ',314',21',ಗಂಡು',',SC',KOOLI',NO'
ALQ2650968',ರಂಗನಾಥ',ಚಿಕ್ಕಗಂಗಪ್ಪ',315',65',ಗಂಡು',',SC',KOOLI',NO'
ALQ2650976',ಮದ್ದೂರಮ್ಮ',ರಂಗನಾಥಪ್ಪ',315',55',ಹೆಣ್ಣು',',SC',KOOLI',NO'
ALQ2188126',ಗಂಗಾಧರ ಅರ್',ರಂಗನಾಥಪ್ಪ',315',27',ಗಂಡು',',SC',UNEMEPLOYED',NO'
ALQ2547404',ಸುಬ್ರಮಣ್ಯ ಆರ್',ರಂಗನಾಥಪ್ಪ',315',25',ಗಂಡು',',SC',FACTORY WORKER',NO'
ALQ3128824',ಎಸ್ ನಿರ್ಮಲ',ಸುಬ್ರಮಣ್ಯ',315',21',ಹೆಣ್ಣು',',SC',HOUSE -WIFE',NO'
MVJ1906429',ಕಾಳಪ್ಪ',ದೊಡ್ಡರಂಗಪ್ಪ',316',75',ಗಂಡು',',SC',RAILWAY-WORKER',NO'
ALQ1283019',ಸಿದ್ದಗಂಗಮ್ಮ',ಕಾಳಪ್ಪ',316',66',ಹೆಣ್ಣು',',SC',HOUSE -WIFE',NO'
ALQ1283027',ರಂಗನಾಥಪ್ಪ',ದೊಡ್ಡರಂಗಪ್ಪ',316',65',ಗಂಡು',',SC',KOOLI',NO'
ALQ0011171',ಜಯಮ್ಮ',ರಂಗನಾಥಪ್ಪಡಿ',316',38',ಹೆಣ್ಣು',',SC',KOOLI',NO'
ALQ2381911',ಹರೀಶ ಆರ್',ರಂಗನಾಥಪ್ಪ',316',31',ಗಂಡು',',SC',AUTO-DRIVER',NO'
ALQ2547420',ಗಾಯಿತ್ರಿ ಕೆಸಿ',ಹರೀಶ್ ಕೆ ಆರ್',316',25',ಹೆಣ್ಣು',',SC',HOUSE -WIFE',NO'
ALQ2381614',ಕುಮಾರ ಸ್ವಾಮಿ',ಕಾಳಪ್ಪ',316',25',ಗಂಡು',YES',SC',RAILWAY-WORKER',NO'
ALQ2033843',ಲಕ್ಷ್ಮೀನಾರಾಯಣ ಆರ್',ರಂಗಪ್ಪ',317',29',ಗಂಡು',',SC',VAN-DRIVER',NO'
ALQ1283035',ಚಿಕ್ಕರಂಗಪ್ಪ',ಚಿಕ್ಕರಂಗಪ್ಪ',318',65',ಗಂಡು',',SC',KOOLI',NO'
ALQ1283043',ರತ್ನಮ್ಮ',ಚಿಕ್ಕರಂಗಪ್ಪ',318',55',ಹೆಣ್ಣು',',SC',KOOLI',NO'
ALQ2985786',ಮಾರುತಿ ಸಿ',ಚಿಕ್ಕರಂಗಪ್ಪ',318',22',ಗಂಡು',',SC',KOOLI',NO'
ALQ2650984',ಗಂಗಪ್ಪ',ದೊಡ್ಡಗೊಣ್ಣಪ್ಪ',319',75',ಗಂಡು',',SC',KOOLI',NO'
ALQ2650992',ನರಸಮ್ಮ',ಗಂಗಪ್ಪ',319',65',ಹೆಣ್ಣು',',SC',KOOLI',NO'
ALQ2188001',ಪದ್ಮಜಿ',ಗಂಗಪ್ಪ',319',28',ಹೆಣ್ಣು',',SC',KOOLI',NO'
ALQ2282010',ರಾಜುಜಿ',ಗಂಗಪ್ಪ',319',25',ಗಂಡು',',SC',PVT-TEACHER',NO'
ALQ2651008',ಗಂಗಮ್ಮ',ದೊಡ್ಡಗೊಟ್ಲಪ್ಪ',320',85',ಹೆಣ್ಣು',',SC',KOOLI',NO'
ALQ2651016',ಕೆ ಜಿ ಗಂಗಾಧರಪ್ಪ',ದೊಡ್ಡಗೊಜ್ಜಪ್ಪ',320',61',ಗಂಡು',',SC',KOOLI',NO'
ALQ2974939',ನ್ಯಾತಗಂಗಪ್ಪ',ದೊಡ್ಡಗೊರ್ಲಪ್ಪ',320',52',ಗಂಡು',',DELETED',',NO'
MVJ1907641',ಚಿಕ್ಕರಂಗಪ್ಪ',ದೊಡ್ಡಗೊಜ್ಜಪ್ಪ',320',45',ಗಂಡು',',SC',TREUCK-DRIVER',NO'
ALQ0011163',ಸರಸ್ವತಮ್ಮ',ಚಿಕ್ಕರಂಗಪ್ಪ',320',33',ಹೆಣ್ಣು',',SC',HOUSE -WIFE',NO'
ALQ2547396',ಶಶಿಕುಮಾರ್ ಜಿ',ಗಂಗಾಧರಪ್ಪ',320',26',ಗಂಡು',',SC',TRUCK-DRIVER',NO'
ALQ2547388',ರಾಘವೇಂದ್ರ ಜಿ',ಗಂಗಾಧರಪ್ಪ',320',23',ಗಂಡು',',SC',TRUCK-DRIVER',NO'
ALQ2651024',ರಾಮಾಂಜಿನಮ್ಮ',ಪಾಪನ್ನ',321',50',ಹೆಣ್ಣು',',SC',HOUSE -WIFE',NO'
ALQ2569572',ಅಶ್ವತ್ಥನಾರಾಯಣ',ಪಾಪಣ್ಣ',321',29',ಗಂಡು',',SC',CAR-DRIVER',NO'
ALQ2569564',ಗಾಯಿತ್ರಿ ಜಿ',ಅಶ್ವತ್ಥನಾರಾಯಣ',321',27',ಹೆಣ್ಣು',',SC',HOUSE -WIFE',NO'
ALQ1280833',ಮಂಜು ಕೆ ಎಂ',ಮಲ್ಲೇಶಪ್ಪ',32/1',35',ಗಂಡು',',SHETBALAJIGA',PRIVATE JOB',NO'
MVJ3964020',ಗಂಗಮ್ಮ',ಯಪ್ಪ',322',75',ಹೆಣ್ಣು',',SC',HOUSE -WIFE',NO'
MVJ1903848',ಹನುಮಂತರಾಯಪ್ಪ',ಯಪ್ಪ',322',59',ಗಂಡು',',SC',TRACTOR-DRIVER',NO'
MVJ1904713',ಜಯಮ್ಮ',ಹನುಮಂತರಾಯಪ್ಪ',322',50',ಹೆಣ್ಣು',',SC',HOUSE -WIFE',NO'
MVJ1906155',ನಂಜುಂಡಪ್ಪ',ಯಪ್ಪ',322',50',ಗಂಡು',',DELETED',',NO'
ALQ1283068',ಗೌರಮ್ಮ',ನಂಜುಂಡಪ್ಪ',322',43',ಹೆಣ್ಣು',',SC',HOUSE -WIFE',NO'
MVJ1904192',ರಾಮಾಂಜಿನಪ್ಪ',ಯಪ್ಪ',322',43',ಗಂಡು',',SC',CAR-DRIVER',NO'
ALQ2188027',ಕಾಂತಮ್ಮ',ರಾಮಾಂಜಿನಪ್ಪ',322',36',ಹೆಣ್ಣು',',SC',FACTORY WORKER',NO'
ALQ0011197',ಕಾಂತಮ್ಮ',ರಾಮಚಂದ್ರಪ್ಪ',322',34',ಹೆಣ್ಣು',REPEATED',SC',',NO'
ALQ3026556',ಅಶ್ವತ್ಥನಾರಾಯಣ ಕೆ ಎನ್',ನಂಜುಂಡಪ್ಪ',322',22',ಗಂಡು',',SC',CAR-DRIVER',NO'
ALQ3219995',ರಾಧಿಕ ಕೆ ಆರ್',ಅಶ್ವತ್ಥನಾರಾಯಣ ಕೆ ಎನ್',322',19',ಹೆಣ್ಣು',',SC',STUDENT',NO'
ALQ2651040',ನರಸಿಂಹಮೂರ್ತಿ',ತಿಮ್ಮಪ್ಪ',323',53',ಗಂಡು',',SC',FARMER',NO'
MVJ1907567',ನಾರಾಯಣಪ್ಪ',ತಿಮ್ಮಪ್ಪ',323',47',ಗಂಡು',YES',SC',CAR-DRIVER',NO'
ALQ1283076',ಚಿಕ್ಕ ನರಸಮ್ಮ',ನರಸಿಂಹಮೂರ್ತಿ',323',45',ಹೆಣ್ಣು',',SC',KOOLI',NO'
ALQ0011130',ಅಶ್ವತ್ಥಮ್ಮ',ನಾರಾಯಣಪ್ಪ',323',33',ಹೆಣ್ಣು',YES',SC',KOOLI',NO'
ALQ2547438',ಗಂಗರಾಜು',ನರಸಿಂಹಮೂರ್ತಿ',323',24',ಗಂಡು',YES',SC',WARD-BOY',NO'
ALQ2651057',ವೆಂಕಟರವಣಪ್ಪ',ತಿಮ್ಮಪ್ಪ',324',70',ಗಂಡು',',SC',KOOLI',NO'
ALQ2651065',ರತ್ನಮ್ಮ',ವೆಂಕಟರವಣಪ್ಪ',324',55',ಹೆಣ್ಣು',',SC',KOOLI',NO'
ALQ2188167',ವೆಂಕಟೇಶ ಕೆ ವಿ',ವೆಂಕಟರವಣಪ್ಪ',324',34',ಗಂಡು',',SC',STREET-SELLER',NO'
ALQ2188159',ಗಂಗರಾಜುಕೆ ವಿ',ವೆಂಕಟರಮಣಪ್ಪ',324',27',ಗಂಡು',',SC',KOOLI',NO'
ALQ2651073',ಗಂಗಪ್ಪ',ಪಿಟಕಿ ರಾಮಪ್ಪ',325',70',ಗಂಡು',',SC',KOOLI',NO'
ALQ2651081',ಶಾಂತಮ್ಮ',ಗಂಗಪ್ಪ',325',45',ಹೆಣ್ಣು',',SC',KOOLI',NO'
MVJ3964822',ವೆಂಕಟೇಶ್',ಗಂಗಪ್ಪ',325',40',ಗಂಡು',',SC',AUTO-DRIVER,GAARE'
ALQ0011957',ವರಲಕ್ಷ್ಮಿ',ವೆಂಕಟೇಶ್',325',36',ಹೆಣ್ಣು',',SC',HOUSE -WIFE',NO'
ALQ0251520',ಜಿ ರಮೇಶ್',ಗಂಗಪ್ಪ',325',35',ಗಂಡು',',SC',KSRTC-DRIVER',NO'
ALQ2282044',ಛಾಯಾದೇವಿ',ಶಂಕರಪ್ಪ ಜಿ',326',28',ಹೆಣ್ಣು',',SC',FACTORY WORKER',NO'
ALQ2187953',ಜಿ ಶಂಕರಪ್ಪ',ಗಂಗಧರಪ್ಪ',326',28',ಗಂಡು',',SC',TRUCK-DRIVER',NO'
ALQ2651099',ನರಸಪ್ಪ',ಪಿಟಿಕಿ ರಾಮಪ್ಪ',327',55',ಗಂಡು',',SC',KOOLI',NO'
ALQ1283092',ಲಕ್ಷ್ಮಮ್ಮ',ನರಸಪ್ಪ',327',45',ಹೆಣ್ಣು',',SC',KOOLI',NO'
ALQ2651107',ಗಂಗರತ್ನಮ್ಮ',ಜಿ ಬಾಲಪ್ಪ',328',55',ಹೆಣ್ಣು',',DELETED',',NO'
ALQ2034072',ಗಾಯಿತ್ರಿ ಬಿ',ಬಾಲಪ್ಪ',328',30',ಹೆಣ್ಣು',',SC',KOOLI',YES'
ALQ2651115',ವೆಂಕಟಪ್ಪ',ಗಂಗಪ್ಪ',329',95',ಗಂಡು',',SC',AGED',NO'
ALQ2651123',ಲಕ್ಷ್ಮಮ್ಮ',ವೆಂಕಟಪ್ಪ',329',85',ಹೆಣ್ಣು',',SC',KOOLI',NO'
ALQ2651131',ವೆಂಕಟೇಶಪ್ಪ',ವೆಂಕಟಪ್ಪ',329',50',ಗಂಡು',',SC',GAARE',NO'
MVJ3964301',ಲಿಂಗಮ್ಮ',ವೆಂಕಟೇಶ್',329',40',ಹೆಣ್ಣು',',SC',KOOLI',NO'
ALQ2992378',ವಿಜಯ್ ಕುಮಾರ್',ವೆಂಕಟೇಶಪ್ಪ',329',23',ಗಂಡು',',SC',CAR-DRIVER',NO'
ALQ3128618',ವಿಜಯಕಮಲ ವಿ',ವೆಂಕಟೇಶ',329',20',ಹೆಣ್ಣು',',SC',HOUSE -WIFE',NO'
ALQ2651149',ನಂಜುಂಡಪ್ಪ',ಚಿಕ್ಕಗೊಟ್ಲಪ್ಪ',331',50',ಗಂಡು',',SC',KOOLI',NO'
ALQ2651156',ರತ್ನಮ್ಮ',ನಂಜುಂಡಪ್ಪ',331',45',ಹೆಣ್ಣು',',SC',KOOLI',NO'
ALQ2974863',ಸುರೇಶ ಎನ್',ನಂಜುಂಡಪ್ಪ',331',26',ಗಂಡು',',SC',KOOLI',NO'
ALQ3026572',ಸುನಿತ ಎನ್',ನಂಜುಂಡಪ್ಪ',331',22',ಹೆಣ್ಣು',',SC',KOOLI',NO'
ALQ2651164',ಕಾಳಪ್ಪ',ಚಿಕ್ಕಗೊಣ್ಣಪ್ಪ',332',60',ಗಂಡು',',SC',KOOLI',NO'
ALQ2651172',ರಂಗಮ್ಮ',ಕಾಳಪ್ಪ',332',55',ಹೆಣ್ಣು',',SC',KOOLI',NO'
MVJ1904127',ನಾಗರಾಜ',ಗಂಗಪ್ಪ',332',38',ಗಂಡು',',SC',TRUCK-DRIVER',NO'
MVJ1906353',ರವಿ',ಕಾಳಪ್ಪ',332',36',ಗಂಡು',YES',SC',GAARE',NO'
ALQ2282036',ರಾಜುಕೆ',ಕಾಳಪ್ಪ',332',25',ಗಂಡು',YES',SC',PRIVATE JOB',NO'
ALQ2974947',ರಂಗನಾಥ ಕೆ',ಕಾಳಪ್ಪ',332',25',ಗಂಡು',',SC',FACTORY WORKER',NO'
ALQ2992667',ಕಾಂತರಾಜುಕೆ',ಕಾಳಪ್ಪ',332',22',ಗಂಡು',',SC',GAARE',NO'
MVJ1904226',ಗಂಗಪ್ಪ',ಗುಡ್ಡರಂಗಪ್ಪ',333',75',ಗಂಡು',',DELETED',',NO'
MVJ1904549',ಆಂಜಿನಮ್ಮ',ಗಂಗಪ್ಪ',333',60',ಹೆಣ್ಣು',',SC',KOOLI',NO'
ALQ2034163',ನರಸಮ್ಮ',ಗಂಗಾಧರಪ್ಪ',333',45',ಹೆಣ್ಣು',',SC',KOOLI',NO'
ALQ2292688',ರಂಗನಾಥ',ಗಂಗಪ್ಪ',334',50',ಗಂಡು',',SC',KOOLI',NO'
ALQ2651180',ಗಂಗಾಧರಪ್ಪ',ಗಂಗಪ್ಪ',334',45',ಗಂಡು',',SC',FARMER',NO'
MVJ1905074',ಮುದ್ದಮ್ಮ',ರಂಗನಾಥಪ್ಪ',334',45',ಹೆಣ್ಣು',',SC',FARMER',NO'
MVJ1905058',ಅಶ್ವತ್ಥಮ್ಮ',ಗಂಗಾಧರಪ್ಪ',334',40',ಹೆಣ್ಣು',',SC',HOUSE -WIFE',NO'
ALQ2992386',ರಮೇಶ್ ಜಿ',ಗಂಗಾಧರಪ್ಪ',334',22',ಗಂಡು',',SC',STUDENT',NO'
ALQ2651214',ಪುಟ್ಟಪ್ಪ',ನರಸಿಂಹಪ್ಪ',335',50',ಗಂಡು',',SC',KOOLI',NO'
ALQ2033900',ನರಸಿಂಹಮೂರ್ತಿ',ನರಸಿಂಹಪ್ಪ',335',48',ಗಂಡು',',SC',KOOLI',NO'
ALQ1283134',ಗಂಗಮ್ಮ',ಪುಟ್ಟಪ್ಪ',335',45',ಹೆಣ್ಣು',',SC',KOOLI',NO'
ALQ1283126',ಸುಜಾತಮ್ಮ',ನರಸಿಂಹಪ್ಪ',335',45',ಹೆಣ್ಣು',',SC',KOOLI',NO'
MVJ1904176',ನಾರಾಯಣಪ್ಪ',ನರಸಿಂಹಪ್ಪ',335',40',ಗಂಡು',',SC',CAR-DRIVER',NO'
ALQ2034171',ಬಾಲಮ್ಮ',ನರಸಿಂಹಮೂರ್ತಿ',335',35',ಹೆಣ್ಣು',',SC',KOOLI',NO'
ALQ1283142',ಲಕ್ಷ್ಮಮ್ಮ',ವೆಂಕಟಪ್ಪ',337',75',ಹೆಣ್ಣು',',SC',AGED',NO'
ALQ2651248',ಲಿಂಗಮ್ಮ',ಸಿದ್ದಪ್ಪ',337',51',ಹೆಣ್ಣು',',SC',KOOLI',NO'
MVJ1905843',ಹನುಮಕ್ಕ',ಕಾಳಪ್ಪ',337',40',ಹೆಣ್ಣು',',SC',KOOLI',NO'
ALQ2480309',ಸಿದ್ದಲಿಂಗಪ್ಪ',ಸಿದ್ದಪ್ಪ',337',26',ಗಂಡು',',SC',TRUCK-DRIVER',NO'
ALQ2651255',ಗಂಗಮ್ಮ',ಗಂಗಪ್ಪ',338',85',ಹೆಣ್ಣು',',SC',AGED',NO'
ALQ3205093',ಗಂಗಮ್ಮ',ಗಂಗಪ್ಪ ಗಂಡ',338',65',ಹೆಣ್ಣು',',SC',AGED',NO'
MVJ1905231',ಗಂಗಾಧರಪ್ಪ',ಗಂಗಪ್ಪ',338',49',ಗಂಡು',',SC',FARMER',NO'
MVJ1907450',ಲಕ್ಷ್ಮಮ್ಮ',ನಂಜುಂಡಪ್ಪ',338',47',ಹೆಣ್ಣು',YES',SC',KOOLI',NO'
ALQ1283175',ನರಸಮ್ಮ',ನಂಜುಂಡಪ್ಪ',338',40',ಹೆಣ್ಣು',YES',SC',KOOLI',NO'
ALQ1283183',ನರಸಮ್ಮ',ಕೆಂಪಣ್ಣ',339',75',ಹೆಣ್ಣು',',SC',AGED',NO'
ALQ2651263',ಕದಿರಮ್ಮ',ಚಿಕ್ಕರಂಗಪ್ಪ',340',70',ಹೆಣ್ಣು',',SC',AGED',NO'
MVJ1907674',ಗಂಗರಾಜ್ ತಾಯಿಯ',ಕದಿರಮ್ಮ',340',40',ಗಂಡು',',SC',KOOLI',NO'
ALQ1283191',ಗಂಗಮ್ಮ',ದೊಡ್ಡ ಕೂದ್ಲಪ್ಪ',341',75',ಹೆಣ್ಣು',',SC',AGED',NO'
ALQ1283209',ಗಂಗಾಧರಪ್ಪ',ರಂಗಪ್ಪ',341',50',ಗಂಡು',',SC',KOOLI',NO'
MVJ1905066',ಗಂಗಮ್ಮ',ಗಂಗಾಧರಪ್ಪ',341',40',ಹೆಣ್ಣು',',SC',HOUSE -WIFE',NO'
ALQ1283217',ಮರಿಯಪ್ಪ',ನಂಜಪ್ಪ',342',80',ಗಂಡು',',SC',KOOLI',NO'
MVJ3568375',ಲಕ್ಷ್ಮಮ್ಮ',ಮರಿಯಪ್ಪ',342',75',ಹೆಣ್ಣು',',SC',KOOLI',NO'
MVJ1905447',ನಂದೀಶ',ಮರಿಯಪ್ಪ',342',38',ಗಂಡು',',SC',PRIVATE JOB',NO'
ALQ2033934',ಸತೀಶ್ ಎಂ',ಮರಿಯಪ್ಪ',342',33',ಗಂಡು',',SC',KOOLI',NO'
ALQ2187961',ಪಾರ್ವತಮ್ಮ',ಸತೀಶ್ ಎಮ್',342',29',ಹೆಣ್ಣು',',SC',KOOLI',NO'
ALQ2547289',ಕೆಹೆಚ್ ನೇತ್ರಾವತಿ',ನಂದೀಶ',342',24',ಹೆಣ್ಣು',',SC',HOUSE -WIFE',NO'
ALQ2651271',ನಂಜಪ್ಪ',ಕೋಟೆ ನಂಜಪ್ಪ',343',75',ಗಂಡು',',SC',AGED',NO'
MVJ3568300',ನಾಗರಾಜ',ನಂಜಪ್ಪ',343',42',ಗಂಡು',YES',SC',PRIVATE JOB',NO'
MVJ3568318',ಗಂಗರತ್ನಮ್ಮ',ನಾಗರಾಜ',343',37',ಹೆಣ್ಣು',',SC',HOUSE -WIFE',NO'
ALQ0011312',ಕೆ ಎನ್ ಮಂಜುನಾಥ',ನಂಜಪ್ಪ',343',31',ಗಂಡು',',SC',MOBILE-SHOP',NO'
ALQ2187912',ನಂಜುಂಡಪ್ಪ',ನಂಜಪ್ಪ',345',48',ಗಂಡು',',SC',KOOLI',NO'
ALQ2188092',ನಂಜುಂಡಪ್ಪ',ನಾಗಪ್ಪ',345',44',ಗಂಡು',',SC',KOOLI',NO'
MVJ3964236',ಪುಪ್ಪ',ನಂಜುಂಡಪ್ಪ',345',35',ಹೆಣ್ಣು',',SC',KOOLI',NO'
ALQ2188118',ಗಂಗಮ್ಮ',ನಂಜುಂಡಪ್ಪ',345',34',ಹೆಣ್ಣು',',SC',KOOLI',NO'
ALQ2476034',ನೇತ್ರಾವತಿ ಎನ್',ರಾಮಕೃಷ್ಣ',345',29',ಹೆಣ್ಣು',',SC',TAILOR',NO'
ALQ2476026',ಗೀತಾಂಜಲಿ',ನಂಜುಂಡಪ್ಪ',345',26',ಹೆಣ್ಣು',',SC',TAILOR',NO'
ALQ2492577',ರಾಮಕೃಷ್ಣ',ವೆಂಕಟರವಣಪ್ಪ',345',24',ಗಂಡು',',SC',KOOLI',NO'
ALQ3063161',ನರೇಂದ್ರ ಬಾಬು ಎನ್',ನಂಜುಂಡಪ್ಪ',345',24',ಗಂಡು',',SC',KOOLI',NO'
ALQ3063179',ರಾಮಕೃಷ್ಣ',ನಂಜುಂಡಪ್ಪ',345',22',ಗಂಡು',REPEATED',SC',',NO'
ALQ2651289',ಗಂಗಮ್ಮ',ನಂಜಪ್ಪ',346',75',ಹೆಣ್ಣು',',SC',AGED',NO'
ALQ2651297',ನಂಜುಂಡಪ್ಪ',ನಂಜಪ್ಪ',346',50',ಗಂಡು',',SC',KOOLI',NO'
ALQ2651305',ಕದಿರಮ್ಮ',ನಂಜುಂಡಪ್ಪ',346',45',ಹೆಣ್ಣು',',SC',KOOLI',NO'
ALQ2974962',ಪುಟ್ಟನಂಜಮ್ಮ',ನಂಜುಂಡಪ್ಪ',346',26',ಹೆಣ್ಣು',',SC',KOOLI',NO'
ALQ1283233',ದುರ್ಗಮ್ಮ',ನ್ಯಾತಪ್ಪ',347',65',ಹೆಣ್ಣು',',DELETED',',NO'
ALQ2651313',ಹನುಮಂತರಾಯಪ್ಪ',ನ್ಯಾತಪ್ಪ',347',51',ಗಂಡು',',SC',KOOLI',NO'
ALQ3042736',ಕೆಹೆಚ್ ನಾಗರಾಜ',ಹನುಮಂತರಾಯಪ್ಪ',347',21',ಗಂಡು',',SC',KOOLI',NO'
ALQ1283241',ನರಸಿಂಹಪ್ಪ',ಯಪ್ಪ',348',50',ಗಂಡು',',DELETED',',NO'
MVJ1906098',ಆಂಜಿನಮ್ಮ',ನರಸಿಂಹಪ್ಪ',348',45',ಹೆಣ್ಣು',',SC',KOOLI',NO'
MVJ1905728',ಹನುಮಕ್ಕ',ನಂಜಪ್ಪ',349',78',ಹೆಣ್ಣು',',SC',SMALL-SHOP',NO'
MVJ1904952',ನಂಜಪ್ಪ',ಗಂಗಪ್ಪ',349',73',ಗಂಡು',',SC',RETAIRED-GOVT-WORKER',NO'
ALQ2033918',ಗಂಗಪ್ಪ',ಗಂಗಪ್ಪ',349',46',ಗಂಡು',',SC',KOOLI',NO'
MVJ1904945',ನಂಜುಡಪ್ಪ',ನಂಜಪ್ಪ',349',41',ಗಂಡು',',SC',KOOLI',NO'
MVJ3568409',ಬಾಲಮ್ಮ',ಗಂಗಪ್ಪ',349',40',ಹೆಣ್ಣು',',SC',KOOLI',NO'
MVJ1904861',ಶ್ರೀನಿವಾಸ',ನಂಜಪ್ಪ',349',38',ಗಂಡು',',SC',KOOLI',NO'
MVJ1907112',ಗಂಗಪ್ಪ',ನಂಜಪ್ಪ',349',37',ಗಂಡು',',SC',BMTC-DRIVER',NO'
ALQ2974921',ಗಂಗಾದೇವಿ ಜಿ',ಗಂಗಪ್ಪ ಎನ್',349',33',ಹೆಣ್ಣು',',SC',PVT-TEACHER',NO'
ALQ3039567',ನಂದೀಶ್ ಜಿ',ಗಂಗಪ್ಪ',349',21',ಗಂಡು',',DELETED',',NO'
ALQ2651339',ಚೆಕ್ಕಯ್ಯಪ್ಪ',ನಂಜಪ್ಪ',350',75',ಗಂಡು',',SC',AGED',NO'
MVJ3568367',ಗಂಗಮ್ಮ',ಗಂಗಾಧರಪ್ಪ',350',43',ಹೆಣ್ಣು',',SC',KOOLI',NO'
MVJ1906163',ನಾರಾಯಣ',ಚಿಕ್ಕಾಯಪ್ಪ',350',36',ಗಂಡು',',SC',KOOLI',NO'
ALQ1283258',ನಿರ್ಮಲ',ನಾರಾಯಣ',350',33',ಹೆಣ್ಣು',',SC',KOOLI',NO'
ALQ2651347',ನಂಜುಂಡಪ್ಪ',ಚಿಕ್ಕಯ್ಯಪ್ಪ',351',57',ಗಂಡು',',SC',KOOLI',NO'
MVJ1905421',ಆಂಜಿನಮ್ಮ',ನಂಜುಂಡಪ್ಪ',351',50',ಹೆಣ್ಣು',',SC',KOOLI',NO'
ALQ3148079',ನಂದಿನಿ ಎನ್',ನಂಜುಂಡಪ್ಪ',351',21',ಹೆಣ್ಣು',',SC',FACTORY WORKER',NO'
MVJ3568383',ಗಂಗಾಧರಪ್ಪ',ಗಂಗಪ್ಪ',352',50',ಗಂಡು',',SC',SHEEP-FARMING',NO'
MVJ1906106',ಗಂಗಮ್ಮ',ಗಂಗಾಧರಪ್ಪ',352',46',ಹೆಣ್ಣು',REPEATED',SC',',NO'
ALQ2436483',ಶಿವಕುಮಾರ್ ಜಿ',ಗಂಗಾಧರಪ್ಪ',352',24',ಗಂಡು',',SC',PRIVATE JOB',NO'
ALQ2651354',ನಾಗಮ್ಮ',ಬೇಡಪ್ಪ',353',75',ಹೆಣ್ಣು',',SC',AGED',NO'
ALQ2651362',ನಂಜುಂಡಪ್ಪ',ಬೇಡಪ್ಪ',353',53',ಗಂಡು',',SC',KOOLI',NO'
MVJ1904333',ಬಾಬಕ್ಕ',ನಂಜುಂಡಪ್ಪ',353',43',ಹೆಣ್ಣು',',SC',KOOLI',YES'
ALQ3026564',ಮಂಜುನಾಥ ಕೆ ಎನ್',ನಂಜುಂಡಪ್ಪ',353',31',ಗಂಡು',',SC',PVT-LECTURER',NO'
ALQ2651370',ಕಾಳಮ್ಮ',ಸಂಜೀವಪ್ಪ',354',73',ಹೆಣ್ಣು',',DELETED',',NO'
ALQ2651388',ಸಂಜೀವಯ್ಯ',ಸಂಜೀವಪ್ಪ',354',55',ಗಂಡು',',SC',KOOLI',NO'
ALQ1283266',ಮಂಜಮ್ಮ',ಸಂಜೀವಯ್ಯ',354',45',ಹೆಣ್ಣು',',SC',KOOLI',NO'
ALQ2188134',ಅಶೋಕ ಎಸ್',ಸಂಜೀವಪ್ಪ',354',26',ಗಂಡು',',SC',TRUCK-DRIVER',NO'
ALQ2651404',ಲಕ್ಷ್ಮೀನರಸಮ್ಮ',ಹನುಮಂತಪ್ಪ',355',50',ಹೆಣ್ಣು',',SC',KOOLI',NO'
ALQ0010843',ಕೆ ಹೆಚ್ ಬಾಲಕೃಷ್ಣ',ಹನುಮಂತಪ್ಪ',355',32',ಗಂಡು',',SC',CAR-DRIVER',NO'
ALQ2033751',ನಾಗರಾಜುಕೆ ಹೆಚ್',ಹನುಮಂತರಾಯ',355',29',ಗಂಡು',',SC',ENGINEER',NO'
ALQ2188019',ನಾಗರಾಜ ಕೆ ಹೆಚ್',ಹನುಮಂತಪ್ಪ',355',29',ಗಂಡು',REPEATED',SC',',NO'
ALQ2651412',ನರಸಿಂಹಪ್ಪ',ಚೆನ್ನಪ್ಪ',356',65',ಗಂಡು',',SC',RETAIRED-GOVT-WORKER',NO'
ALQ2651420',ಕದಿರಮ್ಮ',ನರಸಿಂಹಪ್ಪ',356',60',ಹೆಣ್ಣು',',SC',KOOLI',NO'
ALQ2651438',ಗಂಗಾಧರಪ್ಪ',ನರಸಿಂಹಪ್ಪ',356',50',ಗಂಡು',',SC',KOOLI',NO'
MVJ1906452',ಗಂಗಮ್ಮ',ಗಂಗಾಧರಪ್ಪ',356',45',ಹೆಣ್ಣು',',SC',KOOLI',NO'
ALQ2188100',ಲಕ್ಷ್ಮೀನಾರಾಯಣ',ರಾಮಾಂಜಿನಪ್ಪ',356',32',ಗಂಡು',YES',SC',',NO'
ALQ1283274',ಹಿಪ್ಪ',ಆಂಜಿನಪ್ಪ',357',71',ಗಂಡು',',SC',KOOLI',NO'
ALQ0011106',ರಾಮಾಂಜಿನಮ್ಮ',ಯಪ್ಪ',357',70',ಹೆಣ್ಣು',',SC',KOOLI',NO'
ALQ0254953',ರಾಮಾಂಜಿನಪ್ಪ',ಯರ್ರಪ್ಪ',357',41',ಗಂಡು',',SC',CAR-DRIVER',NO'
ALQ0013755',ವೈ ನರಸಿಂಹಮೂರ್ತಿ',ಯರ್ರಪ್ಪ',357',33',ಗಂಡು',',SC',PRIVATE JOB',NO'
ALQ2447225',ನಂದಿನಿ',ರಾಮಾಂಜಿನಪ್ಪ',357',32',ಹೆಣ್ಣು',',SC',HOUSE -WIFE',NO'
ALQ2492593',ಸುಕನ್ಯಜಿ',ಗಂಗಾಧರಪ್ಪ',357',24',ಹೆಣ್ಣು',',SC',NURSE',NO'
ALQ2187987',ಮುನಿನರಸಮ್ಮ ಎ',ಅಶ್ವತ್ಥಪ್ಪ',358',26',ಹೆಣ್ಣು',YES',SC',',NO'
ALQ2651453',ನರಸಮ್ಮ',ನಂಜಪ್ಪ',359',65',ಹೆಣ್ಣು',',SC',AGED',NO'
ALQ1283290',ನಂದೀಶ',ನಂಜಪ್ಪ',359',43',ಗಂಡು',',SC',UNEMPLOYED',NO'
ALQ2651461',ನಾಗರಾಜಪ್ಪ',ನರಸಿಂಹಪ್ಪ',360',50',ಗಂಡು',',SC',KOOLI',NO'
ALQ1283316',ರತ್ನಮ್ಮ',ನಾಗರಾಜಪ್ಪ',360',45',ಹೆಣ್ಣು',',SC',HOUSE -WIFE',NO'
MVJ1904929',ಗಂಗಮ್ಮ',ಮೂಗಪ್ಪ',361',70',ಹೆಣ್ಣು',',SC',AGED',NO'
MVJ1904200',ವೆಂಕಟಪತಿ',ಮೂಗಪ್ಪ',361',43',ಗಂಡು',',SC',GAARE',NO'
ALQ2963965',ಪಟಿ ಗಾಯಿತ್ರಿ',ವೆಂಕಟಪತಿ',361',28',ಹೆಣ್ಣು',',SC',HOUSE -WIFE',NO'
ALQ1283332',ವೆಂಕಟೇಶಪ್ಪ',ವೆಂಕಟರವಣಪ್ಪ',362',55',ಗಂಡು',',SC',GAARE',NO'
MVJ3964160',ನರಸಮ್ಮ',ವೆಂಕಟೇಶಪ್ಪ',362',41',ಹೆಣ್ಣು',',SC',HOUSE -WIFE',NO'
ALQ2033926',ಚಲಪತಿ ವಿ',ವೆಂಕಟೇಶಪ್ಪ',362',29',ಗಂಡು',',SC',PRIVATE JOB',NO'
ALQ2992352',ಹರೀಶ್ ಕೆವೈ',ವೆಂಕಟೇಶಪ್ಪ',362',23',ಗಂಡು',',SC',STUDENT',NO'
ALQ1283340',ಲಕ್ಷ್ಮಮ್ಮ',ಗಂಗಪ್ಪ',363',70',ಹೆಣ್ಣು',',SC',KOOLI',NO'
MVJ1904440',ಚಿಕ್ಕಮ್ಮ',ಗೋವಿಂದಪ್ಪ',363',51',ಹೆಣ್ಣು',',SC',KOOLI',NO'
ALQ1283357',ಮೂರ್ತಿ',ಮರಿಯಪ್ಪ',363',38',ಗಂಡು',',SC',KOOLI',NO'
ALQ2034155',ಈಶ್ವರಮ್ಮ',ಮೂರ್ತಿ',363',35',ಹೆಣ್ಣು',',SC',FACTORY WORKER',NO'
ALQ2381721',ಅನಿಲ್ ಕುಮಾರ್ ಜಿ',ಗೋವಿಂದಪ್ಪ',363',26',ಗಂಡು',',SC',UNEMPLOYED',NO'
ALQ3175577',ಜ್ಯೋತಿ ಎಲ್',ಅನಿಲ್ ಕುಮಾರ್',363',19',ಹೆಣ್ಣು',',SC',UNEMPLOYED',NO'
ALQ3175320',ಗಂಗಾಧರಪ್ಪ ಜಿ',ಗೋವಿಂದಪ್ಪ',363',19',ಗಂಡು',',SC',KOOLI',NO'
ALQ2034130',ರಂಗಮ್ಮ',ಮದ್ದೂರಪ್ಪ',364',50',ಹೆಣ್ಣು',',SC',KOOLI',NO'
ALQ2651487',ನರಸಮ್ಮ',ವೆಂಕಟರವಣಪ್ಪ',365',68',ಹೆಣ್ಣು',',SC',KOOLI',NO'
MVJ1905504',ವಿ ಗೋವಿಂದಪ್ಪ',ವೆಂಕಟರವಣಪ್ಪ',365',46',ಗಂಡು',',SC',COURT-WORKER',NO'
ALQ2034189',ಕಮಲ ಕೆ ವಿ',ವಿ ಗೋವಿಂದಪ್ಪ',365',42',ಹೆಣ್ಣು',YES',SC',KOOLI',NO'
ALQ2033876',ಮದ್ದೂರಪ್ಪ',ಮದ್ದೂರಪ್ಪ',366',60',ಗಂಡು',',SC',KOOLI',NO'
ALQ1283365',ರಂಗಪ್ಪನಾಥ',ಲಕ್ಷ್ಮಯ್ಯ',366',51',ಗಂಡು',REPEATED',SC',',NO'
ALQ2034106',ಆದಿಲಕ್ಷ್ಮಮ್ಮ',ರಂಗಪ್ಪ',366',40',ಹೆಣ್ಣು',',SC',KOOLI',NO'
ALQ2651495',ಕಾಳಯ್ಯ',ಗಂಗಪ್ಪ',367',51',ಗಂಡು',',SC',KOOLI',NO'
MVJ3567765',ಲಕ್ಷ್ಮೀನರಸಮ್ಮ',ಕಾಳಯ್ಯ',367',44',ಹೆಣ್ಣು',',SC',KOOLI',NO'
ALQ2547248',ಕೆ ಸೌಮ್ಯ',ಕಾಳಪ್ಪ',367',25',ಹೆಣ್ಣು',YES',SC',KOOLI',NO'
ALQ2651511',ಸಾಕಮ್ಮ',ವೆಂಕಟಪ್ಪ',368',65',ಹೆಣ್ಣು',',SC',KOOLI',NO'
ALQ2651529',ಚಿಕ್ಕಯ್ಯ',ಸೀಕಪ್ಪ',369',70',ಗಂಡು',',SC',KOOLI',NO'
ALQ2651537',ಯಲ್ಲಮ್ಮ',ಚಿಕ್ಕಯ್ಯ',369',61',ಹೆಣ್ಣು',',SC',KOOLI',NO'
ALQ2651545',ಲಕ್ಷ್ಮಮ್ಮ',ಆದಿಮೂರ್ತಪ್ಪ',369',55',ಹೆಣ್ಣು',',SC',KOOLI',NO'
ALQ1283373',ಗೋವಿಂದಯ್ಯ',ಚಿಕ್ಕಯ್ಯ',369',40',ಗಂಡು',',SC',CHICKEN-SHOP',NO'
ALQ2187979',ಎಚ್ ಲಿಲಾವತಿ',ಗೋವಿಂದಯ್ಯ',369',37',ಹೆಣ್ಣು',',SC',KOOLI',NO'
ALQ0011619',ಸುಕನ್ಯಸಿ',ಚಿಕ್ಕಯ್ಯ',369',31',ಹೆಣ್ಣು',',DELETED',',NO'
ALQ2651552',ವೆಂಕಟೇಶಪ್ಪ',ಸೀಕಪ್ಪ',370',60',ಗಂಡು',',SC',KOOLI',NO'
MVJ1904846',ಗಂಗಮ್ಮ',ವೆಂಕಟೇಶಪ್ಪ',370',55',ಹೆಣ್ಣು',',SC',KOOLI',NO'
ALQ2651560',ಲಕ್ಷ್ಮಮ್ಮ',ವೆಂಕಟಪ್ಪ',371',80',ಹೆಣ್ಣು',',SC',AGED',NO'
ALQ2651578',ವೆಂಕಟೇಶಪ್ಪ',ವೆಂಕಟಪ್ಪ',371',48',ಗಂಡು',',SC',KOOLI',NO'
MVJ3567773',ಗಂಗಮ್ಮ',ವೆಂಕಟೇಶಪ್ಪ',371',42',ಹೆಣ್ಣು',',SC',KOOLI',NO'
ALQ2034239',ಅನಿತ ಎನ್',ಲೇ ಮಧುಸೂಧನ್',371',30',ಹೆಣ್ಣು',YES',KURUBA',KOOLI',NO'
ALQ2397578',ಹರೀಶ ಕೆ ವಿ',ವೆಂಕಟೇಶಪ್ಪ',371',24',ಗಂಡು',',SC',KEB-LINEMAN',NO'
ALQ3026580',ಪ್ರಭಾಕರ ಕವಿ',ವೆಂಕಟೇಶಪ್ಪ',371',21',ಗಂಡು',',SC',OMNI-DRIVETR',NO'
ALQ2651586',ನಂಜುಂಡಪ್ಪ',ಕುಂಟಿ ಗಂಗಪ್ಪ',373',60',ಗಂಡು',',SC',KOOLI',NO'
ALQ0010850',ಶ್ರೀಕಾಂತ',ನಂಜುಂಡಪ್ಪ',373',32',ಗಂಡು',',SC',TRUCK-DRIVER',NO'
ALQ1283381',ಗಂಗಪ್ಪ',ಕುಂಟಿ ಗಂಗಪ್ಪ',374',65',ಗಂಡು',',SC',GOVERMENT EMPLOYEE',NO'
ALQ2282028',ಅಶ್ವತ್ಥಪ್ಪ ಜಿ',ಗಂಗಪ್ಪ',374',25',ಗಂಡು',',SC',UNEMPLOYED',NO'
MVJ3963899',ಸಾವಿತ್ರಮ್ಮ',ನಾರಾಯಣಪ್ಪ',375',42',ಹೆಣ್ಣು',',SC',KOOLI',NO'
ALQ2282085',ಕೆ ಎನ್ ಶಶಿರೇಖ',ನಾರಾಯಣಪ್ಪ ಕೆ ಎನ್',375',27',ಹೆಣ್ಣು',YES',SC',KSRTC-CHECKINNG-OFFICER',NO'
ALQ2282002',ನವೀನ್ ಕುಮಾರ್ ಕೆ ಎಸ್',ನಾರಾಯಣಪ್ಪ',375',25',ಗಂಡು',',SC',LINEMAN',NO'
ALQ3026531',ಶಿಲ್ಪ ಎಂ ಎನ್',ನವೀನ್ ಕುಮಾರ್ ಕೆ ಎನ್',375',21',ಹೆಣ್ಣು',',SC',HOUSE -WIFE',NO'
ALQ1283399',ನರಸಿಂಹಪ್ಪ',ತಿಪ್ಪಣ್ಣ',376',65',ಗಂಡು',',SC',TAILOR',NO'
MVJ1905777',ಲಕ್ಷ್ಮೀನರಸಮ್ಮ',ನರಸಿಂಹಪ್ಪ',376',40',ಹೆಣ್ಣು',',SC',HOUSE -WIFE',NO'
ALQ1283407',ನರಸಮ್ಮ',ನಂಜಪ್ಪ',377',75',ಹೆಣ್ಣು',',SC',AGED',NO'
MVJ1906130',ಧನಲಕ್ಷ್ಮಮ್ಮ',ಕೆ ವಿ ವೆಂಕಟಾಚಲಪ',380',47',ಹೆಣ್ಣು',',KURUBA',KOOLI',NO'
ALQ2447241',ಭಾರತಿ',ರಾಮಲಿಂಗಪ್ಪ',380',40',ಹೆಣ್ಣು',',KURUBA',KOOLI',NO'
ALQ0254037',ವಿ ಶ್ರೀನಿವಾಸ ತಾಯಿಯ',ಧನಲಕ್ಷ್ಮಮ್ಮ',380',31',ಗಂಡು',',KURUBA',KOOLI',NO'
ALQ2173060',ರೂಪ ವಿ',ವೆಂಕಟಾಚಲಪತಿ',380',26',ಹೆಣ್ಣು',',KURUBA',SELF EMPLOYED',NO'
ALQ2397388',ಜಗ್ಗೇಶ್',ಲೇಟ್ ವೆಂಕಟಾಚಲಪತಿ',380',24',ಗಂಡು',',KURUBA',PRIVATE JOB',NO'
ALQ3042728',ಗೀತಾ ಎ',ಶ್ರೀನಿವಾಸ ವಿ',380',23',ಹೆಣ್ಣು',',KURUBA',FACTORY WORKER',NO'
MVJ1906650',ವೆಂಕಟರವಣಯ್ಯ',ಚಿಕ್ಕವೆಂಕಟರವಣಪ',381',49',ಗಂಡು',',KURUBA',KOOLI',NO'
MVJ1906122',ಜಯಲಕ್ಷ್ಮಮ್ಮ',ವೆಂಕಟರವಣಯ್ಯ',381',43',ಹೆಣ್ಣು',',KURUBA',KOOLI',NO'
ALQ2397644',ರಮ್ಯ ಕೆ ವಿ',ವೆಂಕಟರಮಣಯ್ಯ',381',24',ಹೆಣ್ಣು',',KURUBA',STUDENT',NO'
ALQ0253153',ಕೆ ಟಿ ವೆಂಕಟೇಶಪ್ಪ',ಎಳೇತಿಮ್ಮಯ್ಯ',382',73',ಗಂಡು',',KURUBA',PVT-TEACHER',NO'
ALQ2651594',ಹೆಚ್ ಎಲ್ ನಾಗರತ್ನಮ್ಮ',ಕೆ ಟಿ ವೆಂಕಟೇಶಪ್ಪ',382',62',ಹೆಣ್ಣು',',KURUBA',KOOLI',NO'
ALQ1283415',ಕೆ ವಿ ಜಯಲಕ್ಷ್ಮಮ್ಮ',ಲಕ್ಷ್ಮಣ್',382',43',ಹೆಣ್ಣು',',KURUBA',KOOLI',NO'
MVJ3568102',ಸತೀಶ್ ಕುಮಾರ್ ಕೆ ವಿ',ಕೆ ಟಿ ವೆಂಕಟೇಶಪ್ಪ',382',42',ಗಂಡು',',KURUBA',SOCIETY',NO'
ALQ0820712',ಕೆ ಸಿ ಸುಶೀಲ',ಕೆ ಸಿ ಸತೀಶ್ ಕುಮ',382',39',ಹೆಣ್ಣು',',KURUBA',KOOLI',NO'
MVJ1904564',ಕೆವಿ ಬಾಲಕೃಷ್ಣ',ಕೆ ಟಿ ವೆಂಕಟೇಶಪ್ಪ',382',37',ಗಂಡು',',KURUBA',UNEMPLOYED',NO'
ALQ2281996',ಅನಿತ ಹೆಚ್ ಎನ್',ಕೆ ವಿ ಬಾಲಕೃಷ್ಣ',382',28',ಹೆಣ್ಣು',',KURUBA',NURSE',NO'
ALQ2397602',ಸುನೀತ ವಿ',ವೆಂಕಟರಾಮಪ್ಪ',382',24',ಹೆಣ್ಣು',',KURUBA',STUDENT',NO'
ALQ2547339',ಚಂದ್ರು ಎಲ್',ಲಕ್ಷ್ಮೀನಾರಾಯಣ',382',23',ಗಂಡು',',SHETBALAJIGA',CAR-DRIVER',NO'
ALQ3026549',ಪವನ್ ಕುಮಾರ್ ಎಸ್ ಎಲ್',ಲಕ್ಷ್ಮಣ್',382',21',ಗಂಡು',',KURUBA',STUDENT',NO'
ALQ3175122',ಗೀತಾಶ್ರೀ ಎಸ್ ಎಲ್',ಲಕ್ಷ್ಮಣ',382',19',ಹೆಣ್ಣು',',KURUBA',STUDENT',NO'
ALQ2651602',ವೆಂಕಟಪ್ಪ',ದೊಡ್ಡವೆಂಕಟರವಣಪ್ಪ',383',60',ಗಂಡು',',KURUBA',KOOLI',NO'
ALQ2651610',ರಂಗಮ್ಮ',ವೆಂಕಟಪ್ಪ',383',53',ಹೆಣ್ಣು',',KURUBA',KOOLI',NO'
MVJ1905793',ತಿಮ್ಮಣ್ಣ',ವೆಂಕಟರವಣಪ್ಪ',384',50',ಗಂಡು',',KURUBA',KOOLI',NO'
MVJ1905801',ಧರ್ಮಕ್ಕೆ',ತಿಮ್ಮಣ್ಣ',384',44',ಹೆಣ್ಣು',',KURUBA',KOOLI',NO'
MVJ3568151',ನಾರಾ ಣಪ್ಪ',ರಂಗಪ್ಪ',385',55',ಗಂಡು',',KURUBA',KOOLI',NO'
ALQ2651628',ಮಕ್ಕ',ನಾರಾಯಣಪ್ಪ',385',50',ಹೆಣ್ಣು',',KURUBA',KOOLI',NO'
ALQ2651636',ರಂಗಪ್ಪ',ಹೊರಂಗಪ್ಪ',386',70',ಗಂಡು',',KURUBA',KOOLI',NO'
ALQ2651644',ಲಕ್ಷ್ಮಮ್ಮ',ರಂಗಪ್ಪ',386',60',ಹೆಣ್ಣು',',KURUBA',KOOLI',NO'
ALQ2651651',ರಂಗಸ್ವಾಮಿ',ರಂಗಪ್ಪ',386',43',ಗಂಡು',',KURUBA',KOOLI',NO'
ALQ0010736',ಲಕ್ಷ್ಮಮ್ಮ',ರಂಗಸ್ವಾಮಿ',386',39',ಹೆಣ್ಣು',',KURUBA',KOOLI',NO'
ALQ2651669',ನಾರಾಯಣಪ್ಪ',ವೆಂಕಟೇಶಪ್ಪ',387',70',ಗಂಡು',',KURUBA',KOOLI',NO'
ALQ2651677',ಬಸಮ್ಮ',ನಾರಾಯಣಪ್ಪ',387',65',ಹೆಣ್ಣು',',KURUBA',KOOLI',NO'
MVJ1903780',ಕೆ ಎನ್ ವೆಂಕಟೇಶಯ್ಯ',ನಾರಾಯಣಪ್ಪ',387',39',ಗಂಡು',',KURUBA',KOOLI',NO'
MVJ3568060',ಆನಂದಮ್ಮ',ಕೆ ಸಿ ಸದಾನಂದಯ್ಯ',389',74',ಹೆಣ್ಣು',',LINGAYATH',AGED',NO'
MVJ3568078',ಸತ್ಯಭಾಮ ಡಿ ವಿ',ಕೆ ಎಸ್ ಪರಮೇಶ್ವರಯ್ಯ',389',52',ಹೆಣ್ಣು',',LINGAYATH',PVT-TEACHER',NO'
ALQ2547230',ಭವ್ಯ ಕೆ ಪಿ',ಕೆ ಎಸ್ ಪರಮೇಶ್ವರಯ್ಯ',389',24',ಹೆಣ್ಣು',',LINGAYATH',STUDENT',NO'
ALQ3090479',ಸಾಗರ್ ಕೆ ಪಿ',ಪರಮೇಶ್ವರಯ್ಯ ಕೆ ಎಸ್',389',20',ಗಂಡು',',LINGAYATH',STUDENT',NO'
MVJ3964327',ರಾಮಕ್ಕೆ',ಮುದ್ದುರಂಗಪ್ಪ',390',60',ಹೆಣ್ಣು',',KURUBA',KOOLI',NO'
ALQ2547347',ರಾಮಲಿಂಗಯ್ಯ ಜಿ ಹೆಚ್',ಹನುಮಂತರಾಯಪ್ಪ',390',45',ಗಂಡು',',KURUBA',KOOLI',NO'
MVJ3568193',ರಾಮಕೃಷ್ಣಪ್ಪ',ರಂಗಣ್ಣ',391',70',ಗಂಡು',',KURUBA',KOOLI',NO'
ALQ2651685',ಲಕ್ಷ್ಮಮ್ಮ',ರಾಮಕೃಷ್ಣಪ್ಪ',391',60',ಹೆಣ್ಣು',',DELETED',',NO'
ALQ2651693',ಗೌರಮ್ಮ',ಸಿ ವೆಂಕಟರವಣಪ್ಪ',392',73',ಹೆಣ್ಣು',',SADRU',KOOLI',NO'
MVJ1905900',ವಿ ಗಂಗಾಧರಪ್ಪ',ಸಿ ವೆಂಕಟರವಣಪ್ಪ',392',60',ಗಂಡು',',DELETED',',NO'
ALQ2651701',ವಿ ರಾಮಪ್ಪ',ಸಿ ವೆಂಕಟರವಣಪ',392',55',ಗಂಡು',',SADRU',SOCIETY',NO'
ALQ2651719',ಮುದ್ದುಗಂಗಮ್ಮ',ವಿ ಗಂಗಾಧರಪ್ಪ',392',55',ಹೆಣ್ಣು',',SADRU',KOOLI',NO'
ALQ2033850',ಕೆ ಟಿ ವೆಂಕಟೇಶ್',ವೆಂಕಟರವಣಪ್ಪಸಿ',392',46',ಗಂಡು',',SADRU',KOOLI',NO'
ALQ2651727',ವಿ ರಮೇಶ್',ಸಿ ವೆಂಕಟರವಣಪ',392',45',ಗಂಡು',',SADRU',TRUCK-DRIVER',NO'
MVJ1906445',ಕೆ ಎಲ್ ಅನುರಾಧ',ವಿ ರಾಮಪ್ಪ',392',40',ಹೆಣ್ಣು',',SADRU',HOUSE -WIFE',NO'
MVJ1905611',ಸುಮಿತ್ರ',ರಮೇಶ್ ಕೆ ವಿ',392',39',ಹೆಣ್ಣು',',SADRU',FACTORY WORKER',NO'
ALQ0010439',ನಂದಿನಿ',ಕೆ ವಿ ಬ್ರಹ್ಮಯ್ಯ',392',35',ಹೆಣ್ಣು',',SADRU',FACTORY WORKER',NO'
ALQ2034098',ನಾಗಮ್ಮ',ಕೆ ವಿ ವೆಂಕಟೇಶ್',392',35',ಹೆಣ್ಣು',',SADRU',KOOLI',NO'
ALQ0011262',ನರೇಂದ್ರ ಕೆ',ಕೃಷ್ಣಪ್ಪ',392',30',ಗಂಡು',',SADRU',PRIVATE JOB',NO'
ALQ2282127',ಸಂದೀಪ್ ಜಿ',ಗಂಗಾಧರಪ್ಪ ವಿ',392',29',ಗಂಡು',',SADRU',SOCIETY',NO'
ALQ3090461',ನಂದನ್ ರಾಮ್ ಕುಮಾರ್ ಕೆ ಆರ್',ರಾಮಪ್ಪ ವಿ',392',28',ಗಂಡು',',SADRU',STUDENT',NO'
ALQ3218104',ಹೇಮಂತ್ ಆರ್',ರಮೇಶ್ ಕೆ ವಿ',392',20',ಗಂಡು',',SADRU',STUDENT',NO'
ALQ2651743',ಸಿ ಕೃಷ್ಣಪ್ಪ',ನಾರಾಯಣಪ್ಪ',393',63',ಗಂಡು',',SADRU',KOOLI',NO'
ALQ2651750',ಶಾಂತಮ್ಮ',ಸಿ ಕೃಷ್ಣಪ್ಪ',393',55',ಹೆಣ್ಣು',',DELETED',',NO'
ALQ1283449',ಎಂ ನಾರಾಯಣರಾವ್',ಎಂ ಚಿನ್ನಪ್ಪ',394',61',ಗಂಡು',',BRAHMIN',RETAIRED-GOVT-WORKER',NO'
ALQ2651768',ಸಾವಿತ್ರಿ',ಎಂ ನಾರಾಯಣರಾವ್',394',55',ಹೆಣ್ಣು',',BRAHMIN',HOUSE -WIFE',NO'
ALQ2215606',ಎನ್ ಚಂದ್ರ ಶೇಖರ್',ಹೆಚ್ ನಾರಾಯಣರಾವ್',394',33',ಗಂಡು',',BRAHMIN',PVT-CLERK',NO'
ALQ1283456',ವೆಂಕಟಮ್ಮ',ಕೆ ಎಂ ರಂಗಸ್ವಾಮಿ',395',75',ಹೆಣ್ಣು',',SHETBALAJIGA',AGED',NO'
ALQ1283464',ಕೆ ಆರ್ ಕೃಷ್ಣಪ್ಪ',ಕೆ ಎಂ ರಂಗಸ್ವಾಮಿ',395',53',ಗಂಡು',',SHETBALAJIGA',FARMER',NO'
ALQ1283472',ಗುರುಸಿದ್ದಮ್ಮ',ಕೆ ಆರ್\u200c ಕೃಷ್ಣಪ್ಪ',395',47',ಹೆಣ್ಣು',',SHETBALAJIGA',FACTORY WORKER',NO'
ALQ2381671',ಹರೀಶ ಕೆ',ಕೃಷ್ಣಪ್ಪ',395',25',ಗಂಡು',',SHETBALAJIGA',PVT-EMPLOYEE',NO'
ALQ3162310',ಅಶ್ವಿನಿ ಕೆ',ಕೃಷ್ಣಪ್ಪ',395',22',ಹೆಣ್ಣು',',SHETBALAJIGA',STUDENT',NO'
ALQ3175221',ಸಂಧ್ಯಕೆ',ಕೃಷ್ಣಪ್ಪ ಕೆ ಆರ್',395',19',ಹೆಣ್ಣು',',SHETBALAJIGA',STUDENT',NO'
ALQ0011759',ನರಸಮ್ಮ',ವೆಂಕಟರವಣಪ್ಪ',396',55',ಹೆಣ್ಣು',',SC',AGED',NO'
MVJ1903962',ಗಂಗಮ್ಮ',ಕೃಷ್ಣಪ್ಪ',396',45',ಹೆಣ್ಣು',',ST',KOOLI',NO'
ALQ2547479',ಕೃಷ್ಣಪ್ಪ',ವೆಂಕಟರವಣಪ್ಪ',396',43',ಗಂಡು',',ST',KOOLI',NO'
MVJ1904242',ಅಶ್ವತ್ತಮ್ಮ',ರಾಮಕೃಷ್ಣಪ್ಪ',397',47',ಹೆಣ್ಣು',',SHETBALAJIGA',KOOLI',NO'
ALQ2282101',ಕೃಷ್ಣಪ್ಪ ಆರ್',ಲೇಟ್ ರಾಮಕೃಷ್ಣ',397',25',ಗಂಡು',',SHETBALAJIGA',PRIVATE JOB',NO'
ALQ3090503',ಶಿಲ್ಪ ಆರ್',ರಾಮಕೃಷ್ಣಪ್ಪ',397',22',ಹೆಣ್ಣು',',SHETBALAJIGA',HOUSE -WIFE',NO'
ALQ3175312',ಮನೋಜ್ ಆರ್',ರಾಮಕೃಷ್ಣಪ್ಪ',397',19',ಗಂಡು',',SHETBALAJIGA',FLOWER-DECORATION',NO'
MVJ3567898',ರಂಗನಾಥಪ್ಪ',ವೆಂಕಟರವಣಪ್ಪ',398',65',ಗಂಡು',',SHETBALAJIGA',KOOLI',NO'
ALQ2651776',ಲಕ್ಷ್ಮಮ್ಮ',ರಂಗನಾಥಪ್ಪ',398',53',ಹೆಣ್ಣು',',SHETBALAJIGA',KOOLI',NO'
ALQ2115806',ಸುರೇಶ ಆರ್',ರಂಗನಾಥಪ್ಪ',398',29',ಗಂಡು',',SHETBALAJIGA',PRIVATE JOB',NO'
ALQ2447217',ವೆಂಕಟೇಶ್ ಆರ್',ರಂಗನಾಥಪ್ಪ',398',24',ಗಂಡು',',SHETBALAJIGA',PRIVATE JOB',NO'
ALQ0017632',ಲಕ್ಷ್ಮೀನಾರಾಯಣ ಶೆಟ್ಟಿ',ವೆಂಕಟರವಣಪ್ಪ',399',59',ಗಂಡು',',SHETBALAJIGA',KSRTC-DRIVER',NO'
ALQ0011734',ಕೋಕಿಲ',ಲಕ್ಷ್ಮೀನಾರಾಯಣ',399',56',ಹೆಣ್ಣು',',SHETBALAJIGA',HOUSE -WIFE',NO'
ALQ0250670',ಅಶ್ವತ್ಥನಾರಾಯಣ',ನಾಗರಾಜಪ್ಪ',399',45',ಗಂಡು',',SHETBALAJIGA',KOOLI',NO'
MVJ1904259',ಕಮಲಮ್ಮ',ಎನ್ ಅಶ್ವತ್ಥನಾರಾಯಣ',399',37',ಹೆಣ್ಣು',',SHETBALAJIGA',KOOLI',NO'
ALQ2651784',ಚಾಂದ್ ಬಾಷ',ಷೇಕ್ ಅಬ್ದುಲ್',400',63',ಗಂಡು',',DELETED',',NO'
ALQ2651792',ಹಸೀನಾಬಾನು',ಚಾಂದ್ಯಾಷಾ',400',45',ಹೆಣ್ಣು',',MUSLIM',HOUSE -WIFE',NO'
MVJ1904747',ಸತ್ತರ್ ಬಾಷ',ಷೇಕ್\u200cಅಬ್ದುಲ್',400',45',ಗಂಡು',',MUSLIM',SELF EMPLOYED',NO'
MVJ1904739',ಗುಲಾಬ್ ಜಾನ್',ಸತ್ತರ್ ಬಾಷಾ',400',41',ಹೆಣ್ಣು',',MUSLIM',HOUSE -WIFE',NO'
ALQ2215572',ಯಾಸ್ಮಿನ್ ತಾಜ್',ಚಾಂದ್ ಬಾಷ',400',29',ಹೆಣ್ಣು',',MUSLIM',HOUSE -WIFE',NO'
ALQ2327773',ಫರ್ ಉನ್ನೀಸಾ',ತನ್ವೀರ್',400',27',ಹೆಣ್ಣು',',MUSLIM',HOUSE -WIFE',NO'
ALQ2282143',ಸಲ್ಮಾನ್ ಸಿದ್ದೀಕ್',ಚಾಂದ್ ಬಾಷ',400',25',ಗಂಡು',',MUSLIM',STUDENT',NO'
ALQ3090321',ವಾಸಿಮ್ ಅಕ್ರಂ',ಸತ್ತರ್ ಬಾಷ',400',20',ಗಂಡು',',MUSLIM',SELF EMPLOYED',NO'
ALQ2282077',ಗೋವಿಂದರಾಜು ಎಸ್',ಶ್ರೀನಿವಾಸಪ್ಪ',401',26',ಗಂಡು',YES',SHETBALAJIGA',',NO'
ALQ3090487',ತಾಸೀನ್ ತಾಜ್',ಮಹಮದ್ ಅನೀಫ್',401',26',ಹೆಣ್ಣು',',MUSLIM',HOUSE -WIFE',NO'
MVJ1904598',ಗಂಗರತ್ನಮ್ಮ',ಎಂ ವೈ ನಾರಾಯಣಪ್ಪ',405',55',ಹೆಣ್ಣು',',ST',HOUSE -WIFE',NO'
ALQ0011403',ರವಿಕುಮಾರ್ ಎನ್',ಎಂ ವೈ ನಾರಾಯಣಪ್ಪ',405',35',ಗಂಡು',',ST',TAILOR',NO'
ALQ2397610',ವರಲಕ್ಷ್ಮಿ ಆರ್',ರವಿ ಎನ್',405',31',ಹೆಣ್ಣು',',ST',HOUSE -WIFE',NO'
ALQ2651818',ಕಿಟ್ಟಪ್ಪ',ನರಸಿಂಹಪ್ಪ',406',52',ಗಂಡು',',ST',KOOLI',NO'
MVJ1905041',ಕಾಂತಮ್ಮ',ಕೃಷ್ಣಪ್ಪ',406',47',ಹೆಣ್ಣು',',ST',ASHA-WORKER',NO'
ALQ1283563',ಸಿದ್ದಪ್ಪ',ಚಿಕ್ಕಪ್ಪಯ್ಯ',407',57',ಗಂಡು',',SHETBALAJIGA',TRIUCK-DRIVER',NO'
ALQ2215598',ಪರಮೆಶ್ ಎಸ್',ಸಿದ್ದಪ್ಪ',407',28',ಗಂಡು',',SHETBALAJIGA',KOOLI',NO'
MVJ1905439',ಈಶ್ವರಮ್ಮ',ಚಿಕ್ಕಸಜ್ಜಪ್ಪ',408',55',ಹೆಣ್ಣು',',SHETBALAJIGA',KOOLI',NO'
ALQ2381564',ಶ್ರೀರಾಮುಲು',ಅಂಜೀನಪ್ಪ',408',33',ಗಂಡು',YES',SHETBALAJIGA',KOOLI',NO'
ALQ0255240',ಕವಿತ',ಚಿಕ್ಕಸಜ್ಜಪ್ಪ',408',31',ಹೆಣ್ಣು',YES',SHETBALAJIGA',',NO'
ALQ2033785',ಆನಂದ ಕೆ ಸಿ',ಚಿಕ್ಕ ಸಜ್ಜಪ್ಪ',408',31',ಗಂಡು',',SHETBALAJIGA',ELECTRICIAN',NO'
ALQ2547412',ಲಾವಣ್ಯ ಹೆಚ್',ಆನಂದ ಕೆ ಸಿ',408',25',ಹೆಣ್ಣು',',SHETBALAJIGA',HOUSE -WIFE',NO'
ALQ2479954',ಮಹಮದ್ ಜಬೀವುಲ್ಲಾ',ಅಬ್ದುಲ್ ಜಬ್ಬಾರ್ ಸಾಬ್',409',38',ಗಂಡು',',MUSLIM',HOUSE -WIFE',NO'
ALQ2480291',ಸಬರೀನ್ ತಾಜ್',ಮಹಮದ್ ಜಬೀವುಲ್ಲಾ',409',37',ಹೆಣ್ಣು',',MUSLIM',HOUSE -WIFE',NO'
MVJ1905256',ನಂಜಮ್ಮ',ಶಿವಪ್ಪ',410',55',ಹೆಣ್ಣು',',SHETBALAJIGA',HOUSE -WIFE',NO'
ALQ2033801',ಮೈಲಾರಪ್ಪ ಎಸ್',ಶಿವಣ್ಣ',410',29',ಗಂಡು',',SHETBALAJIGA',UNEMPLOYED',NO'
ALQ3063203',ನಾಗರಾಜು ಕೆ ಎಸ್',ಶಿವಣ್ಣ',410',22',ಗಂಡು',',SHETBALAJIGA',STUDENT',NO'
ALQ2651834',ಕೆ ವಿ ಮುದ್ದಪ್ಪ',ವೆಂಕಟರವಣಪ್ಪ',411',70',ಗಂಡು',',SHETBALAJIGA',AGED',NO'
ALQ0253385',ಕೆ ಎಂ ಅಶ್ವತ್ಥನಾರಾಯಣಪ್ಪ',ಕೆ ವಿ ಮುದ್ದಪ್ಪ',411',50',ಗಂಡು',',SHETBALAJIGA',CYCLE-SHOP',NO'
ALQ0253179',ರಮಾದೇವಿ ಪಿ ಎನ್',ಕೆ ಎಂ ಅಶ್ವತ್ಥನಾರಾಯಣಪ್ಪ',411',44',ಹೆಣ್ಣು',',SHETBALAJIGA',KOOLI',NO'
MVJ1903582',ಕೆ ಎಂ ನಾಗಭೂಷಣ',ಮುದ್ದಪ್ಪ',411',40',ಗಂಡು',',SHETBALAJIGA',CYCLE-SHOP',NO'
ALQ2034247',ಅಂಬಿಕ',ಕೆ ಎನ್ ನಾಗಭೂಷಣ',411',32',ಹೆಣ್ಣು',',SHETBALAJIGA',HOUSE -WIFE',NO'
ALQ3063195',ಆನಂದ ಕುಮಾರ ಕೆ ಎ',ಅಶ್ವತ್ಥನಾರಾಯಣ',411',21',ಗಂಡು',',SHETBALAJIGA',PRIVATE JOB',NO'
MVJ1903905',ಕೆ ಸಿ ಶಿವಕುಮಾರ್',ಕೆ ಎಂ ಚೆನ್ನಬಸಪ್ಪ',412',44',ಗಂಡು',',LINGAYATH',MAIZE-BUSINESS',NO'
MVJ1905454',ಶೋಭ',ಕೆ ಸಿ ಶಿವಕುಮಾರ್',412',38',ಹೆಣ್ಣು',',LINGAYATH',HOUSE -WIFE',NO'
ALQ3128774',ವಿನಯ್ ಕುಮಾರ್ ಕೆ ಎಸ್',ಶಿವಕುಮಾರ್ ಕೆ ಸಿ',412',20',ಗಂಡು',',LINGAYATH',STUDENT',NO'
ALQ2651867',ಎಂ ಚಂದ್ರಶೇಖರರೆಡ್ಡಿ',ಎಂ ಚಿನ್ನಪ್ಪರೆಡ್ಡಿ',413',56',ಗಂಡು',',REDDY',SMALL-SHOP',NO'
ALQ2651875',ವೆಂಕಟಲಕ್ಷ್ಮಮ್ಮ',ಚಂದ್ರಶೇಖರರೆಡ್ಡಿ',413',47',ಹೆಣ್ಣು',',REDDY',HOUSE -WIFE',NO'
ALQ3128832',ಚಿನ್ನಪ್ಪರೆಡ್ಡಿ ಕೆಸಿ',ಚಂದ್ರಶೇಖರ್ ರೆ',413',34',ಗಂಡು',',REDDY',CAR-DRIVER',NO'
ALQ3128840',ನಂದಿನಿ',ಚಿನ್ನಪ್ಪರೆಡ್ಡಿ',413',29',ಹೆಣ್ಣು',',REDDY',PVT-TEACHER',NO'
ALQ2651883',ಈಶ್ವರಯ್ಯ ಎನ್',ಲೇ ಚಿಕ್ಕನಂಜಯ್ಯ',414',60',ಗಂಡು',',LINGAYATH',FARMER',NO'
ALQ2651891',ಆರ್\u200c ವಿ ಗಾಯಿತ್ರಿ',ಕೆ ಸಿ ಈಶ್ವರಪ್ಪ',414',53',ಹೆಣ್ಣು',',LINGAYATH',HOUSE -WIFE',NO'
ALQ3059615',ಶೃತಿ ಇ',ಈಶ್ವರಪ್ಪ',414',23',ಹೆಣ್ಣು',',LINGAYATH',STUDENT',NO'
ALQ2651917',ರಾಮಕ್ಕೆ',ನಾರಾಯಣಪ್ಪ',415',53',ಹೆಣ್ಣು',',AGASARU',SELF EMPLOYED',NO'
ALQ3161395',ಇಂದ್ರ ಸಿದ್ಧಲಿಂಗೇಶ್ವರ',ಸಿದ್ದಲಿಂಗೇಶ್ವರ',415',45',ಹೆಣ್ಣು',',AGASARU',KOOLI',NO'
ALQ1283589',ಪಿ ರಘು',ಪುಟ್ಟರಾಮಯ್ಯ',415',40',ಗಂಡು',YES',AGASARU',',NO'
ALQ2547255',ಉಮಾ ಎನ್',ರಘುಪಿ',415',33',ಹೆಣ್ಣು',',DELETED',',NO'
MVJ1907153',ಹನುಮಂತರಾಯಪ್ಪ',ಆಂಜಿನಪ್ಪ',416',53',ಗಂಡು',',ST',KOOLI',NO'
ALQ2651925',ಗಂಗರತ್ನಮ್ಮ',ಹನುಮಂತರಾಯಪ್ಪ',416',45',ಹೆಣ್ಣು',',ST',KOOLI',NO'
ALQ2437770',ನಾಗಮಣಿ',ಹನುಮಂತರಾಯ',416',24',ಹೆಣ್ಣು',',ST',PRIVATE JOB',NO'
ALQ2651933',ಹನುಮಂತಪ್ಪ',ಆಂಜಿನಪ್ಪ',417',55',ಗಂಡು',',ST',KOOLI',NO'
ALQ2651941',ಜಯಮ್ಮ',ಹನುಮಂತಪ್ಪ',417',47',ಹೆಣ್ಣು',',ST',KOOLI',NO'
ALQ2447266',ಅನಿತ ಎಚ್',ಹನುಮಂತಪ್ಪ',417',25',ಹೆಣ್ಣು',',ST',POLICE-CONSTABLE',NO'
ALQ2651958',ತಿಪ್ಪಣ್ಣ',ಆಂಜಿನಪ್ಪ',418',60',ಗಂಡು',',ST',SOUND-SYSTEM',NO'
MVJ3567922',ಕಮಲಮ್ಮ',ತಿಪ್ಪಣ್ಣ',418',52',ಹೆಣ್ಣು',',ST',HOUSE -WIFE',NO'
MVJ1905520',ರವಿಕುಮಾರ್ ಕೆ ಟಿ',ತಿಪ್ಪಣ್ಣ',418',36',ಗಂಡು',YES',ST',ELECTRICIAN',NO'
ALQ0010710',ಸುಜಾತ',ತಿಪ್ಪಣ್ಣ',418',33',ಹೆಣ್ಣು',',ST',HOUSE -WIFE',NO'
ALQ0251538',ಸುರೇಶ್',ತಿಪ್ಪಣ್ಣ',418',30',ಗಂಡು',',ST',KOOLI',NO'
ALQ0251868',ಅಶ್ವತ್ತರೆಡ್ಡಿ',ವಿ ನಾರಾಯಣಪ್ಪ',419',50',ಗಂಡು',',REDDY',TRACTOR-DRIVER',NO'
ALQ1283605',ಭಾಗ್ಯಮ್ಮ',ಅಶ್ವತ್ತರೆಡ್ಡಿ',419',45',ಹೆಣ್ಣು',',REDDY',HOUSE -WIFE',NO'
MVJ3963816',ಬಾಬು',ಖಾಸಿಂಸಾಬ್',420',50',ಗಂಡು',',MUSLIM',GAARE',NO'
ALQ1283613',ಗುಲ್ದಾರ್',ಬಾಬು',420',47',ಹೆಣ್ಣು',',MUSLIM',ANGANAWADI-HELPER',NO'
ALQ2033967',ರಿಯಾಜ್ ಭಾಷಾ',ಅಬ್ದುಲ್',420',38',ಗಂಡು',',MUSLIM',KOOLI',NO'
ALQ2034049',ದಿಲ್ ಷಾದ್',ರಿಯಾಜ್ ಭಾಷಾ',420',35',ಹೆಣ್ಣು',',MUSLIM',KOOLI',NO'
ALQ2547362',ಸಮಿ ಉಲ್ಲಾ',ಬಹದ್ದೂರ್ ಸಾಬ್',420',29',ಗಂಡು',',MUSLIM',',YES'
ALQ2033728',ಅಮೀರ್ ಜಾನ್',ಜಲೀಲ್ ಸಾಬ್',421',62',ಗಂಡು',',DELETED',',NO'
ALQ2034023',ಅಸಮತ್ ಬೀ',ಅಮೀರ್ ಜಾನ್',421',57',ಹೆಣ್ಣು',',DELETED',',NO'
ALQ1283639',ನ್ಯಾಮತ್ ಸಾಭಿ',ಖಾಸಿಂಸಾಬ್',421',50',ಗಂಡು',',MUSLIM',KOOLI',NO'
ALQ0252288',ತಾಜುನ್',ಹುಸೇನ್ ಸಾಬ್',421',47',ಹೆಣ್ಣು',',MUSLIM',KOOLI',NO'
ALQ1283647',ದಿಲ್ಪಾದ್',ನ್ಯಾಮತ್ ಸಾಭಿ',421',45',ಹೆಣ್ಣು',',MUSLIM',KOOLI',NO'
ALQ2033736',ಶೌಕತ್',ಅಮೀರ್ ಜಾನ್',421',40',ಗಂಡು',',MUSLIM',KOOLI',NO'
ALQ2187946',ಮಹಮದ್',ಖಾಸಿಂಸಾಬ್',421',36',ಗಂಡು',',MUSLIM',KOOLI',NO'
ALQ2034031',ಶಬೀನ',ಶೌಕತ್',421',35',ಹೆಣ್ಣು',',MUSLIM',KOOLI',NO'
ALQ2033959',ಮುಬಾರಕ್',ಹುಸೇನ್ ಸಾಬ್',421',33',ಗಂಡು',',MUSLIM',KOOLI',NO'
ALQ2992394',ರಹಮತ್ ಉನ್ನಿಸಾ',ಅಹಮದ್ ಸಾಬ್',421',31',ಹೆಣ್ಣು',',MUSLIM',KOOLI',NO'
ALQ2381424',ಶಫೀವುಲ್ಲ',ನ್ಯಾಮತ್ ಸಾಬಿ',421',27',ಗಂಡು',YES',MUSLIM',STREET-SELLER',NO'
ALQ3090495',ಹೆಚ್ ಷಯಬ್ ಬಾಷ',ಹುಸೇನ್ ಸಾಬ್',421',24',ಗಂಡು',YES',MUSLIM',',NO'
ALQ2992402',ಶಬೀನ',ಹುಸೇನ್',421',23',ಹೆಣ್ಣು',',MUSLIM',HOUSE -WIFE',NO'
ALQ2992410',ಶಬೀರ್',ಹುಸೇನ್ ಸಾಬ್',421',23',ಗಂಡು',',MUSLIM',UNEMPLOYED',NO'
ALQ2492601',ಸಾಬೀರಾ ಎನ್',ನ್ಯಾಮತ್ ಸಾಬಿ',421',23',ಹೆಣ್ಣು',',MUSLIM',HOUSE -WIFE',NO'
ALQ3206562',ಫಾತಿಮಾ ಜಹಾರ್',ಮುಬಾರಕ್',421',23',ಹೆಣ್ಣು',YES',MUSLIM',KOOLI',NO'
ALQ3206596',ಆಸೀಫ್',ಮೌಲ',421',21',ಗಂಡು',YES',MUSLIM',FACTORY WORKER',NO'
ALQ3026598',ಆಮೀನಾ',ನ್ಯಾಮತ್ ಸಾಬ್',421',21',ಹೆಣ್ಣು',',MUSLIM',HOUSE -WIFE',NO'
ALQ2651966',ಕೆ ಟಿ ಗಂಗಯ್ಯ',ತಿಪ್ಪಯ್ಯ',422',80',ಗಂಡು',',REDDY',KOOLI',NO'
ALQ2651974',ಗೌರಮ್ಮ',ಕೆ ಟಿ ಗಂಗಯ್ಯ',422',70',ಹೆಣ್ಣು',',REDDY',KOOLI',NO'
ALQ2651982',ಕೆ ಜಿ ರಂಗನಾಥ',ಕೆ ಟಿ ಗಂಗಯ್ಯ',422',45',ಗಂಡು',',REDDY',KOOLI',NO'
MVJ1905033',ಶಂಕರಪ್ಪ ಕೆಜಿ',ಕೆ ಟಿ ಗಂಗಯ್ಯ',422',35',ಗಂಡು',',REDDY',KOOLI',NO'
ALQ2547370',ಕೆ ಲಕ್ಷ್ಮೀ',ರಂಗನಾಥ ಕೆ ಜಿ',422',24',ಹೆಣ್ಣು',',REDDY',KOOLI',NO'
MVJ1906825',ರಾಮಪ್ಪ',ಗಂಗಯ್ಯ',424',53',ಗಂಡು',',REDDY',KOOLI',NO'
MVJ1904473',ಶಕುಂತಲಮ್ಮ',ರಾಮಪ್ಪ',424',47',ಹೆಣ್ಣು',',REDDY',KOOLI',NO'
ALQ2447233',ನವಿತ ಕೆ ಆರ್',ರಾಮರೆಡ್ಡಿ',424',24',ಹೆಣ್ಣು',',DELETED',',NO'
ALQ3175569',ವಿಕಾಸ್ ಕೆ ಆರ್',ರಾಮಪ್ಪ',424',19',ಗಂಡು',',REDDY',STUDENT',NO'
ALQ2651990',ಗಂಗಾಧರಪ್ಪ',ಮಲ್ಲಯ್ಯ',425',45',ಗಂಡು',',DELETED',',NO'
MVJ1904481',ಸುಶೀಲಮ್ಮ',ಗಂಗಾಧರಪ್ಪ',425',40',ಹೆಣ್ಣು',',REDDY',KOOLI',NO'
MVJ1906940',ನರಸಮ್ಮ',ದೊಡ್ಡನರಸಪ್ಪ',427',75',ಹೆಣ್ಣು',',REDDY',KOOLI',NO'
ALQ2652006',ಡಿ ಗಂಗಣ್ಣ',ದೊಡ್ಡನರಸಪ್ಪ',427',50',ಗಂಡು',',DELETED',',NO'
ALQ0011635',ಎಂ ಶಶಿಕಲಾ',ಡಿ ಗಂಗಣ್ಣ',427',34',ಹೆಣ್ಣು',',REDDY',KOOLI',NO'
ALQ2652014',ಡಿ ನಂಜುಂಡಪ್ಪ',ನರಸಣ್ಣ',429',95',ಗಂಡು',',DELETED',',NO'
MVJ1906783',ಅಶ್ವತ್ತಮ್ಮ',ಡಿ ನಂಜುಂಡಪ್ಪ',429',85',ಹೆಣ್ಣು',',REDDY',AGED',NO'
ALQ1831163',ಕೆ ಎನ್ ನಾಗಭೂಷಣ',ನಂಜುಂಡಪ್ಪ',429',64',ಗಂಡು',',REDDY',CONTRACTOR',NO'
MVJ1907682',ಜಯಣ್ಣ',ಡಿ ನಂಜುಂಡಪ್ಪ',429',60',ಗಂಡು',',DELETED',',NO'
MVJ1904903',ಕೆ ಎನ್ ಲಕ್ಷ್ಮೀಪತಿ',ಡಿ ನಂಜುಂಡಪ್ಪ',429',57',ಗಂಡು',',REDDY',CONTRACTOR',NO'
ALQ1831130',ಜಯಮ್ಮ',ಕೆ ಎನ್ ನಾಗಭೂಷಣ',429',56',ಹೆಣ್ಣು',',REDDY',HOUSE -WIFE',NO'
MVJ1906668',ಕೆ ಎನ್ ರಾಜಾರೆಡ್ಡಿ',ಡಿ ನಂಜುಂಡಪ್ಪ',429',53',ಗಂಡು',',REDDY',KOOLI',NO'
MVJ3964608',ಕೆ ಆರ್ ಪಂಕಜ',ಕೆ ಎನ್ ಲಕ್ಷ್ಮೀಪತಿ',429',46',ಹೆಣ್ಣು',',REDDY',HOUSE -WIFE',NO'
MVJ3964947',ರಾಧಮ್ಮ',ಜಯಣ್ಣ',429',45',ಹೆಣ್ಣು',',REDDY',HOUSE -WIFE',NO'
ALQ1831148',ಕೆ ಎನ್ ಸುನೀಲ್',ಕೆ ಎನ್ ನಾಗಭೂಷ',429',37',ಗಂಡು',YES',REDDY',PRIVATE JOB',NO'
ALQ2447258',ಸುಸ್ಮಿತ ಕೆಜೆ',ಜಯ್ಯಣ್ಣ',429',24',ಹೆಣ್ಣು',YES',REDDY',HOUSE -WIFE',NO'
MVJ1906569',ಅಶ್ವತ್ಥರೆಡ್ಡಿ',ಚಿಕ್ಕಗಂಗಪ್ಪ',430',70',ಗಂಡು',',DELETED',',NO'
MVJ1907104',ತಿಮ್ಮಕ್ಕ',ಅಶ್ವತ್ತಪ್ಪ',430',65',ಹೆಣ್ಣು',',REDDY',AGED',NO'
ALQ1283670',ಎ ನಾಗರಾಜ',ಅಶ್ವತ್ತಪ್ಪ',430',43',ಗಂಡು',YES',REDDY',',NO'
ALQ2397545',ನಾಗಮಣಿ',ಅಶ್ವತ್ಥರೆಡ್ಡಿ',430',43',ಹೆಣ್ಣು',YES',REDDY',',NO'
MVJ1906254',ಕೆ ಎ ರವಿಶಂಕರ್',ಅಶ್ವತ್ಥಪ್ಪ',430',40',ಗಂಡು',YES',REDDY',',NO'
ALQ2397529',ಯಶ್ವಂತ ಕುಮಾರ್',ಅಶ್ವತ್ಥರೆಡ್ಡಿ',430',38',ಗಂಡು',YES',REDDY',',NO'
ALQ2397396',ತನುಜಾ',ಯಶ್ವಂತಕುಮಾರ್',430',38',ಹೆಣ್ಣು',YES',REDDY',',NO'
ALQ2397511',ಕವನಾ',ಎ ನಾಗರಾಜು',430',32',ಹೆಣ್ಣು',YES',REDDY',',NO'
ALQ2397685',ನಯನ',ಕೆ ಎ ರವಿಶಂಕರ್',430',26',ಹೆಣ್ಣು',YES',REDDY',',NO'
MVJ1903798',ಜೂಲಪ್ಪ',ಎಳೆಯಪ್ಪ',431',50',ಗಂಡು',',REDDY',KOOLI',NO'
ALQ0254888',ವೆಂಕಟಲಕ್ಷ್ಮಮ್ಮ',ಜೂಲಪ್ಪ',431',45',ಹೆಣ್ಣು',',REDDY',KOOLI',NO'
ALQ0011007',ಸಾಕಮ್ಮ',ನರಸಪ್ಪ',432',69',ಹೆಣ್ಣು',',REDDY',AGED',NO'
ALQ2652022',ಸುಶೀಲಮ್ಮ',ನಾಗರಾಜಪ್ಪ',432',47',ಹೆಣ್ಣು',',REDDY',KOOLI',NO'
ALQ2971612',ಹೇಮಾವತಿ',ನರಸಿಂಹಮೂರ್ತಿ',432',34',ಹೆಣ್ಣು',',REDDY',KOOLI',NO'
ALQ0010447',ಕೆ ಎನ್ ಅಂಬರೀಶ',ನಾರಾಯಣಪ್ಪ',432',32',ಗಂಡು',',REDDY',POLICE-CONSTABLE',NO'
ALQ2033793',ಶಿವರಾಜ್ ಕೆ ಎಸ್',ನಾಗರಾಜು',432',29',ಗಂಡು',',REDDY',UNEMPLOYED',NO'
MVJ1907138',ನರಸೀಯಪ್ಪ',ಚಿಕ್ಕನರಸಿಂಹಯ್ಯ',433',66',ಗಂಡು',',DELETED',',NO'
MVJ3567559',ನಂಜಮ್ಮ',ನರಸೀಯಪ್ಪ',433',56',ಹೆಣ್ಣು',',REDDY',KOOLI',NO'
ALQ2397412',ಸುನೀಲ್ ಟಿ',ಡಿ ನರಸರೆಡ್ಡಿ',433',48',ಗಂಡು',',REDDY',FARMER',NO'
ALQ2397453',ಶೈಲಜಾಕೆ ಎನ್',ಸುನಿಲ್ ಟಿ',433',35',ಹೆಣ್ಣು',',REDDY',KOOLI',NO'
ALQ2215580',ಅರುಣ್ ಕುಮಾರ್ ಕೆ ಎ',ಅಶ್ವತ್ತಪ್ಪ',433',30',ಗಂಡು',',REDDY',UNEMPLOYED',NO'
ALQ2215564',ಹರೀಶ್ ಕೆ ಎ',ಆಶ್ವತ್ತಪ್ಪ',433',27',ಗಂಡು',',REDDY',PRIVATE JOB',NO'
ALQ2652048',ನರಸಿಂಹಪ್ಪ',ನರಸೀಯಪ್ಪ',434',60',ಗಂಡು',',REDDY',KOOLI',NO'
ALQ2652055',ಮುದ್ದುಗಂಗಮ್ಮ',ನರಸಿಂಹಪ್ಪ',434',53',ಹೆಣ್ಣು',',REDDY',HOUSE -WIFE',NO'
ALQ1283696',ರತೀಶ್ ಕೆ ಎನ್',ನರಸಿಂಹಪ್ಪ',434',32',ಗಂಡು',',REDDY',UNEMPLOYED',NO'
ALQ2652063',ಚೆನ್ನಮ್ಮ',ಎಳೆಯಪ್ಪ',435',75',ಹೆಣ್ಣು',',REDDY',AGED',NO'
MVJ1904853',ವೆಂಕಟಲಕ್ಷ್ಮಮ',ಪಾಪಯ್ಯ',435',36',ಹೆಣ್ಣು',',REDDY',KOOLI',NO'
ALQ1283712',ಅಶ್ವತ್ತಪ್ಪ',ನರಸೀಯಪ್ಪ',436',59',ಗಂಡು',',REDDY',KOOLI',NO'
ALQ1283720',ಲಕ್ಷ್ಮಮ್ಮ',ಅಶ್ವತ್ತರೆಡ್ಡಿ',436',53',ಹೆಣ್ಣು',',REDDY',KOOLI',NO'
ALQ0010538',ರವಿಕುಮಾರ್ ಕೆ ಎ',ಅಶ್ವಥರೆಡ್ಡಿ',436',32',ಹೆಣ್ಣು',',REDDY',SMALL-SHOP',NO'
ALQ1831189',ಮಮತ ಎನ್',ರವಿ ಕುಮಾರ್ ಕೆ ಎ',436',30',ಹೆಣ್ಣು',',REDDY',SMALL-SHOP',NO'
MVJ1905967',ಮಲ್ಲೇಶಣ್ಣ',ಗಂಗಣ್ಣ',437',80',ಗಂಡು',',DELETED',',NO'
MVJ1905363',ಸಿದ್ದಮ್ಮ',ಮಲ್ಲೇಶಣ್ಣ',437',76',ಹೆಣ್ಣು',YES',LINGAYATH',AGED',NO'
MVJ1906031',ಭ್ರಮರಾಂಭ',ನಾಗರಾಜು',437',53',ಹೆಣ್ಣು',YES',LINGAYATH',KOOLI',NO'
ALQ2364966',ನವೀನ್ ಎನ್',ಲೇಟ್ ನಾಗರಾಜ',437',27',ಗಂಡು',YES',LINGAYATH',GOVERMENT EMPLOYEE',NO'
ALQ3128782',ರೂಪ ಎಲ್',ಲಕ್ಷ್ಮೀನಾರಾಯಣಪ್ಪ',49/1',23',ಹೆಣ್ಣು',',AGASARU',HOUSE -WIFE',NO'
ALQ2033835',ರಾಮಕೃಷ್ಣ ಕೆಸಿ',ಚಿಕ್ಕ ರಂಗಪ್ಪ',495',32',ಗಂಡು',YES',SC',PRIVATE JOB',NO'
ALQ2033744',ಎನ್ ನರಸಿಂಹಮೂರ್ತಿ',ನರಸಿಂಹಪ್ಪ',497',32',ಗಂಡು',',SC',CAR-DRIVER',NO'
ALQ2963973',ಕನಕ',ಜಿ ಗಂಗಯ್ಯ',498',42',ಹೆಣ್ಣು',YES',SC',HOUSE -WIFE',NO'
ALQ2033884',ಲಕ್ಷ್ಮೀಕಾಂತ',ಎಲ್ ಗಂಗಪ್ಪ',499',42',ಗಂಡು',YES',SC',PRIVATE JOB',NO'
ALQ2033892',ಜೆ ಜಯಚಂದ್ರನ್',ಎಲ್ ಗಂಗಪ್ಪ',500',33',ಗಂಡು',YES',SC',PRIVATE JOB',NO'
ALQ2034148',ಸಿದ್ದಮ್ಮ',ಗಂಗಪ್ಪ ಎಲ್',501',57',ಹೆಣ್ಣು',',SC',KOOLI',NO'
ALQ2034197',ನರಸಮ್ಮ',ಗಂಗಪ್ಪ',502',84',ಹೆಣ್ಣು',YES',SC',',NO'
ALQ2033991',ಗೋಪಿನಾಥ ಕೆಎಂ',ಮದ್ದೂರಪ್ಪ',503',32',ಗಂಡು',YES',SC',PRIVATE JOB',NO'
ALQ2547305',ಲಕ್ಷ್ಮೀನರಸಮ್ಮ',ಲೇಟ್ ನಾರಾಯಣ',504',75',ಹೆಣ್ಣು',',REDDY',KOOLI',NO'
ALQ2492569',ದೇವರಾಜು',ಲೇಟ್ ಬೈರ ಶೆಟ್ಟಿ',504',50',ಗಂಡು',',',',NO'
ALQ2492619',ಪ್ರಮೀಳಮ್ಮ',ದೇವರಾಜು',504',45',ಹೆಣ್ಣು',',',',NO'
ALQ2547271',ಚಂದ್ರಪ್ಪ ಎನ್',ನಾರಾಯಣಪ್ಪ',504',35',ಗಂಡು',',REDDY',PRIVATE JOB',NO'
ALQ2547321',ಲಕ್ಕಿ ಎಂ ಹೆಚ್',ನಾಗಭೂಷಣ ಎನ್',504',32',ಹೆಣ್ಣು',YES',REDDY',KOOLI',NO'
ALQ3090339',ಜ್ಯೋತಿ ಎಸ್ ಡಿ',ದೇವರಾಜು',504',20',ಹೆಣ್ಣು',',',',NO'
ALQ2188068',ಪವಿತ್ರ',ಬಾಲಾಕ್ರಷ್ಣಕೆ ಹೆಚ್',61/1',26',ಹೆಣ್ಣು',',SC',FACTORY WORKER',NO'
ALQ3039575',ಚೌಡಪ್ಪ ಎಸ್ ಡಿ',ದ್ಯಾವಪ್ಪ',64 ಎ',39',ಗಂಡು',',',',NO'
ALQ3039583',ಲಕ್ಷ್ಮೀದೇವಮ್ಮಡಿ ಎನ್',ಚೌಡಪ್ಪ ಎಸ್ ಡಿ',64 ಎ',32',ಹೆಣ್ಣು',',REDDY',HOUSE -WIFE',NO'
ALQ3221280',ರಮ್ಯ ಎನ್',ನರಸಪ್ಪ',86',19',ಹೆಣ್ಣು',',SC',HOUSE -WIFE',NO'
MVJ1905009',ಗಂಗಮ್ಮ',ಗಂಗಾಧರಪ್ಪ',162 ಬಿ',35',ಹೆಣ್ಣು',',',',NO'
ALQ2547297',ನಾಗಭೂಷಣ ಎನ್',ನಾರಾಯಣಪ್ಪ',222 1',35',ಗಂಡು',YES',REDDY',PRIVATE JOB',NO'
ALQ1282219',ತೊಳಸಮ್ಮ',ಪ್ರಭಾಕರ',223 1',36',ಹೆಣ್ಣು',',REDDY',FACTORY WORKER',NO'
ALQ2033942',ಜಿ ಶಂಕರಪ್ಪ',ಗಂಗಪ್ಪ',304 1',49',ಗಂಡು',',ST',CARPENTER',NO'
ALQ0010496',ಕೆ ಎನ್ ಮಂಜುನಾಥ',ನ್ಯಾತಪ್ಪ',304 1',33',ಗಂಡು',',ST',PRIVATE JOB',NO'
ALQ2974855',ನಾಗರತ್ನಮ್ಮ ಎ',ಕೆ ಎನ್ ಮಂಜುನಾಶ',304 1',26',ಹೆಣ್ಣು',',ST',FACTORY WORKER',NO'
ALQ3090529',ಅಶೋಕ್ ಕುಮಾರ್ ಎಸ್',ಶಂಕರಪ್ಪ',304 1',20',ಗಂಡು',',ST',UNEMPLOYED',NO'
ALQ0011148',ಅನಿತ',ಆರ್ ಗಂಗಾಧರಪ್ಪ',309 1',34',ಹೆಣ್ಣು',',SC',HOUSE -WIFE',NO'
ALQ0011411',ಸಿದ್ದೇಶ',ಸಿದ್ದಪ್ಪ',337 1',35',ಗಂಡು',',SC',KOOLI',NO'
MVJ3568417',ವೆಂಕಟಲಕ್ಷ್ಮಮ್ಮ',ನಾಗರಾಜ',350ಎ',36',ಹೆಣ್ಣು',',SC',KOOLI',NO'
MVJ1907666',ಕಾಂತಮ್ಮ',ನಾರಾಯಣಸ್ವಾಮಿ',359ಎ',38',ಹೆಣ್ಣು',',SC',KOOLI',NO'
ALQ1283324',ಸತ್ಯಮ್ಮ',ಚಿನ್ನಪ್ಪ',361ಎ',40',ಹೆಣ್ಣು',',SC',KOOLI',NO'
ALQ0012062',ನಾರಾಯಣಪ್ಪ',ಚಿಕ್ಕವೆಂಕಟರವಣಪ್ಪ',382 ಎ',59',ಗಂಡು',',KURUBA',KOOLI',NO'
ALQ0255190',ರತ್ನಮ್ಮ',ನಾರಾಯಣಪ್ಪ',382 ಎ ',',53',',KURUBA',KOOLI',NO'
ALQ0255331',ವೆಂಕಟರಾಮಪ್ಪ',ಚಿಕ್ಕವೆಂಕಟರವಣ',382 ಬಿ',56',ಗಂಡು',',KURUBA',GOVT-TEACHER',NO'
ALQ0253591',ಜಿ ಸೌಭಾಗ್ಯಮ್ಮ',ವೆಂಕಟರಾಮಪ್ಪ',382 ಬಿ',47',ಹೆಣ್ಣು',',KURUBA',HOUSE -WIFE',NO'
ALQ3222338',ಹರ್ಷಿತಾ ವಿ',ಚಂದ್ರು ಎಲ್',399',21',ಹೆಣ್ಣು',',SHETBALAJIGA',HOUSE -WIFE',NO'
ALQ2963957',ಮೆಹಬೂಬ್ ಜಾನ್',ಹುಸೇನ್',401 ಎ',23',ಹೆಣ್ಣು',',MUSLIM',HOUSE -WIFE',NO'
ALQ2148609',ಬಾಬಾಜಾನ್',ಅಲ್ಲಾಬಕಾಷ್',401 ಎ',54',ಗಂಡು',',MUSLIM',KOOLI',NO'
ALQ0010546',ಮಗಬಲ್',ಬಾಬಾಜಾನ್',401 ಎ',44',ಹೆಣ್ಣು',',MUSLIM',KOOLI',NO'
MVJ1904085',ಮಲ್ಲಿಕ್',ಮಹಮದ್ ಅನೀತ',401ಎ',43',ಹೆಣ್ಣು',',MUSLIM',KOOLI',NO'
ALQ1283548',ಅಶ್ವತ್ಥನಾರಾಯಣ',ನರಸಿಂಹಪ್ಪ',406-1',55',ಗಂಡು',',DELETED',',NO'
ALQ1283555',ಜಯಲಕ್ಷ್ಮಮ್ಮ',ಅಶ್ವಥ್\u200cನಾರಾಯಣ',406-1',50',ಹೆಣ್ಣು',',ST',HOUSE -WIFE',NO'
MVJ1904069',ವೆಂಕಟಲಕ್ಷ್ಮಮ್ಮ',ರಾಮಪ್ಪ',410ಬಿ',60',ಹೆಣ್ಣು',',ST',HOUSE -WIFE',NO'
ALQ1283571',ಕೆ ಎಮ್ ರಮೇಶ',ಮುದ್ದಯ್ಯ',410-1',44',ಗಂಡು',',SHETBALAJIGA',COFFEE-POWDER-SHOP',NO'
ALQ0255299',ಲಕ್ಷ್ಮೀ',ರಾಜಶೇಖರ',410-1',38',ಹೆಣ್ಣು',',SHETBALAJIGA',HOUSE -WIFE',NO'
ALQ0011239',ಕೋಮಲ ಕೆ',ಕೆ ಎಮ್ ರಮೇಶ',410-1',34',ಹೆಣ್ಣು',',SHETBALAJIGA',HOUSE -WIFE',NO'
MVJ3568110',ರಾಜಶೇಖರ್ ಎಂ',ಮುದ್ದಯ್ಯ',410ಎ',48',ಗಂಡು',',DELETED',',NO'
ALQ2397719',ರಾಕೇಶ ಸಿ',ಚಂದ್ರಶೇಖರ',415\\1',24',ಗಂಡು',',AGASARU',PRIVATE JOB',NO'
ALQ0011742',ಅನುರಾಧ',ಆರ್ ಟಿ ನಾಗರಾಜಯ್ಯ',415 /1',40',ಹೆಣ್ಣು',YES',AGASARU',',NO'
MVJ3964251',ಚಂದ್ರಶೇಖರಯ್ಯ',ಪುಟ್ಟರಾಮಪ್ಪ',415/1',48',ಗಂಡು',',AGASARU',CATTLE-BROKER',NO'
MVJ3964483',ಮುದ್ದರಂಗಮ್ಮ',ಚಂದ್ರಶೇಖರಯ್ಯ',415/1',40',ಹೆಣ್ಣು',',AGASARU',HOUSE -WIFE',NO'
ALQ0253344',ಷರ್ಪೂನಾ',ಮೌಲಾ',420 ಎ',42',ಹೆಣ್ಣು',',MUSLIM',HOUSE -WIFE',NO'
ALQ0253427',ಅಲ್ಲಾಬಕಾಷ್',ಹತಾವುಲ್ಲಾ',420 ಎ',42',ಗಂಡು',',MUSLIM',UNEMPLOYED',NO'
ALQ3148194',ಚೈತ್ರ ಕೆ ಎನ್',ಗುರುಮೂರ್ತಿ',421/1',26',ಹೆಣ್ಣು',',',',NO'
MVJ1905512',ನಾರಾಯಣಪ್ಪ',ಗಂಗಯ್ಯ',422ಎ',58',ಗಂಡು',',REDDY',KOOLI',NO'
MVJ1905629',ಲಕ್ಷ್ಮಮ್ಮ',ನಾರಾಯಣಪ್ಪ',424ಎ',50',ಹೆಣ್ಣು',',REDDY',KOOLI',NO'
MVJ3964616',ನಾಗಮಣಿ',ಕೆ ಎನ್ ರಾಜಾರೆಡ್ಡಿ',429ಎ',44',ಹೆಣ್ಣು',',REDDY',KOOLI',NO'
ALQ2173052',ಭರತ್ ಬಿ ಎ',ಅಶ್ವತ್ಥಪ್ಪ',429ಎ',27',ಗಂಡು',',REDDY',PRIVATE JOB',NO'
ALQ2436509',ಸಾಗರ್',ಅಶ್ವತಪ್ಪ ಬಿ ಎನ್',429 ಎ 1',24',ಗಂಡು',',REDDY',PRIVATE JOB',NO'
ALQ0011296',ಬಿ ಎನ್ ಅಶ್ವತ್ಥಪ್ಪ',ನಾರಾಯಣಪ್ಪ',429 ಎ 1',57',ಗಂಡು',',REDDY',KOOLI',NO'
ALQ0011528',ಕೆ ಆರ್ ಯಶೋಧಮ್ಮ',ಬಿ ಎನ್ ಅಶ್ವತ್ಥಪ್ಪ',429 ಎ 1',50',: ಹೆಣ್ಣು',',REDDY',KOOLI',NO'
ALQ1283688',ಕೆ ಎನ್ ನವೀನ್ ಕುಮಾರ್',ಕೆ ಎನ್ ನಾಗರಾಜಪ',432-1',33',ಗಂಡು',YES',REDDY',KOOLI',NO'
MVJ3964681',ಚಿಕ್ಕಮ್ಮ',ಚಿಕ್ಕನರಸಿಂಹಯ್ಯ',433ಎ',85',ಹೆಣ್ಣು',',DELETED',',NO'
MVJ3964657',ಕೃಷ್ಣಪ್ಪ',ಚಿಕ್ಕನರಸಿಂಹಯ್ಯ',433ಎ',61',ಗಂಡು',',REDDY',FARMER',NO'
ALQ0011049',ಅಶ್ವತ್ಥಮ್ಮ',ಕೃಷ್ಣಪ್ಪ',433ಎ',58',ಹೆಣ್ಣು',',REDDY',HOUSE -WIFE',NO'
ALQ1283746',ಲಕ್ಷ್ಮೀನರಸಮ್ಮ',ಅಶ್ವತ್ಥಪ್ಪ',433ಎ',56',ಹೆಣ್ಣು',',REDDY',HOUSE -WIFE',NO'
ALQ1283753',ಉಮಾ',ಮಂಜುನಾಥ',433ಎ',46',ಹೆಣ್ಣು',',REDDY',HOUSE -WIFE',NO'
MVJ3964046',ಮಂಜುನಾಥ',ಚಿಕ್ಕನರಸಿಂಹಯ್ಯ',433ಎ',45',ಗಂಡು',',REDDY',KOOLI',NO'
ALQ0012120',PAVITHRA C K ',LOKESH C R ',20',32',ಹೆಣ್ಣು',',REDDY',NURSE',NO'
ALQ3228996',ಸುಶ್ರೇಶ ಕೆ ಎನ್',ನರಸಿಂಹಪ್ಪ',ನಂ 376',19',ಗಂಡು',',SC',UNEMPLOYED',NO'
ALQ3240751',ರಮೇಶ ಕೆಜಿ',ಗಂಗಪ್ಪ',349',18',ಗಂಡು',',SC',PRIVATE JOB',NO'
ALQ3240769',ಕನ್ಯಾಕುಮಾರಿ ಆರ್ ಜಿ',ನಂದೀಶ',359',29',ಹೆಣ್ಣು',YES',SC',',NO'
ALQ3252723',RAKESH K R ',ADHI LAKSHMAMA',366',18',ಗಂಡು',',SC',STUDENT',NO'
ALQ3041753',ANITHA A',AMARNATH H S ',0',25',ಹೆಣ್ಣು',',SHETBALAJIGA',HOUSE -WIFE',NO'
ALQ3258860',RAKESH K C ',CHIKKARANGAPPA',318',18',ಗಂಡು',',SC',KOOLI',NO'
ALQ3258886',MANOJ K N ',NANJUNDAPPA',322',20',ಗಂಡು',',SC',KOOLI',NO'
ALQ3259264',DEVARAJ K T',TIMANNA',384',18',ಗಂಡು',',KURUBA',KOOLI',NO'
ALQ3260387',ASHOK KUMAR N ',ANJUNAPPA',0',18',ಗಂಡು',',KURUBA',',NO'
ALQ3261864',RAMESH K G ',GANGAPPA',349',18',ಗಂಡು',REPEATED',KURUBA',',NO'
ALQ3261872',RAMESH K N ',NARASIMHMURTY',0',18',ಗಂಡು',',SC',PRIVATE JOB',NO'
ALQ3261880',ASHA N ',NARASIMHMURTY',0',19',ಹೆಣ್ಣು',',SC',NURSE',NO'
ALQ3262680',CHAITRA M N ',SANDEEP G ',392',26',ಹೆಣ್ಣು',',SADRU',HOUSE -WIFE',NO'
ALQ3263803',HEMANTH KUMAR',SUMITHRA',392',20',ಗಂಡು',REPEATED',',',NO'
ALQ3265121',ASHA M A ',NAGARAJA K H ',355',23',ಹೆಣ್ಣು',',SC',HOUSE -WIFE',NO'
ALQ3268059',HARSHITHA K L',LAKSHMI PATTI C ',222',18',ಹೆಣ್ಣು',',REDDY',STUDENT',NO'
ALQ3268489',KAVYA K H ',GANGADARAPPA',',19',ಹೆಣ್ಣು',',SC',HOUSE -WIFE',NO'
ALQ3268497',APOORVA N',NARAYANAPPA',',18',ಹೆಣ್ಣು',',SC',STUDENT',NO'
ALQ3270618',VAYEEZ AKRAM ',SATHARBASHA',400',18',ಗಂಡು',',MUSLIM',STUDENT',NO'