ALQ1138189',ಗೌರಮ್ಮ',ಎಸ್ ಬಸವರಾಜು',9',59',ಹೆಣ್ಣು',',SHETBALAJIGA',HOTEL',NO'
ALQ2489334',ಮಂಜುನಾಥ ಡಿ',ದಾಳಪ್ಪ',136',23',ಗಂಡು',',SC',KOOLI',NO'
ALQ1132356',ಎ ನರಸಿಂಹಮೂರ್ತಿ',ಆದಿನಾರಾಯಣ',0',35',ಗಂಡು',YES',SC',KOOLI',NO'
ALQ0218024',ಜಿಗಂಗಾರಜಮ್ಮ',ಮುರಳಿ ಸಿ',0',34',ಹೆಣ್ಣು',',SC',KOOLI',NO'
ALQ1132463',ಚಿರಂಜೀವಿ',ಅಂಜಿನಪ್ಪ',0',33',ಗಂಡು',YES',SC',KOOLI',NO'
ALQ0631101',ಟಿ ಚಿರಂಜೀವಿ',ತಿಮ್ಮಯ್ಯ',0',33',ಗಂಡು',YES',SC',KOOLI',NO'
ALQ1132398',ಪ್ರಿಯಾಂಕ',ಎಶ್ರೀನಿವಾಸ',0',33',ಹೆಣ್ಣು',',SC',KOOLI',NO'
ALQ0218313',ಸರೋಜಮ್ಮ',ಆನಂದ',0',32',ಹೆಣ್ಣು',',SC',KOOLI',NO'
ALQ0631408',ಬಾಲಕೃಷ್ಣ',ಅಂಜಿನಪ್ಪ',0',32',ಗಂಡು',YES',SC',',NO'
ALQ1132505',ಜಿ ವೆಂಕಟೇಶಪ್ಪ',ವಿ ಗಂಗಾಧರಪ್ಪ',0',31',ಗಂಡು',YES',AD',KOOLI',NO'
ALQ0217836',ಕಮಲಮ್ಮ',ಆದಿನಾರಾಯಣಪ್ಪ',0',31',ಹೆಣ್ಣು',YES',SC',',NO'
ALQ1132372',ಜಿ ಶ್ರೀನಿವಾಸ',ಬಿ ಎನ್ ಗಂಗಪ್ಪ',0',31',ಗಂಡು',YES',SC',',NO'
ALQ3171584',ನಿತ್ಯ ಎಸ್',ಶ್ರೀರಾಮಪ್ಪ',0',20',ಹೆಣ್ಣು',YES',REDDY',',NO'
ALQ2395903',ರವೀಂದ್ರ ರೆಡ್ಡಿ ಎಮ್ ಎನ್',ಎಮ್ ಆರ್ ನಾರಾಯಣ ರೆಡ್ಡಿ',0',67',ಗಂಡು',',REDDY',FARMER',NO'
ALQ2470847',ಸುಲೋಚನಮ್ಮ',ದಿನೇಶ್',0',28',ಹೆಣ್ಣು',YES',REDDY',',NO'
ALQ2506947',ವಿನೋದ್ ಕೆ ಎಸ್',ಸೂರಪ್ಪ',0',25',ಗಂಡು',',KURUBA',AUTO DRIVER',NO'
ALQ2435444',ಎ ಪ್ರವೀಣ್ ಕುಮಾರ್',ಸೇಂದಿ ಆದಿನಾರಯಣಪ್ಪ',0',24',ಗಂಡು',YES',REDDY',',NO'
ALQ2506913',ಪ್ರತಿಬಾಟಿ ಆರ್',ರಾಜ ರೆಡ್ಡಿ ವಿ',0',24',ಹೆಣ್ಣು',YES',REDDY',',NO'
ALQ2506939',ಅರವಿಂದ್ ರೆಡ್ಡಿ ಕೆ',ಕೆ ಎನ್ ಕೇಶವ ರೆಡ್ಡಿ',0',24',ಗಂಡು',',REDDY',STUDENT',NO'
ALQ3018363',ಗೌತಮ್ ವಿ',ವೆಂಕಟಾಶಿವಾರೆಡ್ಡಿ ವಿ',0',22',ಗಂಡು',YES',REDDY',',NO'
ALQ3084894',ಅರ್ಚನಾ ಆರ್',ಕೆ ಆರ್ ರಾಜೇಂದ್ರಚಾರಿ',0',21',ಹೆಣ್ಣು',',REDDY',STUDENT',NO'
CTR1745025',ಲಕ್ಷ್ಮಿ',ಎ ಪ್ರಭಾಕರರೆಡ್ಡಿ',1',42',ಹೆಣ್ಣು',',REDDY',FARMER',NO'
ALQ3084951',ವರುಣ್ ಕುಮಾರ್ ಕೆ ಪಿ',ಪ್ರಭಾಕರ ರೆಡ್ಡಿ ಎ',1',20',ಗಂಡು',YES',REDDY',STUDENT',NO'
ALQ2586196',ಎನ್ ಆದಿನಾರಾಯಣ ರೆಡ್ಡಿ',ಸಿ ನಾರಾಯಣಪ್ಪ',1',77',ಗಂಡು',',REDDY',AGED',NO'
ALQ1132539',ಬಿ ಕಾಂತಮ್ಮ',ಎನ್ ಆದಿನಾರಾಯಣ ರೆಡ್ಡಿ',1',70',ಹೆಣ್ಣು',',REDDY',AGED',NO'
ALQ1132554',ಎ ಪ್ರಭಾಕರ ರೆಡ್ಡಿ',ಎನ್ ಆದಿನಾರಾಯಣ ರೆಡ್ಡಿ',1',49',ಗಂಡು',',REDDY',FARMER',NO'
ALQ3150471',ಪ್ರಮೋದ್ ಕುಮಾರ್ ಟಿ ಆ',ರಾಜಾರೆಡ್ಡಿ',2',22',ಗಂಡು',YES',REDDY',STUDENT',NO'
ALQ3171196',ಸಿಎಮ್ ಅನಿತ',ಶ್ರೀನಿವಾಸ',2',19',ಹೆಣ್ಣು',YES',REDDY',STUDENT',NO'
ALQ1132570',ವಿ ರಾಜಾರೆಡ್ಡಿ',ಎನ್ ವೆಂಕಟ ರೆಡ್ಡಿ',2',50',ಗಂಡು',YES',REDDY',',NO'
CTR1745033',ಶೋಬಮ್ಮ',ವಿ ರಾಜಾರೆಡ್ಡಿ',:',45',ಹೆಣ್ಣು',',REDDY',KOOLI',NO'
ALQ0630996',ರತ್ನಮ್ಮ',ಸಿ ನಾಗರಾಜು',2',33',ಹೆಣ್ಣು',',REDDY',KOOLI',NO'
ALQ3141363',ರಾಧಮ್ಮ',ನಾಗರಾಜು',2',30',ಹೆಣ್ಣು',YES',REDDY',STUDENT',NO'
ALQ2381002',ಶ್ರೀನಿವಾಸ',ನಾಗರಾಜು',2',25',ಗಂಡು',',AGASARU',KOOLI',NO'
ALQ1132612',ಎನ್ ಆದಿನಾರಾಯಣ ರೆಡ್ಡಿ',ನಾಗ ರೆಡ್ಡಿ',3',76',ಗಂಡು',',DELETED',',NO'
ALQ1132620',ಪಾಪಮ್ಮ',ಎನ್ ಆದಿನಾರಾಯಣರೆಡ್ಡಿ',3',70',ಹೆಣ್ಣು',',REDDY',KOOLI,AGED'
ALQ1132638',ಕೆ ಎ ಗಂಗರೆಡ್ಡಿ',ಎನ್ ಆದಿನಾರಾಯಣ ರೆಡ್ಡಿ',3',46',ಗಂಡು',',REDDY',KOOLI',NO'
ALQ0631275',ನಾಗರತ್ನಮ್ಮ',ಕೆ ಎ ಗಂಗರೆಡ್ಡಿ',3',37',ಹೆಣ್ಣು',',REDDY',KOOLI',NO'
ALQ2394039',ಅಶ್ವತ್ಥಮ್ಮ',ಗಂಗಾಧರ ರೆಡ್ಡ',4',34',ಹೆಣ್ಣು',YES',REDDY',KOOLI',NO'
ALQ1132653',ಕೆ ವಿ ಸೂರ್ಯನಾರಾಯಣ',ವೆಂಕಟ ರೆಡ್ಡಿ',4',55',ಗಂಡು',',REDDY',AGED',NO'
ALQ1132661',ಸುಶೀಲಮ್ಮ',ಕೆ ವಿ ಸೂರ್ಯನಾರಾಯಣ ರೆಡ್ಡಿ',4',50',ಹೆಣ್ಣು',',REDDY',HOUSE -WIFE',NO'
ALQ2278125',ಕೆ ವಿ ಗಂಗಾಧರ ರೆಡ್ಡಿ',ವೆಂಕಟರೆಡ್ಡಿ',4',42',ಗಂಡು',YES',REDDY',',NO'
ALQ2394930',ಕೆ ಎಸ್ ಅಶೋಕ್ ಕುಮಾರ್',ಸೂರ್ಯನಾರಾಯಣ ರೆಡ್ಡಿ',4',25',ಗಂಡು',',REDDY',BAKERY',NO'
ALQ2395390',ಕೆಎಸ್ ದಿವಾಕರ ರೆಡ್ಡಿ',ಕೆ ವಿ ಸೂರ್ಯನಾರಾಯಣ ರೆಡ್ಡಿ',4',24',ಗಂಡು',',REDDY',BILL COLLECTOR',NO'
ALQ1132695',ಚಂದ್ರಮ್ಮ',ಕೆ ವಿ ಶ್ರೀನಿವಾಸ ರೆಡ್ಡಿ',5',60',ಹೆಣ್ಣು',',REDDY',AGED',NO'
ALQ0631119',ಕೆ ಎಸ್ ಲಕ್ಷ್ಮೀನಾರಾಯಣರೆಡ್ಡಿ',ಕೆ ವಿ ಶ್ರೀನಿವಾಸರೆ',5',36',ಗಂಡು',',REDDY',KOOLI',NO'
CTR5400189',ವಿಶ್ವನಾಥರೆಡ್ಡಿ',ಕೆ ವಿ ಶ್ರೀನಿವಾಸರೆಡ್ಡಿ',5',34',ಗಂಡು',',REDDY',KOOLI',NO'
ALQ2435428',ಎಂ ಆರ್ ಜೀವಿತ',ಕೆ ಎಸ್ ವೆಂಕಟರೆಡ್ಡಿ',6',24',ಹೆಣ್ಣು',YES',REDDY',KOOLI',NO'
ALQ1132711',ಕೆ ವಿ ಶಿವಾರೆಡ್ಡಿ',ವೆಂಕಟ ರೆಡ್ಡಿ',6',69',ಗಂಡು',',REDDY',AGED',NO'
ALQ1132729',ರತ್ನಮ್ಮ',ಕೆ ವಿ ಶಿವಾರೆಡ್ಡಿ',6',34',ಹೆಣ್ಣು',',REDDY',AGED',NO'
ALQ3207990',ಲಕ್ಕಿ',ಗಂಗಯ್ಯ ಗಂಡ',7',22',ಹೆಣ್ಣು',YES',REDDY',',NO'
ALQ2586204',ಎನ್ ರಾಮಚಂದ್ರರೆಡ್ಡಿ', ವೈ ನಂಜ ರೆಡ್ಡಿ',8',69',ಗಂಡು',',REDDY',AGED',NO'
ALQ2380731',ಶಾಂತಮ್ಮ',ವೈ ಎನ್ ರಾಮಚಂದ್ರ ರೆಡ್ಡಿ',8',64',ಹೆಣ್ಣು',',REDDY',AGED',NO'
ALQ1132836',ಲಕ್ಷ್ಮೀದೇವಮ್ಮ',ನರಸಪ್ಪ',9',68',ಹೆಣ್ಣು',',AGASARU',AGED,KOOLI'
ALQ1132844',ನರಸಿಂಹಮೂರ್ತಿ',ನರಸಪ್ಪ',9',41',ಗಂಡು',',AGASARU',',YES'
CTR1745082',ಸುಮಲತ',ನರಸಿಂಹಮೂರ್ತಿ',9',34',ಹೆಣ್ಣು',',AGASARU',KOOLI',NO'
ALQ2278208',ವಿಜಯಮ್ಮ',ಗಂಗಶಿವಪ್ಪ',9',33',ಹೆಣ್ಣು',',AGASARU',KOOLI',NO'
ALQ1819739',ಗಂಗಶಿವಪ್ಪ ತಾಯಿಯ',ಲಕ್ಷ್ಮಿದೇವಮ್ಮ',9',31',ಗಂಡು',',AGASARU',KOOLI',NO'
ALQ1132851',ಲಕ್ಷ್ಮೀದೇವಮ್ಮ',ಸುಬ್ಬಣ್ಣ',10',60',ಹೆಣ್ಣು',',AGASARU',AGED',NO'
CTR1585801',ಎಸ್ ನಾಗರಾಜು',ಲೇಟ್ ಸುಬ್ಬಣ್ಣ',10',36',ಗಂಡು',',AGASARU',KOOLI',NO'
ALQ1819747',ಕೆ ಮಂಜುಳಮ್ಮ',ಎಸ್ ನಾಗರಾಜು',10',31',ಹೆಣ್ಣು',',AGASARU',KOOLI',NO'
ALQ1132869',ದೋಬಿ ನಂಜುಂಡಪ್ಪ',ದೋಬಿ ನರಸಿಂಹಪ್ಪ',11',60',ಗಂಡು',',AGASARU',KOOLI',NO'
ALQ1132877',ನಾರಾಯಣಮ್ಮ',ದೋಬಿ ನಂಜುಂಡಪ್ಪ',11',58',ಹೆಣ್ಣು',',AGASARU',KOOLI',NO'
ALQ0630764',ಸಿ ನಾಗರಾಜು',ವೆಂಕಟ್ರಾಯಪ್ಪ',11',39',ಗಂಡು',',AGASARU',KOOLI',NO'
CTR5400239',ಶಿವಮ್ಮ',ಎನ್ ನಾರಾಯಣಸ್ವಾಮಿ',11',39',ಹೆಣ್ಣು',',AGASARU',KOOLI',NO'
CTR1745462',ಎನ್ ನಾರಾಯಣಸ್ವಾಮಿ',ದೋಬಿನಂಜುಂಡ',11',39',ಗಂಡು',',AGASARU',KOOLI',NO'
ALQ2436392',ಎನ್ ಗಾಯಿತ್ರಿ',ಮಂಜುನಾಥ',11',25',ಹೆಣ್ಣು',',AGASARU',KOOLI',NO'
CTR5400486',ಬೀಮಕ್ಕ',ಓಬಳಪ್ಪ',12',60',ಹೆಣ್ಣು',',AGASARU',KOOLI',NO'
ALQ1132885',ಶ್ರೀನಿವಾಸಪ್ಪ',ದೋಬಿ ನರಸಿಂಹ',12',53',ಗಂಡು',',AGASARU',KOOLI',NO'
CTR5400825',ರಾಮಚಂದ್ರಪ್ಪ',ಬಿ ಕದಿರಪ್ಪ',12',50',ಗಂಡು',YES',ST',KOOLI',NO'
CTR1585611',ಆದಿಲಕ್ಷ್ಮಮ್ಮ',ಶ್ರೀನಿವಾಸಪ್ಪ',12',38',ಹೆಣ್ಣು',',AGASARU',KOOLI',NO'
ALQ3156585',ನವೀನ್ ಕುಮಾರ',ಸೀನಪ್ಪ',12',22',ಗಂಡು',',AGASARU',KOOLI',NO'
ALQ3223278',ದಿನೇಶ್ ಆರ್',ರಾಮಚಂದ್ರಬಿ',12',19',ಗಂಡು',',ST',TEMPO DRIVER',NO'
ALQ1132919',ಕೆ ಟಿ ಗಿರಿಜಮ್ಮ',ಪ್ರಭಾಕರ ಚಾರಿ',16',65',ಹೆಣ್ಣು',',ACHARI',',NO'
ALQ3003480',ಕೆ ವಿ ಶೈಲಜ',ಕೆ ಪಿ ಸೂರಿ ಬಾಬು',16',46',ಹೆಣ್ಣು',YES',ACHARI',',NO'
ALQ1132927',ಕೆ ಪಿ ಸೂರಿಬಾಬು',ಪ್ರಭಾಕರ ಚಾರಿ',16',43',ಗಂಡು',YES',ACHARI',',NO'
ALQ2014058',ಶಿವಕುಮಾರ್',ಪ್ರಭಾಕರಚಾರಿ',16',42',ಗಂಡು',YES',ACHARI',',NO'
ALQ2394468',ಮಂಜುನಾಥಚಾರಿ',ಮಲ್ಲಿಕಾರ್ಜುನಾಚಾ',18',51',ಗಂಡು',YES',ACHARI',',NO'
ALQ2396166',ಕಲಾವತಿ',ಮಂಜುನಾಥಚಾರಿ',18',48',ಹೆಣ್ಣು',YES',ACHARI',',NO'
ALQ0631853',ಶ್ಯಾಮಲ',ಗಂಗಪ್ಪ',19',33',ಹೆಣ್ಣು',',SC',KOOLI',NO'
ALQ1132950',ಕೆ ಆರ್ ರಾಜೇಂದ್ರಾಚಾರಿ',ಎಸ್ ರಾಮಕೃಷ್ಣಾ ಚಾರಿ',20',58',ಗಂಡು',',ACHARI',BANK WORK',NO'
ALQ0219345',ಶ್ರೀವಿದ್ಯಾ',ಕೆ ಆರ್ ರಾಜೇಂದ್ರಾಚಾರಿ',20',45',ಹೆಣ್ಣು',',ACHARI',HOUSE -WIFE',NO'
ALQ2394385',ಯಶ್ವಂತ್ ಕುಮಾರ್ ಆರ್',ರಾಜೇಂದ್ರ ಚಾರಿ ಕೆ ಆರ್',20',24',ಗಂಡು',YES',ACHARI',DOCTOR',NO'
ALQ3171501',ನಳಿನಿ ಟಿ ಎಸ್',ಸುದರ್ಶನ ರೆಡ್ಡಿ',20',19',ಹೆಣ್ಣು',YES',ACHARI',',NO'
ALQ1132976',ವೆಂಕಟಲಕ್ಷ್ಮಮ್ಮ',ಆದಿನಾರಾಯಣ ರ',21',70',ಹೆಣ್ಣು',',REDDY',KOOLI',NO'
ALQ0219188',ಎಂ ರಾಮಕೃಷ್ಣಾರೆಡ್ಡಿ',ಆದಿನಾರಾಯಣ ರೆಡ್ಡಿ',21',53',ಗಂಡು',YES',REDDY',',NO'
CTR1585892',ಎ ಜಯನರಸಿಂಹ ರೆಡ್ಡಿ',ಆದಿನಾರಾಯಣ',21',43',ಗಂಡು',YES',REDDY',',NO'
ALQ1132984',ಮಮತ',ರಾಮ ಕೃಷ್ಣಾರೆಡ್ಡಿ',21',42',ಹೆಣ್ಣು',YES',REDDY',',NO'
ALQ0218990',ಎ ಬ್ರಹ್ಮಾನಂದ ರೆಡ್ಡಿ',ಆದಿನಾರಾಯಣ ರೆಡ್ಡಿ',21',40',ಗಂಡು',YES',REDDY',',NO'
ALQ2278281',ಎನ್ ವೆಂಕಟ ರೆಡ್ಡಿ',ಸಿ ನಾರಾಯಣಪ್ಪ',2ಬಿ',83',ಗಂಡು',YES',REDDY',',NO'
CTR1745108',SUGUNAMMA',SUDARSHAN REDDY',2A',42',ಹೆಣ್ಣು',',REDDY',ANGANVADI TEACHER',NO'
ALQ3018397',ನಂದೀಶ್ ರೆಡ್ಡಿ ಟಿ ಎಸ್',ಸುದರ್ಶನ್ ರೆಡ್ಡಿ',02ಎ',21',ಗಂಡು',',REDDY',STUDENT',NO'
ALQ1132596',ಎಂ ಎನ್ ನಾಗರತ್ನಮ್ಮ',ವಿ ವೇಣುಗೋಪಾಲ',2ಸಿ',47',ಹೆಣ್ಣು',',REDDY',AGED',NO'
ALQ1132604',ಲಕ್ಷ್ಮಮ್ಮ',ಎನ್ ವೆಂಕಟ ರೆಡ್ಡಿ',2ಬಿ',75',ಹೆಣ್ಣು',',REDDY',AGED',NO'
ALQ1132588',ವಿ ವೇಣುಗೋಪಾಲ ರೆಡ್ಡಿ',ಎನ್ ವೆಂಕಟ ರೆಡ್ಡಿ',2ಸಿ',55',ಗಂಡು',',REDDY',FARMER',NO'
CTR1585785',M ನಾಗರತ್ನಮ್ಮ',ವಿ ವೇಣುಗೋಪಾಲ ರೆಡ್ಡಿ',24',65',ಹೆಣ್ಣು',',REDDY',FARMER',NO'
ALQ3211638',ಶಶಿ ಕುಮಾರ್ ವಿ',ವೇಣುಗೋಪಾಲ',2ಸಿ',21',ಗಂಡು',YES',REDDY',STUDENT',NO'
ALQ1133008',ಪಿ ಎನ್ ರಾಮಲಿಂಗಾ ರೆಡ್ಡಿ',ನರಸಿಂಹ ರೆಡ್ಡಿ',24',70',ಗಂಡು',',REDDY',AGED',NO'
ALQ1133016',ಶಾಂತಮ್ಮ',ವೆಂಕಟೇಶಗುಪ್ತ',26',48',ಹೆಣ್ಣು',',DELETED',',NO'
ALQ2383040',ಎಲ್ ಭವಾನಿ',ಕೆ ಎಲ್ ನಾರಾಯಣಚಾರಿ',24',37',ಹೆಣ್ಣು',',ACHARI',KOOLI',NO'
ALQ1133065',ವೆಂಕಟೇಶ ಗುಪ್ತ',ಡಿ ಅಂಜನೇಯಶೆಟ್ಟಿ',26',51',ಗಂಡು',YES',SHETTY',',NO'
ALQ0631739',ಎಸ್ ಬಸವರಾಜು',ಸಿದ್ದರಾಜು',29',65',ಗಂಡು',YES',SHETTY',',NO'
ALQ1133057',ಡಿ ಎ ರಾಮಾಂಜನೇಯಶೆ',ಆಂಜನೇಯ ಶೆಟ್ಟಿ',26',47',ಗಂಡು',',SHETTY',SMALL SHOP',YES'
CTR1585405',ಕೆ ಪಿ ದೇವರಾಜ್',ಪ್ರಸನ್ನಾಚಾರಿ',27',46',ಗಂಡು',',ACHARI',KOOLI',NO'
ALQ1138171',ಆರ್ ಗಿರಿಜಮ್ಮ',ಎ ರಾಮಚಂದ್ರ ರಾ',30',67',ಹೆಣ್ಣು',',SHETBALAJIGA',HOTEL',YES'
ALQ1133099',ಕೆ ಎಲ್ ನಾರಾಯಣ ಚಾರಿ',ಲಕ್ಷ್ಮೀ ನಾರಾಯಣ ಚಾರಿ',29',60',ಗಂಡು',',ACHARI',TAILOR',NO'
ALQ1133107',ಎ ರಾಮಚಂದ್ರ ರಾವ್',ಆದಿಮೂರ್ತಪ್ಪ',30',74',ಗಂಡು',',BRAHMIN',RETIRED TEACHER',NO'
CTR1586379',ಜಯಲಕ್ಷ್ಮಮ್ಮ',ಕೆ ಪಿ ನರಸಿಂಹ ರೆಡ್ಡಿ',32',73',ಹೆಣ್ಣು',',BRAHMIN',HOUSE -WIFE',NO'
CTR1585983',ಆರ್ ರಘುನಾಥ ರಾವ್',ಎ ರಾಮಚಂದ್ರ ರಾವ್',30',43',ಗಂಡು',',BRAHMIN',ENGINEER',NO'
ALQ1133115',ಎಚ್ ಎಸ್ ಕವಿತ',ಆರ್ ರಘುನಾಥ ರಾವ್',30',38',ಹೆಣ್ಣು',',BRAHMIN',HOUSE -WIFE',NO'
ALQ1133156',ರತ್ನ ಎಂ',ಕೆ ಎನ್ ಕೇಶವರೆಡ್ಡಿ',32',47',ಹೆಣ್ಣು',',REDDY',AGED',NO'
ALQ1133164',ಕೆ ಎನ್ ಕೇಶವ ರೆಡ್ಡಿ',ಕೆ ಪಿ ನರಸಿಂಹ ರ್ರೆ',32',52',ಗಂಡು',',REDDY',POLITICS',NO'
ALQ1133172',ಕೆ ಎನ್ ಮಾದವರೆಡ್ಡಿ',ಕೆ ಪಿ ನರಸಿಂಹ ರೆಡ್ಡಿ',32',50',ಗಂಡು',',REDDY',CONTRACTOR',NO'
ALQ1133180',ವಿ ನರಸಿಂಹರೆಡ್ಡಿ',ವೆಂಕಟಕೃಷ್ಣರೆಡ್ಡಿ',33',41',ಗಂಡು',',REDDY',HOUSE -WIFE',NO'
ALQ2368710',ಅಭಿಲಾಷ',ದಿನಾರಾಯಣರೆಡ್ಡಿ',32',25',ಗಂಡು',YES',REDDY',STUDENT',NO'
ALQ1133206',ಶಕುಂತಲಮ್ಮ',ಎನ್ ವೆಂಕಟಕೃಷ್ಣಾರೆಡ್ಡಿ',34',37',ಹೆಣ್ಣು',',REDDY',KOOLI,AGED'
CTR1585413',ಸುಗುಣಮ್ಮ',ಸುದರ್ಶನರೆಡ್ಡಿ',02ಎ',42',ಹೆಣ್ಣು',',REDDY',',YES'
ALQ2479012',ಎದಿವ್ಯ ಭಾರತಿ',ವಿ ನರಸಿಂಹ ರೆಡ್ಡಿ',33',30',ಹೆಣ್ಣು',YES',REDDY',',NO'
ALQ0219105',SALIBAYI',K KRISHNA MUTHI RAV',34',37',ಹೆಣ್ಣು',YES',ACHARI',',NO'
ALQ1133214',ಕುಮದ್ವತಮ್ಮ',ಕೆ ಶ್ರೀನಿವಾಸಮೂತಿ',34',59',ಹೆಣ್ಣು',',BRAHMIN',HOUSE -WIFE',NO'
CTR1745454',ಎಸ್ ಗಿರೀಶ್',ಕೆ ಶ್ರೀನಿವಾಸಮೂರ್ತಿ',34',37',ಗಂಡು',',BRAHMIN',TEMPO DRIVER',NO'
ALQ1136811',ಎಸ್ ರವೀಶ್',ಕೆ ಶ್ರೀನಿವಾಸ ಮೂರ್ತಿ',34',32',ಗಂಡು',YES',BRAHMIN',',NO'
ALQ2442945',ರಮ್ಯಶ್ರೀ ಎ',ಗಿರೀಶ್ ಎಸ್',34',31',ಹೆಣ್ಣು',',BRAHMIN',HOUSE -WIFE',NO'
ALQ3211463',ಸ್ರಜನ್ ವಿ',ವೆಂಕಟೇಶ್ ಕೆ ಎ',34',19',ಗಂಡು',',SC',STUDENT',NO'
ALQ1133222',ಎ ಕೇಶವಮೂರ್ತಿ',ಆದಿಮೂರ್ತಪ್ಪ',35',88',ಗಂಡು',',BRAHMIN',AGED',NO'
ALQ1133230',ಲಕ್ಷ್ಮೀಕಾಂತಮ್ಮ',ಎ ಕೇಶವಮೂರ್ತಿ',35',80',ಹೆಣ್ಣು',',BRAHMIN',AGED',NO'
ALQ1133248',ಕೆ ಆದಿಮೂರ್ತಿ ರಾವ್',ಎ ಕೇಶವಮೂರ್ತಿ',35',57',ಗಂಡು',',BRAHMIN',FARMER',NO'
ALQ1133255',ಕೆ ವಿ ರಾಜೇಶ್ವರಿ',ಕೆ ಆದಿಮೂರ್ತಿ ರಾವ್',35',47',ಹೆಣ್ಣು',',BRAHMIN',GOVT TEACHER',NO'
ALQ2153716',ವಿನಯ್ ಕೆ ಎ',ಅದಿಮೂರ್ತಿ ರಾವ',35',26',ಗಂಡು',',BRAHMIN',STUDENT',NO'
ALQ1133271',ಚಿಕ್ಕಆದಿನಾರಾಯಣಪ್ಪ',ಆದಿಪ್ಪ',38',60',ಗಂಡು',',SC',KOOLI',NO'
ALQ1133289',ಸಾಕಮ್ಮ',ಚಿಕ್ಕ ಆದಿನಾರಾಯಣಪ್ಪ',38',55',ಹೆಣ್ಣು',',SC',KOOLI',NO'
ALQ1133305',ಶ್ರೀರಾಮಪ್ಪ',ಅದೆಪ್ಪ',38',46',ಗಂಡು',',SC',KOOLI',NO'
ALQ1133313',ಶಿವಮ್ಮ',ಶ್ರೀರಾಮಪ್ಪ',38',41',ಹೆಣ್ಣು',',SC',KOOLI',NO'
ALQ2489458',ಭಾಗ್ಯಮ್ಮ',ಬಾವನ್ನ',38',35',ಹೆಣ್ಣು',',SC',KOOLI',NO'
ALQ1133297',ಎ ನಾಗಮಣಿ',ಚಿಕ್ಕ ಆದಿನಾರಾಯಣಪ್ಪ',38',35',ಹೆಣ್ಣು',yes',SC',FACTORY WORKER',NO'
ALQ2965937',ಸುರೇಶ್ ಹೆಚ್',ಹನುಮಂತಪ್ಪ',38',24',ಗಂಡು',',SC',KOOLI',NO'
ALQ3150794',ರಾಜುಆರ್',ರಂಗದಾಮಪ್ಪ',38',23',ಗಂಡು',',SC',KOOLI',NO'
ALQ2967941',ಆನಂದ ಕುಮಾರ್ ಸಿ',ಚಿಕ್ಕಗಂಗಪ್ಪ',38',22',ಗಂಡು',',SC',KOOLI',NO'
ALQ1133321',ದೊಡ್ಡಗಂಗಪ್ಪ ',',',78',ಗಂಡು',',DELETED',',NO'
ALQ1133339',ಲಕ್ಷ್ಯಕ್ಕೆ',ದೊಡ್ಡಗಂಗಪ್ಪ',39',73',ಹೆಣ್ಣು',',SC',AGED',NO'
CTR1586015',ಸಾಯಿಬಾಬಾ',ದೊಡ್ಡಗಂಗಪ್ಪ',39',46',ಗಂಡು',',SC',KOOLI',NO'
CTR1586023',ಅನ್ನಪೂರ್ಣ',ಸಾಯಿಬಾಬಾ',39',42',ಹೆಣ್ಣು',',SC',KOOLI',NO'
ALQ1133347',ಬಾಬಣ್ಣ',ನಾರಾಯಣಪ್ಪ',40',73',ಗಂಡು',',SC',KOOLI',NO'
ALQ2396570',ಆದಿನಾರಾಯಣಪ್ಪ',ನಾರಾಯಣಪ್ಪ',40',73',ಗಂಡು',',SC',KOOLI',NO'
ALQ2395465',ಲಕ್ಷ್ಮಮ್ಮ',ಆದಿ ನಾರಾಯಣ',40',71',ಹೆಣ್ಣು',',SC',KOOLI',NO'
ALQ0631598',ನಾಗೇಂದ್ರ',ಆದಿ ನಾರಾಯಣಪ್ಪ',40',34',ಗಂಡು',YES',SC',KOOLI',NO'
ALQ0217612',ಬಿ ಶ್ರೀನಿವಾಸಪ್ಪ',ಬಾಬಣ್ಣ',40',32',ಗಂಡು',',SC',KOOLI',NO'
ALQ2278398',ರಾಧಮ್ಮ',ನಾಗೇಂದ್ರ',40',29',ಹೆಣ್ಣು',',SC',KOOLI',NO'
ALQ1133362',ವೆಂಕಟೇಶಪ್ಪ',ಅಂಜಿನಪ್ಪ',41',53',ಗಂಡು',',SC',KOOLI',NO'
ALQ1133370',ಅಲಮೇಲಮ್ಮ',ವೆಂಕಟೇಶಪ್ಪ',41',44',ಹೆಣ್ಣು',',SC',KOOLI',NO'
CTR5400098',ವೆಂಕಟರೆಡ್ಡಿ ಕೆ ಎಸ್',ಕೆ ವಿ ಶಿವಾರೆಡ್ಡಿ',41',34',ಗಂಡು',',REDDY',KOOLI',NO'
ALQ3150810',ಕಲ್ಪನಾ ವಿ',ವೆಂಕಟೇಶಪ್ಪ',41',20',ಹೆಣ್ಣು',',SC',STUDENT',NO'
ALQ1133388',ಚಿಕ್ಕನಾರಾಯಣಪ್ಪ',ತಿಮ್ಮಪ್ಪ',42',80',ಗಂಡು',',SC',AGED',NO'
ALQ1133396',ನಾರಾಯಣಮ್ಮ',ಚಿಕ್ಕನಾರಾಯಣಪ್ಪ',42',75',: ಹೆಣ್ಣು',',SC',AGED',NO'
ALQ1133404',ಅಶ್ವತ್ಥಪ್ಪ',ಚಿಕ್ಕನಾರಾಯಣಪ್ಪ',42',52',ಗಂಡು',',SC',KOOLI',NO'
ALQ1133412',ಸಾಕಮ್ಮ',ಅಶ್ವಥಪ್ಪ',42',45',ಹೆಣ್ಣು',',SC',KOOLI',NO'
ALQ2380541',ಶಾಂತಕುಮಾರ್ ಎ',ಅಶ್ವತ್ಥಪ್ಪ',42',25',ಗಂಡು',YES',SC',KOOLI',NO'
ALQ3086055',ವೆಂಕಟೇಶ್',ಅಶ್ವತ್ಥಪ್ಪ',42',23',ಗಂಡು',',SC',',YES'
ALQ1133420',ಗೋವಿಂದಮ್ಮ',ನಾರಾಯಣಪ್ಪ',43',65',ಹೆಣ್ಣು',',SC',KOOLI,AGED'
CTR1584788',ತಿಮ್ಮಯ್ಯ',ನಾರಾಯಣಪ್ಪ',43',47',ಗಂಡು',',SC',KOOLI',NO'
CTR1585322',ರತ್ನಮ್ಮ',ತಿಮ್ಮಯ್ಯ',43',41',ಹೆಣ್ಣು',',SC',KOOLI',NO'
CTR1585348',ಲಕ್ಷ್ಮೀದೇವಮ್ಮ',ಗಂಗಾಧರಪ್ಪ',43',40',ಹೆಣ್ಣು',',SC',KOOLI',NO'
ALQ3018348',ಮಂಜುನಾಥ ಜಿ',ಗಂಗಾಧರಪ್ಪ',43',21',ಗಂಡು',YES',SC',',NO'
ALQ1133446',ಗು ಆದಪ್ಪ ',',',84',ಗಂಡು',',DELETED',',NO'
ALQ1133453',ದೊಡ್ಡ ಆದಿನಾರಾಯಣಪ್ಪ',ಗುಂ ಆದೆಪ್ಪ',44',65',ಗಂಡು',',SC',KOOLI',NO'
CTR1585884',ಪಾರ್ವತಮ್ಮ',ದೊಡ್ಡ ಆದಿನಾರಾಯಣಪ್ಪ',44',41',ಹೆಣ್ಣು',',SC',KOOLI',NO'
ALQ3076445',ವಿಜಯಲಕ್ಷ್ಮೀ',ಶ್ರೀನಿವಾಸಪ್ಪ',44',39',ಹೆಣ್ಣು',',SC',KOOLI',NO'
ALQ2396281',ಶ್ರೀನಿವಾಸ',ಆದೆಪ್ಪ',44',36',ಗಂಡು',',SC',LAWYER',NO'
ALQ3171618',ವೆಂಕಟೇಶ್ ಎ',ಆದಿನಾರಾಯಣ',44',19',ಗಂಡು',',SC',KOOLI',NO'
CTR2120202',ವೆಂಕಟರಮಣಪ್ಪ',ಆವುಲಪ್ಪ',45',69',ಗಂಡು',',SC',KOOLI',NO'
ALQ1133479',ಲಕ್ಷ್ಮಮ್ಮ',ಭೂಮಣ್ಣ',45',67',ಹೆಣ್ಣು',',SC',KOOLI,AGED'
CTR1744796',ಚಿಕ್ಕನರಸಮ್ಮ',ಗಂಗಪ್ಪ',45',61',ಹೆಣ್ಣು',',SC',KOOLI',NO'
ALQ1133487',ಪದ್ದನರಸಿಂಹಪ್ಪ',ಆದಿಮೂರ್ತಪ್ಪ',45',57',ಗಂಡು',',SC',',YES'
CTR1585603',ಆದಿಲಕ್ಷ್ಮಮ್ಮ',ಪೆದ್ದನರಸಿಂಹಪ್ಪ',45',52',ಹೆಣ್ಣು',',SC',KOOLI',NO'
ALQ2489524',ನರಸಿಂಹಪ್ಪ',ಓಮಪ್ಪ',45',40',ಗಂಡು',YES',SC',',NO'
ALQ2380665',ರತ್ನಮ್ಮ',ವೆಂಕಟರಮಣಪ್ಪ',45',37',ಹೆಣ್ಣು',',SC',KOOLI',NO'
ALQ2489516',ವೆಂಕಟಮ್ಮ',ನರಸಿಂಹಪ್ಪ',45',33',ಹೆಣ್ಣು',',SC',KOOLI',NO'
ALQ2489433',ಗಂಗಾಧರ',ನರಸಿಂಹಪ್ಪ',45',30',ಗಂಡು',',SC',KOOLI',NO'
ALQ3018330',ನರಸಿಂಹಮೂರ್ತಿ',ರಾಮಾಂಜಿನಪ್ಪ',45',22',ಗಂಡು',',SC',STUDENT',NO'
ALQ3085974',ಆರ್\u200c ಮಂಜುಳಾ',ರಾಮಾಂಜಿನಪ್ಪ',45',20',ಹೆಣ್ಣು',YES',SC',STUDENT',NO'
ALQ1133503',ವೆಂಕಟಮ್ಮ',ಆದಿನಾರಾಯಣಪ್ಪ',46',74',ಹೆಣ್ಣು',',SC',AGED',NO'
ALQ1133511',ಎ ನಾಗರಾಜಪ್ಪ',ಆದಿನಾರಾಯಣಪ್ಪ',46',49',ಗಂಡು',',SC',KOOLI',NO'
CTR1586221',ಪಿ ಪ್ರಭಾವತಮ್ಮ',ವಿ ನಾಗರಾಜಪ್ಪ',46',35',ಹೆಣ್ಣು',',SC',ASHA WORKER',NO'
ALQ2278257',ಲಾವಣ್ಯ',ರವಿ ಕುಮಾರ್',46',25',ಹೆಣ್ಣು',',SC',KOOLI',NO'
ALQ3018298',ತನುಜಾ',ಶ್ರೀನಿವಾಸಪ್ಪ',46',24',ಹೆಣ್ಣು',',SC',KOOLI',NO'
ALQ1133537',ಬಿ ಎನ್ ಗಂಗಪ್ಪ',ನಾರಾಯಣಪ್ಪ',48',61',ಗಂಡು',',SC',KOOLI',NO'
ALQ0217570',ಗಂಗಾಧರಪ್ಪ',ಬುನಾರಾಯಣನ',48',51',ಗಂಡು',',SC',KOOLI',NO'
CTR5400015',ನಾಗರತ್ನಮ್ಮ',ಬಿ ಎನ್ ಗಂಗಪ್ಪ',48',48',ಹೆಣ್ಣು',',SC',KOOLI',NO'
ALQ0218750',ರತ್ನಮ್ಮ',ಗಂಗಾಧರಪ್ಪ',48',44',ಹೆಣ್ಣು',',SC',KOOLI',NO'
ALQ0217927',ಬಿ ಎನ್ ವೆಂಕಟೇಶಪ್ಪ',ಬಿ ನಾರಾಯಣಪ್ಪ',48',44',ಗಂಡು',',SC',GOVERMENT EMPLOYEE',NO'
ALQ2442960',ಕೆಎಶಿವಾನಂದರೆಡ್ಡಿ',ಎನ್ ಆದಿನಾರಾಯಣ ರೆಡ್ಡಿ',48',36',ಗಂಡು',',REDDY',HOME',YES'
ALQ2211191',ಗಾಯಿತ್ರಿದೇವಿ',ಜಿ ಶ್ರೀನಿವಾಸ',48',31',ಹೆಣ್ಣು',YES',SC',',NO'
ALQ1819754',ಜಿ ನಾರಾಯಣ ಸ್ವಾಮಿ',ಬಿ ಎನ್ ಗಂಗಪ್ಪ',48',30',ಗಂಡು',YES',SC',',NO'
ALQ3045317',ಅರುಣ ಡಿ',ನಾರಾಯಣಸ್ವಾಮಿ',48',27',ಹೆಣ್ಣು',YES',SC',',NO'
ALQ2394609',ನರೇಶ್ ಜಿ',ಗಂಗಾಧರಪ್ಪ',48',26',ಗಂಡು',YES',SC',',NO'
ALQ3226958',ನಾಗಪಗಾರಿ ಅಶ್ವಿನಿ',ನರೇಶ್ ಜಿ',48',19',ಹೆಣ್ಣು',',SC',HOUSE -WIFE',NO'
ALQ1133560',ಚಿಕ್ಕಗಂಗಪ್ಪ',ನಾರಾಯಣಪ್ಪ',50',61',ಗಂಡು',',SC',KOOLI',NO'
ALQ1133578',ಆದಮ್ಮ',ಚಿಕ್ಕಗಂಗಪ್ಪ',50',53',ಹೆಣ್ಣು',',SC',KOOLI',NO'
ALQ1133586',ರಾಮಾಂಜಮ್ಮ',ಚಿಕ್ಕಗಂಗಪ್ಪ',50',42',ಹೆಣ್ಣು',',SC',KOOLI',NO'
CTR5400023',ಜಿಬಿ ಶೈಲ',ಚಿಕ್ಕಗಂಗಯ್ಯ',50',37',ಹೆಣ್ಣು',',SC',KOOLI',NO'
ALQ1819762',ಚಿಕ್ಕಗಂಗಯ್ಯ',ಬನಾರಾಯಣತ',50',37',ಗಂಡು',',SC',KOOLI',NO'
CTR5400270',ಸಿ ವೆಂಕಟಶಿವಪ್ಪ',ಗುರೆ ಚಿಕ್ಕಗಂಗಪ್ಪ',50',36',ಗಂಡು',',SC',KOOLI',NO'
ALQ2365534',ಶಾರದಮ್ಮ ಹೆಚ್',ವೆಂಕಟಶಿವಪ್ಪ',50',28',ಹೆಣ್ಣು',',SC',KOOLI',NO'
ALQ3085966',ಅಶ್ವಿನಿ ಸಿ',ಚಿಕ್ಕಗಂಗಪ್ಪ',50',20',ಹೆಣ್ಣು',',SC',STUDENT',NO'
ALQ1133594',ಗಂಗಮ್ಮ',ಜಿ ಹನುಮಂತಪ್ಪ',51',65',ಹೆಣ್ಣು',',DELETED',',NO'
ALQ1133602',ಹೆಚ್ ಆದಿನಾರಾಯಣಪ್ಪ',ಹನುಮಂತಪ್ಪ',51',51',ಗಂಡು',',SC',GOVERMENT EMPLOYEE',NO'
ALQ2338168',ಎ ಬಾನು ತೇಜ',ಆದಿನಾರಾರಾಯಣಪ್ಪ',51',32',ಗಂಡು',',SC',KOOLI',NO'
ALQ3141926',ವೆನ್ನಲಜಿ ಎ',ಆದಿನಾರಾಯಣ',51',20',ಹೆಣ್ಣು',',SC',UNEMPLOYED',NO'
ALQ3171642',ಅಮರಾವತಿ ಎ',ಆದಿನಾರಾಯಣಪ್ಪ',52',19',ಹೆಣ್ಣು',',SC',KOOLI',NO'
CTR2220077',ನಾರಾಯಣಮ್ಮ',ಎ ಗಂಗಪ್ಪ',53',68',ಹೆಣ್ಣು',',SC',AGED',NO'
ALQ0217596',ಆವುಲಗಾರಿ ವೆಂಕಟ್ರವಣಪ್ಪ',ಲೇಟ್ ಆವುಲಪ್ಪ',53',63',ಗಂಡು',',REPEAT',',NO'
ALQ0631929',ವೆಂಕಟಮ್ಮ',ಗಂಗಪ್ಪ',53',56',ಹೆಣ್ಣು',',SC',KOOLI',NO'
ALQ1133644',ಜಿ ನಾರಾಯಣಸ್ವಾಮಿ',ಗಂಗಪ್ಪ',53',43',ಗಂಡು',',SC',GOVERMENT EMPLOYEE',NO'
CTR2126290',ರಾಧಮ್ಮ',ಜಿ ನಾರಾಯಣಸ',53',39',ಹೆಣ್ಣು',',SC',KOOLI',NO'
ALQ2153682',ಜಯ ಸುದ ಎಸ್',ನಾರಾಯಣಸ್ವಾಮಿ',53',36',ಹೆಣ್ಣು',',SC',PVT TEACHER',NO'
ALQ3206406',ಜಿ ಗಿರೀಶ್',ಗಂಗಪ್ಪ',53',19',ಗಂಡು',',SC',AUTO DRIVER',NO'
ALQ2586212',ನರಸಮ್ಮ',ವೆಂಕಟರಮಣಪ್ಪ',57',85',ಹೆಣ್ಣು',',SC',AGED',NO'
ALQ2482826',ಗಂಗಮ್ಮ',ಲೇಟ್ ವೆಂಕಟರಮಣಪ್ಪ',57',46',ಹೆಣ್ಣು',',SC',AGED',NO'
ALQ1133693',ದಾಳಪ್ಪ',ನರಸಿಂಹಪ್ಪ',58',55',ಗಂಡು',',SC',KOOLI',NO'
ALQ1133719',ನರಸಿಂಹಪ್ಪ',ನರಸಿಂಹಪ್ಪ',58',50',ಗಂಡು',',SC',KOOLI',NO'
ALQ1133727',ಪದ್ಮಮ್ಮ',ನರಸಿಂಹಪ್ಪ',58',44',ಹೆಣ್ಣು',',SC',KOOLI',NO'
ALQ2435360',ರವಿ',ನರಸಿಂಹಪ್ಪ',58',24',ಗಂಡು',YES',SC',',NO'
ALQ2955391',ವಿಜಯಕುಮಾರ್ ಜಿ',ಗಂಗಾಧರಪ್ಪ',58',22',ಗಂಡು',',SC',KOOLI',NO'
ALQ1133743',ಎನ್ ಗಂಗಾಧರಪ್ಪ',ನ್ಯಾತಪ್ಪ',60',60',ಗಂಡು',',DELETED',',NO'
ALQ0219485',ಜಯಮ್ಮ',ಗಂಗಾಧರಪ್ಪ',60',52',ಹೆಣ್ಣು',',SC',KOOLI',NO'
ALQ3206430',ನರೇಶ್ ಬಾಬು',ಗಂಗಾಧರಪ್ಪ',60',19',ಗಂಡು',',SC',STUDENT',NO'
ALQ3171451',ನರೇಶ್ ಬಾಬು',ಗಂಗಾಧರಪ್ಪ ಎನ್',60',19',ಗಂಡು',',REPEAT',',NO'
ALQ1133750',ದಾಸರಿ ಗಂಗಪ್ಪ',ಚಿಕ್ಕಪ್ಪಯ್ಯ',63',80',ಗಂಡು',',SC',KOOLI',NO'
CTR1585173',ಜಿ ವೆಂಕಟೇಶಪ್ಪ',ಗಂಗಪ್ಪ',63',50',ಗಂಡು',',SC',PVT BUS CONDUCTOR',NO'
CTR1744713',ನಾಗಮಣಿ',ಜಿ ವೆಂಕಟೇಶಪ್ಪ',63',47',ಹೆಣ್ಣು',',SC',KOOLI',NO'
ALQ2965945',ಕೆ ವಿ ನವ್ಯಶ್ರೀ',ಜಿ ವೆಂಕಟೇಶಪ್ಪ',63',22',ಹೆಣ್ಣು',',SC',STUDENT',NO'
CTR4990388',ಅವಲಪ್ಪ ಎನ್',ನಾರಾಯಣ್ಣಪ್ಪ',65',69',ಗಂಡು',',BUTRAJRU',SMALL SHOP',NO'
ALQ2489300',ಅಶ್ವತ್ಥಪ್ಪ',ನಾರಾಯಣಪ್ಪ',65',50',ಗಂಡು',',KURUBA',KOOLI',NO'
CTR1586312',ಗಂಗರತ್ನಮ್ಮ',ಆವಲಪ್ಪ ಎನ್',65',48',ಹೆಣ್ಣು',',BUTRAJRU',HOUSE -WIFE',NO'
ALQ2489383',ರತ್ನಮ್ಮ',ಅಶ್ವತ್ತಪ್ಪ',65',40',ಹೆಣ್ಣು',',KURUBA',KOOLI',NO'
ALQ0631473',ಆವುಲಕೊಂಡಪ್ಪ ಕೆ',ಆವಲಪ್ಪ ಎನ್',65',39',ಗಂಡು',',BUTRAJRU',GOVT TEACHER',NO'
ALQ0631283',ಶಿವಜ್ಯೋತಿ ಕೆ',ಆವುಲಕೊಂಡಪ್ಪ ಕೆ',65',33',ಹೆಣ್ಣು',',BUTRAJRU',HOUSE -WIFE',NO'
ALQ1133784',ವೆಂಕಟರಮಣಪ್ಪ',ವೆಂಕಟಪ್ಪ',66',93',ಗಂಡು',',SC',AGED',NO'
ALQ1133800',ಗಂಗರತ್ನಮ್ಮ',ತಿಮ್ಮಯ್ಯ',66',55',ಹೆಣ್ಣು',',SC',',YES'
ALQ2470888',ಹೆಚ್ ಎಲ್ ಸತ್ಯ',ಚಿರಂಜೀವಿ',66',25',ಹೆಣ್ಣು',YES',SC',',NO'
ALQ3076437',ವಿಮಲ ಆರ್\u200c',ರಾಮಕೃಷ್ಣಾರೆಡ್ಡಿ',66',22',ಹೆಣ್ಣು',',REDDY',KOOLI',NO'
ALQ2586220',ಆದಿನಾರಾಯಣಪ್ಪ',ವೆಂಕಟಪ್ಪ',67',75',ಗಂಡು',',DELETED',',NO'
ALQ2586238',ನರಸಮ್ಮ',ಆದಿನಾರಾಯಣಪ್ಪ',67',67',: ಹೆಣ್ಣು',',SC',AGED',NO'
ALQ2586246',ಪದ್ಮಾವತಮ್ಮ',ಗಂಗಾಧರಪ್ಪ',67',40',ಹೆಣ್ಣು',',SC',KOOLI',NO'
ALQ3084720',ಹರೀಶ್ ಜಿ',ಗಂಗಾಧರಪ್ಪ',67',20',ಗಂಡು',YES',SC',',NO'
ALQ3084738',ಶಶಿಕುಮಾರ್ ಆರ್',ರಾಮಾಂಜಿನಪ್ಪ',67',20',ಗಂಡು',YES',ST',STUDENT',NO'
ALQ1133842',ಗಂಗಪ್ಪ',ಚೆನ್ನಾದೆಪ್ಪ',68',80',ಗಂಡು',',DELETED',',NO'
ALQ1133859',ರಾಮಾಂಜನಮ್ಮ',ಆದಿನಾರಾಯಣಪ್ಪ',68',54',ಹೆಣ್ಣು',',SC',KOOLI',NO'
ALQ2278299',ಎಮ್ ಅರ್ ಜನಾರ್ಧನರೆಡ್ಡಿ',ಎಮ್ ಎನ್ ರಂಗಾರೆಡ್ಡಿ',68',26',ಗಂಡು',YES',REDDY',',NO'
ALQ1133875',ಎಸ್ ಗಂಗಪ್ಪ',ಸತ್ಯಪ್ಪ',70',71',ಗಂಡು',',SC',KOOLI',NO'
ALQ2586253',ಲಕ್ಷ್ಮೀನರಸಮ್ಮ',ಆದಿನಾರಾಯಣಪ್ಪ',70',48',ಹೆಣ್ಣು',',SC',KOOLI',NO'
CTR1745447',ಸತ್ಯಪ್ಪ',ಎಸ್ ಗಂಗಪ್ಪ',70',38',ಗಂಡು',',SC',KOOLI',NO'
CTR5400627',ಜೆ ನರಸಿಂಹ್ಮಮೂರ್ತಿ',ಎಸ್ ಗಂಗಪ್ಪ',70',37',ಗಂಡು',',SC',KOOLI',NO'
CTR1744960',ಗಂಗಪ್ಪ',ಆದೆಪ್ಪ',71',73',ಗಂಡು',',SC',KOOLI',NO'
ALQ2442978',ಗಂಗಮ್ಮ',ಲೇಟ್ ಆದೆಪ್ಪ',71',66',ಹೆಣ್ಣು',',DELETED',',NO'
ALQ1133909',ಗಂಗರತ್ನಮ್ಮ',ಗಂಗಪ್ಪ',71',51',ಹೆಣ್ಣು',',SC',KOOLI',NO'
ALQ0631648',ಜಿ ಪುರುಷೋತ್ತಮ',ಚಿಕ್ಕ ಗಂಗಪ್ಪ',71',34',ಗಂಡು',',SC',KOOLI',NO'
ALQ3018389',ಡಿ ಸವಿತಾ',ಜಿ ಪುರುಷೋತ್ತಮ',71',31',ಹೆಣ್ಣು',',SC',KOOLI',NO'
ALQ1133917',ಆದಿನಾರಾಯಣಪ್ಪ',ಅದೆಪ್ಪ',72',61',ಗಂಡು',',SC',KOOLI',NO'
ALQ2013944',ಆರ್ ಮಂಜುನಾಥ',ಎನ್ ರಮೇಶಪ್ಪ',72',29',ಗಂಡು',YES',KURUBA',',NO'
ALQ1132752',ಆದಿನಾರಾಯಣಪ್ಪ',ನರಸಿಂಹಪ್ಪ',7ಎ',48',ಗಂಡು',',EDIGA',FARMER',NO'
ALQ1132760',ರಾಮಾಂಜಿನಮ್ಮ',ಆದಿನಾರಾಯಣಪ್ಪ',7ಎ',44',ಹೆಣ್ಣು',',EDIGA',HOUSE -WIFE',NO'
ALQ1132786',ಕಾಂತಮ್ಮ',ಎನ್ ರಮೇಶ',7ಬಿ',44',ಹೆಣ್ಣು',',KURUBA',KOOLI',NO'
ALQ0219337',ಕೆ ಎನ್ ಅದಿಲಕ',ಇವತ್ತನಾರಾಯ ',',71',ಹೆಣ್ಣು',',DELETED',',NO'
CTR1744663',ಅಶ್ವತ್ಥಮ್ಮ',ಎನ್ ನಾರಾಯಣಸ್ವಾಮಿ',7ಸಿ',42',ಹೆಣ್ಣು',',KURUBA',KOOLI',NO'
ALQ2953743',ಆದಿಮೂರ್ತಪ್ಪ',ವೆಂಕಟಪ್ಪ',7ಡಿ',78',ಗಂಡು',',BUDU JANANGA',AGED',NO'
CTR1744655',ಲಕ್ಷಕ್ಕೆ',ಆದಿಮೂರ್ತಿ',7ಡಿ',64',ಹೆಣ್ಣು',',BUDU JANANGA',AGED',NO'
ALQ1132802',ವೆಂಕಟೇಶ',ಆದಿಮೂರ್ತಪ್ಪ',7ಡಿ',40',ಗಂಡು',',BUDU JANANGA',KOOLI',NO'
ALQ2489466',ಭಾಗ್ಯಲಕ್ಷ್ಮಿ',ಆದಿಮೂರ್ತಪ್ಪ',7ಡಿ',30',ಹೆಣ್ಣು',',BUDU JANANGA',KOOLI',NO'
ALQ2489482',ಗಂಗಯ್ಯ',ಆದಿಮೂರ್ತಪ್ಪ',7ಡಿ',30',ಗಂಡು',',BUDU JANANGA',KOOLI',NO'
ALQ2489441',ಸಿದ್ದಯ್ಯ',ಆದಿಮೂರ್ತಪ್ಪ',7ಡಿ',25',ಗಂಡು',',BUDU JANANGA',KOOLI',NO'
ALQ2397040',ಆದಿಲಕ್ಷ್ಮೀ',ಆದಿಮಾರ್ತಪ್ಪ',7 ಡಿ',24',ಹೆಣ್ಣು',',BUDU JANANGA',KOOLI',NO'
ALQ3155991',ಚಂದ್ರಕಳ',ಸಿದ್ದಯ್ಯ',7 ಡಿ ',26',ಹೆಣ್ಣು',',BUDU JANANGA',KOOLI',NO'
ALQ1133941',ಗಂಗಾಧರಪ್ಪ',ಆದೆಪ್ಪ',73',59',ಗಂಡು',',SC',FARMER',NO'
ALQ1133958',ಸಜ್ಜಮ್ಮ',ಗಂಗಾಧರಪ್ಪ',73',46',ಹೆಣ್ಣು',',SC',SHEEP FARMING',NO'
ALQ2482800',ಗಂಗಮ್ಮ',ಲೇಟ್ ಅಶ್ವತ್ಥಪ್ಪ',78',72',ಹೆಣ್ಣು',',KURUBA',AGED',NO'
ALQ1133966',ಗಾಲಿ ಆದಿನಾರಾಯಣಪ್ಪ',ಗಾಲಿನಾರಾಯಣಪ್ಪ',78',69',ಗಂಡು',',DELETED',',NO'
ALQ1133974',ನಂಜಮ್ಮ',ಗಾಲಿಆದಿನಾರಾಯಣಪ್ಪ',78',57',ಹೆಣ್ಣು',',KURUBA',KOOLI',NO'
ALQ2368280',ಬೇರೆಗೌಡ',ಆದಿನಾರಾಯಣ',78',28',ಗಂಡು',',KURUBA',KOOLI',NO'
ALQ2364958',ಪ್ರವಿನಾಕೆ ಎ',ಆದಿನಾರಾಯಣಪ್ಪ',78',26',ಹೆಣ್ಣು',YES',KURUBA',',NO'
ALQ1133982',ಲಕ್ಷ್ಮೀನರಸಮ್ಮ',ಕೆ ವಿ ರಾಮಕೃಷ್ಣ ರೆಡ್ಡಿ',79',65',ಹೆಣ್ಣು',',REDDY',FARMER',NO'
ALQ0217950',ಕೆ ವಿ ರಾಮಕೃಷ್ಣ ರೆಡ್ಡಿ',ವೆಂಕಟರಮಣಪ್ಪ',79',64',ಗಂಡು',',REDDY',FARMER',NO'
ALQ1133990',ಕೆ ಆರ್\u200c ಮಂಜುನಾಥ ರೆಡ್ಡಿ',ಕೆ ವಿ ರಾಮಕೃಷ್ಣ ರೆಡ್ಡಿ',79',43',ಗಂಡು',',REDDY',FARMER',NO'
ALQ3150828',ಪವಿತ್ರ ಜಿ',ಗೋವೀಂದ ರೆಡ್ಡಿ',79',21',ಹೆಣ್ಣು',YES',REDDY',STUDENT',NO'
ALQ2586261',ಡಿ ವಿ ಹನುಮಂತ ರೆಡ್ಡಿ',ವೆಂಕಟರಮಣಪ್ಪ',80',81',ಗಂಡು',',REDDY',AGED',NO'
ALQ2586279',ರತ್ನಮ್ಮ',ಹನುಮಂತ ರೆಡ್ಡಿ',80',70',ಹೆಣ್ಣು',',DELETED',',NO'
ALQ2586287',ಡಿ ವಿ ವೆಂಕಟರೆಡ್ಡಿ ಡಿ ವಿ ವೆಂಕಟ',ಹನುಮಂತ ರೆಡ್ಡಿ',80',51',ಗಂಡು',',REDDY',FARMER',NO'
ALQ2586295',ವಿಜಯಲಕ್ಷ್ಮಮ್ಮ',ಡಿ ಹೆಚ್ ವೆಂಕಟ ರ',80',45',ಹೆಣ್ಣು',',REDDY',FARMER',NO'
ALQ2365260',ಡಿವಿ ಸತಿಶಕುಮಾರ',ಡಿ ಹಚ್ ವೇಂಕಟರೆಡ್ಡಿ',80',28',ಗಂಡು',',REDDY',STUDENT',NO'
ALQ2568632',ಡಿ ವಿ ಭಾರತಿ',ಡಿ ವಿ ವೆಂಕಟರೆಡ್ಡಿ',80',23',ಹೆಣ್ಣು',YES',REDDY',',NO'
ALQ1134048',ರಾಜಮ್ಮ',ಶ್ರೀನಿವಾಸ ರೆಡ್ಡಿ',81',57',ಹೆಣ್ಣು',',REDDY',FARMER',NO'
ALQ1134055',ಎಂ ಆರ್\u200c ಆದಿನಾರಾ ರೆಡ್ಡಿ ',ರಂಗಾ ರೆಡ್ಡಿ',85',93',ಗಂಡು',',DELETED',',NO'
ALQ1134063',ಎಂ ಆರ್\u200c ರಾಜ ರೆಡ್ಡಿ',ರಂಗಾ ರೆಡ್ಡಿ',85',85',ಗಂಡು',',REDDY',',NO'
ALQ1134071',ನಾಗಲಕ್ಷ್ಮಮ್ಮ',ಆದಿನಾರಾಯಣ ರ',85',80',ಹೆಣ್ಣು',',REDDY',AGED',NO'
ALQ1134089',ಸುನಂದಮ್ಮ',ಶ್ರೀನಿವಾಸಪ್ಪ',105',39',ಹೆಣ್ಣು',',DELETED',',NO'
CTR4990867',ರತ್ನಮ್ಮ',ರಾಜ ರೆಡ್ಡಿ',85',78',ಹೆಣ್ಣು',',REDDY',AGED',NO'
ALQ1134097',ಎಮ್ ಎನ್ ರಂಗಾರೆಡ್ಡಿ ',',',70',ಗಂಡು',',DELETED',',NO'
ALQ2586303',ಎಮ್ ಎನ್ ಶ್ರೀರಾಮ ರೆಡ್ಡಿ',ನಾರಾಯಣ ರೆಡ್ಡಿ',85',69',ಗಂಡು',',REDDY',FARMER',NO'
ALQ1134121',ನಾಗರತ್ಮಮ್ಮ',ರಾಮಚಂದ್ರ ರೆಡ್ಡಿ',85',63',ಹೆಣ್ಣು',',REDDY',FARMER',NO'
ALQ1134139',ಶಾಂತಮ್ಮ',ರಂಗಾ ರೆಡ್ಡಿ',85',62',ಹೆಣ್ಣು',',REDDY',FARMER',NO'
ALQ2395879',ವಸುಂದರಮ್ಮ',ರವೀಂದ್ರರೆಡ್ಡಿ ಎಂ ಎನ್',85',55',ಹೆಣ್ಣು',',REDDY',FARMER',NO'
ALQ1134162',ಎಂ ಆರ್ ಸುಧಾಕರರೆಡ್ಡಿ',ರಾಜ ರೆಡ್ಡಿ',85',51',ಗಂಡು',',REDDY',FARMER',NO'
ALQ1134170',ಎಂ ಆರ್ ಭಾಸ್ಕರರೆಡ್ಡಿ',ರಾಮಲಿಂಗಾರೆಡ್ಡಿ',85',51',ಗಂಡು',',REDDY',FARMER',NO'
ALQ1134196',ಕೆ ವೆಂಕಟರಂಗಾ ರೆಡ್ಡಿ',ಕೃಷ್ಣ ರೆಡ್ಡಿ',85',51',ಗಂಡು',',REDDY',FARMER',NO'
ALQ2482834',ಸರೋಜಮ್ಮ',ಎಂ ಎನ್ ಶ್ರೀರಾಮರೆಡ್ಡಿ',85',51',ಹೆಣ್ಣು',',REDDY',KOOLI',NO'
ALQ1134188',ಎಂ ಆರ್ ರಘುನಾಥ ರೆಡ್ಡಿ',ರಾಜ ರೆಡ್ಡಿ',85',49',ಗಂಡು',',REDDY',FARMER',NO'
ALQ1134204',ಎಮ್ ಆರ್ ಉಮಾದೇವಿ',ರಾಜ ರೆಡ್ಡಿ',85',45',ಹೆಣ್ಣು',',REDDY',',YES'
CTR1745595',ಮಂಜುಳ',ಭಾಸ್ಕರರೆಡ್ಡಿ',85',42',ಹೆಣ್ಣು',',REDDY',FARMER',NO'
CTR4990495',ಎಂ ಆರ್ ಆನಂದರೆಡ್ಡಿ',ಎಂ ಆರ್ ರಾಜಾರೆಡ್ಡಿ',85',41',ಗಂಡು',',REDDY',FARMER',NO'
CTR4990859',ವನಜಮ್ಮ',ಕೆ ವೆಂಕಟರಂಗಾರೆಡ್ಡಿ',85',40',ಹೆಣ್ಣು',',REDDY',FARMER',NO'
ALQ2967974',ಆದಿಲಕ್ಷ್ಮೀ',ಎಂ ಆರ್ ಸುಧಾಕರ್',85',39',ಹೆಣ್ಣು',',REDDY',FARMER',NO'
ALQ0425561',ಫಣಿಶ್ ಎಂ ಆರ್',ಎಂ ಎನ್ ರವೀಂ',85',35',ಗಂಡು',YES',REDDY',',NO'
CTR4990529',ಎಂ ಆರ್ ದಿನೇಶ್',ರವೀಂದ್ರರೆಡ್ಡಿ',85',34',ಗಂಡು',YES',REDDY',',NO'
ALQ2479020',ಕೆ ಎನ್ ರಮೇಶ್',ಎಂ ಎನ್ ಶ್ರೀರಾಮರೆಡ್ಡಿ',85',34',ಗಂಡು',',REDDY',KOOLI',NO'
ALQ2278166',ಎಮ್ ಅರ್ ಪುನೀತ್ ಕುಮಾರ್',ಎಮ್ ಎನ್ ರಂಗಾರೆಡ್ಡಿ',85',28',ಗಂಡು',YES',REDDY',',NO'
ALQ3085958',ಮಾನಿಕ ಬಿ',ಭಾಸ್ಕರ್ ರೆಡ್ಡಿ',85',20',ಹೆಣ್ಣು',',REDDY',STUDENT',NO'
ALQ3207966',ಅಖಿಲ',ಅನಂದ ರೆಡ್ಡಿ ಗಂಡ',85',19',ಹೆಣ್ಣು',',REDDY',FARMER',NO'
ALQ3207891',ಶಶಿದರಾ ರೆಡ್ಡಿ',ವೆಂಕಟಗಂಗಾ ರೆಡಿ ತಂದೆ',85',19',ಗಂಡು',',REDDY',STUDENT',NO'
ALQ1134246',ಆದಮ್ಮ',ವೆಂಕಟಪ್ಪ',86',70',ಹೆಣ್ಣು',',SC',',YES'
ALQ1134253',ವಿ ಗಂಗಪ್ಪ',ವೆಂಕಟಪ್ಪ',86',55',ಗಂಡು',',SC',FARMER',NO'
ALQ1134261',ಹೆಚ್ ಎನ್ ರಾಮಾಂಜನಮ',ಗಂಗಪ್ಪ',86',44',ಹೆಣ್ಣು',',SC',FARMER',NO'
ALQ2278273',ವಿ ಅನುಷಾ',ಕೆ ಎನ್ ವೆಂಕಟಾಚಲಪತಿ',86',27',ಹೆಣ್ಣು',',SHETTY',STUDENT',NO'
ALQ2153690',ಮೋಹನ್ ಕುಮಾರ್ ಜಿ',ಗಂಗಪ್ಪ ವಿ',86',26',ಗಂಡು',YES',SC',STUDENT',NO'
ALQ2382968',ಪ್ರವೀಣ್ ಜಿ',ಗಂಗಪ್ಪ',86',25',ಗಂಡು',YES',SC',STUDENT',NO'
ALQ1134303',ಆದಿನಾರಾಯಣಪ್ಪ',ವೆಂಕಟಪ್ಪ',89',59',ಗಂಡು',',SC',FARMER',NO'
ALQ1134311',ಸಂಜೀವಮ್ಮ',ಆದಿನಾರಾಯಣಪ್ಪ',89',48',ಹೆಣ್ಣು',',SC',FARMER',NO'
ALQ3018280',ಅಶೋಕ ಕುಮಾರ್ ಎ',ಆದಿನಾರಾಯಣ',89',21',ಗಂಡು',YES',SC',',NO'
ALQ1134329',ಗಂಗಾಧರಪ್ಪ',ವೆಂಕಟಪ್ಪ',90',55',ಗಂಡು',',SC',KOOLI',NO'
ALQ2586329',ಲಕ್ಷ್ಮಮ್ಮ',ಗಂಗಾಧರಪ್ಪ',90',45',ಹೆಣ್ಣು',',SC',KOOLI',NO'
ALQ1134345',ನರಸಪ್ಪ',ವೆಂಕಟಪ್ಪ',91',51',ಗಂಡು',',SC',KOOLI',NO'
ALQ0217844',ಸಜ್ಜಮ್ಮ',ನರಸಪ್ಪ',91',36',ಹೆಣ್ಣು',',SC',KOOLI',NO'
ALQ1134378',ನಾರಾಯಣಪ್ಪ',ವೆಂಕಟಪ್ಪ',92',63',ಗಂಡು',',DELETED',',NO'
ALQ1134394',ಆದಿನಾರಾಯಣಪ್ಪ',ವೆಂಕಟಪ್ಪ',92',50',ಗಂಡು',',SC',KOOLI',NO'
ALQ2482818',ರಾಮಚಂದ್ರಪ್ಪ',ಲೇಟ್ ವೆಂಕಟಪ್ಪ',92',43',ಗಂಡು',',SC',DRIVIING',NO'
ALQ2489318',ಮಂಜುಳಮ್ಮ',ರಾಮಚಂದ್ರಪ್ಪ',92',35',ಹೆಣ್ಣು',',SC',KOOLI',NO'
ALQ2345593',ಕೆ ಎಗೋಪಾಲ',ಆದಿನಾರಾಯಣ',92',25',ಗಂಡು',',SC',KOOLI',NO'
ALQ1134402',ವೆಂಕಟಮ್ಮ',ಬಾಬಣ್ಣ',93',75',ಹೆಣ್ಣು',',SC',AGED',NO'
ALQ1134410',ಆದಿನಾರಾಯಣಪ್ಪ',ಬಾಬಣ್ಣ',93',53',ಗಂಡು',',SC',KOOLI',NO'
ALQ1134428',ಆದಿಲಕ್ಷ್ಮಮ್ಮ',ಆದಿನಾರಾಯಣಪ',93',45',ಹೆಣ್ಣು',',SC',KOOLI',NO'
CTR1745009',ವೆಂಕಟರಮಣಪ್ಪ',ಬಾಬಣ್ಣ',93',43',ಗಂಡು',',SC',KOOLI',NO'
CTR1585496',ಸಂಜೀವಮ್ಮ',ವೆಂಕಟರಮಣಪ್ಪ',93',38',ಹೆಣ್ಣು',',SC',KOOLI',NO'
ALQ3085065',ನಂದೀಶ್ ಕೆ ವಿ',ವೆಂಕಟರವಣಪ್ಪ',93',20',ಗಂಡು',YES',SC',KOOLI',NO'
ALQ1134477',ಆದಿನಾರಾಯಣಪ್ಪ',ತಿಮ್ಮಪ್ಪ',94',47',ಗಂಡು',',SC',KOOLI',NO'
ALQ1134485',ಗಂಗರತ್ನಮ್ಮ',ಆದಿನಾರಾಯಣಪ್ಪ',94',44',ಹೆಣ್ಣು',',SC',KOOLI',NO'
ALQ2586345',ಅಶ್ವತ್ಥಪ್ಪ',ತಿಮ್ಮಪ್ಪ',94',43',ಗಂಡು',',SC',KOOLI',NO'
CTR4990487',ಅಶ್ವತ್ಥಮ್ಮ',ಅಶ್ವತ್ಥಪ್ಪ',94',37',ಹೆಣ್ಣು',',SC',KOOLI',NO'
ALQ2489425',ಶ್ರೀನಾಥ್',ಆದಿನಾರಾಯಣಪ',94',25',ಗಂಡು',',SC',',YES'
ALQ3018355',ಮಮತ',ಆದಿನಾರಾಯಣ',94',21',ಹೆಣ್ಣು',',SC',',YES'
ALQ1134519',ಗಂಗಮ್ಮ',ಅಂಜಿನಪ್ಪ',95',70',ಹೆಣ್ಣು',',SC',AGED',NO'
CTR1744986',ರಾಮಾಂಜಿ',ಆಂಜಿನಪ್ಪ',95',45',ಗಂಡು',',SC',FARMER',NO'
ALQ0219238',ಅಲವೇಲಮ್ಮ',ರಾಮಾಂಜಿನಪ್ಪ',95',39',ಹೆಣ್ಣು',',SC',FARMER',NO'
CTR1585363',ಆದಿನಾರಾಯಣಪ್ಪ',ಆಂಜಿನಪ್ಪ',95',36',ಗಂಡು',',SC',KOOLI',NO'
ALQ1134527',ಗಂಗಪ್ಪ',ವೆಂಕಟಪ್ಪ',96',65',ಗಂಡು',',SC',FARMER',NO'
ALQ2396307',ಲಕ್ಷ್ಮೀನರಸಮ್ಮ',ಗಂಗಪ್ಪ',96',61',ಹೆಣ್ಣು',',SC',KOOLI',NO'
ALQ1134535',ಚಿಕ್ಕಾದೆಕ್ಕ',ಗಂಗಪ್ಪ',96',55',ಹೆಣ್ಣು',',DELETED',',NO'
CTR1744994',ಜಿ ಆನಂದ',ಗಂಗಪ್ಪ',96',39',ಗಂಡು',',SC',KOOLI',NO'
CTR5400304',ಜೆ ಅಶ್ವತ್ಥಪ್ಪ',ಗಂಗಪ್ಪ',96',36',ಗಂಡು',',SC',KOOLI',NO'
ALQ2435386',ನಾಗರತ್ನಮ್ಮ ಜಿ',ನರಸಿಂಹಮುರ್ತಿ',96',34',ಹೆಣ್ಣು',',SC',KOOLI',NO'
ALQ2013969',ನರಸಮ್ಮ',ಟಿ ಜಿ ವೇಂಕಟೇಶ',96',33',ಹೆಣ್ಣು',',SC',KOOLI',NO'
ALQ2435402',ನರಸಿಂಹಮುರ್ತಿ',ಲೇಟ್ ಗಂಗಪ್ಪ',96',32',ಗಂಡು',',SC',KOOLI',NO'
ALQ2395259',ಲಾವಣ್ಯ',ಅಶ್ವತ್ಥಪ್ಪ',96',24',ಹೆಣ್ಣು',',SC',KOOLI',NO'
CTR1745363',ಎ ಗಂಗಾಧರ',ಡಿ ಆದಿಮೂರ್ತಿ',97',43',ಗಂಡು',',SC',KOOLI',NO'
ALQ1134568',ಎ ನಾಗೇಶ್', ಡಿ ಆದಿಮೂರ್ತಿ',97',40',ಗಂಡು',',SC',KOOLI',NO'
CTR1745298',ಶಾಂತಮ್ಮ',ಎ ಗಂಗಾಧರ',97',37',ಹೆಣ್ಣು',',SC',KOOLI',NO'
ALQ2278240',ಗಾಯಿತ್ರಿ',ನಾಗೇಶ್ ಎ',97',29',ಹೆಣ್ಣು',',SC',KOOLI',NO'
ALQ3171626',ಪವಿತ್ರ ಜಿ',ಗಂಗಾಧರಪ್ಪ',97',19',ಹೆಣ್ಣು',',SC',FACTORY WORKER',NO'
ALQ1134576',ಆದಮ್ಮ',ನಾರಾಯಣಪ್ಪ',98',73',ಹೆಣ್ಣು',',SC',AGED',NO'
CTR1745041',ನಾಗಲಕ್ಷ್ಮಿ',ಕೆ ಎನ್ ಮಾದವ ರೆ',98',40',ಹೆಣ್ಣು',',REDDY',FARMER',NO'
ALQ2365302',ನಾಗಲಕ್ಷ್ಮಿ',ಶ್ರೀ ರಾಮನರೆಡ್ಡಿ',98',32',ಹೆಣ್ಣು',',DELETED',',NO'
ALQ1134592',ನಾರಾಯಣಮ್ಮ',ಆದೆಪ್ಪ',99',47',ಹೆಣ್ಣು',',SC',KOOLI',NO'
CTR4991030',ಗಂಗಾಧರಪ್ಪ',ಆದೆಪ್ಪ',',61',ಗಂಡು',',DELETED',',NO'
ALQ1134618',ಆದಿಲಕ್ಷ್ಮಮ್ಮ',ಗಂಗಾಧರಪ್ಪ',100',47',ಹೆಣ್ಣು',',SC',KOOLI',NO'
ALQ2368686',ಜಿ ನರೇಶ್',ಗಂಗಾಧರಪ್ಪ ಎನ್',100',27',ಗಂಡು',YES',SC',',NO'
ALQ2345981',ಜಿ ವೇಂಕಟೇಶ',ಗಂಗಾಧರಪ್ಪ',100',26',ಗಂಡು',',SC',COOK',NO'
ALQ3226503',ಎನ್ ಪವಿತ್ರ',ವೆಂಕಟೇಶ್ ಜಿ',100',23',ಹೆಣ್ಣು',',SC',KOOLI',NO'
ALQ1134626',ಚೆಕ್ಕಾದೆಪ್ಪ',ನಾರಾಯಣಪ್ಪ',101',54',ಗಂಡು',',SC',KOOLI',NO'
ALQ1134634',ತಿಪ್ಪಮ್ಮ',ಚಿಕ್ಕಾದೆಪ್ಪ',101',50',ಹೆಣ್ಣು',',SC',KOOLI',NO'
ALQ2278307',ಸಿ ಗಂಗಾಧರಪ್ಪ',ಚಿಕ್ಕದೇಪ್ಪ',101',26',ಗಂಡು',YES',SC',CAR DRIVER',NO'
ALQ3207933',ಶಿರೀಶ ಬಿ',ಗಂಗಾಧರಪ್ಪ ',101',20',ಹೆಣ್ಣು',YES',SC',',NO'
ALQ1134642',ಹನುಮಕ್ಕ',ಡಿ ಗಂಗಪ್ಪ',102',67',ಹೆಣ್ಣು',',SC',',YES'
ALQ2278224',ಗಂಗಮ್ಮ',ತಿಪ್ಪಣ್ಣ',102',26',ಹೆಣ್ಣು',',SC',KOOLI',NO'
CTR1585587',ಆದಿಲಕ್ಷ್ಮಮ್ಮ',ನಾರಾಯಣಪ್ಪ',103',51',ಹೆಣ್ಣು',YES',SC',KOOLI',NO'
ALQ2489284',ಲಕ್ಷ್ಮಿದೇವಿ ಲಕ್ಷ್ಮೀ',ಮುನಿಸ್ವಾಮಿ',103',30',ಹೆಣ್ಣು',',SC',KOOLI',NO'
ALQ1134675',ತಿಪ್ಪಣ್ಣ',ದೊಡ್ಡವೆಂಕಟಪ್ಪ',104',51',ಗಂಡು',',SC',KOOLI',NO'
ALQ1134683',ರಾಮಾಂಜನಮ್ಮ',ತಿಪ್ಪಣ್ಣ',104',48',ಹೆಣ್ಣು',',SC',KOOLI',NO'
ALQ2278190',ಕೆ ಟಿ ಆನಂದ',ತಿಪ್ಪನ್ನ',104',27',ಗಂಡು',YES',SC',KOOLI',NO'
ALQ3018314',ಬೇಬಿ ಟಿ',ತಿಪ್ಪನ್ನ',104',21',ಹೆಣ್ಣು',YES',SC',',NO'
ALQ1134691',ತಿಮ್ಮಕ್ಕ',ನಡಿಪಿ ವೆಂಕಟಪ್ಪ',105',65',ಹೆಣ್ಣು',',SC',AGED',NO'
ALQ1134709',ಶ್ರೀನಿವಾಸಪ್ಪ',ನಡಿಪಿ ವೆಂಕಟಪ್ಪ',105',43',ಗಂಡು',',SC',FARMER',NO'
ALQ1134717',ಸುನಂದಮ್ಮ',ಶ್ರೀನಿವಾಸ',105',39',ಹೆಣ್ಣು',',SC',FARMER',NO'
ALQ3045010',ಮನೋಹರ ಎಸ್',ಶ್ರೀನಿವಾಸ',105',21',ಗಂಡು',YES',SC',',NO'
ALQ1134741',ಗಂಗಾಧರಪ್ಪ',ಚಿಕ್ಕವೆಂಕಟಪ್ಪ',106',45',ಗಂಡು',',SC',KOOLI',NO'
CTR1745314',ಗಂಗಾದೇವಿ',ಗಂಗಾಧರಪ್ಪ',106',43',ಹೆಣ್ಣು',',SC',KOOLI',NO'
ALQ1134758',ಆದಿನಾರಾಯಣಪ್ಪ',ಚಿಕ್ಕವೆಂಕಟಪ್ಪ',107',50',ಗಂಡು',',SC',KOOLI',NO'
ALQ1134766',ರಾಮಾಂಜನಮ್ಮ',ಆದಿನಾರಾಯಣಪ್ಪ',107',45',ಹೆಣ್ಣು',',SC',KOOLI',NO'
ALQ3086048',ವೆಂಕಟೇಶ್ ಜಿ ಎ',ಆದಿನಾರಾಯಣಪ್ಪ',107',20',ಗಂಡು',YES',SC',',NO'
ALQ2586352',ಓಬಳಮ್ಮ',ಮುನಿಯಪ್ಪ',109',71',ಹೆಣ್ಣು',',SC',AGED',NO'
ALQ0218768',ಗಂಗಮ್ಮ',ಮುನಿಯಪ್ಪ',109',51',ಹೆಣ್ಣು',',SC',KOOLI',NO'
CTR4990974',ವೆಂಕಟರಮಣಪ್ಪ',ಮುನಿಯಪ್ಪ',109',39',ಗಂಡು',',SC',KOOLI',NO'
ALQ2568657',ಶ್ರೀನಿವಾಸ',ಲೇಟ್ ಮುನಿಯಪ್ಪ',109',32',ಗಂಡು',',SC',KOOLI',NO'
ALQ2394575',ನರಸಮ್ಮ',ವೆಂಕಟರಮಣಪ್ಪ',109',31',ಹೆಣ್ಣು',',SC',KOOLI',NO'
ALQ1134782',ವೆಂಕಟರಮಣಪ್ಪ',ಚಿಕ್ಕವೆಂಕಟಪ್ಪ',110',55',ಗಂಡು',',SC',KOOLI',NO'
ALQ2470854',ಆದಿನಾರಾಯಣಪ್ಪ',ಚಿಕ್ಕವೆಂಕಟಪ್ಪ',110',54',ಗಂಡು',',SC',REPEAT',NO'
ALQ1134790',ನಾಗಮ್ಮ',ವೆಂಕಟರಮಣಪ್ಪ',110',48',ಹೆಣ್ಣು',',SC',KOOLI',NO'
ALQ0425843',ವಿ ಸುರೇಶ್',ವೆಂಕಟರೋಣಪ್ಪ',110',31',ಗಂಡು',',SC',KOOLI',NO'
ALQ3141421',ನಾಗಮಣಿ',ಸುರೇಶ',110',25',ಹೆಣ್ಣು',',SC',KOOLI',NO'
ALQ2396414',ಆದಮ್ಮ',ಆದಿನಾರಾಯಣಪ',112',26',ಹೆಣ್ಣು',',SC',KOOLI',NO'
ALQ2489292',ಎ ನವೀನ್ ಕುಮಾರ್',ಆದಿನಾರಾಯಣಪ್ಪ',112',24',ಗಂಡು',',SC',KOOLI',NO'
ALQ1134832',ವೆಂಕಟರಮಣಪ್ಪ',ಚಿಕ್ಕಾದೆಪ್ಪ',113',58',ಗಂಡು',',SC',KOOLI',NO'
CTR1744754',ಸುವರ್ಣಮ್ಮ',ವೆಂಕಟರಮಣಪ್ಪ',113',40',ಹೆಣ್ಣು',',SC',KOOLI',NO'
ALQ3142114',ಪವನ್ ಕಲ್ಯಾಣ್',ವೆಂಕಟರವಣಪ್ಪ',113',21',ಗಂಡು',',SC',KOOLI',NO'
ALQ1134840',ಲಕ್ಷ್ಮಮ್ಮ',ವೆಂಕಟಪ್ಪ',114',95',ಹೆಣ್ಣು',',SC',AGED',NO'
ALQ1134857',ವೆಂಕಟರಮಣಪ್ಪ',ವೆಂಕಟಪ್ಪ',114',53',ಗಂಡು',',SC',KOOLI',NO'
ALQ1134865',ನಂಜಮ್ಮ',ವೆಂಕಟರಮಣಪ್ಪ',114',45',ಹೆಣ್ಣು',',SC',KOOLI',NO'
ALQ2347243',ಕೆಸಿ ಶ್ರೀನಿವಾಸ್',ವೆಂಕಟರಮಣಪ್ಪ',114',27',ಗಂಡು',',SC',KOOLI',NO'
ALQ2380715',ವಿ ನಾರಾಯಣಸ್ವಾಮಿ',ವೆಂಕಟರಮಣಪ್ಪ',114',25',ಗಂಡು',',SC',KOOLI',NO'
ALQ1134881',ಗಂಗಲಕ್ಷ್ಮಮ್ಮ',ದೊಡ್ಡವೆಂಕಟರಮಣಪ್ಪ',115',60',ಹೆಣ್ಣು',',SC',KOOLI',NO'
ALQ2435394',ತಿಪ್ಪನ್ನ ವಿ',ವೆಂಕಟರಮಣಪ್ಪ',115',24',ಗಂಡು',',SC',KOOLI',NO'
ALQ3085982',ಶ್ರೀವೇಣಿ ಪಿ ಆರ್',ತಿಪ್ಪನ್ನ ವಿ',115',22',ಹೆಣ್ಣು',',SC',KOOLI',NO'
ALQ0217703',ಸತ್ಯಮ್ಮ',ಆದಿನಾರಾಯಣಪ್ಪ',116',53',ಹೆಣ್ಣು',',SC',KOOLI',NO'
CTR1585371',ಗೋಪಾಲ',ಆದಿನಾರಾಯಣಪ',116',36',ಗಂಡು',',SC',KOOLI',NO'
ALQ2211209',ಅನಿತಾ ಎಮ್',ಗೋಪಾಲ',116',29',ಹೆಣ್ಣು',',SC',KOOLI',NO'
ALQ1134899',ಮುದ್ದಣ್ಣ',ಗಂಗಪ್ಪ',117',61',ಗಂಡು',',SC',KOOLI',NO'
ALQ1134907',ಗಂಗರತ್ನಮ್ಮ',ಮುದ್ದಣ್ಣ',117',57',ಹೆಣ್ಣು',',SC',KOOLI',NO'
ALQ0217877',ವೇಣು ಎಮ್',ಮುದ್ದಪ್ಪ',117',35',ಗಂಡು',',SC',KOOLI',NO'
ALQ0631465',ವೈಜಿ ಪುಷ್ಪ',ಎಂ ವೇಣು',117',35',ಹೆಣ್ಣು',',SC',KOOLI',NO'
ALQ1134915',ಗಂಗಮ್ಮ',ಗಂಗಪ್ಪ',118',77',ಹೆಣ್ಣು',',SC',AGED',NO'
ALQ1134923',ಜಿ ನರಸಿಂಹಮೂರ್ತಿ',ಗಂಗಪ್ಪ',118',55',ಗಂಡು',',SC',FARMER',NO'
ALQ1134931',ನಾಗಮಣಿ',ಜಿ ನರಸಿಂಹಮೂರ್ತಿ',118',43',ಹೆಣ್ಣು',',SC',',YES'
ALQ2967958',ಸಂತೋಷ್ ಎನ್',ನರಸಿಂಹಮೂರ್ತಿ',118',22',ಗಂಡು',YES',SC',',NO'
ALQ2586360',ಆದಿನಾರಾಯಣಪ್ಪ',ನಾರಾಯಣಪ್ಪ',119',55',ಗಂಡು',',SC',FARMER',NO'
ALQ1134956',ನಾಗಮ್ಮ',ಆದಿನಾರಾಯಣಪ್ಪ',119',49',ಹೆಣ್ಣು',',SC',FARMER',NO'
ALQ1134964',ಹೆಚ್ ಮಂಜುನಾಥ',ಹನುಮಂತಪ್ಪ',119',31',ಗಂಡು',YES',SC',',NO'
ALQ2278232',ಕೆ ಎ ಮನೋಹರ',ಆದಿನಾರಾಯಣ ವೈ ಎನ್',119',27',ಗಂಡು',',SC',KOOLI',NO'
ALQ2489508',ಮಣಿಚಂದನ',ಎ ಮನೋಹರ',119',25',ಹೆಣ್ಣು',',SC',KOOLI',NO'
ALQ2967966',ಚಂದ್ರಶೇಖರ್ ಎ',ವೈ ಆದಿನಾರಾಯಣಪ್ಪ',119',23',ಗಂಡು',',SC',KOOLI',NO'
ALQ3086022',ಪ್ರಭಾವತಿ ಎ',ಆದಿನಾರಾಯಣ',119',21',ಹೆಣ್ಣು',YES',SC',',NO'
ALQ3206414',ಕವಿತ ಕೆ ಸಿ',ಚಂದ್ರಶೇಖರ್ ರೆಡ್ಡಿ',119',19',ಹೆಣ್ಣು',',REDDY',STUDENT',NO'
ALQ1134972',ಆದೆಕ್ಕ',ನಾರಾಯಣಪ್ಪ',120',75',ಹೆಣ್ಣು',',SC',AGED',NO'
ALQ0217729',ಗಂಗಮ್ಮ',ತಿಪ್ಪಣ್ಣ',121',53',ಹೆಣ್ಣು',',SC',KOOLI',NO'
ALQ0631499',ಟಿ ನಾರಾಯಣ ಸ್ವಾಮಿ',ಎನ್ ತಿಪ್ಪಣ್ಣ',121',32',ಗಂಡು',',SC',KOOLI',NO'
ALQ2380871',ಕವಿತಾ',ನಾರಾಯಣಸ್ವಾಮಿ',121',27',ಹೆಣ್ಣು',',SC',KOOLI',NO'
ALQ1135045',ಮುದ್ದಮ್ಮ',ವೆಂಕಟರವಣಪ್ಪ',123',57',ಹೆಣ್ಣು',',SC',KOOLI',NO'
ALQ0631812',ವಿಗಂಗಾಧರಪ್ಪ',ವೆಂಕಟರವಣಪ್ಪ',123',32',ಗಂಡು',YES',SC',',NO'
ALQ1135086',ಆದಿನಾರಾಯಣಪ್ಪ',ಅಕ್ಕಲಪ್ಪ',124',47',ಗಂಡು',',SC',KOOLI',NO'
CTR1744762',ರತ್ನಮ್ಮ',ಆದಿನಾರಾಯಣ',124',40',ಹೆಣ್ಣು',',SC',KOOLI',NO'
ALQ2137503',ಕೆ ಆರ್ ಸಂತೋಷ್ ಕುಮಾರ್',ಕೆ ಆರ್ ರಾಜರೆಡ್ಡಿ',124',28',ಗಂಡು',YES',REDDY',FACTORY WORKER',NO'
ALQ1135128',ಪಾರ್ವತಮ',ನಾರಾಯಣಪ',',45',ಹೆಣ್ಣು',',DELETED',',NO'
CTR1586122',ರಾಮಕ್ಕೆ',ನಾರಾಯಣಪ್ಪ',126',63',ಹೆಣ್ಣು',',SC',KOOLI',NO'
ALQ1135144',ವೆಂಕಟರಮಣಪ್ಪ',ನಾರಾಯಣಪ್ಪ',126',43',ಗಂಡು',',DELETED',',NO'
ALQ0631457',ಉಮಾದೇವಿ',ವೆಂಕಟರಮಣಪ್ಪ',126',37',ಹೆಣ್ಣು',',SC',KOOLI',NO'
ALQ1135177',ಮುದ್ದಮ್ಮ',ಚಿಕ್ಕಾದೆಪ್ಪ',127',43',ಹೆಣ್ಣು',',SC',KOOLI',NO'
CTR5400379',ಸಿ ಮುರಳಿ',ಚಿಕ್ಕದ್ದಪ್ಪ',127',38',ಗಂಡು',',SC',KOOLI',NO'
ALQ1135185',ನಾರಾಯಣಪ್ಪ',ತಿಮ್ಮಪ್ಪ',128',65',ಗಂಡು',',SC',KOOLI',NO'
ALQ1135193',ಲಕ್ಷ್ಮಮ್ಮ',ನಾರಾಯಣಪ್ಪ',128',61',ಹೆಣ್ಣು',',SC',KOOLI',NO'
ALQ2435378',ಗೋವಿಂದಪ್ಪ',ಎನ್ ನಾರಾಯಣ',128',35',ಗಂಡು',',SC',GARE',NO'
ALQ1135201',ನರಸಮ್ಮ',ತಿಮ್ಮಪ್ಪ',129',85',ಹೆಣ್ಣು',',SC',AGED',NO'
ALQ1135219',ವೆಂಕಟರಮಣಪ್ಪ',ತಿಮ್ಮಪ್ಪ',129',59',ಗಂಡು',',SC',KOOLI',NO'
ALQ1135227',ನಾರಾಯಣಮ್ಮ',ವೆಂಕಟರಮಣಪ್ಪ',129',49',ಹೆಣ್ಣು',',SC',KOOLI',NO'
ALQ1135250',ಕೆ ಆದಿನಾರಾಯಣಪ್ಪ',ಕೊಂಡಪ್ಪ',130',55',ಗಂಡು',',SC',EX GOVT TEACHER',NO'
ALQ1135268',ನರಸಮ್ಮ',ಆದಿನಾರಾಯಣಪ್ಪ',130',46',ಹೆಣ್ಣು',',SC',KOOLI',NO'
ALQ1135276',ಕೆಎ ವೆಂಕಟೇಶ್',ಆದೆಪ್ಪ',131',45',ಗಂಡು',',SC',LIBRARIAN',NO'
CTR1586205',ನರಸಮ್ಮ',ಎ ವೆಂಕಟೇಶ',131',39',ಹೆಣ್ಣು',',SC',ASHA WORKER',NO'
ALQ2278216',ಶಿವ ಕುಮಾರ್ ಕೆಎ',ಆದಿನಾರಾಯಣಪ್ಪ',132',27',ಗಂಡು',',SC',KOOLI',NO'
ALQ2568681',ಮೀನಾ ವಿ',ನಾರಾಯಣಪ್ಪ',132',24',ಹೆಣ್ಣು',YES',SC',',NO'
ALQ2433522',ಸಿ ಮಮತ',ಲೇಟ್ ಚಿಕ್ಕಗಂಗಪ್ಪ',132',24',ಹೆಣ್ಣು',',SC',KOOLI',NO'
ALQ1135318',ಜಿ ಎ ನಾರಾಯಣಸ್ವಾಮಿ',ಗುಅದೆಪ್ಪ',133',39',ಗಂಡು',',SC',KOOLI',NO'
ALQ0631556',ಜಿ ಎ ಸುಬ್ರಮಣಿ ತಾಯಿಯ',ನರಸಮ್ಮ',133',36',ಗಂಡು',',SC',KOOLI',NO'
ALQ2367019',ಎನ್ ಪರಮೇಶ್',ಆದಿನಾರಾಯಣ',133',34',ಗಂಡು',YES',SC',',NO'
ALQ0219030',ಬಾಲಮ್ಮ',ವೆಂಕಟಕೃಷ್ಣಪ್ಪ',133',32',ಹೆಣ್ಣು',',SC',KOOLI',NO'
ALQ2013993',ಜಿ ಅಶ್ವಥಮ್ಮ',ಜಿ ಎ ನಾರಾಯಣಸ್ವಾಮಿ',133',30',ಹೆಣ್ಣು',',SC',KOOLI',NO'
ALQ3045325',ಗೀತಾ ಹೆಚ್',ಉಮೇಶ್',133',29',ಹೆಣ್ಣು',',SC',KOOLI',NO'
ALQ0219055',ಉಮೇಶ ',ನರಸಮ್ಮ',133',29',ಹೆಣ್ಣು',',SC',KOOLI',NO'
ALQ3141256',ವೆಂಕಟಲಕ್ಷ್ಮಮ್ಮ ಆರ್',ಪರಮೇಶ ಎನ್',133',27',ಹೆಣ್ಣು',',SC',KOOLI',NO'
ALQ1135334',ಆದಿನಾರಾಯಣಪ್ಪ',ಪೆದ್ದಾದೆಪ್ಪ',134',55',ಗಂಡು',',SC',PEON',NO'
ALQ1135342',ನರಸಮ್ಮ',ಆದಿನಾರಾಯಣಪ್ಪ',134',47',ಹೆಣ್ಣು',',SC',KOOLI',NO'
ALQ2489375',ಎ ಸುರೇಶ್',ಆದಿನಾರಾಯಣಪ',134',23',ಗಂಡು',',SC',KOOLI',NO'
ALQ1135367',ಗಂಗಪ್ಪ',ದೊಡ್ಡಾದೆಪ್ಪ',135',54',ಗಂಡು',',SC',KOOLI',NO'
ALQ1135375',ಗಂಗರತ್ನಮ್ಮ',ಗಂಗಪ್ಪ',135',43',ಹೆಣ್ಣು',',SC',KOOLI',NO'
ALQ1135383',ಎ ಶ್ರೀರಾಮಪ್ಪ',ಪೆದ್ದಾದಪ್ಪ',136',55',ಗಂಡು',',SC',GOVT TEACHER',NO'
ALQ2366870',ಎನ್ ಮೀನಾಕ್ಷಿ',ಎನ್ ಆದಿನಾರಾಯಣಪ್ಪ',136',52',ಹೆಣ್ಣು',YES',SC',',NO'
CTR1744788',ಲಕ್ಷ್ಮೀ ದೇವಮ್ಮ',ಶ್ರೀರಾಮಪ್ಪ',136',42',ಹೆಣ್ಣು',YES',SC',',NO'
CTR5400361',ಲಕ್ಷ್ಮೀ',ನಾರಾಯಣಸ್ವಾಮಿ',136',33',ಹೆಣ್ಣು',',SC',KOOLI',NO'
ALQ2489409',ಲಲಿತ ಸಿ ಎಸ್',ಶಿವಪ್ಪ',136',23',ಹೆಣ್ಣು',',SC',KOOLI',NO'
ALQ3223583',ಬೇಬಿ ಬಿ ಎಸ್',ಮಂಜುನಾಥ ಡಿ',136',19',ಹೆಣ್ಣು',',',',NO'
ALQ1135391',ವೆಂಕಟರಾಯಪ್ಪ',ವೆಂಕಟಪ್ಪ',137',60',ಗಂಡು',',SC',KOOLI',NO'
ALQ1135409',ಲಕ್ಷ್ಮೀನರಸಮ್ಮ',ವೆಂಕಟರಾಯಪ್ಪ',137',53',ಹೆಣ್ಣು',',SC',KOOLI',NO'
ALQ2366136',ಆದಿನಾರಯಣಪ್ಪ',ಪಾತಪ್ಪ',137',43',ಗಂಡು',',SC',KOOLI',NO'
ALQ2367142',ಶಿವಮ್ಮ',ಆದಿನಾರಾಯಣಪ್ಪ',137',32',ಗಂಡು',',SC',KOOLI',NO'
ALQ1135425',ಗಂಗಪ್ಪ',ಚಿಕ್ಕನಾರಾಯಣ',138',53',ಗಂಡು',',SC',KOOLI',YES'
ALQ1135433',ನರಸಮ್ಮ',ಗಂಗಪ್ಪ',138',47',ಹೆಣ್ಣು',',DELETED',',NO'
CTR4990792',ವೆಂಕಟಲಕ್ಷ್ಮಮ್ಮ',ಬಿ ಗಂಗಯ್ಯ',138',44',ಹೆಣ್ಣು',',SC',KOOLI',NO'
ALQ2014199',ಕೆ ಎನ್ ಶಿಲ್ಪ',ನರಸಿಂಹಾರೆಡ್ಡಿ',138',29',ಹೆಣ್ಣು',',REDDY',LAWYER',NO'
ALQ3156593',ರಾಜು',ಬಿ ಗಂಗಯ್ಯ',138',21',ಗಂಡು',',SC',KOOLI',NO'
ALQ1135441',ಆದಿನಾರಾಯಣಪ್ಪ',ವೆಂಕಟಪ್ಪ',139',70',ಗಂಡು',',SC',KOOLI',NO'
ALQ2381358',ಆದಿನಾರಾಯಣಪ್ಪ',ವೆಂಕಟಪ್ಪ',139',63',ಗಂಡು',',SC',KOOLI',NO'
ALQ1134451',ವೆಂಕಟರಮಣಪ್ಪ',ತಿಮ್ಮಪ್ಪ',139',57',ಗಂಡು',YES',SC',KOOLI',NO'
CTR1585793',ಎ ಗೋಪಿ',ಆದಿನಾರಾಯಣಪ',139',36',ಗಂಡು',YES',SC',KOOLI',NO'
ALQ3046133',ಹರೀಶ್ ಎನ್',ನಾರಾಯಣಸ್ವಾಮ್',139',21',ಗಂಡು',',KUMBA',STUDENT',NO'
ALQ1135466',ವೆಂಕಟೇಶಪ್ಪ',ಆದಿಮೂರ್ತಪ್ಪ',140',55',ಗಂಡು',',SC',KOOLI',NO'
ALQ1135474',ನರಸಮ್ಮ',ವೆಂಕಟೇಶಪ್ಪ',140',48',ಹೆಣ್ಣು',',SC',KOOLI',NO'
ALQ1135490',ಗಂಗಮ್ಮ',ಗಂಗಪ್ಪ',141',55',ಹೆಣ್ಣು',',SC',KOOLI',NO'
ALQ0217919',ಸರಸ್ವತಿ',ಜಗನ್ನಾಥ',141',35',ಹೆಣ್ಣು',',SC',KOOLI',NO'
ALQ1135532',ಆದೆಪ್ಪ',ವೆಂಕಟಪ್ಪ',143',54',ಗಂಡು',',SC',FARMER',NO'
ALQ1135540',ವೆಂಕಟಲಕ್ಷ್ಮಮ್ಮ',ಆದೆಪ್ಪ',143',49',ಹೆಣ್ಣು',',SC',KOOLI',NO'
ALQ2278182',ಗಂಗಾಧರಪ್ಪ ಎ',ಆದೇಪ್ಪ',143',31',ಗಂಡು',YES',SC',LINE MAN',NO'
ALQ3223211',ಶ್ಯಾಮಲಮ್ಮ',ಗಂಗಾಧರಪ್ಪ ಎ',143',26',ಹೆಣ್ಣು',YES',SC',HOUSE -WIFE',NO'
ALQ1135557',ನಾಗಪ್ಪ',ಗಂಗಪ್ಪ',144',47',ಗಂಡು',',SC',KOOLI',NO'
CTR4990818',ನರಸಮ್ಮ',ನಾಗಪ್ಪ',144',38',ಹೆಣ್ಣು',',SC',KOOLI',NO'
ALQ1135565',ನರಸಪ್ಪ',ಗಂಗಪ್ಪ',145',63',ಗಂಡು',',SC',KOOLI',NO'
ALQ1135573',ರತ್ನಮ್ಮ',ನರಸಪ್ಪ',145',51',ಹೆಣ್ಣು',',SC',KOOLI',NO'
ALQ2014025',ಎನ್ ನಾಗೇಶ್',ನರಸಪ್ಪ',145',30',ಗಂಡು',',SC',KOOLI',NO'
ALQ2489391',ವಿ ಎ ಸುಜಾತಮ್ಮ',ಎನ್ ನಾಗೇಶ್',145',25',ಹೆಣ್ಣು',',SC',KOOLI',NO'
ALQ1135615',ರತ್ನಮ್ಮ',ಆದಿನಾರಾಯಣಪ್ಪ',147',52',ಹೆಣ್ಣು',',SC',FARMER',NO'
CTR1745173',ಎ ನರಸಿಂಹಮೂರ್ತಿ',ಆದಿನಾರಾಯಣಪ್ಪ',147',39',ಗಂಡು',',SC',FARMER',NO'
ALQ2470862',ನಂದಿನಿ',ನರಸಿಂಹಮೂರ್ತಿ',147',27',ಹೆಣ್ಣು',',SC',KOOLI',NO'
ALQ3018306',ಶೋಭಾ ವೈ ಎನ್',ಎ ನರಸಿಂಹಮೂತಿ',147',23',ಹೆಣ್ಣು',',SC',FARMER',NO'
ALQ1135623',ಟಿ ಆದಿಮೂರ್ತಿ',',',70',ಗಂಡು',',DELETED',',NO'
ALQ1135631',ಗಂಗಮ್ಮ',ಟಿ ಆದಿಮೂರ್ತಿ',148',63',ಹೆಣ್ಣು',',SC',KOOLI',NO'
ALQ1135649',ಎ ಶ್ರೀನಿವಾಸ',ಟಿ ಆದಿಮೂರ್ತಿ',148',43',ಗಂಡು',',SC',',YES'
ALQ2443000',ಲಕ್ಷ್ಮೀ ನಾರಾಯಣ',ಆದಿಮೂರ್ತಿ ಟಿ',148',26',ಗಂಡು',',SC',KOOLI',YES'
ALQ1135656',ಆದಿನಾರಾಯಣಪ್ಪ',ಗಂಗಪ್ಪ',149',57',ಗಂಡು',',SC',KOOLI',NO'
ALQ1135664',ಲಕ್ಷ್ಮೀನರಸಮ್ಮ',ಆದಿನಾರಾಯಣಪ್ಪ',149',51',ಹೆಣ್ಣು',',SC',KOOLI',NO'
ALQ2489367',ಎ ಸುನೀಲ್',ಆದಿನಾರಾಯಣಪ್ಪ',149',23',ಗಂಡು',YES',SC',',NO'
ALQ3141249',ಗಂಗರತ್ನಮ್ಮ ಜಿ',ಎ ಸುನೀಲ್',149',21',ಹೆಣ್ಣು',YES',SC',',NO'
ALQ1135672',ಗಂಗಮ್ಮ',ಆದೆಪ್ಪ',150',53',ಹೆಣ್ಣು',',SC',KOOLI',NO'
ALQ0217737',ಆದೆಕ್ಕ',ಗಂಗಪ್ಪ',151',70',ಹೆಣ್ಣು',',SC',KOOLI',NO'
ALQ2482842',ರಾಜಮ್ಮ ',ಆದೇ',151',42',ಹೆಣ್ಣು',',SC',KOOLI',NO'
ALQ1135714',ಲಕ್ಷ್ಮೀನರಸಮ್ಮ',ವೆಂಕಟರಮಣಪ್ಪ',152',44',ಹೆಣ್ಣು',',SC',KOOLI',NO'
ALQ2343291',ಸೀನಪ್ಪ ವಿ',ವೇಂಕಟರವಣಪ್ಪ',152',28',ಗಂಡು',',SC',KOOLI',NO'
ALQ1135722',ಆದೆಕ್ಕ',ಆಂಜನಪ್ಪ',153',63',ಹೆಣ್ಣು',',SC',KOOLI',NO'
CTR1744721',ನಾಗಮಣಿ',ರಾಮಾಂಜಿನಪ್ಪ',153',38',ಹೆಣ್ಣು',',SC',KOOLI',NO'
ALQ1135755',ನಾರಾಯಣಮ್ಮ',ವೆಂಕಟರಮಣಪ್ಪ',156',51',ಹೆಣ್ಣು',',SC',KOOLI',NO'
ALQ2586378',ಸಜ್ಜಮ್ಮ',ಯಾಮಣ್ಣ',157',50',ಹೆಣ್ಣು',',SC',KOOLI',NO'
ALQ1135789',ಆದಿನಾರಾಯಣ',ಯಾಮಣ್ಣ',157',48',ಗಂಡು',',SC',AUTO DRIVER',NO'
CTR1744952',ಆನಂದಮ್ಮ',ಆದಿನಾರಾಯಣಪ್ಪ',157',40',ಹೆಣ್ಣು',',SC',KOOLI',NO'
ALQ1135797',ಗಂಗಾಧರಪ್ಪ',ವೆಂಕಟರಮಣಪ್ಪ',158',50',ಗಂಡು',',SC',',YES'
ALQ2380806',ಚಿಕ್ಕ ಆದೇಮ್ಮ',ವೆಂಕಟರಮಣಪ್ಪ',160',62',ಹೆಣ್ಣು',',SC',AGED',NO'
CTR1745694',ವಿ ಆನಂದ',ವೆಂಕಟರಮಣಪ್ಪ',160',40',ಗಂಡು',',SC',SURVEY',NO'
CTR1584697',ವಿ ನಾರಾಯಣಸ್ವಾಮಿ',ವೆಂಕಟರಮಣಪ್ಪ',160',38',ಗಂಡು',',SC',KOOLI',NO'
ALQ0219402',ಸರಸ್ವತಮ್ಮ',ನಾರಾಯಣ ಸ',160',33',ಹೆಣ್ಣು',',SC',KOOLI',NO'
ALQ0218594',ಆದಮ್ಮ',ನರಸಿಂಹಪ್ಪ',161',70',ಹೆಣ್ಣು',',SC',AGED',NO'
ALQ0219493',ಆದಿಲಕ್ಷ್ಮಮ್ಮ',ಎನ್ ಆದಿನಾರಾಯಣಪ್ಪ',163',73',ಹೆಣ್ಣು',',SC',AGED',NO'
ALQ1135847',ಎನ್ ಎ ಮೋಹನ್ ಕುಮಾರ',ಎನ್ ಆದಿನಾರಾಯಣಪ್ಪ',163',45',ಗಂಡು',YES',SC',',NO'
CTR1745413',ಜಿ ಎಸ್ ಲಲಿತಮ್ಮ',ಎನ್ ಎ ಮೋಹನ್ ಕುಮಾರ್',163',40',ಹೆಣ್ಣು',YES',SC',',NO'
ALQ1135854',ಕೆ ಎನ್ ಆದೆಪ್ಪ',ನೀರಗಂಟಿ ನಾರಾಯಣಪ್ಪ',165',77',ಗಂಡು',',ST',AGED',NO'
ALQ1135862',ಎ ಮಂಜುನಾಥ',ಕೆ ಎನ್ ಆದೆಪ್ಪ',165',48',ಗಂಡು',',ST',FARMER',NO'
ALQ1135870',ಕೆ ಬಾಗ್ಯಮ್ಮ',ಎ ಮಂಜುನಾಥ',165',44',ಹೆಣ್ಣು',',ST',FARMER',NO'
ALQ1135888',ಎ ಸೋಮನಾಥ',ಕೆ ಎನ್ ಆದೆಪ್ಪ',165',43',ಗಂಡು',',ST',FARMER',NO'
ALQ0218644',ಟಿ ಕೆ ಶ್ಯಾಮಲ',ಎ ಸೋಮನಾಥ',165',35',ಹೆಣ್ಣು',',ST',FARMER',NO'
ALQ2107506',ಎ ಅಂಬರೀಷ್',ಆದಿನಾರಾಯಣಪ್ಪ',165',27',ಗಂಡು',YES',ST',',NO'
ALQ2435410',ವಸಂತ ಎಮ್',ಮಂಜುನಾಥ ಎ',165',25',ಹೆಣ್ಣು',YES',ST',',NO'
ALQ3207867',ಸ್ವಾತಿ ಎನ್',ಅಂಬರೀಶ ಗಂಡ',165',23',ಹೆಣ್ಣು',YES',ST',',NO'
ALQ3156627',ವನಜಾ ಎಮ್',ಮಂಜುನಾಥ ಎ',165',21',ಹೆಣ್ಣು',',ST',STUDENT',NO'
ALQ3156635',ವೀಣಾ ಎಮ್',ಮಂಜುನಾಥ ಎ',165',21',ಹೆಣ್ಣು',',ST',STUDENT',NO'
CTR4990479',ವೆಂಕಟಲಕ್ಷ್ಮಮ್ಮ',ಕೆ ನಾರಾಯಣ ರೆರಿ',167',78',ಹೆಣ್ಣು',',REDDY',AGED',NO'
ALQ1135896',ಕೆ ಎನ್ ಆನಂದ ರೆಡ್ಡಿ',ಕೆ ನಾರಾಯಣ ರೆಡ್ಡಿ',167',56',ಗಂಡು',',REDDY',FARMER',NO'
ALQ1135904',ಲಕ್ಷ್ಮೀದೇವಮ್ಮ',ಕೆ ಎನ್ ಆನಂದ ರೆಡ್ಡಿ',167',55',ಹೆಣ್ಣು',',REDDY',FARMER',NO'
ALQ1135912',ಕೆ ಎನ್ ಸೋಮಶೇಖರ ರೆಡ್ಡಿ',ಕೆ ನಾರಾಯಣ ರೆ',167',55',ಗಂಡು',',REDDY',MECHANIC',NO'
ALQ1135920',ಕೆ ಎಸ್ ಮಂಜುಳ',ಕೆ ಎನ್ ಸೋಮಶೇಖರ ರೆಡ್ಡಿ',167',44',ಹೆಣ್ಣು',',REDDY',HOUSE -WIFE',NO'
CTR1585157',ಕೆ ಎ ಸುರೇಂದ್ರ',ಕೆ ಎನ್ ಆನಂದರೆ',167',38',ಗಂಡು',YES',REDDY',',NO'
ALQ2489342',ವಿಂದ್ಯ ಕೆ ಎಸ್',ಕೆ ಎನ್ ಸೋಮಶೇಖರ್ ರೆಡ್ಡಿ',167',23',ಹೆಣ್ಣು',YES',REDDY',STUDENT',NO'
ALQ2489326',ಗಂಗಮ್ಮ',ಗಂಗಪ್ಪ',168',60',ಹೆಣ್ಣು',',ST',AGED',NO'
ALQ2586386',ನಾರಾಯಣಸ್ವಾಮಿ ಜಿ',ಗಂಗಪ್ಪ',168',48',ಗಂಡು',',ST',FARMER',NO'
ALQ1135946',ಜಿ ನರಸಿಂಹ ಮೂರ್ತಿ',ಗಂಗಪ್ಪ',168',45',ಗಂಡು',',ST',WATERMAN',NO'
ALQ1135961',ಜಿ ನಾಗಭೂಷಣ',ಗಂಗಪ್ಪ',168',44',ಗಂಡು',YES',ST',',NO'
CTR1586353',ಕೃಷ್ಣಮ್ಮ',ನರಸಿಂಹಮೂರ್ತಿ',168',44',ಹೆಣ್ಣು',YES',ST',',NO'
ALQ2478816',ನಾಗಮಣಿ',ನಾರಾಯಣಸ್ವಾಮಿ',168',42',ಹೆಣ್ಣು',',ST',KOOLI',NO'
ALQ2395051',ಜಿ ಪ್ರಮೀಳಾ',ನಾಗಭೂಷಣ',168',26',ಹೆಣ್ಣು',YES',ST',',NO'
ALQ3156619',ಎನ್ ನಂದಿನಿ',ನರಸಿಂಹಮೂರ್ತಿ',168',21',ಹೆಣ್ಣು',',ST',STUDENT',NO'
ALQ2435436',ಗಂಗಾಧರಪ್ಪ',ವೆಂಕಟಪ್ಪ',169',61',ಗಂಡು',',AD',KOOLI',NO'
ALQ1135987',ಕೆ ವಿ ಶ್ರೀನಿವಾಸಪ್ಪ',ವೆಂಕಟಪ್ಪ',169',59',ಗಂಡು',YES',AD',',NO'
CTR1745140',ರಾಜಮ್ಮ',ಗಂಗಾಧರಪ್ಪ',169',54',ಹೆಣ್ಣು',',AD',KOOLI',NO'
ALQ1135995',ಕೆ ವಿ ವೆಂಕಟಶಿವಪ್ಪ',ವೆಂಕಟಪ್ಪ',169',52',ಗಂಡು',YES',AD',',NO'
ALQ1136001',ಕೆ ವಿ ವೆಂಕಟೇಶಬಾಬು',ವೆಂಕಟಪ್ಪ',169',43',ಗಂಡು',',AD',KOOLI',NO'
ALQ2470896',ಎಂ ಪ್ರಭಾವತಿ',ಕೆ ವಿ ವೆಂಕಟಶಿವಪ್ಪ',169',42',ಹೆಣ್ಣು',YES',AD',',NO'
ALQ2394971',ವರದರಾಜು',ಗಂಗಾಧರಪ್ಪ',169',28',ಗಂಡು',YES',AD',',NO'
ALQ3018322',ಗಾವೀನ ವಿ',ಕೆ ವಿ ವೆಂಕಟೇಶ್ ಬಾಬು',169',26',ಹೆಣ್ಣು',',AD',KOOLI',NO'
ALQ1136019',ವೈ ನಾರಾಯಣ ರೆಡ್ಡಿ',ಆದಿ ರೆಡ್ಡಿ',170',79',ಗಂಡು',',REDDY',AGED',NO'
ALQ1136027',ಬಾಗ್ಯಮ್ಮ',ನಾರಾಯಣ ರೆಡ್ಡಿ',170',69',ಹೆಣ್ಣು',',REDDY',AGED',NO'
ALQ1136035',ಎನ್ ವೆಂಕಟ ರೆಡ್ಡಿ',ನಾರಾಯಣ ರೆಡ್ಡಿ',170',44',ಗಂಡು',',REDDY',FARMER',NO'
ALQ1136043',ಎನ್ ರವೀಂದ್ರ',ನಾರಾಯಣ ರೆಡ್ಡಿ',170',43',ಗಂಡು',',REDDY',FARMER',NO'
CTR1585439',ಸುನಿತ',ಎನ್ ವೆಂಕಟರೆಡ್ಡಿ',170',40',ಹೆಣ್ಣು',',REDDY',FARMER',NO'
ALQ0217547',ಪದ್ಮಮ್ಮಾ',ಎನ್ ರವೀಂದ್ರರೆಡ್ಡಿ',170',36',ಹೆಣ್ಣು',',REDDY',FARMER',NO'
ALQ2965929',ಶಿರೀಷಾ ರೆಡ್ಡಿ ವಿ',ವೆಂಕಟರೆಡ್ಡಿ ಎನ್',170',22',ಹೆಣ್ಣು',YES',REDDY',',NO'
ALQ1136050',ಕೊಂಡಪ್ಪ',ನಾರಾಯಣಪ್ಪ',171',69',ಗಂಡು',',ST',KOOLI',NO'
ALQ2586436',ಕೆ ಎನ್ ಗಂಗಪ್ಪ',ನಾರಾಯಣಪ್ಪ',171',67',ಗಂಡು',',ST',KOOLI',NO'
ALQ2586444',ವೆಂಕಟಲಕ್ಷ್ಮಮ್ಮ',ಕೆ ಎನ್ ಗಂಗಪ್ಪ',171',60',ಹೆಣ್ಣು',',ST',KOOLI',NO'
ALQ1136068',ಕಾದ್ರೆಮ್ಮ',ಕೊಂಡಪ್ಪ',171',59',ಹೆಣ್ಣು',',ST',KOOLI',NO'
ALQ0630731',ನರಸಿಂಹಪ್ಪ',ನಾರಾಯಣಪ್ಪ',171',45',ಗಂಡು',',ST',TRACTOR DRIVER',NO'
ALQ1136076',ಡಿ ಕೆಗಂಗರತ್ನಮ್ಮ',ಕೂಂಡಪ್ಪ',171',39',ಹೆಣ್ಣು',',ST',UNEMPLOYED',NO'
ALQ0631267',ಕೆ ಆದಿ ಲಕ್ಷ್ಮಿ',ನರಸಿಂಹಪ್ಪ',171',37',ಹೆಣ್ಣು',',ST',KOOLI',NO'
CTR5400700',ಕೆ ನರಸಿಂಹಮೂರ್ತಿ',ಎನ್ ಕೊಂಡಪ್ಪ',171',35',ಗಂಡು',',ST',DRIVER',NO'
ALQ2965911',ನಾಗಮಣಿ ಡಿ ಆರ್',ನರಸಿಂಹಮೂರ್ತಿ',171',27',ಹೆಣ್ಣು',',ST',KOOLI',NO'
ALQ2517126',ಬಾಲಚಂದ್ರ ಆರ್',ರಾಮಚಂದ್ರಪ್ಪ',171',24',ಗಂಡು',',ST',KOOLI',NO'
ALQ3223286',ಕೆಸಂಧ್ಯಾ',ಬಾಲಚಂದ್ರ ಆರ್',171',19',ಹೆಣ್ಣು',',ST',KOOLI',NO'
ALQ3226974',ಕೆಸಂಧ್ಯಾ',ಬಾಲಚಂದ್ರ ಆರ್',171',19',ಹೆಣ್ಣು',',REPEAT',',NO'
CTR1745322',ಎನ್ ಕಮಲಮ್ಮ',ನಂಜುಂಡಯ್ಯಶೆಟ್ಟಿ',17ಎ',82',ಹೆಣ್ಣು',YES',SHETTY',',NO'
CTR1745348',ಕೆ ಎನ್ ವೆಂಕಟಾಚಲಪತಿ',ಎಸ್ ನಂಜುಂಡಯ್ಯಶೆಟ್ಟಿ',17ಎ',59',ಗಂಡು',YES',SHETTY',',NO'
ALQ0218776',ಸ್ವರ್ಣಲತಾ ವಿ',ವೆಂಕಟಾಚಲಪತಿ ಕೆ ಎನ್',17ಎ',44',ಹೆಣ್ಣು',YES',SHETTY',',NO'
ALQ1136084',ಕೆ ಆರ್ ನಾಗರೆಡ್ಡಿ',ಕೆ ಆರ್\u200c ರಾಮರೆಡ್ಡಿ',174',44',ಗಂಡು',',REDDY',FARMER',NO'
ALQ1136092',ರಾಜೇಶ್ವರಿ',ನರಸಿಂಹ ರೆಡ್ಡಿ',174',50',ಹೆಣ್ಣು',',REDDY',HOUSE -WIFE',NO'
ALQ0218529',ಕೆ ಆರ್ ನರಸಿಂಹ ರೆಡ್ಡಿ',ಕೆ ರಾಮ ರೆಡ್ಡಿ',174',57',ಗಂಡು',',REDDY',FARMER',NO'
CTR5400122',ನಿರ್ಮಲ',ಕೆ ಆರ್\u200c ನಾಗರೆಡ್ಡಿ',174',41',ಹೆಣ್ಣು',',REDDY',FARMER',NO'
ALQ2442986',ಎನ್ ಸುಮ',ನರಸಿಂಹರೆಡ್ಡಿ ಕೆ ಆರ್',174',27',ಹೆಣ್ಣು',',REDDY',',NO'
ALQ2443018',ಮಂಜುನಾಥ ಕೆ ಎನ್',ನರಸಿಂಹರೆಡ್ಡಿ ಕೆ',174',24',ಗಂಡು',',REDDY',STUDENT',NO'
ALQ3141413',ಜೀವನ್ ರೆಡ್ಡಿ ಕೆ ಎನ್',ನಾಗರೆಡ್ಡಿ ಕೆ ಆರ್',174',20',ಗಂಡು',',REDDY',STUDENT',NO'
ALQ1136100',ಜಿ ವೆಂಕಟ ರೆಡ್ಡಿ',ಗೌರಪ್ಪ',175',79',ಗಂಡು',',REDDY',AGED',NO'
ALQ1136118',ನಾಗರತ್ನಮ್ಮ',ವೆಂಕಟ ರೆಡ್ಡಿ',175',77',ಹೆಣ್ಣು',',REDDY',AGED',NO'
ALQ1136126',ಜಿ ವಿ ವೆಂಕಟಶಿವಾರೆಡ್ಡಿ',ಜಿ ವೆಂಕಟ ರೆಡ್ಡಿ',175',57',ಗಂಡು',',REDDY',FARMER',NO'
ALQ1136142',ರತ್ನಮ್ಮ',ವೆಂಕಟಶಿವಾರೆಡ್ಡಿ',175',50',ಹೆಣ್ಣು',',REDDY',FARMER',NO'
CTR1745397',ಕೆ ವಿ ಶಾಂತಮ್ಮ',ಕೆ ವಿ ಶ್ರೀನಿವಾಸರೆಡ್ಡಿ',175',41',ಹೆಣ್ಣು',',REDDY',FARMER',NO'
CTR5400692',ಸಿ ಶ್ರೀನಿವಾಸರೆಡ್ಡಿ',ಚಿಕ್ಕನಾರಾಯಣರ',176',39',ಗಂಡು',YES',REDDY',',NO'
ALQ0217976',ಪದ್ಮಾವತಮ್ಮ',ಸಿ ಶ್ರೀನಿವಾಸ ರೆಡ್ಡಿ',176',38',ಹೆಣ್ಣು',YES',REDDY',',NO'
CTR1745652',ಸಿ ಗೌರರೆಡ್ಡಿ',ಚಿಕ್ಕನಾರಾಯಣರೆ',176',36',ಗಂಡು',YES',REDDY',',NO'
ALQ1136159',ಎ ವೆಂಕಟ ರೆಡ್ಡಿ',ಪೆದ್ದರೆಡ್ಡಿಗಾರಿ ಆದಿರೆಡ್ಡಿ',177',64',ಗಂಡು',',REDDY',FARMER',NO'
ALQ1136167',ಅಶ್ವಥಮ್ಮ',ಎ ವೆಂಕಟ ರೆಡ್ಡಿ',177',51',ಹೆಣ್ಣು',',REDDY',FARMER',NO'
ALQ2381259',ಬಾಬುಜಿ ವಿ',ವೆಂಕಟರೆಡ್ಡಿ ಕೆ',177',25',ಗಂಡು',YES',REDDY',',NO'
ALQ1136175',ಗಂಗಮ್ಮ',ಡಿ ಚಿಕ್ಕ ವೆಂಕಟರಮಣಪ್ಪ',178',85',ಹೆಣ್ಣು',',REDDY',AGED',NO'
ALQ1136183',ಸಿ ವೆಂಕಟ ರೆಡ್ಡಿ',ಡಿ ಚಿಕ್ಕ ವೆಂಕಟರಮಣಪ್ಪ',178',55',ಗಂಡು',',REDDY',FARMER',NO'
ALQ1136191',ನಾಗಮಣಿಯಮ್ಮ',ಸಿ ವೆಂಕಟ ರೆಡ್ಡಿ',178',50',ಹೆಣ್ಣು',',REDDY',FARMER',NO'
ALQ2965952',ವಿಜಯ ರಾಘವ ರೆಡ್ಡಿ',ವೆಂಕಟರೆಡ್ಡಿ ಸಿ',178',22',ಗಂಡು',YES',REDDY',STUDENT',NO'
ALQ1136209',ಎನ್ ವೆಂಕಟ ರೆಡ್ಡಿ',ಡಿ ನಾರಾಯಣಪ್ಪ',179',69',ಗಂಡು',',REDDY',FARMER',NO'
ALQ1136217',ಗಂಗರಾಜಮ್ಮ',ವೆಂಕಟ ರೆಡ್ಡಿ',179',63',ಹೆಣ್ಣು',',REDDY',FARMER',NO'
ALQ1136225',ವಿ ಶ್ರೀನಿವಾಸಪ್ಪ',ವೆಂಕಟ ರೆಡ್ಡಿ',179',44',ಗಂಡು',',REDDY',FARMER',NO'
ALQ2108595',ಬಿ ಎಸ್ ಗೀತಾಂಜಲಿ',ವಿ ಶ್ರೀನಿವಾಸಪ್ಪ',179',33',ಹೆಣ್ಣು',',REDDY',FARMER',NO'
ALQ1136241',ಕೆ ಆರ್\u200c ರತ್ನಮ್ಮ',ಕೆ ಆರ್\u200c ರಾಜಾರೆಡ್ಡಿ',184',48',ಹೆಣ್ಣು',',REDDY',',YES'
ALQ2489490',ಕೆ ಆರ್ ಸಂದೀಪ್ ಕುಮಾರ್',ರಾಜಾರೆಡ್ಡಿ ಕೆ ಆರ್',184',26',ಗಂಡು',YES',REDDY',',NO'
ALQ1136282',ಎನ್ ನರಸಿಮಹಮೂರ್ತಿ',ನರಸಿಂಹಪ್ಪ ಉ ಮದ್ದಪ್ಪ',185',53',ಗಂಡು',',ST',SHEEP FSRMING',NO'
ALQ1136290',ಸರೋಜಮ್ಮ',ಆದಿನಾರಾಯಣಪ್ಪ',185',45',ಹೆಣ್ಣು',',ST',KOOLI',NO'
ALQ2394245',ಎರಾಜಶೇಖರ್',ಆದಿನಾರಾಯಣಪ',185',25',ಗಂಡು',',ST',KOOLI',NO'
ALQ3156486',ಚಂದ್ರಶೇಖರ ಎ',ಆದಿನಾರಾಯಣ',185',20',ಗಂಡು',',ST',STUDENT',NO'
ALQ1136308',ಆದಮ್ಮ',ಟಿ ನಾರಾಯಣಪ್ಪ',186',75',ಹೆಣ್ಣು',',DELETED',',NO'
CTR1586346',ಎನ್ ತಿಪ್ಪಣ್ಣ',ಪಿ ನಾರಾಯಣಪ್ಪ',186',49',ಗಂಡು',',ST',KOOLI',NO'
CTR1586395',ವೆಂಕಟಲಕ್ಷ್ಮಮ್ಮ',ಎನ್ ತಿಪ್ಪಣ್ಣ',186',44',ಹೆಣ್ಣು',',ST',KOOLI',NO'
ALQ2965978',ನವೀನ್ ಕುಮಾರ್ ಟಿ',ತಿಪ್ಪನ್ನ',186',22',ಗಂಡು',YES',ST',',NO'
ALQ1136316',ಕೆ ಎನ್ ಗಂಗಪ್ಪ',ಗಾಲಿ ನಾರಾಯಣ',189',77',ಗಂಡು',',DELETED',',NO'
ALQ1136324',ಬಯ್ಯಮ್ಮ',ಗಂಗಪ್ಪ',189',69',ಹೆಣ್ಣು',',KURUBA',KOOLI',NO'
ALQ1136340',ನರಸಿಂಹಮೂರ್ತಿ',ಕೆ ಎನ್ ಗಂಗಪ್ಪ',189',36',ಗಂಡು',YES',KURUBA',',NO'
ALQ1136357',ಅನಿತಮ್ಮ',ನರಸಿಂಹಮೂರ್ತಿ',189',32',ಹೆಣ್ಣು',',KURUBA',KOOLI',NO'
ALQ1136365',ಎನ್ ಶಿವಾನಂದ',ಗಾಲಿಪೆದ್ದನಾರಾಯಣಪ್ಪ',191',49',ಗಂಡು',',KURUBA',KOOLI',NO'
ALQ1136373',ನಿರ್ಮಲಮ್ಮ',ಎನ್ ಶಿವಾನಂದ',191',42',ಹೆಣ್ಣು',',KURUBA',KOOLI',NO'
ALQ1136381',ಆದಿಮೂರ್ತಪ್ಪ',ಆದೆಪ್ಪ',192',79',ಗಂಡು',',KURUBA',KOOLI',NO'
ALQ1136399',ಸುಬ್ಬಮ್ಮ',ಆದಿಮೂರ್ತಪ್ಪ',192',65',ಹೆಣ್ಣು',',KURUBA',KOOLI',NO'
ALQ1136407',ಸೂರ್ಯನಾರಾಯಣಪ್ಪ',ಗಾಲಿಪೆದ್ದನಾರಾಯಣಪ್ಪ',192',57',ಗಂಡು',',KURUBA',KOOLI',NO'
ALQ1136415',ನಾಗಮ್ಮ',ಸೂರ್ಯನಾರಾಯಣಪ್ಪ',192',53',ಹೆಣ್ಣು',',KURUBA',KOOLI',NO'
ALQ2278174',ಸಿ ರಘು',ಚಿನ್ನಪ್ಪ ರೆಡ್ಡಿ',192',29',ಗಂಡು',',REDDY',FARMER',NO'
ALQ2278158',ಕೆ ಎಸ್ ಮನೋಹರ',ಸೂರಪ್ಪ ಜಿ ಎನ್',192',27',ಗಂಡು',',KURUBA',AUTO DRIVER',NO'
ALQ2380707',ಮಂಜುನಾಥ ಜಿ ಎ',ಲೇಟ್ ಆದಿಮೂತಿ',192',26',ಗಂಡು',YES',KURUBA',',NO'
ALQ3206422',ಕೆ ಸುಜಾತ ಕೆ ಲಕ್ಷ್ಮಿ ಸುಜಾತ',ಮನೋಹರ ಕೆ ಎಸ್',192',26',ಹೆಣ್ಣು',',',',NO'
ALQ1136449',ಎನ್ ಗಂಗ ರೆಡ್ಡಿ',ಕುರ್ಲಹಳ್ಳಿ ಚಿಕ್ಕನರಸಿಂಹರೆಡ್ಡಿ',193',42',ಗಂಡು',',REDDY',',YES'
ALQ0219113',ಸಿ ಲಕ್ಷ್ಮೀ ಪತಿ',ಕುಡ್ಲಹಳ್ಳಿ ಚಿಕ್ಕನರಸಿಂಹ್ಮರೆಡ್ಡಿ',193',34',ಗಂಡು',',REDDY',',NO'
ALQ1136456',ಕೆ ಎನ್ ನಾರಾಯಣ ರೆಡ್ಡಿ',ಚಿಕ್ಕನರಸಿಂಹ ರೆಡ್ಡಿ',194',79',ಗಂಡು',',DELETED',',NO'
ALQ1136464',ಎನ್ ಆದಿನಾರಾಯಣ ರೆಡ್ಡಿ',ನಾರಾಯಣ ರೆಡ್ಡಿ',194',3',ಗಂಡು',',REDDY',FARMER',NO'
ALQ1136472',ರಾಮಲಕ್ಷ್ಮಮ್ಮ',ಎನ್ ಆದಿನಾರಾಯಣರೆಡ್ಡಿ',194',45',ಹೆಣ್ಣು',',REDDY',FARMER',NO'
ALQ1136498',ಜಿ ಆದಿನಾರಾಯಣ ರೆಡ್ಡಿ',ಗಂಗ ರೆಡ್ಡಿ',195',53',ಗಂಡು',',REDDY',TAILOR',NO'
ALQ2586394',ಜಿ ನಾರಾಯಣ ರೆಡ್ಡಿ',ಆದಿನಾರಾಯಣ ರೆಡ್ಡಿ',195',49',ಗಂಡು',',REDDY',FARMER',NO'
CTR4991014',ಚಂದ್ರಮ್ಮ',ಜಿ ನಾರಾಯಣರೆಡ್ಡಿ',195',38',ಹೆಣ್ಣು',',REDDY',FARMER',NO'
ALQ3084712',ಅರವಿಂದರೆಡ್ಡಿ ಎನ್',ನಾರಾಯಣರಡ್ಡಿ',195',20',ಗಂಡು',',REDDY',STUDENT',NO'
ALQ1136522',ಕೃಷ್ಣಮ್ಮ',ಆದಿನಾರಾಯಣ ರೆಡ್ಡಿ',196',70',ಹೆಣ್ಣು',',REDDY',AGED',NO'
CTR1745660',ವ ಎಸ್ ಶ್ರೀನಿವಾಸರೆಡ್ಡಿ',ಆದಿನಾರಾಯಣ',196',39',ಗಂಡು',',REDDY',FARMER',NO'
ALQ2470904',ಅಮಲ',ಎ ಎಸ್ ಶ್ರೀನಿವಾಸ',196',26',ಹೆಣ್ಣು',',REDDY',FARMER',NO'
ALQ1136548',ಚನ್ನಪ್ಪರೆಡ್ಡಿ',ಆದಿ ರೆಡ್ಡಿ',197',55',ಗಂಡು',',REDDY',FARMER',NO'
ALQ1136555',ನಂಜಮ್ಮ',ಚನ್ನಪ್ಪ ರೆಡ್ಡಿ',197',50',ಹೆಣ್ಣು',',REDDY',FARMER',NO'
ALQ2396216',ಹರೀಶ್ ಸಿ',ಚಿನ್ನಪ್ಪರೆಡ್ಡಿ',197',28',ಗಂಡು',',REDDY',FARMER',NO'
ALQ1136563',ಪಿ ಒ ನರಸಿಂಹ ರೆಡ್ಡಿ',ಓಬಳ ರೆಡ್ಡಿ',198',66',ಗಂಡು',',REDDY',AGED',NO'
ALQ1136571',ಹನುಮಂತರೆಡ್ಡಿ ಪಿ ಓ',ಓಬಳರೆಡ್ಡಿ',198',60',ಗಂಡು',',REDDY',FARMER',NO'
ALQ1136589',ವೆಂಕಟಲಕ್ಷ್ಮಮ್ಮ',ಪಿ ಒ ನರಸಿಂಹ ರೆರಿ',198',57',ಹೆಣ್ಣು',',REDDY',FARMER',NO'
ALQ1136597',ಪಿ ಒ ಸುದಾಕರ ರೆಡ್ಡಿ',ಓಬಳರೆಡ್ಡಿ',198',53',ಗಂಡು',',REDDY',FARMER',NO'
ALQ2470870',ಪಿಒ ಸುಧಾಕರ ರೆಡ್ಡಿ',ಓಬಳರೆಡ್ಡಿ',198',51',ಗಂಡು',',REPEATED',',NO'
CTR1585397',ಹೆಚ್ ಸುನಂದಮ್ಮ',ಪಿ ಹನುಮಂತರೆಡ್ಡಿ',198',43',ಹೆಣ್ಣು',',REDDY',FARMER',NO'
ALQ3223203',ಹರಿಪ್ರಕಾಶ ಪಿ ಹೆಚ್',ಹನುಮಂತ ರೆಡ್ಡಿ ಪಿ ಒ',198',19',ಗಂಡು',',REDDY',STUDENT',NO'
CTR1584671',ಕೆ ಚಿಕ್ಕನಾರಾಯಣ ರೆಡ್ಡಿ',ಆದೆಪ್ಪ',199',81',ಗಂಡು',',REDDY',AGED',NO'
CTR1744382',ನಾಗಲಕ್ಷ್ಮಮ್ಮ',ಚಿಕ್ಕನಾರಾಯಣ',199',71',ಹೆಣ್ಣು',',REDDY',AGED',NO'
ALQ0217661',ಕೆ ಸಿ ಚಂದ್ರಶೇಖರರೆಡ್ಡಿ',ಚಿಕ್ಕನಾರಾಯಣ',199',48',ಗಂಡು',',REDDY',FARMER',NO'
CTR1585058',ಕೆ ಸಿ ಲಕ್ಷ್ಮಣ ರೆಡ್ಡಿ',ಚಿಕ್ಕನಾರಾಯಣ',199',44',ಗಂಡು',',REDDY',KOOLI',NO'
CTR2120194',ನಾಗಮಣಿಯಮ್ಮ',ಕೆ ಸಿ ಲಕ್ಷ್ಮಣರೆಡ್ಡಿ',199',40',ಹೆಣ್ಣು',',REDDY',KOOLI',NO'
ALQ1136613',ರತ್ನಮ್ಮ',ಕೆ ಸಿ ಚಂದ್ರಶೇಖರರೆಡ್ಡಿ',199',39',ಹೆಣ್ಣು',',REDDY',FARMER',NO'
ALQ2568673',ನವೀನ್ ಕುಮಾರ್ ಕೆ ಸಿ',ಚಂದ್ರಶೇಖರ ರೆಡ್ಡಿ',199',24',ಗಂಡು',',REDDY',FARMER',NO'
ALQ3150802',ವಿನೋದ ಕೆ ಸಿ',ಚಂದ್ರಶೇಖರ್ ರೆವ',199',22',ಗಂಡು',',REDDY',STUDENT',NO'
CTR1586270',ನಂಜಮ್ಮ',ಎಸ್ ಗಂಗ ರೆಡ್ಡಿ',200',75',ಹೆಣ್ಣು',',REDDY',AGED',NO'
CTR1586130',ಎಸ್ ಲಕ್ಷ್ಮೀನಾರಾಯಣರೆಡ್ಡಿ',ಎಸ್ ಗಂಗ ರೆಡ್ಡಿ',200',51',ಗಂಡು',',REDDY',FARMER',NO'
CTR4990552',ಎಸ್ ನರಸಿಂಹ ರೆಡ್ಡಿ',ಎಸ್ ಗಂಗ ರೆಡ್ಡಿ',200',48',ಗಂಡು',',REDDY',FARMER',NO'
CTR1745389',ವರಲಕ್ಷ್ಮಮ್ಮ',ಎಸ್ ಲಕ್ಷ್ಮೀನಾರಾಯಣರೆಡ್ಡಿ',200',43',ಹೆಣ್ಣು',',REDDY',FARMER',NO'
CTR4990560',ಸುಜಾತಮ್ಮ',ಎಸ್ ನರಸಿಂಹರೆಡ್ಡಿ',200',42',ಹೆಣ್ಣು',',REDDY',FARMER',NO'
ALQ2370252',ಕೆವಿ ಶ್ರೀನಿವಾಶ ರೆಡ್ಡಿ',ಜಿ ವೆಂಕಟರೆಡ್ಡಿ',25ಎ',51',ಗಂಡು',',REDDY',FARMER',NO'
ALQ2232635',ಪವಿತ್ರ ಹೆಚ್ ವಿ',ಎಂ ಆರ್ ರಘುನಾಥರೆಡ್ಡಿ',285',28',ಹೆಣ್ಣು',',REDDY',FARMER',NO'
ALQ1133131',ಎನ್ ಲಕ್ಷ್ಮೀಶ್ರೀನಿವಾಸರೆಡ್ಡಿ',ಎನ್ ನರಸಿಂಹರೆ',30ಎ',43',ಗಂಡು',YES',REDDY',',NO'
ALQ1133149',ಎನ್ ಆಶಾ',ಎನ್ ಲಕ್ಷ್ಮೀ ಶ್ರೀನಿವಾಸರೆಡ್ಡಿ',30 ಎ',35',ಹೆಣ್ಣು',',DELETED',',NO'
CTR5400841',ಲಕ್ಷ್ಮೀನರಸಮ್ಮ',ರಾಮಚಂದ್ರಪ್ಪ',356',43',ಹೆಣ್ಣು',',ST',KOOLI',NO'
CTR5400494',ನಾಗರಾಜು',ಓಬಳಪ್ಪ',357',55',ಗಂಡು',',AGASARU',KOOLI',NO'
ALQ2278141',ಭಾರತಿ',ಸುಬ್ರಮಣಿ',402',30',ಹೆಣ್ಣು',',SC',KOOLI',NO'
ALQ2108967',ಪುಷ್ಪಲತ ಎಂ ಎನ್',ಮಂಜುನಾಥ್ ಹೆಚ್',408',28',ಹೆಣ್ಣು',',SC',KOOLI',NO'
CTR4990628',ರತ್ನಮ್ಮ',ವೆಂಕಟರಮಣಪ್ಪ',46ಎ',55',ಹೆಣ್ಣು',',SC',KOOLI',NO'
CTR4990420',ಶ್ರೀನಿವಾಸಪ್ಪ',ವೆಂಕಟರಮಣಪ್ಪ',46 ಎ',37',ಗಂಡು',',SC',KOOLI',NO'
ALQ3018272',ಪದ್ಮ',ವೆಂಕಟರಮಣಪ್ಪ',46ಎ',21',ಹೆಣ್ಣು',YES',SC',',NO'
CTR1585280',ಶಾಂತಮ್ಮ',ಬಿ ಎನ್ ವೆಂಕಟೇಶ',48ಬಿ',40',ಹೆಣ್ಣು',',SC',KOOLI',NO'
ALQ2367597',ನಾಗಲಕ್ಷ್ಮೀ ಮ್ಮ',ಆದಿನಾರಾಯಣಪ್ಪ',52 1',43',ಹೆಣ್ಣು',',SC',KOOLI',NO'
ALQ1133628',ಗಂಗಮ್ಮ',ಆದೆಪ್ಪ',52:1',77',ಹೆಣ್ಣು',',SC',AGED',NO'
ALQ0218917',ಆದಿನಾರಾಯಣಪ್ಪ',ಆದೆಪ್ಪ',52 1',57',ಗಂಡು',',SC',KOOLI',NO'
CTR1585769',ಶ್ರೀನಿವಾಸಪ್ಪ',ಆದೆಪ್ಪ',52 1',44',ಗಂಡು',',SC',KOOLI',NO'
ALQ2489417',ತಿಪ್ಪಮ್ಮ',ಶ್ರೀನಿವಾಸಪ್ಪ',52 1',30',ಹೆಣ್ಣು',',SC',ANGANAVADI HELPER',NO'
ALQ2153708',ವೇಣುಗೋಪಾಲ್ ಎ',ಅಧಿನಾರಾಯಣ',52 1',26',ಗಂಡು',YES',SC',',NO'
ALQ3018405',ಸಂಧ್ಯಾಕೆ ಎ',ಆದಿನಾರಾಯಣಪ್ಪ',52:1',21',ಹೆಣ್ಣು',YES',SC',',NO'
ALQ2013951',ಗಾಯಿತ್ರಿ',ಆದಿನಾರಾಯಣರೆಂ',694',33',ಹೆಣ್ಣು',',REDDY',KOOLI',NO'
ALQ2013977',ವೈ ಕೆ ಇಂದ್ರಮ್ಮ',ಆನಂದ ವಿ',695',40',ಹೆಣ್ಣು',',SC',KOOLI',NO'
ALQ2013985',ವಿಜಯಮ್ಮ ವಿ',ವೆಂಕಟೇಶಪ್ಪ',696',29',ಹೆಣ್ಣು',',',',NO'
ALQ2014017',ಸುಶೀಲಮ್ಮ',ಕೆಆರ್\u200c ಮಂಜುನಾಥ',702',33',ಹೆಣ್ಣು',',REDDY',FARMER',NO'
ALQ2014033',ರವಿ ಪಿ',ಯಮನ್ನ',706',29',ಗಂಡು',YES',SC',',NO'
ALQ2014041',ರವಿಕುಮಾರ್',ಚಿಕ್ಕ ಆದಿನಾರಾಯಣಪ್ಪ',707',30',ಗಂಡು',YES',SC',',NO'
ALQ3086006',ಕಾವ್ಯ ಎಮ್',ಜಿ ವೆಂಕಟೇಶ್',709',20',ಹೆಣ್ಣು',',SC',',NO'
ALQ2014074',ನಾಗಮಣಿ',ಗೋವಿಂದ',710',29',ಹೆಣ್ಣು',',SC',KOOLI',NO'
ALQ1132778',ಎನ್ ರಮೇಶ್',ಗಾಲಿ ಪೆದ್ದನಾರಾಯಣಪ್ಪ',72ಬಿ',48',ಗಂಡು',',KURUBA',KOOLI',NO'
ALQ2370518',ಬಾಬು',ರಮೇಶ',72 ಬಿ',27',ಗಂಡು',',KURUBA',CHICKEN SHOP',NO'
CTR1585041',ಟಿ ಜಿ ವೆಂಕಟೇಶ',ಗಂಗಪ್ಪ',96',36',ಗಂಡು',',SC',KOOLI',NO'
ALQ1134808',ಹನುಮಂತಪ್ಪ',ಗುಡ್ಡಿ ಅಂಜಿನಪ್ಪ',110ಎ',58',ಗಂಡು',',SC',KOOLI',NO'
CTR1585314',ಗಂಗರತ್ನಮ್ಮ',ಹನುಮಂತಪ್ಪ',110ಎ',53',ಹೆಣ್ಣು',',DELETED',',NO'
ALQ3018371',ನಾರಾಯಣಸ್ವಾಮಿ ಹೆಚ್',ಹನುಮಂತಪ್ಪ ಕೆ',110ಎ',28',ಗಂಡು',',SC',KOOLI',NO'
ALQ1135136',ರಾಮಾಂಜನಪ್ಪ',ಆಂಜನಪ್ಪ',125',45',ಗಂಡು',',SC',KOOLI',NO'
CTR4990800',ವೆಂಕಟಮ್ಮ',ಆದೆಪ್ಪ',131ಎ',54',ಹೆಣ್ಣು',',SC',KOOLI',NO'
ALQ0631937',ಎ ರಘು',ಜಿ ಆದೆಪ್ಪ',131 ಎ',35',ಗಂಡು',',SC',KOOLI',NO'
ALQ2568707',ಎಶಿವಪ್ಪ',ಲೇಟ್ ಆದೆಪ್ಪ',131',30',ಗಂಡು',',SC',KOOLI',NO'
ALQ0631770',ರಾಧ',ಎ ರಘು',131 ಎ',33',ಹೆಣ್ಣು',',SC',KOOLI',NO'
CTR1585264',A ಶಿವಪ್ಪ',ಪೆದ್ದಾದಪ್ಪ',136ಎ',50',ಗಂಡು',',SC',WATER MAN',NO'
CTR1585330',ಆದಿಲಕ್ಷ್ಮಮ್ಮ',ಶಿವಪ್ಪ',136ಎ',43',ಹೆಣ್ಣು',',SC',KOOLI',NO'
CTR1745736',ಪಿ ನಾರಾಯಣಸ್ವಾಮಿ',ಪೆದ್ದಾದೆಪ್ಪ',136ಸಿ',40',ಗಂಡು',',SC',KOOLI',NO'
ALQ1135524',ನರಸಮ್ಮ',ನಾಗಪ್ಪ',141ಎ',56',ಹೆಣ್ಣು',',SC',KOOLI',NO'
CTR1744432',ಗುಂಡಕದಿರಮ್ಮ',ಮ ನಾರಾಯಣಪ್ಪ',161ಎ',73',ಹೆಣ್ಣು',',SC',KOOLI',NO'
ALQ0217851',ಸಂಜೀವಮ್ಮ',ನರಸಿಂಹಮೂರ್ತಿ',165 ಎ',38',ಹೆಣ್ಣು',',SC',KOOLI',NO'
ALQ1136621',ಸಿದ್ದಮ್ಮ',ಗಂಗಪ್ಪ',2003',71',ಹೆಣ್ಣು',',SC',KOOLI',NO'
ALQ1136639',ಆವುಲಕ್ಕ',ನರಸಿಂಹಪ್ಪ',2003',69',ಹೆಣ್ಣು',',SC',KOOLI',NO'
CTR5400684',ಗಂಗಪ್ಪ',ಆವುಲಪ್ಪ',2004',72',ಗಂಡು',',SC',KOOLI',NO'
ALQ2186864',ವೆಂಕಟಪ್ಪ',ಆವುಲಪ್ಪ',2004',63',ಗಂಡು',',SC',KOOLI',NO'
ALQ0219196',ಜಿ ನಾರಾಯಣಸ್ವಾಮಿ',ಗಂಗಪ್ಪ',2006',47',ಗಂಡು',',SC',KOOLI',NO'
CTR2120731',ಕದಿರಮ್ಮ',ನಾರಾಯಣಪ್ಪ',2006ಎ ',75',ಹೆಣ್ಣು',',SC',AGED',NO'
ALQ2431708',ಎನ್ ಮಂಜುನಾಥ',ಎನ್ ನಂಜುಂದಪ್ಪ',11',27',ಗಂಡು',',AGASARU',',NO'
ALQ2186427',ಕೆ ಎ ನರಸಿಂಹ ಮುರಿಹಿ',ಕೆ ಆದಿ ನಾರಾಯಣಪ್ಪ',149',33',ಗಂಡು',',MISTAKE REPEAT',',NO'
ALQ2431690',ಕೆ ಎ ಗಣೇಶ',ಆದಿನಾರಾಯಣ ರೆಡ್ಡಿ',396',25',ಗಂಡು',',REDDY',FARMER',NO'
ALQ3069077',ವಿ ವಿಜಯ ಕಾಕ್ಷ್ಮಿ',ಕೆ ಎ ಗಣೇಶ',194',25',ಹೆಣ್ಣು',',REDDY',FARMER',NO'
ALQ3069069',ನರೀಶ್ ಎ',ಆದಿನಾರಾಯಣ ರೆಡ್ಡಿ',194',21',ಗಂಡು',',REDDY',FARMER',NO'
ALQ2014173',ವಿ ರಘುನಾಥ ರೆಡ್ಡಿ',ಎನ್ ವೆಂಕಟ ರೆಡ್ಡಿ',396',35',ಗಂಡು',YES',REDDY',',NO'
ALQ2014181',ಬಾರತಿ',ಗಂಗಪ್ಪ',397',30',ಹೆಣ್ಣು',',MISTAKE REPEAT',',NO'
ALQ2278596',ಸೂರ್ಯ ಪ್ರಕಾಶ್ ರೆಡ್ಡಿ',ನಾರಾಯಣ ರೆಡ್ಡಿ',194-1',45',ಗಂಡು',',REDDY',FARMER',NO'
ALQ2278547',ರತ್ನ ರೆಡ್ಡಿ',ಸೂರ್ಯ ಪ್ರಕಾಶ್ ರೆಡ್ಡಿ',194-1',37',ಹೆಣ್ಣು',',REDDY',FARMER',NO'
ALQ3171188',ಸಾಯಿ ಕುಮಾರ್ ಜಿ ಎಸ್',ಸಿ ಶಿವಾ ರೆಡ್ಡಿ',270/1',22',ಗಂಡು',',REDDY',STUDENT',NO'
ALQ1138635',ಸಿ ಶಿವಾ ರೆಡ್ಡಿ',ಚಿಕ್ಕ ನಾರಾಯಣ ರೆಡ್ಡಿ',270-1',48',ಗಂಡು',',REDDY',FARMER',NO'
CTR1585918',ಪರ್ವತಮ್ಮ',ಸಿ ಶಿವಾ ರೆಡ್ಡಿ',270-1',39',ಹೆಣ್ಣು',',REDDY',FARMER',NO'
ALQ3229580',ಸುಬ್ರಮಣ್ಯ ಎಂಕೆ',ಕದಿರಪ್ಪ',',26',ಗಂಡು',',DELETED',',NO'
ALQ3237534',ಬಿ ಕವಿತ',ರಾಜಶೇಖರ',185',18',ಹೆಣ್ಣು',',ST',KOOLI',NO'
ALQ3237641',ಗಣೇಶ ಜಿ',ಗಂಗಾಧರಪ್ಪ',67',18',ಗಂಡು',',SC',STUDENT',NO'
ALQ3243755',ಸಜ್ಜಮ್ಮಾಪಿ',ಚಿಕ್ಕಪ್ಪಯ್ಯ',90',33',ಹೆಣ್ಣು',',SC',KOOLI',NO'
ALQ3245925',ಆಕಾಂಕ್ಷಕೆ',ಕೆ ಎನ್ ಕೇಶವರೆಡ್ಡಿ',32',18',ಹೆಣ್ಣು',YES',REDDY',STUDENT',NO'
ALQ3245933',ನಿಖಿಲ್ ರೆಡ್ಡಿ ಎಂ',ಕೆ ಎನ್ ಮಾದವ',38',18',ಗಂಡು',YES',REDDY',',NO'
ALQ3245917',ಆಶಾ ಜಿ',ವಿ ರಂಗನಾಥ ರೆಡ್ಡಿ',390',26',ಹೆಣ್ಣು',',REDDY',STUDENT',NO'
ALQ3245974',ಮೋನಿಕಾ ಜಿ ಎಸ್',ಶಿವಾ ರೆಡ್ಡಿ ಸಿ',262',18',ಹೆಣ್ಣು',',REDDY',STUDENT',NO'
ALQ3251287',ಸುನಿತಾ ಎಸ್',ಶಿವಪ್ಪ',136A',19',ಹೆಣ್ಣು',',SC',KOOLI',NO'
ALQ3251295',ವಿನಯ್ ಎ',ಆದಿನಾರಾಯಣಪ್ಪ',136',21',ಗಂಡು',',MISTAKE REPEAT',',NO'
ALQ3254935',ನಳನಕ್ಷಿ ಸಿ',ಕೆ ಟಿ ಆನಂದ',104',18',ಹೆಣ್ಣು',YES',SC',',NO'
ALQ3254943',ಸುಮಿತ್ರಾ',ಆದಿನಾರಾಯಣಪ್ಪ',124',19',ಹೆಣ್ಣು',YES',SC',',NO'
ALQ3256468',ಅರ್ಚನಾ ಎನ್',ನರಸಿಂಹ ರೆಡ್ಡಿ',',20',ಹೆಣ್ಣು',',REDDY',STUDENT',NO'
ALQ3261971',ಅಂಜಿನಪ್ಪ ಗಾರಿ ಹರಿಥಾ',ಗಂಗದರಪ್ಪ ವಿ',123',22',ಹೆಣ್ಣು',',SC',HOUSE-WIFE',NO'
ALQ3267507',ಆದರ್ಶ್ ಎನ್',ನಾರಾಯಣ ರೆಡ್ಡಿ',',18',ಗಂಡು',YES',REDDY',STUDENT',NO'
ALQ3267523',ಕಿರಾನ ಕುಮಾರ್ ಎಸ್',ಶ್ರೀನಿವಾಸಪ್ಪ',105',19',ಗಂಡು',YES',SC',','