ALQ3153392',ಕೃಷ್ಣಾ ನಾಯಕ್ ಇತರೆ ಸಂಬಂಧಿಯ',ಲಕ್ಷ್ಮೀಬಾಯಿ',0',59',ಗಂಡು',',SC',KOOLI',NO'
ALQ2435485',ಡಿ ಸುನಂದಮ್ಮ',ಗೋವಿಂದಪ್ಪ',0',64',ಹೆಣ್ಣು',',SADRU',FARMER',NO'
ALQ2301356',ಗೌರಿಬಾಯಿ',ಬಜನೆನಾಯ್ಕ',0',54',ಹೆಣ್ಣು',',SC',HOUSE -WIFE',NO'
ALQ2435451',ಲಕ್ಕಿ ಬಾಯಿ',ಕೃಷ್ಣನಾಯ್ಕ',0',51',ಹೆಣ್ಣು',',SC',KOOLI',NO'
ALQ1821032',ಮಂಗ್ಲೀಬಾಯಿ',ಲೇಟ್ ನಾರಾಯಣನಾಯ್ಕ',0',46',ಹೆಣ್ಣು',',SC',KOOLI',NO'
ALQ3209434',ಭಾರತಿ ಬಾಯಿ',ಶಂಕರೇ ನಾಯ್ಕ',0',45',ಹೆಣ್ಣು',YES',SC',PRIVATE JOB',NO'
ALQ2990661',ಲಕ್ಷ್ಮೀ ಬಾಯಿ',ಲೇಟ್ ಕೃಷ್ಣಾನಾಯ್ಕ',0',42',ಹೆಣ್ಣು',',SC',KOOLI',NO'
ALQ2435477',ಬಿ ನಾರಾಯಣಿ ಬಾಯಿ',ಬಜನೆ ನಾಯ್ಕ',0',38',ಹೆಣ್ಣು',',SC',KOOLI',NO'
ALQ1820984',ಗಾಯಿತ್ರಿ',ಆದಿನಾರಾಯಣಪ',0',35',ಹೆಣ್ಣು',',SC',KOOLI',NO'
ALQ1821024',ಶಶಿಕಲಾ',ರಾಮಾಂಜಿನಪ್ಪ',0',33',ಹೆಣ್ಣು',',SC',HOUSE -WIFE',NO'
ALQ1820968',ಮೂರ್ತಿ',ಆದಿನಾರಾಯಣಪ',0',32',ಗಂಡು',',SC',GARMENTS',NO'
ALQ1821008',ಗಂಗಮ್ಮ',ನರಸಿಂಹಪ್ಪ',0',31',ಹೆಣ್ಣು',',SC',KOOLI',NO'
ALQ1820976',ಶಿವಪ್ಪ',ಆದಿನಾರಾಯಣಪ್ಪ',0',30',ಗಂಡು',',SC',GARMENTS',NO'
ALQ1820992',ಸುರೇಶ್',ನರಸಿಂಹಪ್ಪ',0',29',ಗಂಡು',',SC',GARMENTS',NO'
ALQ1820950',ಅಶ್ವತ್ಥಪ್ಪ',ನಾರಾಯಣಪ್ಪ',0',29',ಗಂಡು',',SC',GARMENTS',NO'
ALQ2488823',ಎ ಅನುಷ',ಶಿವಪ್ಪ',0',27',ಹೆಣ್ಣು',',SC',GARMENTS',NO'
ALQ2230431',ಹನುಮೇನನಾಯ್ಕ',ಕೃಷ್ಣನಾಯ್ಕ',1',39',ಗಂಡು',YES',SC',PRIVATE JOB',NO'
ALQ2444396',ಭಾಗ್ಯಜಿ',ಹನುಮೇ ನಾಯ್',1',30',ಹೆಣ್ಣು',YES',SC',HOUSE -WIFE',NO'
ALQ2230548',ನಂದಿನಿ ಎನ್',ಕೆ ಮಂಜುನಾಥ್',1',29',ಹೆಣ್ಣು',',SC',SMALL-SHOP\\',NO'
ALQ1153865',ಕೃಷ್ಣನಾಯ್ಕ',ಹನುಮೇನಾಯ್ಕ',1',63',ಗಂಡು',',SC',FORMING',NO'
ALQ1153873',ಗೋಪಿಬಾಯಿ',ಕೃಷ್ಣನಾಯ್ಕ',1',61',ಹೆಣ್ಣು',',SC',HOUSE -WIFE',NO'
ALQ1153881',ಆದಿನಾರಾಯಣನಾಯ್ಕ ಕೆ',ಕೃಷ್ಣನಾಯ್ಕ',1',45',ಗಂಡು',YES',SC',PRIVATE JOB',NO'
ALQ0632463',ಕೆ ಮಂಜುನಾಥ',ಕೃಷ್ಣನಾಯಕ',1',34',ಗಂಡು',',SC',SMALL-SHOP\\',NO'
ALQ1153899',ಯಶೋದ',ಕೆ ಆದಿನಾರಾಯಣ ನಾಯ್ಕ',1',32',ಹೆಣ್ಣು',YES',SC',HOUSE -WIFE',NO'
ALQ1153907',ಸೇವೇನಾಯ್ಕ',ಕಾಸೇನಾಯ್ಕ',2',65',ಗಂಡು',',SC',FARMER',NO'
ALQ1153915',ಮಂಗೀಬಾಯಿ',ಸೇವೇನಾಯ್ಕ',2',57',ಹೆಣ್ಣು',',SC',KOOLI',NO'
ALQ2444438',ರೋಜಾ',ಗಂಗೇನಾಯ್ಕ',3',24',ಹೆಣ್ಣು',YES',SC',PRIVATE JOB',NO'
ALQ3085164',ಜಗದೀಶ ನಾಯಕ್',ಶ್ರೀನಿವಾಸ ನಾಯಕ್',3',20',ಗಂಡು',YES',SC',PRIVATE JOB',NO'
ALQ1149848',ರಾಮೇನಾಯಕ',ದಾವೇಜ್ ನಾಯಕ',3',80',ಗಂಡು',',SC',AGED',NO'
ALQ1153923',ಮಂಗಲೀಬಾಯಿ',ರಾಮೇನಾಯ್ಕ',3',73',ಹೆಣ್ಣು',',SC',AGED',NO'
ALQ1153931',ಗ್ರಾಂಗೆನಾಯಕ',ರಾಮೇನಾಯಕ',3',52',ಗಂಡು',',SC',FARMER',NO'
ALQ1153949',ಲಕ್ಷ್ಮೀಬಾಯಿ',ಗಾಂಗೇನಾಯ್ಕ',3',47',ಹೆಣ್ಣು',',SC',HOUSE -WIFE',NO'
ALQ1153956',ಶ್ರೀನಿವಾಸನಾಯ್ಕ',ರಾಮೇನಾಯ್ಕ',3',46',ಗಂಡು',',SC',FARMER',NO'
ALQ1153964',ಜಯಮ್ಮ',ಶ್ರೀನಿವಾಸನಾಯಕ',3',38',ಹೆಣ್ಣು',',SC',HOUSE -WIFE',NO'
ALQ2014777',ಲಕ್ಷ್ಮೀಬಾಯಿ',ಮನೆನಾಯಕ',4',32',ಹೆಣ್ಣು',',SC',KOOLI',NO'
ALQ3149804',ಸರಸ್ವತಿ ತಾಯಿಯ',ಸರೋಜ ಬಾಯಿ',4',21',ಹೆಣ್ಣು',',SC',HOUSE -WIFE',NO'
ALQ1153972',ಗಂಗೀಬಾಯಿ',ಲಕ್ಷ್ಮೀನಾಯ್ಕ',4',65',ಹೆಣ್ಣು',',SC',AGED',NO'
CTR2122950',ಸರೋಜಬಾಯಿ',ವೆಂಕಟರಾಮನಾಯ',4',38',ಹೆಣ್ಣು',',SC',KOOLI',NO'
ALQ0632489',ಮನೇನಾಯಕ',ಲಕ್ಷ್ಮೀನಾಯಕ',4',36',ಗಂಡು',',SC',FORMING',NO'
ALQ2014785',ಸುಶೀಲಮ್ಮ',ನಾಗರಾಜಪ್ಪ',5',39',ಹೆಣ್ಣು',YES',GOWDA',KOOLI',NO'
ALQ1154012',ನಾಗೇಗೌಡ ಎಸ್',ಸುಬ್ಬರಾಯಪ್ಪ',5',44',ಗಂಡು',',GOWDA',FARMER',NO'
ALQ1154020',ರಾಜಪ್ಪ',ಸುಬ್ಬರಾಯಪ್ಪ',5',36',ಗಂಡು',YES',GOWDA',KOOLI',NO'
ALQ1154038',ಗೋಪಾಲಯ್ಯಗೌಡ ಕೆ',ಕಾವಿಗೌಡ',6',69',ಗಂಡು',',GOWDA',AGED',NO'
ALQ1154046',ನಾಗರತ್ನಮ್ಮ',ಕೆ ಗೋಪಾಲಯ್ಯಗೌಡ',6',57',ಹೆಣ್ಣು',',GOWDA',AGED',NO'
ALQ2518702',ವಿನೋದ್',ಕೆ ಗೋಪಾಲಯ್ಯ ಗೌಡ',6',29',ಗಂಡು',YES',GOWDA',KOOLI',NO'
ALQ2216612',ಕಾಂತರಾಜು',ಗೋಪಾಲಪ್ಪ',6',26',ಗಂಡು',',GOWDA',BEAKAERY-0WORK',NO'
ALQ3046059',ಪವಿತ್ರ ಎನ್',ವಿನೋದ್',6',23',ಹೆಣ್ಣು',',GOWDA',HOUSE -WIFE',NO'
ALQ3046067',ಜಿ ಅರ್ಚನ',ಕಾಂತರಾಜು',6',22',ಹೆಣ್ಣು',',GOWDA',HOUSE -WIFE',NO'
ALQ1154053',ಆದಿಮೂರ್ತಪ್ಪ',ಚಿಕ್ಕಗಂಗಪ್ಪ',9',70',ಗಂಡು',',GOWDA',FARMER',NO'
ALQ1154061',ಗೌರಮ್ಮ',ಆದಿಮೂರ್ತಪ್ಪ',9',53',ಹೆಣ್ಣು',',GOWDA',HOUSE -WIFE',NO'
ALQ2507150',ಆನಂದ ಕುಮಾರ್ ಎ',ಆದಿಮೂರ್ತಪ್ಪ',9',23',ಗಂಡು',',GOWDA',STUDENT',NO'
ALQ2968840',ಎನ್ ಎ ಮಾರುತಿ',ಅದಿಮೂರ್ತಪ್ಪ',9',22',ಗಂಡು',',GOWDA',FARMER',NO'
ALQ1154079',ಶ್ರೀರಾಮಪ್ಪ',ಚಿಕ್ಕಗಂಗಪ್ಪ',10',73',ಗಂಡು',',GOWDA',FARMER',NO'
ALQ1154087',ಲಕ್ಷ್ಮಮ್ಮ',ಶ್ರೀರಾಮಪ್ಪ',10',63',ಹೆಣ್ಣು',',GOWDA',HOUSE -WIFE',NO'
ALQ1820901',ಜ್ಯೋತಿ',ಗಂಗಪ್ಪ',10',46',ಹೆಣ್ಣು',YES',GOWDA',HOUSE -WIFE',NO'
ALQ0635680',ಗಂಗಪ್ಪ',ಶ್ರೀರಾಮಪ್ಪ',10',43',ಗಂಡು',YES',GOWDA',ELECTRICATION',NO'
ALQ2113256',ವೈ ಚಂದ್ರಶೇಕರ್ ಇತರೆ ಸಂಬಂಧಿಯ',ವೈ ಈಶ್ವರಪ್ಪ',10',41',ಗಂಡು',',GOWDA',HOUSE -WIFE',NO'
ALQ1820919',ಆಶಾ',ವೈ ಚಂದ್ರಶೇಖರ್',10',30',ಹೆಣ್ಣು',',GOWDA',HOUSE -WIFE',NO'
ALQ1154103',ನಾರಾಯಣಸ್ವಾಮಿ',ಹನುಮಂತಪ್ಪ',11',53',ಗಂಡು',',GOWDA',KOOLI',NO'
ALQ0635755',ನರಸಮ್ಮ',ನಾರಾಯಣಸ್ವಾಮಿ',11',44',ಹೆಣ್ಣು',',GOWDA',KOOLI',NO'
ALQ0635730',ಸುಬ್ರಮಣ್ಯಂ',ಹನುಮಂತಪ್ಪ',11',41',ಗಂಡು',YES',GOWDA',FACTORY WORKER',NO'
ALQ3085818',ಶ್ವೇತಾ',ನಾರಾಯಣಸ್ವಾಮಿ',11',20',ಹೆಣ್ಣು',YES',GOWDA',HOUSE -WIFE',NO'
ALQ1154111',ನಾಗರಾಜಪ್ಪ',ಹನುಮಂತಪ್ಪ',12',65',ಗಂಡು',',GOWDA',AGED',NO'
ALQ1154129',ಹೊನ್ನಮ್ಮ',ನಾಗರಾಜಪ್ಪ',12',55',ಹೆಣ್ಣು',',GOWDA',HOUSE -WIFE',NO'
CTR2122661',ತಿಮ್ಮಪ್ಪ',ನಾಗರಾಜಪ್ಪ',12',36',ಗಂಡು',',GOWDA',HOTEL',NO'
ALQ2014876',ಮಂಜುನಾಥ',ನಾಗರಾಜಪ್ಪ',12',33',ಗಂಡು',',GOWDA',DC-OFF-EXCHANGE-OFFICER',NO'
ALQ2014868',ವರಲಕ್ಷ್ಮಿ ಜಿ ಎನ್',ತಿಮ್ಮಪ್ಪ',12',29',ಹೆಣ್ಣು',',GOWDA',HOUSE -WIFE',NO'
ALQ2230415',ಚಂದ್ರಕಲಾ',ಮಂಜುನಾಧ',12',25',ಹೆಣ್ಣು',',GOWDA',HOUSE -WIFE',NO'
ALQ1154137',ನರಸಿಂಹಮೂರ್ತಿ',ಚಿನ್ನಪ್ಪ',13',65',ಗಂಡು',',GOWDA',FARMER',NO'
ALQ1154145',ನಾಗರತ್ನಮ್ಮ',ನರಸಿಂಹಮೂರ್ತಿ',13',57',ಹೆಣ್ಣು',',GOWDA',HOUSE -WIFE',NO'
CTR5140512',ನರಸೇಗೌಡ',ನರಸಿಂಹಮೂರ್ತಿ',13',37',ಗಂಡು',',GOWDA',GP-MEMBER-BJP',YES'
ALQ2014819',ನಾರಾಯಣಸ್ವಾಮಿ',ನರಸಿಂಹಮೂರ್ತಿ',13',29',ಗಂಡು',',GOWDA',FARMER',NO'
ALQ2335305',ಪುಷ್ಪ ಕೆ ಎನ್',ನರಸೇಗೌಡ',13',27',ಹೆಣ್ಣು',',GOWDA',HOUSE -WIFE',NO'
ALQ1154160',ನಾಗಮ್ಮ',ಹನುಮಂತಪ್ಪ',15',63',ಹೆಣ್ಣು',',GOWDA',AGED',NO'
CTR2123438',ಮುತ್ತಪ್ಪ',ಹನುಮಂತಪ್ಪ',15',40',ಗಂಡು',YES',GOWDA',PRIVATE JOB',NO'
ALQ1154178',ನರಸೇಗೌಡ',ಹನುಮಂತಪ್ಪ',15',37',ಗಂಡು',',GOWDA',FODD-MAKER',NO'
ALQ0635672',ಮುನಿರಾಜು',ಹನುಮಂತಪ್ಪ',15',36',ಗಂಡು',YES',GOWDA',HOTEL',NO'
ALQ0635789',ನಾಗಲಕ್ಷ್ಮಿ',ಮುತ್ತಪ್ಪ',15',34',ಹೆಣ್ಣು',',GOWDA',FACTORY WORKER',NO'
ALQ2230530',ಗಂಗರತ್ನಮ್ಮ',ನರಸೇಗೌಡ',15',29',ಹೆಣ್ಣು',',GOWDA',FACTORY WORKER',NO'
ALQ1154228',ಸುಬ್ರಮಣ್ಯಂ',ನಾರಾಯಣಪ್ಪ',17',50',ಗಂಡು',',DEATH',',NO'
ALQ0635482',ನಾಗರಾಜು',ನಾರಾಯಣಪ್ಪ',17',43',ಗಂಡು',',GOWDA',KOOLI',NO'
ALQ0635425',ಲಕ್ಷ್ಮಮ್ಮ',ಸುಬ್ರಮಣ್ಯಂ',17',37',ಹೆಣ್ಣು',',GOWDA',HOUSE -WIFE',NO'
ALQ0632042',ನಳಿನ',ನಾಗರಾಜು',17',36',ಹೆಣ್ಣು',',GOWDA',FACTORY WORKER',NO'
ALQ2968865',ನವೀನ್',ಸುಬ್ರಮಣ್ಯ',17',22',ಗಂಡು',YES',GOWDA',PRIVATE JOB',NO'
ALQ3188638',ಸುಧಾಕರ ಎನ್ ಎಸ್',ಸುಬ್ರಮಣಿ',17',19',ಗಂಡು',YES',GOWDA',PRIVATE JOB',NO'
ALQ1154236',ಗಂಗಪ್ಪ',ದೊಡ್ಡಣ್ಣ',18',70',ಗಂಡು',',DEATH',',NO'
ALQ1154244',ರತ್ನಮ್ಮ',ಗಂಗಪ್ಪ',18',57',ಹೆಣ್ಣು',',GOWDA',AGED',NO'
ALQ0635631',ದೊಡ್ಡಣ್ಣ',ಗಂಗಪ್ಪ',18',36',ಗಂಡು',YES',GOWDA',PRIVATE JOB',NO'
ALQ2157972',ಪದ್ಮಾವತಿ ಜಿ ಎಲ್',ದೊಡ್ಡಣ್ಣ',18',33',ಹೆಣ್ಣು',',GOWDA',HOUSE -WIFE',NO'
ALQ1154301',ಕಾವೆಳ್ಯಪ್ಪ',ಚಿಕ್ಕಪ್ಪಯ್ಯ',20',62',ಗಂಡು',',GOWDA',AGED',NO'
ALQ1154319',ಅಶ್ವಥಮ್ಮ',ಕಾವೆಳ್ಯಪ್ಪ',20',50',ಹೆಣ್ಣು',',GOWDA',KOOLI',NO'
ALQ2014801',ರಘು',ಈರಪ್ಪ',20',35',ಗಂಡು',',GOWDA',KOOLI',NO'
ALQ2014793',ಪದ್ಮಮ್ಮ',ರಘು',20',34',ಹೆಣ್ಣು',',GOWDA',KOOLI',NO'
ALQ0635904',ಚಲುವು',ನಾಗೇಗೌಡ',21',80',ಹೆಣ್ಣು',',GOWDA',AGED',NO'
ALQ0635938',ಕೃಷ್ಣಪ್ಪ',ನಾಗೇಗೌಡ',21',60',ಗಂಡು',',GOWDA',FARMER',NO'
ALQ0635763',ಶಿವಪ್ಪ',ನಾಗೇಗೌಡ',21',50',ಗಂಡು',',GOWDA',FARMER',NO'
ALQ0635920',ರತ್ನಮ್ಮ',ಕೃಷ್ಣಪ್ಪ',21',45',ಹೆಣ್ಣು',',GOWDA',HOUSE -WIFE',NO'
ALQ0635912',ರತ್ನಮ್ಮ',ಶಿವಪ್ಪ',21',45',ಹೆಣ್ಣು',',GOWDA',HOUSE -WIFE',NO'
ALQ1820877',ಶ್ರೀನಿವಾಸ',ಕೃಷ್ಣಪ್ಪ',21',36',ಗಂಡು',YES',GOWDA',PRIVATE JOB',NO'
ALQ2157980',ಪವಿತ್ರ ಎಮ್ ಎನ್',ಶ್ರೀನಿವಾಸ',21',35',ಹೆಣ್ಣು',YES',GOWDA',PRIVATE JOB',NO'
ALQ0635540',ಕೆ ಮಂಜುನಾಥ',ಕೃಷ್ಣಪ್ಪ',21',33',ಗಂಡು',',GOWDA',FARMER',NO'
ALQ2203347',ಗಂಗಪ್ಪ',ಕೃಷ್ಣಪ್ಪ',21',31',ಗಂಡು',',GOWDA',FARMER',NO'
ALQ2990679',ನಾಗವೇಣಿ ಎಂ',ಮಂಜುನಾಥ ಕೆ',21',27',ಹೆಣ್ಣು',',GOWDA',HOUSE -WIFE',NO'
ALQ2518603',ನಾಗೇಶ್ ಎಸ್',ಶಿವಪ್ಪ',21',26',ಗಂಡು',YES',GOWDA',PRIVATE JOB',NO'
ALQ1154350',ಕೃಷ್ಣಮೂರ್ತಿ ಆರ್ ವಿ',ಆರ್ ವೆಂಕಣ್ಣಾಚನ',3',91',ಗಂಡು',',ACHARI',AGED',NO'
ALQ1154368',ಲಕ್ಷ್ಮೀಬಾಯಿ ಆರ್',ಆರ್ ವಿ ಕೃಷ್ಣಮೂರ್ತಿ',3',81',ಹೆಣ್ಣು',',ACHARI',AGED',NO'
ALQ0635615',ಶ್ರೀನಿವಾಸಮೂರ್ತಿ ಆರ್ ಕೆ',ಆರ್\u200c ವಿ ಕೃಷ್ಣಮೂರ್ತಿ',23',59',ಗಂಡು',',ACHARI',FARMER',NO'
ALQ0635698',ಗುರುಪ್ರಸಾದ್ ಆರ್\u200c ಕೆ',ಆರ್ ವಿ ಕೃಷ್ಣಮೂರ್ತಿ',3',53',ಗಂಡು',',ACHARI',FARMER',NO'
ALQ0635623',ಸುನಿತ ಆರ್ ಎಸ್',ಆರ್ ಕೆ ಶ್ರೀನಿವಾಸಮೂರ್ತಿ',23',49',ಹೆಣ್ಣು',',ACHARI',HOUSE -WIFE',NO'
ALQ2488815',ಪ್ರಮೋದ್ ಎಸ್ ರೊಟ್ಟಿ',ಶ್ರೀನಿವಾಸ ಮೂರ್ತಿ ಆರ್ ಕೆ',3',23',ಗಂಡು',',ACHARI',STUDENT',NO'
ALQ1154376',ಈರೇಗೌಡ',ದೊಡ್ಡಣ್ಣ',24',75',ಗಂಡು',',GOWDA',AGED\\',NO'
ALQ1154384',ನಾರಾಯಣಮ್ಮ',ಈರೇಗೌಡ',24',65',ಹೆಣ್ಣು',',GOWDA',AGED',NO'
ALQ0635607',ರಂಗೇಗೌಡ',ಈರೇಗೌಡ',24',43',ಗಂಡು',',GOWDA',HOTEL-WORK',NO'
ALQ2014975',ಸರಸ್ವತಮ್ಮ',ರಂಗೇಗೌಡ',24',35',ಹೆಣ್ಣು',',GOWDA',HOUSE -WIFE',NO'
ALQ1154392',ಗಂಗಾಧರಪ್ಪ',ಚಿನ್ನಪ್ಪ',25',70',ಗಂಡು',',GOWDA',AGED',NO'
ALQ1154400',ವೆಂಕಟಲಕ್ಷ್ಮಮ್ಮ',ಗಂಗಾಧರಪ್ಪ',25',57',ಹೆಣ್ಣು',',GOWDA',FORMING',NO'
ALQ0635466',ಶಿವಕುಮಾರ್',ಗಂಗಾಧರಪ್ಪ',25',36',ಗಂಡು',',GOWDA',PRIVATE JOB',NO'
ALQ0635888',ಜಿ ಪ್ರಭು',ಗಂಗಾಧರಪ್ಪ',25',32',ಹೆಣ್ಣು',',GOWDA',FACTORY WORKER',NO'
ALQ2488807',ಹಚ್ ಕವಿತ',ಜಿ ಪ್ರಭು',25',24',ಹೆಣ್ಣು',',GOWDA',FACTORY WORKER',NO'
ALQ1154418',ಶ್ರೀನಿವಾಸಮೂರ್ತಿ',ಚಿನ್ನಪ್ಪ',27',43',ಗಂಡು',',GOWDA',UNEMPOLOYE',NO'
ALQ0632000',ಗೌರಮ್ಮ',ಶ್ರೀನಿವಾಸಮೂರ್ತಿ',27',43',ಹೆಣ್ಣು',',GOWDA',HOUSE -WIFE',NO'
ALQ3086188',ಕಾಂತಬಾಬು',ಶ್ರೀನಿವಾಸ',27',27',ಗಂಡು',',GOWDA',CORPAINTER',NO'
ALQ1154434',ರಾಮಿಬಾಯಿ',ರಾಮೇನಾಯ್ಕ',28',70',ಹೆಣ್ಣು',',SC',AGED',NO'
ALQ2587244',ಲಕ್ಷ್ಮೀನಾರಾಯಣಪ್ಪ',ಚಿನ್ನಪ್ಪ',28',50',ಗಂಡು',YES',GOWDA',PRIVATE JOB',NO'
ALQ2157931',ಜಯರಾಂ ನಾಯ್ಕ',ರಾಮೇನಾಯ್ಕ',28',34',ಗಂಡು',',SC',KOOLI',NO'
ALQ3016995',ಎಸ್ ಸುಜಾತ ಬಾಯಿ',ಜಯರಾಮ ನಾಯ',28',28',ಹೆಣ್ಣು',',SC',KOOLI',NO'
ALQ3075454',ಶೋಭಾ',ಲಕ್ಷ್ಮೀನಾರಾಯಣಪ್ಪ',28',28',ಹೆಣ್ಣು',',GOWDA',HOUSE -WIFE',NO'
ALQ1154467',ಸಕ್ಕರೇನಾಯ್ಕ',ಸೋಮನಾಯ್ಕ',30',65',ಗಂಡು',',SC',AGED',NO'
ALQ1154475',ಗೌರೀಬಾಯಿ',ಸಕ್ಕರೇನಾಯ್ಕ',30',60',ಹೆಣ್ಣು',',SC',AGED',NO'
CTR2122976',ಲಕ್ಷ್ಮೀದೇವಿಬಾಯಿ',ಸಕ್ಕರೇನಾಯಕ',30',40',ಹೆಣ್ಣು',',SC',KOOLI',NO'
ALQ1154483',ನಾರಾಯಣನಾಯ್ಕ',ಗಾಂಗೇನಾಯ್ಕ',31',63',ಗಂಡು',',SC',KOOLI',NO'
ALQ1154491',ಜಯಾಬಾಯಿ',ನಾರಾಯಣನಾಯ',31',53',ಹೆಣ್ಣು',',SC',HOUSE -WIFE',NO'
ALQ2973600',ಎನ್ ಮಂಜುನಾಯ್ಕ',ನಾರಾಯಣನಾಯ್ಕ',31',22',ಗಂಡು',',SC',TEMPO-DRIVER',NO'
ALQ1154525',ಸುಬೇನಾಯ್ಕ',ರಾಮೇನಾಯ್ಕ',32',47',ಗಂಡು',',SC',TEMPO-DRIVER',NO'
CTR2122703',ಆದಿಲಕ್ಷ್ಮೀಬಾಯಿ',ಆರ್ ಸುಬೈನಾಯ',32',38',ಹೆಣ್ಣು',',SC',HOUSE -WIFE',NO'
ALQ1154533',ನಾರಾಯಣಸ್ವಾತ ',',33',57',ಗಂಡು',',DELETED',',NO'
ALQ1154541',ಲಕ್ಷ್ಮೀಬಾಯಿ',ನಾರಾಯಣನಾಯ್ಕ',33',53',ಹೆಣ್ಣು',',SC',HOUSE -WIFE',NO'
ALQ2014892',ವೆಂಕಟೇಶ ನಾಯ್ಕ',ನಾರಾಯಣನಾದ',33',30',ಗಂಡು',',SC',KOOLI',NO'
ALQ2122869',ಶಾರದಾಬಾಯಿ',ನಾರಾಯಣನಾಯಕ',37',42',ಹೆಣ್ಣು',',SC',KOOLI',NO'
ALQ1154608',ರಾಮೇನಾಯ್ಕ',ಕಾಸೇನಾಯ್ಕ',38',80',ಗಂಡು',',SC',FARMER',NO'
ALQ1154616',ತೋಳಸೀಬಾಯಿ',ರಾಮೇನಾಯ್ಕ',38',65',ಹೆಣ್ಣು',',SC',AGED',NO'
ALQ1154624',ನಾರಾಯಣನಾಯ್ಕ',ರಾಮೇನಾಯ್ಕ',38',50',ಗಂಡು',YES',SC',PRIVATE JOB',NO'
ALQ1154632',ಪಿಕೂನಾಯಕ',ರಾಮೇನಾಯ್ಕ',38',45',ಗಂಡು',YES',SC',PRIVATE JOB',NO'
CTR2122927',ಆದಿಲಕ್ಷ್ಮೀಬಾಯಿ',ನಾರಾಯಣನಾಯ',38',41',ಹೆಣ್ಣು',YES',SC',HOUSE -WIFE',NO'
ALQ1154640',ಸಾಲೂಬಾಯಿ',ಪೀಕುನಾಯಕ್',38',38',ಹೆಣ್ಣು',YES',SC',HOUSE -WIFE',NO'
ALQ1154657',ನಾರಾಯಣನಾಯ್ಕ',ಸಂದೇನಾಯ್ಕ',40',50',ಗಂಡು',',SC',HOTEL-WORK',NO'
ALQ1154665',ಲಕಿ ಬಾಯಿ ವಿ',ನಾರಾಯಣನಾಯ',40',47',ಹೆಣ್ಣು',',SC',HOUSE -WIFE',NO'
ALQ1154673',ನಾರಾಯಣನಾಯ್ಕ',ಗಂಗನಪಲ್ಲಿರಾಮೇನಾಯ್ಕ',41',60',ಗಂಡು',',SC',HOME',YES'
ALQ1154681',ನಾರಾಯಣೀಬಾಯಿ',ನಾರಾಯಣನಾಯ್ಕ',41',55',ಹೆಣ್ಣು',',SC',KOOLI',NO'
ALQ1154699',ಸೋಮೇನಾಯ್ಕ',ರೂಪ್ಲನಾಯ್ಕ',42',78',ಗಂಡು',',SC',AGED',NO'
ALQ1154707',ತುಂಗಲೀಬಾಯ್ತಿ ',',42',57',ಹೆಣ್ಣು',',DELETED',',NO'
ALQ0635573',ಗಂಗರತ್ನ ಬಾಯಿ',ರಾಮೇನಾಯ್ಕ',42',33',ಹೆಣ್ಣು',YES',SC',HOUSE -WIFE',NO'
ALQ2587251',ಗಾಂಗೇನಾಯ್ಕ',ಕಾಳೇನಾಯ್ಕ',43',51',ಗಂಡು',',SC',KOOLI',NO'
ALQ3153434',ರೂಪ್ಲನಾಯಕ್',ಗಂಗೇನಾಯಕ್',43',20',ಗಂಡು',',sc',STUDENT',NO'
ALQ1154749',ಲಕ್ಷ್ಮಿನಾಯ್ಕ',ರೂಪ್ಲನಾಯಕ',44',65',ಗಂಡು',',sc',AGE',NO'
ALQ1154756',ಗಂಗಾಬಾಯಿ',ಲಕ್ಷ್ಮಿನಾಯ್ಕ',44',63',ಹೆಣ್ಣು',',SC',AGED',NO'
ALQ1154764',ನಾರಾಯಣನಾಯಕ',ಲಕ್ಷೆನಾಯ್ಕ',44',50',ಗಂಡು',',SC',FARMER',NO'
ALQ1154772',ಗೌರಿಬಾಯಿ',ನಾರಾಯಣನಾಯಕ',44',47',ಹೆಣ್ಣು',',SC',HOUSE -WIFE',NO'
ALQ1154780',ಶಂಕರೇನಾಯ್ಕ',ಲಕ್ಷ್ಮನಾಯಕ',44',45',ಗಂಡು',YES',SC',',NO'
ALQ1154798',ಸುಬೈನಾಯಕ',ಲಕ್ಷೆನಾಯ್ಕ',44',43',ಗಂಡು',YES',SC',',NO'
ALQ1154806',ವೆಂಕಟಲಕ್ಷ್ಮೀಬಾಯಿ',ಸುಬೈನಾಯಕ',44',38',ಹೆಣ್ಣು',YES',SC',',NO'
ALQ1154814',ಶ್ರೀನಿವಾಸನಾಯಕ',ಲಕ್ಷ್ಮೀನಾಯಕ',44',36',ಗಂಡು',YES',SC',',NO'
ALQ2380640',ಟಿ ಶಿಲ್ಪಬಾಯಿ',ಶ್ರೀನಿವಾಸ ನಾಯಕ್',44',25',ಹೆಣ್ಣು',YES',SC',',NO'
ALQ1154822',ಚಂದೇನಾಯ್ಕ',ಗಂಗನಪಲ್ಲಿರಾಮೇನಾಯ್ಕ',46',50',ಗಂಡು',',SC',HOME',YES'
ALQ2587269',ಗಂಗೀಬಾಯಿ',ಚಂದೇನಾಯ್ಕ',46',47',ಹೆಣ್ಣು',YES',SC',',NO'
ALQ3085883',ರಮೇಶನಾಯ್ಕ',ಚಂದೇನಾಯ್ಕ',46',22',ಗಂಡು',YES',SC',',NO'
ALQ1154863',ರಾಮೇನಾಯ್ಕ',ಸಂದೇನಾಯ್ಕ',47',44',ಗಂಡು',YES',SC',CAR-DRIVER',NO'
ALQ0632091',ಕೃಷ್ಣಬಾಯಿ',ರಾಮೇನಾಯ್ಕ',47',34',ಹೆಣ್ಣು',YES',SC',HOUSE -WIFE',NO'
ALQ1154871',ಕೂಬಾಯಿ',ಪೀರೇನಾಯ್ಕ',49',55',ಹೆಣ್ಣು',YES',SC',',NO'
ALQ2587277',ಗಾಂಧೀಬಾಯಿ',ರಾವೇನಾಯಕ್',51',65',ಹೆಣ್ಣು',',SC',AGED',NO'
ALQ1154954',ಹನುಮೇನಾಯಕ್',ರಾಮ್ಪನಾಯಕ್',52',65',ಗಂಡು',',SC',KOOLI',NO'
ALQ1154962',ಲಕ್ಷ್ಮೀಬಾಯಿ',ಹನುಮೇನಾಯಕ್',52',55',ಹೆಣ್ಣು',',SC',AGED',NO'
ALQ1154970',ಆದಿನಾರಾಯಣನಾಯಕ',ಹನುಮೇನಾಯಕ',52',40',ಗಂಡು',',SC',UNEMPLOYE',NO'
ALQ1154988',ಪಾರ್ವತೀಬಾಯಿ',ಆದಿನಾರಾಯಣನಾಯ್ಕ',52',34',ಹೆಣ್ಣು',',SC',ANGANAVADI-HELPER',NO'
ALQ1154996',ರಫ್ನಾಯಕ್',ಬದ್ದೇನಾಯಕ್',53',75',ಗಂಡು',',SC',FARMER',NO'
ALQ1155001',ಅವುಲೇನಾಯಕ್',ರೂಫೆನಾಯಕ್',53',45',ಗಂಡು',YES',SC',',NO'
ALQ1155019',ಲಕ್ಷ್ಮೀ ದೇವಿಬಾಯಿ',ಅವುಲೇನಾಯಕ್',53',43',ಹೆಣ್ಣು',YES',SC',',NO'
ALQ0632117',ಸೇವೇನಾಯಕ',ರೂಫೆನಾಯಕ',53',43',ಗಂಡು',',SC',FOOD-CONTRACTER',NO'
ALQ1155027',ಸುಬೈನಾಯಕ',ರೂಫೆನಾಯಕ',53',38',ಗಂಡು',YES',SC',',NO'
ALQ1155035',ರಮೇಶನಾಯಕ',ರೂಫೆನಾಯಕ',53',38',ಗಂಡು',YES',SC',',NO'
ALQ0632083',ಪುಟ್ಟಬಾಯಿ',ಜಿ ಸೇವಾನಾಯ್ಕ',53',36',ಹೆಣ್ಣು',',SC',HOUSE -WIFE',NO'
ALQ2230423',ಲಕ್ಷ್ಮೀನಾಯ್ಕ ಅರ್ ತಾಯಿಯ',ರೊಪ್ಲೇನಾಯ್ಕ',53',3',ಗಂಡು',YES',SC',',NO'
ALQ0635862',ಸುಗುಣಬಾಯಿ',ಸುಬೈನಾಯ್ಕ',53',33',ಹೆಣ್ಣು',YES',SC',',NO'
ALQ2380723',ನಂದಿನಿ ಬಾಯಿ',ರಮೇಶ ನಾಯ್ಕ',53',31',ಹೆಣ್ಣು',YES',SC',',NO'
ALQ2973618',ಮನಿಷಾ ಬಾಯಿ',ಲಕ್ಷ್ಮೀನಾಯ್ಕ',53',22',ಹೆಣ್ಣು',YES',SC',',NO'
ALQ2587285',ಸಕ್ಕರೀಬಾಯಿ',ಹೇಮನಾಯಕ',55',85',ಹೆಣ್ಣು',',SC',AGED',NO'
ALQ1155092',ನಾರಾಯಣನಾಯಕ್',ಹೇಮನಾಯಕ್',55',65',ಗಂಡು',',SC',FARMER',NO'
ALQ1155100',ಕಮಲೀಬಾಯಿ',ನಾರಾಯಣನಾಯಕ',55',57',ಹೆಣ್ಣು',',SC',HOUSE -WIFE',NO'
ALQ0635508',ಮಂಜುನಾಯ್ಕ',ನಾರಾಯಣನಾದ',55',30',ಗಂಡು',',SC',AUTO-DRIVER',NO'
ALQ2230522',ಶಿವರಾಜ ನಾಯ್ಕ',ನಾರಾಯಣ ನಾಯ',55',27',ಗಂಡು',',SC',FARMER',NO'
ALQ1155126',ಗಾಂಗೇನಾಯಕ',ಬೀಮೈನಾಯಕ',57',60',ಗಂಡು',',SC',KOOLI',NO'
ALQ1155159',ಸೇವೇನಾಯಕ',ಬೀಮೈನಾಯಕ',58',50',ಗಂಡು',',SC',KOOLI',NO'
ALQ1155167',ಜಯಾಬಾಯಿ',ಕೂಬೇನಾಯಕ',58',47',ಹೆಣ್ಣು',YES',SC',',NO'
ALQ0632414',ಶ್ರೀನಿವಾಸ ನಾಯ್ಕ',ಬದ್ದೇನಾಯ್ಕ',59',42',ಗಂಡು',YES',SC',PAINTER',NO'
ALQ1155191',ರಾಮೀಬಾಯಿ',ಬದ್ದೇನಾಯಕ್',61',75',ಹೆಣ್ಣು',',SC',AGED',NO'
ALQ2587293',ಗೋಪಾಲನಾಯಕ',ಬದ್ದೇನಾಯಕ್',61',63',ಗಂಡು',',SC',KOOLI',NO'
ALQ2587301',ಲಕ್ಷ್ಮೀಬಾಯಿ',ಗೋಪಾಲನಾಯಕ',61',50',ಹೆಣ್ಣು',YES',SC',',NO'
ALQ1155233',ಶಾಂತಾಬಾಯಿ',ಬದ್ದನಾಯಕ',61',45',ಹೆಣ್ಣು',YES',SC',HOUSE -WIFE',NO'
ALQ2518611',ಕೆಶಿವನಾಯ್ಕ',ಕೃಷ್ಣನಾಯ್ಕ',61',33',ಗಂಡು',YES',SC',CAR-DRIVER',NO'
ALQ2518637',ಶಿವ ಕುಮಾರ್\u200c ನಾಯ್ಕ',ಗೋಪಾಲ ನಾಯ್ಕ',61',30',ಗಂಡು',YES',SC',MACHANIC',NO'
ALQ2518660',ಕೆ ಹರೀಶ ನಾಯ್ಕ',ಕೃಷ್ಣಾ ನಾಯ್ಕ',61',25',ಗಂಡು',',SC',CAR-KMACAHNIC-SHOP',NO'
ALQ3062676',ಶ್ವೇತಾ ಆರ್',ಕೆ ಶಿವನಾಯ್ಕ',61',23',ಹೆಣ್ಣು',',SC',KPTCL',NO'
ALQ3084761',ಸುನಿತ ಬಾಯಿ',ಗೋಪಾಲ ನಾಯ್ಕ',61',22',ಹೆಣ್ಣು',',SC',KOOLI',NO'
ALQ1155258',ನಾರಾಯಣನಾಯಕ್',ಕಣ್ಣಿನಾಯಕ',62',60',ಗಂಡು',',SC',UNEMPOLYE',NO'
ALQ1155266',ಶಾಂತೀಬಾಯಿ',ನಾರಾಯಣನಾಯಕ್',62',50',ಹೆಣ್ಣು',',SC',KOOLI',NO'
ALQ1155274',ಕೃಷ್ಣಾನಾಯ್ಕ',ನಾರಾಯಣನಾಯ',62',31',ಗಂಡು',',SC',KOOLI',NO'
ALQ2014967',ಶಿವ',ನಾರಾಯಣ ನಾಯಕ',62',30',ಗಂಡು',YES',SC',',NO'
ALQ3037231',ಮಂಜುಳಾ ಬಾಯಿ ಎನ್',ಕೃಷ್ಣಾನಾಯಕ್',62',24',ಹೆಣ್ಣು',',SC',HOUSE -WIFE',NO'
ALQ1155290',ಶ್ರೀರಾಮನಾಯಕ',ಕಣ್ಣಿನಾಯಕ್',63',45',ಗಂಡು',YES',SC',',NO'
ALQ0632547',ನಾರಾಯಣಿಭಾಯಿ',ಶ್ರೀರಾಮನಾಯಕ',63',38',ಹೆಣ್ಣು',YES',SC',',NO'
ALQ1155308',ಸಾಲೀಬಾಯಿ',ಕಣ್ಣಿನಾಯಕ',64',60',ಹೆಣ್ಣು',',SC',KOOLI',NO'
ALQ1155316',ಗಮ್ಮಿಬಾಯಿ',ಗಾಂಗೇನಾಯ್ಕ',65',80',ಹೆಣ್ಣು',',SC',AGED',NO'
ALQ1155324',ಶಿವನಾಯಕ',ಗಾಂಗೆ ನಾಯಕ',65',44',ಗಂಡು',YES',SC',HOTRL-WORK',NO'
ALQ1155332',ಮನೇನಾಯಕ',ಗಾಂಗೇನಾಯಕ',65',36',ಗಂಡು',YES',SC',',NO'
ALQ2014850',ವೆಂಕಟೇಶ ನಾಯ್ಕ',ಗಂಗೇನಾಯ್ಕ',65',34',ಗಂಡು',YES',SC',JCB-DRIVER',NO'
ALQ0632513',ನಾಗೀಬಾಯಿ',ಶಿವನಾಯ್ಕ',65',33',: ಹೆಣ್ಣು',YES',SC',HOUSE -WIFE',NO'
ALQ1155340',ಶ್ರೀದೇವಿ ಬಾಯಿ',ಮುನೇನಾಯ್ಕ',65',32',ಹೆಣ್ಣು',YES',SC',',NO'
ALQ2380780',ಶ್ರೀ ರಂಜೀತ ಬಾಯಿ',ವೆಂಕಟೇಶನಾಯ್ಕ',65',26',ಹೆಣ್ಣು',YES',SC',HOUSE -WIFE',NO'
ALQ1155373',ಶಾಂತಿಬಾಯಿ',ಕ್ರಿಷ್ಟನಾಯ್ಕ',66',50',ಹೆಣ್ಣು',',SC',KOOLI',NO'
ALQ1155365',ನಾರಾಯಣ ನಾಯಕ',ಲಕ್ಷ್ಮೀನಾಯಕ',66',49',ಗಂಡು',YES',SC',SELF EMPLOYED',NO'
ALQ1155381',ಶಾಂತಿಬಾಯಿ',ನಾರಾಯಣನಾಯ',66',47',ಹೆಣ್ಣು',YES',SC',HOUSE -WIFE',NO'
ALQ0632604',ಗಾಂಗೆನಾಯಕ',ಕೃಷ್ಣನಾಯಕ',66',36',ಗಂಡು',YES',SC',TEMPO-DRIVER',NO'
ALQ0635391',ಶಂಕರೇ ನಾಯ್ಕ',ಕೃಷ್ಟೊನಾಯ್ಕ',66',32',ಗಂಡು',',SC',AUTO-DERIVER',NO'
ALQ2381374',ಗೌರಿ ಬಾಯಿ',ಗಂಗೇ ನಾಯ್ಕ',66',30',ಹೆಣ್ಣು',YES',SC',HOUSE -WIFE',NO'
ALQ2380905',ಮಂಜು ಬಾಯಿ',ಶಂಕರನಾಯಕ',66',29',ಹೆಣ್ಣು',',SC',HOUSE -WIFE',NO'
ALQ1155399',ರಾಮೇನಾಯಕ',ಹೇಯ್ದನಾಯಕ',67',68',ಗಂಡು',',SC',AGED',NO'
ALQ1155407',ಪುಟ್ಟಬಾಯಿ',ರಾಮೇನಾಯಕ',67',65',ಹೆಣ್ಣು',',DEATH',',NO'
CTR2123008',ಸುಬ್ಬುನಾಯಕ',ರಾಮೇನಾಯಕ',67',41',ಗಂಡು',',SC',FOODMAKER',NO'
CTR2123016',ರವಿನಾಯಕ',ರಾಮೇನಾಯಕ',67',35',ಗಂಡು',',SC',FOOD-MAKER',NO'
ALQ1155415',ನಾಗಿಬಾಯಿ',ಸುಬ್ಬನಾಯ್ಕ',67',35',ಹೆಣ್ಣು',YES',SC',',NO'
ALQ2396109',ರತ್ನಿ ಬಾಯಿ',ರಾಮೇ ನಾಯ್ಕ',67',33',ಹೆಣ್ಣು',YES',SC',',NO'
ALQ2230514',ನಾಗೇ ನಾಯ್ಕ',ರಾಮೇ ನಾಯ್ಕ',67',29',ಗಂಡು',YES',SC',',NO'
ALQ2397149',ಉಮೇಶ್ ನಾಯ್ಕ',ರಾಮೇ ನಾಯ್ಕ',67',27',ಗಂಡು',YES',SC',',NO'
ALQ2397131',ಅಂಬಿಕ',ರವಿನಾಯಕ',67',24',ಹೆಣ್ಣು',',SC',HOUSE -WIFE',NO'
ALQ3197613',ನಾಗಮಣಿ',ನಾಗನಾಯಕ ಗಂಡ',67',19',ಹೆಣ್ಣು',YES',SC',',NO'
ALQ1155431',ನಾರಾಯಣನಾಯಕ',ಬೀದ್ದನಾಯಕ',68',65',ಗಂಡು',',SC',KOOLI',NO'
ALQ1155449',ಕಮಲಿಬಾಯಿ',ನಾರಾಯಣನಾಯ',68',60',ಹೆಣ್ಣು',',SC',KOOLI',NO'
ALQ1155456',ಸಾಲೀಬಾಯಿ',ನಾರಾಯಣನಾಯಕ',68',55',ಹೆಣ್ಣು',',SC',KOOLI',NO'
ALQ0635532',ಸುಬ್ರಮಣಿ ಎನ್',ನಾರಾಯಣನಾಯ',68',39',ಗಂಡು',',SC',CONTRACTER',NO'
ALQ2518629',ಭಾಗ್ಯ ಭಾಯಿ',ಸುಬ್ರಮಣಿ ಎನ್',68',35',ಹೆಣ್ಣು',',SC',KOOLI',NO'
ALQ2203321',ಹೇಮ್ಲನಾಯ್ಕ',ನಾರಾಯಣನಾಯ್ಕ',68',33',ಗಂಡು',YES',SC',BUSINESS',NO'
ALQ1155464',ಲಕ್ಷ್ಮಣನಾಯಕ',ಜಮೈನಾಯಕ',69',54',ಗಂಡು',',SC',FARMER',NO'
ALQ1155472',ಗೌರೀಬಾಯಿ',ಲಕ್ಷ್ಮಣನಾಯಕ',69',49',ಹೆಣ್ಣು',',SC',HOUSE -WIFE',NO'
ALQ2014918',ರಾಮಚಂದ್ರನಾಯ್ಕ',ಲಕ್ಷ್ಮೀ ನಾಯ್ಕ',69',32',ಗಂಡು',YES',SC',',NO'
ALQ2507168',ದಿವ್ಯ ಭಾರತಿ',ಲಕ್ಷ್ಮೀನಾಯ್ಕ',69',26',ಹೆಣ್ಣು',YES',SC',',NO'
ALQ1155480',ನಾರಾಯಣನಾಯಕ',ಬದ್ದೇನಾಯಕ',71',60',ಗಂಡು',',SC',UNEMPLOYE',NO'
ALQ1155498',ತೋಳೇಸೀಬಾಯಿ',ನಾರಾಯಣನಾಯಕ',71',53',ಹೆಣ್ಣು',',SC',KOOLI',NO'
ALQ2112498',ಗಂಗೆನಾಯ್',ನಾರಾಯಣನಾಯ್ಕ',71',29',ಗಂಡು',',SC',MOBILE-SHOP',NO'
ALQ1155506',ಗಾಂಗೇನಾಯಕ',ಸೋಮೇನಾಯಕ',72',50',ಗಂಡು',YES',SC',',NO'
ALQ1155514',ಆದಿನಾರಾಯಣನಾಯಕ',ಸೋಮೇನಾಯಕ',72',45',ಗಂಡು',YES',SC',',NO'
ALQ1155522',ಲಕ್ಷ್ಮೀದೇವಿಭಾಣಿ',',72',37',ಹೆಣ್ಣು',',DELETED',',NO'
ALQ0635581',ರಾಮೇನಾಯಕ',ಸೋಮೇನಾಯಕ',72',37',ಗಂಡು',YES', SC',KPTC;L',NO'
ALQ2230472',ಪಾರ್ವತಿ ಬಾಯಿ',ಆದಿನಾರಾಯಣ ನಾಯ್ಕ',72',31',ಹೆಣ್ಣು',YES',SC',',NO'
ALQ1155530',ಗೋವಿಂದನಾಯಕ',ರಾಮೇನಾಯಕ',73',50',ಗಂಡು',',SC',KOOLI',NO'
ALQ1155548',ರಮಣೀಬಾಯಿ',ಗೋವಿಂದನಾಯಕ',73',49',ಹೆಣ್ಣು',',SC',HOUSE -WIFE',NO'
ALQ2587319',ಶಶೀಬಾಯಿ',ಗಾಂಗೇನಾಯ್ಕ',73',47',ಹೆಣ್ಣು',',SC',HOUSE -WIFE',NO'
ALQ0632125',ನಾಗೇನಾಯ್ಕ ಜಿ',ಗೋವಿಂದನಾಯ್ಕ',73',38',ಗಂಡು',',SC',KOOLI',NO'
ALQ0632323',ಶಂಕರೇನಾಯ್ಕ',ಗೋವಿಂದನಾಯ',73',34',ಗಂಡು',',SC',PRIVATE JOB',NO'
ALQ3085396',ಸುಕನ್ಯ ಬಾಯಿ',ನಾಗೇನಾಯ್ಕ',73',24',ಹೆಣ್ಣು',',SC',HOUSE -WIFE',NO'
ALQ1155555',ಲಕ್ಷ್ಮಿನಾಯಕ',ಗಂಗನಪಲ್ಲಿರಾಮೇನಾಯಕ',75',55',ಗಂಡು',',SC',KOOLI',NO'
ALQ2444420',ಆದಿನಾರಾಯಣನಾಯ್ಕ',ಲಕ್ಷ್ಮಿ ನಾಯ್ಕ',75',31',ಗಂಡು',YES',SC',',NO'
ALQ2444453',ಕರಮತೋಟ ಮಂಜುಳ',ಆದಿನಾರಾಯನಾಯ',75',24',ಹೆಣ್ಣು',YES',SC',',NO'
ALQ2587327',ತೊಳೀಸೀಬಾಯಿ',ತಾವರೇನಾಯಕ',76',53',ಹೆಣ್ಣು',',SC',AGED',NO'
ALQ2157964',ಲಕ್ಷ್ಮೀನಾಯ್ಕ',ಹೇಮ್ಲನಾಯ್ಕ',76',33',ಗಂಡು',',SC',CAR-DSRIVER',NO'
ALQ2157956',ಪ್ರೇಮಲತಾ',ಲಕ್ಷ್ಮೀನಾಯಕ್',76',29',ಹೆಣ್ಣು',',SC',HOUSE -WIFE',NO'
ALQ1155605',ಪೀಕ್ಲೀಬಾಯಿ',ಹೇಮ್ಮನಾಯಕ',77',70',ಹೆಣ್ಣು',',SC',AGED',NO'
ALQ1155613',ರಾಮ್ಪನಾಯಕ',ಹೇಯ್ದನಾಯಕ',77',45',ಗಂಡು',',SC',KOOLI',NO'
ALQ1155621',ಕೃಷ್ಣ ನಾಯ್ಕ',ಹೇಮಲೇ ನಾಯ್ಕ',77',38',ಗಂಡು',YES',SC',',NO'
ALQ2122901',ಸರೊಜಬಾಯಿ',ರಾಮ್ಪನಾಯಕ',77',40',ಹೆಣ್ಣು',YES',SC',',NO'
CTR2425601',ಲಕ್ಷ್ಮೀ ಬಾಯಿ',ಕೃಷ್ಣ ನಾಯ್ಕ',77',40',ಹೆಣ್ಣು',YES',SC',',NO'
ALQ1155647',ರಾಗೇನಾಯಕ',ಹನುಮೇನಾಯಕ',78',65',ಗಂಡು',',SC',FARMER',NO'
ALQ1155654',ನಾರಾಯಣೀಬಾಯಿ',ರಾಗೇನಾಯಕ',78',55',ಹೆಣ್ಣು',',SC',HOUSE -WIFE',NO'
ALQ2014934',ಆರ್ ಸತೀಶ್ ನಾಯ್ಕ',ರಾಗೇನಾಯ್ಕ',78',30',ಗಂಡು',',SC',FARMER',NO'
ALQ2435469',ಕವಿತ ಬಾಯಿ',ಹರೀಶ್ ನಾಯ್ಕ',78',27',ಹೆಣ್ಣು',',SC',HOUSE -WIFE',NO'
ALQ2230456',ನಂದೀಶ್ ನಾಯ್ಕ',ರಾಗೇ ನಾಯ್ಕ',78',27',ಗಂಡು',',SC',FARMER',NO'
ALQ2301349',ತಿಪ್ಪಿಬಾಯಿ',ಆರ್ ಸತೀಶನಾಯ',78',26',ಹೆಣ್ಣು',',SC',HOUSE -WIFE',NO'
ALQ2230498',ಹರೀಶ್ ನಾಯ್ಕ',ರಾಗೇ ನಾಯ್ಕ',78',26',ಗಂಡು',',SC',FARMER',NO'
ALQ3062668',ತುಳಸಿಬಾಯಿ',ಎನ್ ನಂದೀಶ್ ನಾಯ್ಕ',78',22',ಹೆಣ್ಣು',',SC',HOUSE -WIFE',NO'
ALQ1155662',ನಾಗೇಶನಾಯಕ',ಹನುಮೇನಾಯಕ',80',55',ಗಂಡು',',SC',SMALL-SHOP',NO'
ALQ1155670',ತಿಪ್ಪಿಬಾಯಿ',ನಾಗೇಶನಾಯಕ',80',50',ಹೆಣ್ಣು',',SC',SMALL-SHOP',NO'
ALQ0635953',ರಾಂಜೇನಾಯಕ',ಹನುಮೇನಾಯಕ',80',50',ಗಂಡು',YES',SC',SMALL-SHOP',NO'
ALQ0635961',ಗೋವಿಂದನಾಯಕ',ಹನುಮೇನಾಯಕ',80',43',ಗಂಡು',YES',SC',SMALL-SHOP',NO'
ALQ0635995',ಅಶ್ವಥಿಭಾಯಿ',ಗೋವಿಂದನಾಯಕ',80',40',ಹೆಣ್ಣು',YES',SC',HOUSE -WIFE',NO'
ALQ0636001',ಕಲ್ಯಾಣೀಭಾಯಿ',ರಾಂಜೇನಾಯಕ',80',38',ಹೆಣ್ಣು',YES',SC',HOUSE -WIFE',NO'
ALQ2518645',ಲಕ್ಕಿ ಬಾಯಿ',ನಾಗೇಶ್ ನಾಯ್ಕ',80',27',ಹೆಣ್ಣು',',SC',HOUSE -WIFE',NO'
ALQ2990687',ಎನ್ ಜಿ ಮಂಜುನಾಥ',ನಾಗೇಶ್ ನಾಯ್ಕ',80',23',ಗಂಡು',',SC',SMALL-SHOP',NO'
ALQ1155688',ಗಂಗಮ್ಮ',ಕದಿರಪ್ಪ',81',75',ಹೆಣ್ಣು',',DEATH',',NO'
ALQ1155696',ಬಾಲಪ್ಪ',ಕದಿರಪ್ಪ',81',57',ಗಂಡು',',SC',WATER-MAN',NO'
ALQ1155704',ತಿಪ್ಪಮ್ಮ',ಬಾಲಪ್ಪ',81',55',ಹೆಣ್ಣು',',SC',KOOLI',NO'
ALQ1155712',ಲಕ್ಷ್ಮೀನರಸಮ್ಮ',ಬಾಲಪ್ಪ',81',50',ಹೆಣ್ಣು',',SC',KOOLI',NO'
ALQ0632224',ರಾಜಮ್ಮ',ನಾರಾಯಣಸ್ವಾಮಿ',81',32',ಹೆಣ್ಣು',YES',SC',',NO'
ALQ2395812',ನರೇಶ ಹೆಚ್ ಬಿ',ಬಾಲಪ್ಪ',81',30',ಗಂಡು',YES',SC',',NO'
ALQ2230449',ಸುಧಾಕರ್',ಬಾಲಪ್ಪ',81',29',ಗಂಡು',YES',SC',',NO'
ALQ1155720',ಸೀನಪ್ಪ',ಕದಿರಪ್ಪ',82',50',ಗಂಡು',YES',SC',VEGITABELS-SELLER',NO'
ALQ1155738',ನಂಜಮ್ಮ',ಸೀನಪ್ಪ',82',43',ಹೆಣ್ಣು',YES',SC',VEGITABELS-SELLER',NO'
ALQ2109270',ಸರಸ್ವತಿ',ಸೀನಪ್ಪ',82',27',ಹೆಣ್ಣು',YES',SC',VEGITABELS-SELLER',NO'
ALQ1155746',ನರಸಿಂಹಪ್ಪ',ಕದಿರಪ್ಪ',83',63',ಗಂಡು',YES',SC',',NO'
ALQ1155753',ಲಕ್ಷ್ಮೀನರಸಮ್ಮ',ನರಸಿಂಹಪ್ಪ',83',51',ಹೆಣ್ಣು',YES',SC',',NO'
ALQ2157915',ಅಂಕಿತ',ನರಸಿಂಹಪ್ಪ',83',29',ಹೆಣ್ಣು',YES',SC',',NO'
ALQ1155787',ಆದಮ್ಮ',ನರಸಯ್ಯ',84',57',ಹೆಣ್ಣು',',SC',AGED',NO'
ALQ1155795',ಕೃಷ್ಣಪ್ಪ',ನರಸಯ್ಯ',84',49',ಗಂಡು',',SC',KOOLI',NO'
ALQ1155803',ನರಸಮ್ಮ',ಕೃಷ್ಣಪ್ಪ',84',44',ಹೆಣ್ಣು',YES',SC',FACTORY WORKER',NO'
ALQ1155811',ನರಸಿಂಹಪ್ಪ',ನರಸಯ್ಯ',84',43',ಗಂಡು',YES',SC',WATER-MAN',NO'
ALQ0632257',ರತ್ನಮ್ಮ',ನರಸಿಂಹಪ್ಪ',84',40',ಹೆಣ್ಣು',YES',SC',HOUSE -WIFE',NO'
ALQ3085420',ನಾರಾಯಣ ಸ್ವಾಮಿ',ಕೃಷ್ಣಪ್ಪ',84',25',ಗಂಡು',YES',SC',',NO'
ALQ1155829',ನರಸಿಂಹಪ್ಪ',ಆದೆಪ್ಪ',85',50',ಗಂಡು',',SC',FORMING',NO'
ALQ1155837',ರತ್ನಮ್ಮ',ನರಸಿಂಹಪ್ಪ',85',45',ಹೆಣ್ಣು',',SC',HOUSE -WIFE',NO'
ALQ2157923',ಗಂಗಾಧರಪ್ಪ',ನರಸಿಂಹಪ್ಪ',85',27',ಗಂಡು',',SC',KOOLI',NO'
ALQ1155852',ಆಂಜನಪ್ಪ',ಆದೆಪ್ಪ',87',47',ಗಂಡು',',SC',UNEMPLOYED',NO'
CTR2122919',ವೆಂಕಟಲಕ್ಷ್ಮಮ್ಮ',ಆಂಜಿನಪ್ಪ',87',40',ಹೆಣ್ಣು',YES',SC',PRIVATE JOB',NO'
ALQ3085701',ನರೇಂದ್ರ',ಅಂಜಿನಪ್ಪ',87',20',ಗಂಡು',YES',SC',',NO'
ALQ1155894',ಗಂಗಪ್ಪ',ಆದೆಪ್ಪ',89',57',ಗಂಡು',',SC',KOOLI',NO'
ALQ1155902',ಲಕ್ಷ್ಮೀಪತಮ್ಮ',ಗಂಗಪ್ಪ',89',50',ಹೆಣ್ಣು',',SC',SHEEP-FARMING',NO'
ALQ0632059',ಪಾರ್ವತಮ್ಮ',ಅವುಲಪ್ಪ',89',33',ಹೆಣ್ಣು',',SC',FACTORY WORKER',NO'
ALQ2395549',ನಾರಾಯಣಸ್ವಾಮಿ',ಗಂಗಪ್ಪ',89',27',ಗಂಡು',',SC',FACTORY WORKER',NO'
ALQ1155936',ಸಂಜೀವಮ್ಮ',ಜಿ ಎನ್ ಪೆದ್ದಗಂಗಪ್ಪ',90',50',ಹೆಣ್ಣು',',',',NO'
ALQ1155951',ಗಂಗಮ್ಮ',',91',60',ಹೆಣ್ಣು',',DELETED',',NO'
ALQ1155977',ನರಸಮ್ಮ',ಆದೆಪ್ಪ',92',70',ಹೆಣ್ಣು',',SC',AGED',NO'
ALQ1155985',ಗಂಗಾಧರಪ್ಪ',ಅದೆಪ್ಪ',92',60',ಗಂಡು',',SC',KOOLI',NO'
ALQ1155993',ಲಕ್ಷ್ಮಮ್ಮ',ಗಂಗಾಧರಪ್ಪ',92',55',ಹೆಣ್ಣು',',SC',KOOLI',NO'
ALQ2014959',ಗಾಯಿತ್ರಿ',ಮುದ್ದುನರಸಿಂಹ',92',34',ಹೆಣ್ಣು',',SC',KOOLI',NO'
ALQ2014843',ಆನಂದ',ಗಂಗಾಧರಪ್ಪ',92',30',ಗಂಡು',',SC',KOOLI',NO'
ALQ2157949',ನಾರಾಯಣಸ್ವಾಮಿ',ಗಂಗಾಧರಪ್ಪ',92',27',ಗಂಡು',',SC',KOOLI',NO'
ALQ2301331',ನಾಗಭೂಷಣ',ಗಂಗಾಧರಪ್ಪ',92',25',ಗಂಡು',',SC',KOOLI',NO'
ALQ3000197',ಗಂಗಾದೇವಿ',ಆನಂದ',92',24',ಹೆಣ್ಣು',',SC',FACTORY WORKER',NO'
ALQ3085735',ಶಶಿಕಲಾ',ನಾರಾಯಣಸ್ವಾಮಿ',92',21',ಹೆಣ್ಣು',',SC',FACTORY WORKER',NO'
CTR5140470',ಗಂಗಮ್ಮ',ಗಂಗಪ್ಪ',93',63',ಹೆಣ್ಣು',',SC',AGED',NO'
ALQ1156009',ಹನುಮಪ್ಪ',ಆದೆಪ್ಪ',93',60',ಗಂಡು',',SC',SHEEP-FARMING',NO'
ALQ1156017',ತಿಪ್ಪಮ್ಮ',ಹನುಮಪ್ಪ',93',53',ಹೆಣ್ಣು',',SC',HOUSE -WIFE',NO'
CTR5140447',ವೆಂಕಟರವಣಪ್ಪ',ಗಂಗಪ್ಪ',93',43',ಗಂಡು',YES',SC',KOOLI',NO'
CTR2122992',ಲಕ್ಷ್ಮಿದೇವಿ',ವೆಂಕಟರವಣಪ್ಪ',93',40',ಹೆಣ್ಣು',',SC',HOUSE -WIFE',NO'
CTR2123081',ಶ್ರೀರಾಮಪ್ಪ',ಗಂಗಪ್ಪ',93',36',ಗಂಡು',',SC',KOOLI',NO'
ALQ2518678',ಸುನಿತ ಎನ್',ಶ್ರೀರಾಮಪ್ಪ',93',28',ಹೆಣ್ಣು',',SC',HOUSE -WIFE',NO'
ALQ3085578',ಆನಂದ ವಿ',ವೆಂಕಟರವಣಪ್ಪ',93',20',ಗಂಡು',',SC',UNEMPLOYED',NO'
ALQ1156025',ಗಂಗಪ್ಪ',ಆದೆಪ್ಪ',94',67',ಗಂಡು',',SC',AGED',NO'
ALQ1156033',ಗಂಗಮ್ಮ',ಗಂಗಪ್ಪ',94',65',ಹೆಣ್ಣು',',SC',AGED',NO'
CTR5140439',ಶ್ರೀರಾಮಪ್ಪ',ಗಂಗಪ್ಪ',94',39',ಗಂಡು',',SC',KOOLI',NO'
ALQ0632141',ಗಂಗಾಧರಪ್ಪ',ನರಸಿಂಹಪ್ಪ',94',37',ಗಂಡು',',SC',',YES'
CTR2122984',ಲಿಂಗಮ್ಮ',ನರಸಿಂಹಪ್ಪ',94',37',ಹೆಣ್ಣು',',SC',KOOLI',NO'
ALQ2014983',ಗೌರಮ್ಮ',ಶ್ರೀರಾಮಪ್ಪ',94',32',ಹೆಣ್ಣು',',SC',KOOLI',NO'
ALQ1156058',ಗಂಗಮ್ಮ',ನಂಜುಂಡಪ್ಪ',95',63',ಹೆಣ್ಣು',',SC',AGED',NO'
ALQ1156066',ಎನ್ ಶ್ರೀನಿವಾಸ',ನಂಜುಂಡಪ್ಪ',95',40',ಗಂಡು',',SC',COOKING-CONTRACTOR',NO'
ALQ2014926',ರಾಧ',ಶ್ರೀನಿವಾಸ',95',29',ಹೆಣ್ಣು',',SC',HOUSE -WIFE',NO'
ALQ1156074',ಗಂಗಪ್ಪ',ಕದಿರಪ್ಪ',96',75',ಗಂಡು',',SC',AGED',NO'
ALQ1156082',ಗಂಗಮ್ಮ',ಗಂಗಪ್ಪ',96',70',ಹೆಣ್ಣು',',SC',AGED',NO'
ALQ1156090',NARASIMHAMURTHY',ಗಂಗಪ್ಪ',96',44',ಗಂಡು',',SC',SHEEP-FARMING',NO'
CTR2123149',ಶಾಂತಮ್ಮ',ಮೂರ್ತಪ್ಪ',96',41',ಹೆಣ್ಣು',',SC',KOOLI',NO'
ALQ1156108',ನರಸಿಂಹಪ್ಪ',ಮುದ್ದಪ್ಪ',97',67',ಗಂಡು',',SC',GAARE',NO'
ALQ0632240',ವಮ್ ಗಂಗರತ್ನಮ್ಮ',ನರಸಿಂಹಪ್ಪ',97',30',ಹೆಣ್ಣು',',SC',HOUSE -WIFE',NO'
ALQ2137743',ಉಮಾದೇವಿ',ಸುರೇಶ್',97',28',ಹೆಣ್ಣು',',SC',HOUSE -WIFE',NO'
ALQ1156116',ಕೋನಾಪುರಂನಾಗಪ್ಪ',ಪೆದ್ದನಾಗಪ್ಪ',98',85',ಗಂಡು',',SC',GAARE',NO'
ALQ1156124',ನರಸಮ್ಮ',ನಾಗಪ್ಪ',98',75',ಹೆಣ್ಣು',',SC',AGED',NO'
ALQ1156132',ನಾಗರಾಜಪ್ಪ',ನಾಗಪ್ಪ',98',43',ಗಂಡು',',SC',CATTLE-BROKER',NO'
ALQ0635433',ರಾಜಪ್ಪ',ಕೊನಾಪುರಂನಾಸ',98',38',ಗಂಡು',',SC',TRUCK-DRIVER',NO'
ALQ0425306',ನಾರಾಯಣಸ್ವಾಮಿ',ಕೋನಾಪುರಂನಾಗಪ್ಪ',98',36',ಗಂಡು',YES',SC',',NO'
ALQ2381101',ಲಕ್ಷ್ಮೀ ನರಸಮ್ಮ',ನಾಗರಾಜಪ್ಪ',98',30',ಹೆಣ್ಣು',',SC',ASHA-WORKER',NO'
ALQ2380699',ಹೆಚ್ ಕಳಾವತಿ',ರಾಜಪ್ಪ',98',27',ಹೆಣ್ಣು',',SC',HOUSE -WIFE',NO'
ALQ1156157',ಆದಿನಾರಾಯಣಪ್ಪ',ಮುದ್ದಪ್ಪ',99',69',ಗಂಡು',',SC',KOOLI',NO'
ALQ1156165',ಅಶ್ವಥಮ್ಮ',ಆದಿನಾರಾಯಣಪ್ಪ',99',57',ಹೆಣ್ಣು',',SC',KOOLI',NO'
ALQ3046208',ನವೀನ್ ಕುಮಾರ್',ಆದಿನಾರಾಯಣ',99',23',ಗಂಡು',',SC',CAR-DRIVER',NO'
ALQ3209418',ಅರುಣ ಹೆಚ್ ಜಿ',ನವೀನ್ ಕುಮಾರ್',99',22',ಹೆಣ್ಣು',',SC',HOUSE -WIFE',NO'
ALQ3204583',ಮುದ್ದಣ್ಣ',ಆದಿನಾರಾಯಾನಪ್ಪಾ',99',20',ಗಂಡು',',SC',KOOLI',NO'
ALQ1156173',ನರಸಮ್ಮ',ಮುದ್ದಪ್ಪ',100',90',ಹೆಣ್ಣು',',SC',AGED',NO'
ALQ2122885',ವೆಂಕಟೇಶಪ್ಪ',ಮುದ್ದಪ್ಪ',100',36',ಗಂಡು',',SC',KOOLI',NO'
ALQ1156199',ಗಂಗಾಧರಪ್ಪ',ನಾರಾಯಣಪ್ಪ',101',57',ಗಂಡು',',SC',SHEEP-FARMING',NO'
ALQ1156207',ಆಂಜನಮ್ಮ',ಗಂಗಾಧರಪ್ಪ',101',53',ಹೆಣ್ಣು',',SC',HOUSE -WIFE',NO'
ALQ0635557',ಗಂಗಪ್ಪ',ನಾರಾಯಣಪ್ಪ',101',43',ಗಂಡು',',SC',KOOLI',NO'
ALQ0632232',ಲಕ್ಷ್ಮಮ್ಮ',ಗಂಗಪ್ಪ',101',37',ಹೆಣ್ಣು',',SC',HOUSE -WIFE',NO'
ALQ2444461',ಲಕ್ಷ್ಮೀನರಸಮ್ಮ',ಗಂಗಾಧರಪ್ಪ',101',25',ಹೆಣ್ಣು',',SC',HOUSE -WIFE',NO'
ALQ3085180',ನಾಗೇಶ ಜಿ',ಗಂಗಪ್ಪ',101',20',ಗಂಡು',',SC',KOOLI',NO'
ALQ3085727',ನಾಗರಾಜು',ಗಂಗಾಧರಪ್ಪ',101',20',ಗಂಡು',',SC',CAR-DRIVER',NO'
ALQ1156215',ಗಂಗಪ್ಪ',ಗಂಗಪ್ಪ',102',63',ಗಂಡು',',SC',KOOLI',NO'
ALQ1156223',ಆದಿಲಕ್ಷ್ಮಮ್ಮ',ಗಂಗಪ್ಪ',102',53',ಹೆಣ್ಣು',',SC',KOOLI',NO'
ALQ1156256',ಸಾಕಮ್ಮ',ನರಸಿಂಹಪ್ಪ',103',57',ಹೆಣ್ಣು',',SC',KOOLI',NO'
ALQ1820927',ಲಕ್ಷ್ಮೀನರಸಮ್ಮ',ಗಂಗಾಧರಪ್ಪ',103',57',ಹೆಣ್ಣು',',SC',KOOLI',NO'
ALQ1156264',ಗಂಗಾಧರಪ್ಪ',ಗಂಗಪ್ಪ',103',55',ಗಂಡು',',SC',KOOLI',NO'
ALQ1156272',ಗಂಗಮ್ಮ',ಗಂಗಾಧರಪ್ಪ',103',53',ಹೆಣ್ಣು',',SC',AGED',NO'
CTR2123172',ನರಸಿಂಹಮೂರ್ತಿ',ನರಸಿಂಹಪ್ಪ',103',36',ಗಂಡು',YES',SC',SUPERVISOR',NO'
ALQ1156280',ಎನ್ ರಮೇಶ್',ನರಸಿಂಹಪ್ಪ',103',34',ಗಂಡು',YES',SC',FACTORY WORKER',NO'
ALQ2230506',ಮಂಜುಳ ಎಸ್ ಜಿ',ನರಸಿಂಹಮೂರ್ತಿ',103',27',ಹೆಣ್ಣು',YES',SC',FACTORY WORKER',NO'
ALQ3197639',ನಳಿನ ಆರ್ ಎಲ್',ಎನ್ ರಮೇಶ್ ಗಂ',103',22',ಹೆಣ್ಣು',YES',SC',FACTORY WORKER',NO'
ALQ1156298',ನಾರಾಯಣಪ್ಪ',ರಾಮಪ್ಪ',104',70',ಗಂಡು',',SC',AGED',NO'
ALQ1156306',ಲಕ್ಷ್ಮಮ್ಮ',ನಾರಾಯಣಪ್ಪ',104',60',ಹೆಣ್ಣು',',SC',AGED',NO'
ALQ0632299',ಸುರೇಶ',ನಾರಾಯಣಪ್ಪ',104',32',ಗಂಡು',',SC',KOOLI',NO'
ALQ2203339',ಎನ್ ಅದಿಲಕ್ಷ್ಮಿ',ಅಶ್ವತ್ಥಪ್ಪ',104',28',ಹೆಣ್ಣು',',SC',KOOLI',NO'
ALQ2363323',ಶಾಂತಮ್ಮ',ಸುರೇಶ',104',27',ಹೆಣ್ಣು',',SC',KOOLI',NO'
ALQ1156314',ಗಂಗಪ್ಪ',ನರಸಪ್ಪ',105',65',ಗಂಡು',',SC',AGED',NO'
ALQ1156322',ಲಕ್ಷ್ಮಮ್ಮ',ಗಂಗಪ್ಪ',105',55',ಹೆಣ್ಣು',',SC',AGED',NO'
CTR2123123',ಲಕ್ಷ್ಮಿ ದೇವಿ',ಆದಿನಾರಾಯಣಪ್ಪ',105',40',ಹೆಣ್ಣು',',SC',KOOLI',NO'
CTR2123370',ರಾಮಾಂಜನಪ್ಪ',ಗಂಗಪ್ಪ',105',40',ಗಂಡು',',SC',CHEF',NO'
ALQ1820885',ನರಸಿಂಹಪ್ಪ',ಗಂಗಪ್ಪ',105',38',ಗಂಡು',',SC',KOOLI',NO'
ALQ2014835',ಜಿ ನಾರಾಯಣಸ್ವಾಮಿ',ಗಂಗಪ್ಪ',105',34',ಗಂಡು',',SC',UNEMPLOYED',NO'
ALQ1156348',ಬಾವಕ್ಕ',',106',85',ಹೆಣ್ಣು',',DELETED',',NO'
ALQ1156355',ಗಂಗಪ್ಪ',ಚಿಕ್ಕನರಸಿಂಹಪ್ಪ',106',75',ಗಂಡು',',SC',KOOLI',NO'
ALQ1156363',ಗಂಗಮ್ಮ',ಗಂಗಪ್ಪ',106',60',ಹೆಣ್ಣು',',SC',KOOLI',NO'
ALQ1156371',ನರಸಿಂಹಪ್ಪ',ಗಂಗಪ್ಪ',106',45',ಗಂಡು',YES',SC',',NO'
ALQ1156389',ನಾರಾಯಣಸ್ವಾಮಿ',ಗಂಗಪ್ಪ',106',43',ಗಂಡು',',SC',UNEMPLOYED',NO'
CTR2122935',ಸಜ್ಜಕ್ಕೆ',ನಾರಾಯಣಸ್ವಾಮಿ',106',38',ಹೆಣ್ಣು',',DELETED',',NO'
CTR2122687',ಆದಿನಾರಾಯಣಪ್ಪ',ಗಂಗಪ್ಪ',106',37',ಗಂಡು',',SC',CHEF',NO'
CTR2122943',ಈಶ್ವರಮ್ಮ',ನರಸಿಂಹಪ್ಪ',106',36',ಹೆಣ್ಣು',YES',SC',',NO'
ALQ1820935',ಕೃಷ್ಣಪ್ಪ ಜಿ',ಗಂಗಪ್ಪ',106',32',ಗಂಡು',',SC',FARMER',NO'
ALQ2481679',ಜಿ ಅರುಣ',ಜಿ ಕೃಷ್ಣಪ್ಪ',106',26',ಹೆಣ್ಣು',',SC',HOUSE -WIFE',NO'
ALQ3187341',ಚನ್ನಪ್ಪ ಎಂ ಎನ್',ನಾರಾಯಣಸ್ವಾಮಿ',106',19',ಗಂಡು',',SC',STUDENT',NO'
ALQ1156397',ಕದಿರಪ್ಪ',ಪೆದ್ದಣ್ಣ',107',65',ಗಂಡು',',SC',DAIRY WORKER',NO'
ALQ1156405',ಗಂಗಮ್ಮ',ಕದಿರಪ್ಪ',107',63',ಹೆಣ್ಣು',',SC',HOUSE -WIFE',NO'
ALQ1820893',ಲಕಿ',ಸುರೇಶ್',107',41',ಹೆಣ್ಣು',',SC',SMALL-SHOP',NO'
ALQ0635383',ಆನಂದಪ್ಪ',ಕದಿರಪ್ಪ',107',32',ಗಂಡು',',SC',PRIVATE JOB',NO'
ALQ3017001',ಶ್ವೇತ ಹೆಚ್ ವಿ',ಆನಂದಪ್ಪ',107',25',ಹೆಣ್ಣು',',SC',HOUSE -WIFE',NO'
ALQ1156421',ಚಿಕ್ಕಮುನಿಯಪ್ಪ',ಚಿಕ್ಕನಾರಾಯಣಪ್ಪ',108',75',ಗಂಡು',',SC',AGED',NO'
ALQ1156439',ಆದಿಲಕ್ಷ್ಮಮ್ಮ',ಮುನಿಯಪ್ಪ',108',65',ಹೆಣ್ಣು',',SC',AGED',NO'
ALQ1156447',ನರಸಿಂಹಪ್ಪ',ಮುನಿಯಪ್ಪ',108',50',ಗಂಡು',YES',SC',',NO'
ALQ1156454',ನಾಗರಾಜಪ್ಪ',ಮುನಿಯಪ್ಪ',108',43',ಗಂಡು',',SC',KOOLI',NO'
CTR2123156',ಲಕ್ಷ್ಮೀದೇವಮ್ಮ',ನರಸಿಂಹಪ್ಪ',108',38',ಹೆಣ್ಣು',YES',SC',',NO'
CTR2123131',ಶೋಬಮ್ಮ',ನಾಗರಾಜಪ್ಪ',108',36',ಹೆಣ್ಣು',YES',SC',',NO'
ALQ0635797',ರತ್ನಮ್ಮ',ಆದಿನಾರಾಯಣಪ್ಪ',109',43',ಹೆಣ್ಣು',',SC',AGED',NO'
ALQ3085842',ಹೇಮಾವತಿ ತಾಯಿಯ',ರತ್ನಮ್ಮ',100',24',ಹೆಣ್ಣು',',SC',HOUSE -WIFE',NO'
ALQ3085172',ಆದಮ್ಮ ತಾಯಿಯ',ರತ್ನಮ್ಮ',109',20',ಹೆಣ್ಣು',',SC',HOUSE -WIFE',NO'
ALQ1156488',ಆದಿಮೂರ್ತಪ್ಪ',ಬಾವಪ್ಪ',110',80',ಗಂಡು',',SC',AGED',NO'
ALQ2518652',ಜಿ ಎ ನರಸಿಂಹಮೂರ್ತಿ',ಆದಿ ಮೂರ್ತಿ',110',32',ಗಂಡು',YES',SC',',NO'
ALQ2518694',ಲಕ್ಷ್ಮೀ ದೇವಮ್ಮ',ಆದಿ ಮೂರ್ತಿ',110',32',ಹೆಣ್ಣು',YES',SC',',NO'
ALQ2518686',ಗಂಗಾದ್ರಿ ಜಿ ಎ',ಆದಿ ಮೂರ್ತಿ',110',29',ಗಂಡು',YES',SC',',NO'
ALQ1156504',ನಾಗಪ್ಪ',ಬಾವಪ್ಪ',111',57',ಗಂಡು',',SC',AGED',NO'
CTR2123552',ಸಜ್ಜಪ್ಪ',ಸಜ್ಜಪ್ಪ',111',43',ಗಂಡು',',SC',KOOLI',NO'
CTR2123495',ಲಕ್ಷ್ಮೀ ನರಸಮ್ಮ',ಸಜ್ಜಪ್ಪ',111',38',ಹೆಣ್ಣು',',SC',KOOLI',NO'
ALQ0635748',ಗಾಯತ್ರಿ',ಸುಬ್ರಮಣಿ',111',34',ಹೆಣ್ಣು',YES',SC',HOUSE -WIFE',NO'
ALQ3016987',ಅಶೋಕ ಎಸ್',ಸಜ್ಜಪ್ಪ',111',22',ಗಂಡು',',SC',AUTO-DRIVER',NO'
ALQ3075462',ಗೀತಾ ಎಸ್',ಅಶೋಕ',111',22',ಹೆಣ್ಣು',',SC',HOUSE -WIFE',NO'
ALQ0635870',ಮುದ್ದನರಸಿಂಹಪ್ಪ',ಗಂಗಾಧರಪ್ಪ',114',33',ಗಂಡು',',SC',COOKING-CONTRACTOR',NO'
ALQ1156520',ಚಿಕ್ಕಗಂಗಪ್ಪ',ನರಸಿಂಹಪ್ಪ',115',65',ಗಂಡು',',SC',AGED',NO'
ALQ1156538',ಅಶ್ವಥಮ್ಮ',ಚಿಕ್ಕಗಂಗಪ್ಪ',115',55',ಹೆಣ್ಣು',',SC',AGED',NO'
CTR2122679',ರಾಮಕೃಷ್ಣಪ್ಪ',ಚಿಕ್ಕಗಂಗಪ್ಪ',115',38',ಗಂಡು',',SC',POLITICIAN',NO'
ALQ1820943',ಎನ್ ಸುಜಾತಮ್ಮ',ರಾಮಕೃಷ್ಣಪ್ಪ',115',36',ಹೆಣ್ಣು',',SC',HOUSE -WIFE',NO'
ALQ1156561',ಗಂಗಮ್ಮ',ನರಸಿಂಹಪ್ಪ',117',49',ಹೆಣ್ಣು',',SC',HOUSE -WIFE',NO'
ALQ2444412',ಭಾಸ್ಕರ',ನರಸಿಂಹಪ್ಪ',117',27',ಗಂಡು',',SC',CAR-DRIVER',NO'
ALQ2345296',ನಾಗರಾಜು',ಆದಿಮೂರ್ತಪ್ಪ',119',27',ಗಂಡು',',SC',FLOWER-SELLER',NO'
ALQ3187317',ನಾರಾಯಣಸ್ವಾಮಿ',ಆದಿಮೂರ್ತಪ್ಪ',119',22',ಗಂಡು',',SC',JCB-DRIVER',NO'
ALQ1156595',ನರಸಿಂಹಪ್ಪ',ಆದೆಪ್ಪ',120',65',ಗಂಡು',',SC',AGED',NO'
ALQ1156603',ಲಕ್ಷ್ಮಮ್ಮ',ನರಸಿಂಹಪ್ಪ',120',60',ಹೆಣ್ಣು',',SC',AGED',NO'
ALQ1821016',ಮಂಗಮ್ಮ',ರಾಜಪ್ಪ',120',36',ಹೆಣ್ಣು',',SC',HOUSE -WIFE',NO'
ALQ0632307',ರಾಜಪ್ಪ',ನರಸಿಂಹಪ್ಪ',120',34',ಗಂಡು',',SC',COOKING-CONTRACTOR',NO'
ALQ3085859',ಕವಿತ ಜಿ',ಗಂಗಪ್ಪ',120',29',ಹೆಣ್ಣು',',SC',PATIENT',NO'
ALQ1156629',ಆದಿನಾರಾಯಣಪ್ಪ',ಆದೆಪ್ಪ',121',3',ಗಂಡು',',SC',UNEMPLOYED',NO'
ALQ1156637',ವೆಂಕಟಲಕ್ಷ್ಮಮ್ಮ',ಆದಿನಾರಾಯಣಪ್ಪ',121',53',ಹೆಣ್ಣು',',SC',KOOLI',NO'
ALQ1156645',ಗಂಗರಾಜಪ್ಪ',ಆದೆಪ್ಪ',121',43',ಗಂಡು',',SC',KOOLI',NO'
CTR2123073',ರಾಧಮ್ಮ',ಗಂಗರಾಜಪ್ಪ',121',36',ಹೆಣ್ಣು',',SC',KOOLI',NO'
ALQ2137750',ಲಾವಣ್ಯ',ಮೂರ್ತಿ ಏ',121',31',ಹೆಣ್ಣು',',SC',GARMENTS',NO'
ALQ3205465',ನವೀನ್ ಎನ್ ಜಿ',ಗಂಗರಾಜಪ್ಪ',121',19',ಗಂಡು',',SC',STUDENT',NO'
ALQ1156678',ನರಸಿಂಹಮೂರ್ತಿ',ಗಂಗಪ್ಪ',123',43',ಗಂಡು',',SC',GAARE',NO'
CTR2123537',ನಾರಾಯಣಮ್ಮ',ನರಸಿಂಹಮೂರ್ತಿ',13',38',ಹೆಣ್ಣು',',SC',KOOLI',NO'
ALQ1156694',ನಾರಾಯಣಸ್ವಾಮಿ',ರಾಮಪ್ಪ',124',60',ಗಂಡು',',SC',FARMER',NO'
ALQ1156702',ಲಕ್ಷ್ಮೀನರಸಮ್ಮ',ನಾರಾಯಣಸ್ವಾಮಿ',124',49',ಹೆಣ್ಣು',',SC',HOUSE -WIFE',NO'
ALQ2975241',ಮಂಜುನಾಥ ಎನ್ ಎಸ್',ನಾರಾಯಣಸ್ವಾಮಿ',124',22',ಗಂಡು',',SC',FARMER',NO'
ALQ2477461',ಜಿ ಎನ್ ಲೋಕೇಶ್',ಲೇಟ್ ಗೋವಿಂದ',125',46',ಗಂಡು',YES',GOLLA',PRIVATE JOB',NO'
ALQ2477479',ಎನ್ ಜಿ ಅಕ್ಷತಾ',ಜಿ ಎನ್ ಲೋಕೇಶ್',125',36',ಹೆಣ್ಣು',YES',GOLLA',HOUSE -WIFE',NO'
ALQ2444446',ಮಂಜುನಾಥ ಕೆ',ಕಾವೆಲಪ್ಪ',181',25',ಗಂಡು',YES',GOLLA',PRIVATE JOB',NO'
ALQ1154251',ಕಾವೆಳ್ಯಪ್ಪ',ದೊಡ್ಡಣ್ಣ',18-1',61',ಗಂಡು',',GOLLA',SHEEP-FARMING',NO'
ALQ1154269',ನಂಜಮ್ಮ',ಕಾವೆಳ್ಯಪ್ಪ',18-1',53',ಹೆಣ್ಣು',',GOLLA',HOUSE -WIFE',NO'
ALQ2122877',ರಂಗಪ್ಪ',ಅಪ್ಪಣ್ಣ',18-1',45',ಗಂಡು',YES',GOLLA',',NO'
ALQ2968857',ಗಗನ',ಶಿವಕುಮಾರ್',251',27',ಹೆಣ್ಣು',YES',GOLLA',HOUSE -WIFE',NO'
ALQ1154566',ಸಾಕೀಬಾಯಿ',ವೆಂಕಟರವಣಪ್ಪ',36-1',65',ಹೆಣ್ಣು',',SC',AGED',NO'
ALQ1154905',ರಾಮೇನಾಯ್ಕ',ನಾನೇನಾಯಕ',50-1',75',ಗಂಡು',',SC',AGED',NO'
ALQ1154913',ಲಕ್ಷ್ಮಿ ಬಾಯಿ',ರಾಮೇನಾಯ್ಕ',50-1',68',ಹೆಣ್ಣು',',SC',AGED',NO'
ALQ1154921',ಶ್ರೀನಿವಾಸನಾಯಕ್',ರಾಮೇನಾಯ್ಕ',50-1',45',ಗಂಡು',',SC',PAINTER',NO'
ALQ1154939',ರತ್ನಿಭಾಯಿ',ಶ್ರೀನಿವಾಸನಾಯಕ',50-1',37',ಹೆಣ್ಣು',',DELETED',',NO'
ALQ2230464',ಸೇವೆ ನಾಯ್ಕ',ಭಜನೆ ನಾಯ್ಕ',54/1',26',ಗಂಡು',',SC',COOKING-CONTRACTOR',NO'
ALQ3062684',ಪ್ರಭಾವತಿ ಬಾಯಿ',ಮಂಜುನಾಯ್ಕ',54/1',22',ಹೆಣ್ಣು',',SC',HOUSE -WIFE',NO'
ALQ1155050',ಬಜನೇನಾಯಕ್',ಬದ್ದೇನಾಯಕ',54/1',75',ಗಂಡು',',SC',\\AGED',NO'
ALQ2435493',ಲಕ್ಷ್ಮೀಬಾಯಿ',ಭಜನೆ ನಾಯ್ಕ',54/1',51',ಹೆಣ್ಣು',',SC',AGED',NO'
ALQ2103380',ಮಂಜುನಾಯಕ್',ಬಜ್ಜೆನಾಯ್',54/1',29',ಗಂಡು',',SC',CHEF',NO'
ALQ2014827',ದೇವರಾಜ ನಾಯ್ಕ',ನಾರಾಯಣನಾಯ',56/1',32',ಗಂಡು',',SC',TRUCK-DRIVER',NO'
CTR2122794',ರಮೇಶನಾಯಕ',ನಾರಾಯಣನಾ',56/1',38',ಗಂಡು',',SC',COOKING-CONTRACTOR',NO'
CTR2122968',ಲಕ್ಷ್ಮೀಭಾಯಿ',ರಮೇಶನಾಯಕ',56/1',36',ಹೆಣ್ಣು',',SC',HOUSE -WIFE',NO'
ALQ3222619',ಕೃಷ್ಣವೇಣಿ ಹೆಚ್ ಹೆಚ್',ದೇವರಾಜ ನಾಯ್ಕ',56/1',20',ಹೆಣ್ಣು',',SC',HOUSE -WIFE',NO'
ALQ3242658',ಅಶ್ವಿನಿ',ಶಿವಪ್ಪ',21',18',ಹೆಣ್ಣು',',SC',STUDENT',NO'
ALQ3242666',ಮಹಾಲಕ್ಷ್ಮಿ',ಸೇವನಾಯಕ',2',18',ಹೆಣ್ಣು',',SC',STUDENT',NO'
ALQ3254349',ಶ್ರೀನಿವಾಸ ನಾಯ್ಕ್',ವೆಂಕಟರಾಮ ನಾಯ್ಕ್',0',18',ಗಂಡು',',SC',STUDENT',NO'
ALQ3260130',ಸುಗಾಳಿ ಯಶ್ವಂಥ್ ನಾಯಕ್',ಗಂಗೇನಾಯಕ್',3',18',ಗಂಡು',',SC',STUDENT',NO'
ALQ3264116',ದೀಪ ಎಸ್ ಕೆ',ಲಕ್ಷ್ಮೀಬಾಯಿ',77',19',ಹೆಣ್ಣು',',SC',STUDENT',NO'