ALQ2172229',ರತ್ನಮ್ಮ',ಸಂಜೀವಣ್ಯ',0',58',ಹೆಣ್ಣು',',DEATH',',NO'
ALQ0017145',ಹೆಚ್ ಕೆ ಮಲ್ಲಿಕಾರ್ಜುನಯ್ಯ',ಕೃಷ್ಣಯ್ಯ',0',47',ಗಂಡು',',SADRU',FARMER',NO'
ALQ2172286',ರಾಜಕುಮಾರ್ ಜಿ',ಗುಂಡನಾಯ್ಕ',0',45',ಗಂಡು',YES',LAMBANI',COOKER',NO'
ALQ2199297',ರಾಮಾಕೃಷ್ಣ ನಾಯ್ಕ',ಚಂದ್ರನಾಯ್ಕ',0',45',ಗಂಡು',',LAMBANI',GAARE',NO'
ALQ2172351',ಗೌರಮ್ಮ',ಶಾಂತಣ್ಣ',0',44',ಹೆಣ್ಣು',',SADRU',KOOLI',NO'
ALQ2172294',ತುಳಸಿನಾಯಕ್',ನಾರಾಯಣನಾಯ್ಕ',0',44',ಗಂಡು',',DELETED',',NO'
ALQ2172328',ಎನ್ ಲಕ್ಷ್ಮಮ್ಮ',ಗಂಗಾಧರಪ್ಪ',0',43',ಹೆಣ್ಣು',',SADRU',KOOLI',NO'
ALQ2199370',ಶಾಂತಣ್ಣ ಹೆಚ್ ಜಿ',ಗಂಗಾಧರಪ್ಪ',0',41',ಗಂಡು',',SADRU',KOOLI',NO'
ALQ2172211',ಸುರೇಶ್ ಹೆಚ್ ಎಸ್',ಸಂಜೀವಣ್ಣ',0',38',ಗಂಡು',YES',SADRU',FACTORY WORKER',NO'
ALQ2215200',ಮೋಹನ್ ಕುಮಾರ್',ನಾಗರಾಜಯ್ಯ',0',36',ಗಂಡು',YES',SADRU',FACTORY WORKER',NO'
ALQ0017137',ಹೆಚ್ ಎಸ್ ಮಂಜುಳಾದೇವಿ',ಹೆಚ್ ಕೆ ಮಲ್ಲಿಕಾರ್ಜುನಯ್ಯ',0',35',ಹೆಣ್ಣು',',SADRU',FARMER',NO'
ALQ2118198',ಗಾಯಿತ್ರಮ್ಮ',ಗಂಗಾಧರಯ್ಯ',1',35',ಹೆಣ್ಣು',',SADRU',KOOLI',NO'
ALQ2172237',ಶೈಲಜಾ',ಸುರೇಶ್',0',34',ಹೆಣ್ಣು',',SADRU',KOOLI',NO'
ALQ2172344',ನಂಜುಂಡ ಟಿ',ತಿಮ್ಮಪ್ಪ',0',34',ಗಂಡು',',SADRU',KOOLI',NO'
ALQ0017228',ಜಯಲಕ್ಷ್ಮೀ',ನಾರಾಯಣನಾಯ್ಕ',0',32',ಹೆಣ್ಣು',',LAMBANI',KOOLI',NO'
ALQ2172187',ಎಸ್ ಜಿ ರೂಪ',ಚನ್ನಕೃಷ್ಣಪ್ಪಸಿ',0',31',ಹೆಣ್ಣು',',SADRU',KOOLI',NO'
ALQ2172179',ಜಯಲಕ್ಷ್ಮೀ',THULLASI NAYAK',0',30',ಹೆಣ್ಣು',',DELETED',',NO'
ALQ2199388',ತೋಳಸಮ್ಮ ಎಸ್',ಸೊಮ್ಮನಾಯ್ಕ',0',28',ಹೆಣ್ಣು',',LAMBANI',KOOLI',NO'
ALQ2172310',ಚನ್ನಪ್ಪ ಆರ್',ರಾಮಣ್ಣ',0',28',ಗಂಡು',',SADRU',KOOLI',NO'
ALQ2172336',ರೂಪ ಕೆ ಟಿ',ಪ್ರಕಾಶ್ ಹೆಚ್ ಸಿ',0',28',ಹೆಣ್ಣು',',SADRU',KOOLI',NO'
ALQ2199305',RADHIKA',ನಾಗರಾಜ ಎಲ್',0',28',ಹೆಣ್ಣು',',SADRU',HOUSE -WIFE',NO'
ALQ2172252',ನವೀನ ಹೆಚ್ ಕೆ',ಕೃಷ್ಮಪ್ಪ',0',27',ಗಂಡು',YES',SADRU',FACTORY WORKER',NO'
ALQ2199362',ಕೃಷ್ಣ ನಾಯ್ಕ ಎಸ್',ಸೋಮ್ ನಾಯ್ಕ',0',27',ಗಂಡು',',LAMBANI',KOOLI',NO'
ALQ2172153',ಲಕ್ಷ್ಮೀ',ಕೃಷ್ಮಪ್ಪ',0',27',ಹೆಣ್ಣು',',DELETED',',NO'
ALQ2172161',ಕೃಷ್ಣಕುಮಾರ್ ಸಿ',ಚನ್ನಪ್ಪ',0',27',ಗಂಡು',',SADRU',KOOLI',NO'
ALQ2199354',ಚಂದ್ರಶೇಖರ ಸಿ',ಚನ್ನಕೇಶವಪ್ಪ',0',26',ಗಂಡು',',SADRU',KOOLI',NO'
ALQ2172260',ತೊಳಸಿನಾಯಕ್',ರಾಮನಾಯಕ್',0',26',ಗಂಡು',YES',LAMBANI',FACTORY WORKER',NO'
ALQ2172195',ಭಾಸ್ಕರ್ ಹೆಚ್ ವಿ',ವೆಂಕಟಸ್ವಾಮಿ ಬಿ',0',26',ಗಂಡು',',SADRU',STUDENT',NO'
ALQ2479566',ಕೃಷ್ಣ ನಾಯ್ಕ',ಲೇಟ್ ಚಿಕ್ಕ ಲಾಲೂ ನಾಯ್ಕ',0',68',ಗಂಡು',',LAMBANI',KOOLI',NO'
ALQ2493211',ಕೆ ಕೃಷ್ಣ',ಲೇಟ್ ಕೆ ಶ್ರೀನಿವಾಸುಲು',0',49',ಗಂಡು',',SADRU',KOOLI',NO'
ALQ2490787',ಶಾಂತಮ್ಮ',SHANKAAR NAYAK',0',40',ಹೆಣ್ಣು',',DELETED',',NO'
ALQ2974079',ಲೋಕೇಶ್ ನಾಯ್ಕ ಜಿ',ಗುಂಡಾ ನಾಯ್ಕ',0',37',ಗಂಡು',YES',LAMBANI',FACTORY WORKER',NO'
ALQ2479558',ಶಿವ ಕುಮಾರ್ ಕೆ',ಕೃಷ್ಣನಾಯ್ಕ',0',37',ಗಂಡು',YES',LAMBANI',FACTORY WORKER',NO'
ALQ2246593',ರೂಪ',ರಾಮಸ್ವಾಮಿ ಆರ್',0',35',ಹೆಣ್ಣು',',LAMBANI',HOUSE -WIFE',NO'
ALQ2490779',ನಾಗರತ್ನಮ್ಮ',ಕೃಷ್ಣ',0',35',ಹೆಣ್ಣು',',LAMBANI',ASHA WORKER',NO'
ALQ2974202',ಮೋತಿ ಬಾಯಿ',ಲೋಕೇಶ್ ನಾಯ್ಕ',0',33',ಹೆಣ್ಣು',YES',LAMBANI',FACTORY WORKER',NO'
ALQ2525780',RAMA NAYAK',DEVALA NAYAK',0',31',ಗಂಡು',',LAMBAMI',KOOLI',NO'
ALQ2493658',ಚಂದ್ರಕಲಾ ಆರ್ ಎನ್',ಎನ್ ಶ್ರೀನಿವಾಸ ನಾಯ್ಕ',0',30',ಹೆಣ್ಣು',',LAMBNANI',HOUSE -WIFE',NO'
ALQ2525806',ಗಗನಾಪಿಯ ಬಿ',ಶ್ರೀನಿವಾಸನಾಯ್ಕ',0',30',ಹೆಣ್ಣು',',LAMBANI',HOUSE -WIFE',NO'
ALQ2479574',ವಿನುತ ಆರ್ ಪಿ',ಶಿವ ಕುಮಾರ್ ಕೆ',0',28',ಹೆಣ್ಣು',',LAMBANI',HOUSE -WIFE',NO'
ALQ2479582',ಕಾರ್ತಿಕ್ ಕೆ',ಕೃಷ್ಣ ನಾಯ್ಕ',0',25',ಗಂಡು',',LAMBANI',FARMER',NO'
ALQ2525822',ಜ್ಯೋತಿಬಾಯಿ',ವೆಂಕಟೇಶ್ ನಾಯ',0',25',ಹೆಣ್ಣು',',LAMBANI',MEMBER',NO'
ALQ2974046',ಜಿ ಮಲ್ಲೇ ಗೌಡ',ಲೇಟ್ ಗಂಗಾಧರಪ್ಪ',0',24',ಗಂಡು',',SADRU',KOOLI',NO'
ALQ2525798',ಅನಿತ',ಹೆಚ್ ಎಲ್ ರಮೇಶ',0',24',ಹೆಣ್ಣು',',SADRU',KOOLI',NO'
ALQ2431518',ಕಿರಣ್ ಆರ್',ರಾಮಕೃಷ್ಣಪ್ಪ',0',24',ಗಂಡು',',SADRU',FARMER',NO'
ALQ2431526',ಶ್ರೀನಿವಾಸ ಟಿ',ತಿಮ್ಮಪ್ಪ',0',24',ಗಂಡು',YES',SADRU',FACTORY WORKER',NO'
ALQ2431534',ಗಂಗಾಧರ ಹೆಚ್',ಹನುಮಂತರಾಯ',0',24',ಗಂಡು',YES',SADRU',FACTORY WORKER',NO'
ALQ2490761',ಲಕ್ಷ್ಮೀಕಾಂತನಾಯ್ಕ',ಅಂಜಿನಾಯ್ಕ',0',23',ಗಂಡು',YES',LAMBANI',POLICE',NO'
ALQ2982627',ಚಿದಾನಂದನಾಯ್ಕ ಎಸ್',ಸೇವಾನಾಯ್ಕ',0',22',ಗಂಡು',',LAMBANI',KOOLI',NO'
ALQ3047941',ಸುಬ್ರಮಣಿ ಜಿ ತಾಯಿಯ',ಲಕ್ಷ್ಮಮ್ಮ ಎನ್',0',21',ಹೆಣ್ಣು',',SADRU',KOOLI',NO'
ALQ2615581',ಗಂಗಮ್ಮ',ನಂಜುಂಡಪ್ಪ',1',77',ಹೆಣ್ಣು',',SADRU',AGED',NO'
ALQ2615557',ತಿಮ್ಮಪ್ಪ',ನಂಜುಂಡಪ್ಪ',1',61',ಗಂಡು',',SADRU',KOOLI',NO'
ALQ0016881',ಹೆಚ್ ವಿ ಅಶ್ವತ್',ವೆಂಕಟಸ್ವಾಮಿ',2',30',ಗಂಡು',YES',SADRU',',NO'
ALQ3195252',ಹಿಮಶ್ವೇತ ಎಮ್',ಹೆಚ್ ವಿ ಅಶ್ವತ್ಥ',2',29',ಹೆಣ್ಣು',',SADRU',KOOLI',NO'
ALQ2982619',ಹೆಚ್ ಎಸ್ ಸೌಮ್ಯ',ಬಿ ಶ್ರೀನಿವಾಸಯ್ಯ',2',22',ಹೆಣ್ಣು',',SADRU',KOOLI',NO'
ALQ2615599',ವೆಂಕಟಸ್ವಾಮಿ',ಭೀಮಯ್ಯ',2',71',ಗಂಡು',',SADRU',RETD GOVT TEACHER',NO'
MVJ4361465',ನಂಜಮ್ಮ',ಪಾಪಣ್ಣ',2',70',ಹೆಣ್ಣು',',SADRU',AGED',NO'
ALQ1259373',ಬಿ ಶ್ರೀನಿವಾಸಯ್ಯ',ಭೀಮಯ್ಯ',2',51',ಗಂಡು',',SADRU',GOVT. TEACHER',NO'
ALQ2615607',ಸುಶೀಲಮ್ಮ',ವೆಂಕಟಸ್ವಾಮಿ',2',51',ಹೆಣ್ಣು',',SADRU',HOUSE -WIFE',NO'
ALQ2615615',ಗಂಗಾಧರ',ಪಾಪಣ್ಣ',2',39',ಗಂಡು',',SADRU',FARMER',NO'
MVJ1661701',ಎಮ್ ವಿ ಗಾಯತ್ರಿ',ಶ್ರೀನಿವಾಸಯ್ಯಬಿ',2',38',ಹೆಣ್ಣು',',SADRU',KOOLI',NO'
ALQ3219300',ಲಕ್ಷ್ಮಿ ಎಲ್',ಚಂದ್ರಶೇಖರ ಸಿ',0',21',ಹೆಣ್ಣು',',SADRU',KOOLI',NO'
ALQ3176146',ಅಮಿತ್ ನಾಯಕ್ ಎಲ್',ಲಕ್ಷ್ಮಣ ನಾಯಕ್',',19',ಗಂಡು',',LAMBANI',STUDENT',NO'
ALQ1259381',ಚೆನ್ನಕೇಶವಪ್ಪ',ರಾಮಪ್ಪ',4',55',ಗಂಡು',',DEATH',',NO'
ALQ2615623',ಪದ್ಮಾವತಮ್ಮ',ಚೆನ್ನಕೇಶವಪ್ಪ',4',44',ಹೆಣ್ಣು',',SADRU',KOOLI',NO'
ALQ2615631',ಚಂದ್ರಪ್ಪ',ನರಸೀಯಪ್ಪ',7',67',ಗಂಡು',',SADRU',KOOLI',NO'
ALQ1259399',ನಾರಾಯಣಪ್ಪ',ಗಂಗಪ್ಪ',7',64',ಗಂಡು',',SADRU',KOOLI',NO'
ALQ2246544',ನಾಗರಾಜಪ್ಪ ಆರ್',ರಾಮಪ್ಪ',7',44',ಗಂಡು',',SADRU',HOTEL BUSINESS',NO'
ALQ2246510',ಬಿಸಿ ಭಾಗ್ಯಮ್ಮ',ಚಂದ್ರಪ್ಪ',7',36',ಹೆಣ್ಣು',',SADRU',KOOLI',NO'
ALQ2103067',ಹೆಚ್ ಜಿ ನಂಜುಂಡಗೌಡ',ಗಂಗಯ್ಯ',8',53',ಗಂಡು',',SADRU',KOOLI',NO'
ALQ2116671',ಲಲಿತಮ್ಮ',ಹೆಚ್ ಜಿ ನಂಜುಂಡಗೌಡ',8',48',ಹೆಣ್ಣು',',SADRU',KOOLI',NO'
ALQ1259407',ಕಾವಲಮ್ಮ',ಗಂಗಪ್ಪ',8',56',ಹೆಣ್ಣು',',SADRU',AGED',NO'
ALQ2615664',ಹೆಚ್ ಜಿ ಶಿವಕುಮಾರ್ ತಾಯಿಯ',ಗಂಗಯ್ಯ',8',47',ಗಂಡು',',SADRU',KOOLI',NO'
MVJ3465564',ಚಂದ್ರಮ್ಮ',ಶಿವಕುಮಾರ್',8',37',ಹೆಣ್ಣು',',SADRU',KOOLI',NO'
MVJ1561430',ಅಶ್ವತ್ಥಗೌಡ',ಚನ್ನರಾಜಪ್ಪ',8',37',ಗಂಡು',',SADRU',STUDENT',NO'
ALQ2185387',ಚೆನ್ನರಾಜಪ್ಪ',ಗಂಗಪ್ಪ',9',54',ಹೆಣ್ಣು',',SADRU',KOOLI',NO'
ALQ2615672',ಲಕ್ಷ್ಮಿದೇವಮ್ಮ',ಚೆನ್ನರಾಜಪ್ಪ',9',46',ಹೆಣ್ಣು',',SADRU',KOOLI',NO'
ALQ2615680',ಚಿಕ್ಕಪ್ಪ',ಚೆನ್ನಪ್ಪ',10',77',ಗಂಡು',',SADRU',KOOLI',NO'
ALQ0225649',ಪ್ರಕಾಶ್ ಹೆಚ್',ಚಿಕ್ಕಪ್ಪ',10',42',ಗಂಡು',',SADRU',KOOLI',NO'
ALQ2615706',ಚನ್ನಕೃಷ್ಣಪ್ಪ',ಚಿಕ್ಕಪ್ಪ',10',39',ಗಂಡು',',SADRU',KOOLI',NO'
MVJ4361127',ಸುರೇಂದ್ರ',ಚಿಕ್ಕಪ್ಪ',10',38',ಗಂಡು',',SADRU',FARMER',NO'
ALQ0016832',ಮಹೇಶ್ ಕುಮಾರ್',ಚಿಕ್ಕಪ್ಪ',10',38',ಗಂಡು',YES',SADRU',FACTORY WORKER',NO'
ALQ0017053',ಅರುಣ ಎಸ್',ಸಿದ್ದೇಗೌಡ',10',34',ಹೆಣ್ಣು',',SADRU',KOOLI',NO'
ALQ2246585',ರಜನಿ ಸಿ',ಮಹೇಶ್ ಉಮಾರ ಹೆಚ್ ಸಿ',10',31',ಹೆಣ್ಣು',',SADRU',MARRIED',NO'
ALQ3047933',ಲಾವಣ್ಯಸಿ ಎನ್',ಸುರೇಂದ್ರಸಿ',10',24',ಹೆಣ್ಣು',',SADRU',STUDENT',NO'
ALQ2615714',ಶಂಕರಪ್ಪ',ಚಿಕ್ಕನರಸಯ್ಯ',11',53',ಗಂಡು',',SADRU',KOOLI',NO'
ALQ2615722',ಮುದ್ದಮ್ಮ',ಶಂಕರಪ್ಪ',11',43',ಹೆಣ್ಣು',',SADRU',KOOLI',NO'
ALQ2027936',ನವೀನ್ ಕುಮಾರ್',ಶಂಕರಪ್ಪ',11',29',ಗಂಡು',YES',SADRU',FACTORY WORKER',NO'
MVJ3465457',ಕೃಷ್ಣಯ್ಯ',ನಂಜುಂಡಯ್ಯ',14',76',ಗಂಡು',',SADRU',AGED',NO'
MVJ3465549',ಧ್ಯಾವಮ್ಮ',ಕೃಷ್ಣಯ್ಯ',14',62',ಹೆಣ್ಣು',',SADRU',AGED',NO'
MVJ3465796',ಎಚ್ ಕೆ ನರಸಿಂಹರಾಜು',ಕೃಷ್ಣಯ್ಯ',14',47',ಗಂಡು',',SADRU',FARMER',NO'
MVJ1661636',ಸರ್ವಮಂಗಳ',ಎಚ್ ಕೆ ನರಸಿಂಹರಾಜು',14',43',ಹೆಣ್ಣು',',SADRU',FARMER',NO'
ALQ2545929',ಚೈತ್ರ ಹೆಚ್ ಎನ್',ನರಸಿಂಹರಾಜು ಹೆಚ್ ಕೆ',14',24',ಹೆಣ್ಣು',',SADRU',MARRIED',NO'
ALQ3090123',ಹರ್ಷಿತ ಹೆಚ್ ಎನ್',ನರಸಿಂಹರಾಜು ಹೆಚ್ ಕೆ',14',21',ಹೆಣ್ಣು',',SADRU',UNEMPLOY',NO'
ALQ1259423',ಚೆನ್ನರಾಜಪ್ಪ',ಸಿದ್ದಪ್ಪ',15',61',ಗಂಡು',',SADRU',AGED',NO'
ALQ2615755',ಸ್ ನಾಗರಾಜಯ್ಯ',ಸಿದ್ದಪ್ಪ',15',59',ಗಂಡು',',SADRU',KOOLI',NO'
ALQ2615730',ಲಕ್ಷ್ಮಿದೇವಮ್ಮ',ಚನ್ನರಾಜಪ್ಪ',15',56',ಹೆಣ್ಣು',',SADRU',KOOLI',NO'
ALQ2615748',ಮಂಗಮ್ಮ',ರಾಜಣ್ಣ',15',56',ಹೆಣ್ಣು',',SADRU',AGED',NO'
ALQ2615763',ಸುಜಾತಮ್ಮ',ಎಸ್ ನಾಗರಾಜು',15',49',ಹೆಣ್ಣು',',SADRU',KOOLI',NO'
ALQ2246627',ಶಂಕರಪ್ಪ',ಸಿದ್ದಪ್ಪ',15',49',ಗಂಡು',YES',SADRU',FACTORY WORKER',NO'
ALQ2246601',ನರಸಮ್ಮ',ಶಂಕರಪ್ಪ',15',39',ಹೆಣ್ಣು',YES',SADRU',HOUSE -WIFE',NO'
ALQ2185312',ಕೃಷ್ಣಪ್ಪ',ಚನ್ನರಾಜಪ್ಪ',15',36',ಗಂಡು',',SADRU',KOOLI',NO'
MVJ1561182',ಜಯಕುಮಾರ ಹೆಚ್ ಸಿ',ಚೆನ್ನರಾಜಪ್ಪ',15',36',ಗಂಡು',YES',SADRU',FACTORY WORKER',NO'
MVJ3465788',ಅಶ್ವತ್ಥಪ್ಪ',ರಾಜಣ್ಣ',15',35',ಗಂಡು',',SADRU',',NO'
ALQ2027886',ರಮಾದೇವಿ',ಶ್ರೀರಾಮಯ್ಯ',15',32',ಹೆಣ್ಣು',',SADRU',KOOLI',NO'
ALQ2027878',ಮಂಜುನಾಥ ಎನ್',ನಾಗರಾಜಯ್ಯ',15',30',ಗಂಡು',',SADRU',KOOLI',NO'
ALQ2992311',ಅರುಣ ಬಿ ಆರ್',ಹೆಚ್ ಸಿ ಜಯ ಕುಮಾರ್',15',27',ಹೆಣ್ಣು',YES',SADRU',',NO'
ALQ3047925',ಲಾವಣ್ಯ',ಅಶ್ವತ್ಥಪ್ಪ',15',22',ಹೆಣ್ಣು',YES',SADRU',',NO'
ALQ2615771',ಶಾರದಮ್ಮ',ನರಸಿಯಪ್ಪ',19',77',ಹೆಣ್ಣು',',SADRU',AGED',NO'
ALQ2615789',ಲಕ್ಷ್ಮೀದೇವಮ್ಮ',ಪುಳ್ಳಣ್ಣ',20',67',ಹೆಣ್ಣು',',SADRU',AGED',NO'
ALQ2615797',ಲಕ್ಷ್ಮೀಪತಿ',ಪುಳ್ಳಣ್ಣ',20',41',ಗಂಡು',',SADRU',COOKER',NO'
MVJ1660984',ನಿರ್ಮಾಲಾ',ಲಕಿಪತಿ',20',39',ಹೆಣ್ಣು',',SADRU',HOUSE -WIFE',NO'
ALQ3175981',ಮಂಜುನಾಥ ಹೆಚ್ ಎಲ್',ಲಕ್ಷ್ಮೀಪತಿ',20',19',ಗಂಡು',',SADRU',FACTORY WORKER',NO'
ALQ2615805',ಲೀಲಮ್ಮ',ಚೆನ್ನಪ್ಪ',21',69',ಹೆಣ್ಣು',',SADRU',AGED',NO'
ALQ0223537',ಚೆನ್ನಪ್ಪ',ನಳ್ಳಪ್ಪ',21',67',ಗಂಡು',',SADRU',AGED',NO'
ALQ2027928',ಸಿ ಚನ್ನರಾಜಪ್ಪ',ಸಿ ಚನ್ನಪ್ಪ',21',46',ಗಂಡು',',SADRU',NO WORK',NO'
ALQ2246536',ಪ್ರಕಾಶ್ ಸಿ',ಚನ್ನಪ್ಪ',21',42',ಗಂಡು',YES',SADRU',FACTORY WORKER',NO'
ALQ2027910',ನಳಿನಿ ಕೆ ಜೆ',ಚನ್ನರಾಜಪ್ಪ',21',35',ಹೆಣ್ಣು',YES',SADRU',',NO'
ALQ2615813',ನಂಜುಂಡಪ್ಪ',ಚಿಕ್ಕಗಂಗಯ್ಯ',22',61',ಗಂಡು',',SADRU',COW BROKER',NO'
MVJ1661404',ನಾಗರಾಜಯ್ಯ',ಚಿಕ್ಕಗಂಗಯ್ಯ',22',54',ಗಂಡು',',SADRU',FARMER',NO'
MVJ1661719',ವಿಜಯಮ್ಮ',ನಂಜುಂಡಪ್ಪ',22',48',ಹೆಣ್ಣು',',SADRU',KOOLI',NO'
MVJ1661396',ಅನಸೂಯಮ್ಮ',ನಾಗರಾಜಯ್ಯ',22',43',ಹೆಣ್ಣು',',SADRU',KOOLI',NO'
ALQ3089828',ಪ್ರಜ್ವಲ್ ಹೆಚ್ ಎನ್',ನಗರಾಜಯ್ಯ',22',20',ಗಂಡು',YES',SADRU',',NO'
ALQ2346047',ಗಂಗಮ್ಮ',ರಾಮಣ್ಣ',3',75',ಹೆಣ್ಣು',',SADRU',KOOLI',NO'
MVJ1660570',ಶ್ರೀನಿವಾಸ',ರಾಮಣ್ಣ',3',36',ಗಂಡು',',SADRU',KOOLI',NO'
ALQ2246551',ವೀಣಾ ಎಮ್ ಜಿ',ಶ್ರೀನಿವಾಸ',3',25',ಹೆಣ್ಣು',',SADRU',KOOLI',NO'
ALQ3150182',ಕಲ್ಪನ ಆರ್ ತಾಯಿಯ',ಗಂಗಮ್ಮ',3',21',ಹೆಣ್ಣು',',SADRU',STUDENT',NO'
ALQ2615839',ಜಯಮ್ಮ',ಗಂಗಾಧರಪ್ಪ',25',56',ಹೆಣ್ಣು',',SADRU',KOOLI',NO'
ALQ2615854',ಚನ್ನರಾಜಪ್ಪ',ಸುಬ್ಬಣ್ಣ',26',43',ಗಂಡು',',SADRU',KOOLI',NO'
ALQ0016915',ರತ್ನಮ್ಮ',ಸಿದ್ದಪ್ಪ',26',42',ಹೆಣ್ಣು',',SADRU',HOUSE -WIFE',NO'
MVJ1660349',ಸಿದ್ದಪ್ಪ',ಸುಬ್ಬಣ್ಣ',26',40',ಗಂಡು',',SADRU',SHEEP FARMING',NO'
ALQ1259472',ರಂಗಮ್ಮ',ಚನ್ನರಾಜಪ್ಪ',26',38',ಹೆಣ್ಣು',',SADRU',KOOLI',NO'
ALQ3123973',ಸುನಿಲ ಹೆಚ್ ಸಿ',ಚನ್ನರಾಜಪ್ಪ',26',20',ಗಂಡು',YES',SADRU',STUDENT',NO'
ALQ2615862',ಲಕ್ಕಮ್ಮ',ಚನ್ನಪ್ಪ',27',74',ಹೆಣ್ಣು',',SADRU',AGED',NO'
ALQ2118297',ಸೌಭಾಗ್ಯಮ್ಮ',ಚೆನ್ನಪ್ಪ',27',63',ಹೆಣ್ಣು',',SADRU',KOOLI',NO'
ALQ2615888',ರಾಮಣ್ಣ',ಮೈಲಾರಪ್ಪ',28',66',ಗಂಡು',',DHOBI',LAUNDRY SHOP',NO'
ALQ2615896',ದೊಡ್ಡಮ್ಮಯ್ಯ',ರಾಮಣ್ಣ',28',60',ಹೆಣ್ಣು',',DHOBI',LAUNDRY SHOP',NO'
ALQ2615912',ಲಕ್ಷ್ಮಮ್ಮ',ಲಕ್ಷ್ಮೀಪತಿ',28',59',ಹೆಣ್ಣು',',DHOBI',LAUNDRY SHOP',NO'
ALQ2615904',ಲಕ್ಷ್ಮೀಪತಿ',ಮೈಲಾರಪ್ಪ',28',51',ಗಂಡು',',DHOBI',FARMER',NO'
MVJ1561893',ಅಶ್ವತ್ಥಪ್ಪ',ಮೈಲಾರಪ್ಪ',28',45',ಗಂಡು',',DHOBI',LIBRARIAN',NO'
MVJ436 1176',ಹೆಚ್ ಎಲ್ ರಮೇಶ್',ಲಕ್ಷ್ಮೀಪತಿ',28',34',ಗಂಡು',',DHOBI',KOOLI',NO'
ALQ2615920',ರಾಜಣ್ಣ',ನರಸೀಯಪ್ಪ',29',67',ಗಂಡು',',DHOBI',AGED',NO'
ALQ2615938',ಗಂಗಮ್ಮ',ರಾಜಣ್ಣ',29',60',ಹೆಣ್ಣು',',DHOBI',AGED',NO'
MVJ4361317',ಹೆಚ್ ಆರ್ ನಟರಾಜ್',ಕೆ ಎನ್ ರಾಜಣ್ಣ',29',34',ಗಂಡು',YES',DHOBI',FACTORY WORKER',NO'
ALQ2615953',ಹೆಚ್ ಎಲ್ ಆನಂತರಾಜು',ಲಿಂಗಣ್ಣ',30',41',ಗಂಡು',',SADRU',NO WORK',NO'
MVJ1560630',ಪಾರ್ವತಮ್ಮ',ಅನಂತರಾಜು',30',36',ಹೆಣ್ಣು',',SADRU',KOOLI',NO'
MVJ1660034',ನಾಗರಾಜ',ಲಿಂಗಣ್ಣ',30',36',ಗಂಡು',',SADRU',KOOLI',NO'
ALQ2615961',ಚೆನ್ನಪ್ಪ',ಗೂರಣ್ಣ',31',66',ಗಂಡು',',SADRU',AGED',NO'
ALQ2615979',ನರಸಮ್ಮ',ಚೆನ್ನಪ್ಪ',31',62',ಹೆಣ್ಣು',',SADRU',AGED',NO'
ALQ3115185',ರಾಹುಲ್ ಎನ್',ನರಸಿಂಹಮೂರ್ತಿ',32',22',ಗಂಡು',',SADRU',STUDENT',NO'
ALQ3115169',ಸುಹಾಸ್ ಎನ್',ನರಸಿಂಹಮುರ್ತಿ',32',21',ಗಂಡು',',SADRU',STUDENT',NO'
ALQ2615987',ಲಕ್ಷ್ಮಿದೇವಮ್ಮ',ಯೂ ಸಿ ನರಸಣ್ಣ',32',44',ಹೆಣ್ಣು',',SADRU',AGED',NO'
ALQ2615995',ಎನ್ ನರಸಿಂಹಮೂರ್ತಿ',ಯೂ ಸಿ ನರಸಣ್ಣ',32',44',ಗಂಡು',',SADRU',KOOLI',NO'
MVJ4361028',ಲಕ್ಷ್ಮಿ',ನರಸಿಂಹಮೂರ್ತಿ',32',40',ಹೆಣ್ಣು',',SADRU',HOUSE -WIFE',NO'
ALQ2616001',ಪಾರ್ವತಮ್ಮ',ಕೃಷ್ಣಪ್ಪ',33',51',ಹೆಣ್ಣು',',SADRU',AGED',NO'
ALQ0016956',ರಘು',ಕೃಷ್ಣಪ್ಪ',33',31',ಗಂಡು',YES',SADRU',',NO'
ALQ2616027',ಸಿದ್ದಮ್ಮ',ಚೆನ್ನಪ್ಪ',34',53',ಹೆಣ್ಣು',',SADRU',AGED',NO'
ALQ2616035',ರಾಮಕೃಷ್ಣಪ್ಪ',ಚೆನ್ನಪ್ಪ',34',48',ಗಂಡು',',SADRU',KOOLI',NO'
ALQ2616043',ಹನುಮಂತರಾಯಪ್ಪ',ಚೆನ್ನಪ್ಪ',34',44',ಗಂಡು',',SADRU',KOOLI',NO'
ALQ2616050',ರಾಧಮ್ಮ',ರಾಮಕೃಷ್ಣಪ್ಪ',34',43',ಹೆಣ್ಣು',',SADRU',KOOLI',NO'
ALQ2616068',ಜೂಲಪ್ಪ',ಚನ್ನಪ್ಪ',34',40',ಗಂಡು',',SADRU',KOOLI',NO'
ALQ0017061',ಶಿಲ್ಪ ಆರ್',ಜೂಲಪ್ಪ',34',31',ಹೆಣ್ಣು',',SADRU',KOOLI',NO'
ALQ3115201',ಚಂದ್ರಕಲ ಸಿ',ASHVATHA',35',21',ಹೆಣ್ಣು',',DELETED',',NO'
MVJ1560242',ಚನ್ನರಾಜಪ್ಪ',ಚನ್ನರಾಯಪ್ಪ',36',37',ಗಂಡು',',SADRU',KOOLI',NO'
MVJ3465424',ಲಲಿತ',ಚನ್ನರಾಜಪ್ಪ',36',37',ಹೆಣ್ಣು',',SADRU',TAILOR',NO'
ALQ1259506',ಗಂಗಾಧರಪ್ಪ',ಚನ್ನಪ್ಪ',38',77',ಗಂಡು',',SADRU',KOOLI',NO'
ALQ2616076',ಪಾಪಚ್ಚಮ್ಮ',ಗಂಗಾಧರಪ್ಪ',38',56',ಹೆಣ್ಣು',',SADRU',AGED',NO'
ALQ0016972',ರಾಘವೇಂದ್ರ',ಗಂಗಾಧರಪ್ಪ',38',38',ಗಂಡು',',SADRU',CAR DRIVER',NO'
ALQ2616084',ಗಂಗಮ್ಮ',ಪಾಪಣ್ಣ',39',61',ಹೆಣ್ಣು',',SADRU',AGED',NO'
ALQ2616092',ಟಿ ಚನ್ನಪ್ಪ',ತಿಪ್ಪಯ್ಯ',40',63',ಗಂಡು',',SADRU',AGED',NO'
ALQ2616100',ಗಂಗಮ್ಮ',ಟಿ ಚನ್ನಪ್ಪ',40',55',ಹೆಣ್ಣು',',SADRU',AGED',NO'
ALQ2027837',ಪದ್ಮರಾಜ್ ',ಟಿ ಚನ್ನಪ್ಪ',40',44',ಗಂಡು',',DELETED',',NO'
ALQ2027852',ಸುರೇಶ್ ಬಾಬು',ಟಿ ಚನ್ನಪ್ಪ',40',38',ಗಂಡು',',DELETED',',NO'
ALQ2027860',ಅಂಬಿಕಾ',ಟಿ ಚನ್ನಪ್ಪ',40',36',ಹೆಣ್ಣು',',DELETED',',NO'
ALQ2027845',ಪುಪ್ಪಜಿ',ಟಿ ಚನ್ನಪ್ಪ',40',35',ಹೆಣ್ಣು',',DELETED',',NO'
ALQ0223719',ಮುದ್ದಗಂಗಮ್ಮ',ಕೃಷ್ಣಪ್ಪ',41',43',ಹೆಣ್ಣು',',SADRU',KOOLI',NO'
ALQ2616126',ಗೋವಿಂದರೆಡ್ಡಿ',ಕೃಷ್ಣಪ್ಪ',41',41',ಗಂಡು',',SADRU',KOOLI','
MVJ1661933',ನಾಗಮಣಿ',ಗೋವಿಂದರೆಡ್ಡಿ',41',40',ಹೆಣ್ಣು',',SADRU',KOOLI',NO'
ALQ3075736',ರಾಕೇಶ ಜಿ',ಗೋವಿಂದರೆಡ್ಡಿ',41',23',ಗಂಡು',YES',SADRU',',NO'
ALQ2616134',ಚನ್ನರಾಯಪ್ಪ',ಗೂರಣ್ಣ',42',72',ಗಂಡು',',SADRU',AGED',NO'
ALQ2616167',ಉಮಾದೇವಿ ಟಿ',ಗಂಗಾಧರಪ್ಪ',42',59',ಹೆಣ್ಣು',',SADRU',KOOLI',NO'
ALQ2616142',ಚೆನ್ನಮ್ಮ',ಚನ್ನರಾಯಪ್ಪ',42',57',ಹೆಣ್ಣು',',SADRU',KOOLI',NO'
ALQ2616159',ಗಂಗಾಧರಪ್ಪ',ಗೂರಣ್ಣ',42',55',ಗಂಡು',',SADRU',AGED',NO'
MVJ1660786',ರವಿಕುಮಾರ್ ಸಿ',ಚನ್ನರಾಯಪ್ಪ',42',48',ಗಂಡು',',SADRU',FARMER',NO'
ALQ0017293',ಈರಣ್ಣ ಹೆಚ್ ಸಿ',ಚನ್ನರಾಯಪ್ಪ',42',45',ಗಂಡು',',SADRU',FARMER',NO'
ALQ2616175',ಸತ್ಯನಾರಾಯಣ',ಚನ್ನರಾಯಪ್ಪ',42',44',ಗಂಡು',',SADRU',FARMER',NO'
ALQ2616183',ತಿಮ್ಮಕ್ಕ',ಗೂರಣ್ಯ',42',41',ಹೆಣ್ಣು',',SADRU',AGED',NO'
ALQ2616191',ಹೆಚ್ ಸಿ ಆಶ್ವತ್ತಪ್ಪ',ಚನ್ನರಾಯಪ್ಪ',42',39',ಗಂಡು',YES',SADRU',',NO'
MVJ1661644',ಅಶ್ವಥಮ್ಮ ಬಿ ಜಿ',ಸತ್ಯನಾರಾಯಣ ಹೆಚ್ ಸಿ',42',38',ಹೆಣ್ಣು',YES',SADRU',',NO'
ALQ0016923',ಆರ್ ಗಂಗಾದೇವಿ',ಗೊರಣ್ಣ',42',37',ಹೆಣ್ಣು',',SADRU',FARMER',NO'
ALQ0016931',ರಾಧ ಟಿ ಎನ್',ಸಿ ರವಿಕುಮಾರ್',42',33',ಹೆಣ್ಣು',',SADRU',FARMER',NO'
ALQ2103638',ರೂಪವತಿ ಬಿ ಆರ್',ಅಶ್ವತಪ್ಪ',42',32',ಹೆಣ್ಣು',',SADRU',STUDENT',NO'
ALQ3026234',ಗಿರೀಶ್ ಎಸ್',ಸತ್ಯನಾರಾಯಣ ಹೆಚ್ ಸಿ',42',21',ಗಂಡು',YES',SADRU',STUDENT',NO'
ALQ2616209',ಪುಟ್ಟಚನ್ನಪ್ಪ',ಹನುಮಂತರಾಯ',43',81',ಗಂಡು',',SADRU',AGED',NO'
ALQ2616217',ಗಂಗಾಧರಪ್ಪ',ಪಟೇಲ್ ಹನುಮಂತರಾಯಪ್ಪ',43',71',ಗಂಡು',',SADRU',AGED',NO'
ALQ2616225',ನಾಗಮ್ಮ',ಪುಟ್ಟಚನ್ನಪ್ಪ',43',67',ಹೆಣ್ಣು',',SADRU',AGED',NO'
ALQ2616241',ಪಿ ನಾರಾಯಣಗೌಡ',ಪುಟ್ಟಚನ್ನಪ್ಪ',43',45',ಗಂಡು',',SADRU',KOOLI',NO'
ALQ1259514',ಸೌಭಾಗ್ಯ',ಪಿ ನಾರಾಯಣಪ್ಪ',43',36',ಹೆಣ್ಣು',',SADRU',KOOLI',NO'
ALQ2027894',ತಿಮ್ಮೇಗೌಡ',ಹೆಚ್ ಗಂಗಾಧರಪ್ಪ',43',29',ಗಂಡು',',SADRU',FARMER',NO'
ALQ2616258',ಚನ್ನಮ್ಮ',ಚನ್ನರಾಯಪ್ಪ',45',65',ಹೆಣ್ಣು',',SADRU',KOOLI',NO'
ALQ0223495',ಶ್ರೀರಾಮಯ್ಯ',ಚನ್ನರಾಜಪ್ಪ',45',44',ಗಂಡು',YES',SADRU',FACTORY WORKER',NO'
ALQ2616308',ಸಕೃನಾಯ್ಕ',ನಾಗಪ್ಪನಾಯ್ಕ',46',58',ಗಂಡು',',LAMBANI',GAARE',NO'
ALQ2118180',ಅಶ್ವಥನಾಯಕ',ಸಕೃನಾಯಕ',46',37',ಗಂಡು',',LAMBANI',POLICE',NO'
ALQ3089844',ಪುನಿತ್ ಜಿ',ಗೋಪಾಲ',47',20',ಗಂಡು',',LAMBANI',STUDENT',NO'
ALQ2616324',ಲಕ್ಷ್ಮಮ್ಮ',ನಾರಾಯಣನಾಯ್ಕ',48',69',ಹೆಣ್ಣು',',LAMBANI',KOOLI',NO'
ALQ2616332',ರಾಮಾನಾಯ್ಕ',ನಾಗಪ್ಪನಾಯ್ಕ',48',52',ಗಂಡು',',LAMBANI',KOOLI',NO'
ALQ2616340',ಸಾಕಮ್ಮ',ರಾಮಾಯ್ಯ',48',47',ಹೆಣ್ಣು',',LAMBANI',KOOLI',NO'
MVJ1560796',ಸುಶೀಲಮ್ಮ',ಚಂದ್ರಾನಾಯ್ಕ',48',36',ಹೆಣ್ಣು',',LAMBANI',KOOLI',NO'
ALQ2370146',ಕೃಷ್ಣನಾಯ್ಕ',ನಾರಾಯಣನಾಯ',48',31',ಗಂಡು',',LAMBANI',FARMER',NO'
MVJ 1660216',ಕೃಷ್ಣನಾಯ್ಕ',ಪೀರೊನಾಯ್ಕ',49',37',ಗಂಡು',',LAMBANI',CHILLRE ANGADI',NO'
ALQ2616381',ಭೀಮಕ್ಕ',ದೇವಲನಾಯ್ಕ',50',61',ಹೆಣ್ಣು',',LAMBANI',KOOLI',NO'
ALQ1259548',ರಮೇಶ್\u200cನಾಯಕ',ಲಷ್ಕರಿನಾಯಕ',50',47',ಗಂಡು',YES',LAMBANI',ORGANIC LAB',NO'
ALQ2347615',ಸುಲೋಚನ',ಮಲ್ಲಿಕಾರ್ಜುನಾ',51',31',ಹೆಣ್ಣು',YES',LAMBANI',',NO'
MVJ1660018',ವೆಂಕಟೇಶ್\u200cನಾಯಕ',ಶ್ಯಾಮ್\u200cನಾಯ್ಕ',53',37',ಗಂಡು',',LAMBANI',MEMBER',NO'
ALQ1259555',ನಾರಾಯಣನಾಯಕ',ಚಾಂಪ್ಲಾನಾಯಕ',55',47',ಗಂಡು',',LAMBANI',LECTURER',NO'
ALQ2215176',ಎ ಎಸ್ ಶಾಂತಮ್ಮ',ನಾರಾಯಣನಾಯ',55',30',ಹೆಣ್ಣು',',LAMBANI',HOUSE -WIFE',NO'
MVJ1660760',ಲಕ್ಷ್ಮಮ್ಮ',ನಾರಾಯಣನಾಯ್ಕ',57',60',ಹೆಣ್ಣು',',LAMBANI',KOOLI',NO'
ALQ2118263',ಮಲ್ಲಿಕಾನಾಯಕ ಎನ್',ನಾರಾಯಣನಾಯ',57',37',ಗಂಡು',YES',LAMBANI',PRINTING PRESS',NO'
ALQ0017343',ನಾರಾಯಣನಾಯ್ಕ ತಾಯಿಯ',ಸೋಮ್ಲಮ್ಮ',58',40',ಗಂಡು',',LAMBANI',KOOLI',NO'
ALQ0017376',ಪ್ರಮೀಳಾಬಾಯಿ',ರವಿನಾಯ್ಕ',58',37',ಹೆಣ್ಣು',',LAMBANI',KOOLI',NO'
ALQ0017236',ಗೀತಾರಾಣಿ',ಸುಮನಾಯ್ಕ',58',31',ಹೆಣ್ಣು',',LAMBANI',TAILOR',NO'
MVJ1660844',ರಾಜಮ್ಮ',ರಾಜಕುಮಾರ್',60',45',ಹೆಣ್ಣು',',LAMBANI',KOOLI',NO'
ALQ3047966',ಆರ್ ಚೇತನ್ ಕುಮಾರ್',ರಾಜಕುಮಾರ್',60',22',ಗಂಡು',',LAMBANI',COOKER',NO'
ALQ3089802',ಲಾಂಚನ್ ಕುಮಾರ್',ರಾಜಕುಮಾರ್ ಜಿ',60',20',ಗಂಡು',',LAMBANI',COOKER',NO'
ALQ3213212',ಅರುಣ್ ಕುಮಾರ್ ಎ',ಅಶ್ವತ್ಥ ನಾಯ್',60',19',ಗಂಡು',',LAMBANI',COOKER',NO'
ALQ2118396',ವೆಂಕಟೇಶ್ ನಾಯಕ್',ವಿಜಯಕುಮಾರ್',62',28',ಗಂಡು',',LAMBANI',BANK WORKER',NO'
ALQ1259597',ಶಂಕರ್\u200cನಾಯಕ ತಂದೆಯ ಹೆಸರು ಮನೆಯ',',',57',ಗಂಡು',',DELETED',',NO'
ALQ2118362',ಗೋವಿಂದನಾಯಕ ತಂದೆಯ ಹೆಸರು ಮನೆಯ',',',45',ಗಂಡು',',DELETED',',NO'
ALQ2118222',ಕೃಷ್ಣನಾಯ್ಕ ತಂದೆಯ ಹೆಸರು ಹಾಯಕ ಮನೆಯ',',',39',ಗಂಡು',',DELETED',',NO'
ALQ2118230',ಮಂಜುಳ',',',: 39',ಹೆಣ್ಣು',',DELETED',',NO'
ALQ1259688',ಗೌರಮ್ಮ',ಆರ್ ರಾಜಣ್ಣ',64',54',ಹೆಣ್ಣು',',LAMBANI',HOUSE -WIFE',NO'
MVJ1660026',ರಾಮಸ್ವಾಮಿ ಆರ್',ರಾಜಣ್ಣ',64',40',ಗಂಡು',',LAMBANI',BILL COLLECTOR',NO'
MVJ1660174',ಸಂಪತ್\u200cಕುಮಾರ್ ಆರ್',ರಾಜಣ್ಣ',64',36',ಗಂಡು',',LAMBANI',COOKER',NO'
ALQ1259613',ಶಿವಕುಮಾರ್',ಜಯಣ್ಣ',66',32',ಗಂಡು',',LAMBANI',COOKER',NO'
ALQ2367589',ಕಲ್ಪನ ಕೆ',ಕ್ರಶ ನಾಯಕ್',67',27',ಹೆಣ್ಣು',',LAMBANI',HOUSE -WIFE',NO'
ALQ2118321',ಜಿ ಗಂಗಾಧರ್ ನಾಯ್ಕ',ಗಲಕು ರಾಮಾನಾಯಕ್',68',: 56',ಗಂಡು',',LAMBANI',RE BORING ',NO'
ALQ3075744',ಗಿರೀಶ್ ನಾಯಕ್ ಜಿ',ಗಂಗಾಧರ ನಾಯ',68',22',ಗಂಡು',',LAMBANI',RE BORING',NO'
ALQ2525814',ಲಲಿತಾಬಾಯಿ',ಸಿದ್ದರಾಜನಾಯ್ಕ',69',25',ಹೆಣ್ಣು',',LAMBANI',KOOLI',NO'
ALQ2118073',ಗೌರಮ್ಮ',ರಾಮಚಂದ್ರನಾಯ',71',63',ಹೆಣ್ಣು',',LAMBANI',KOOLI',NO'
ALQ2118123',ತೊಳಸಿನಾಯ್ಕ',ರಾಮಚಂದ್ರನಾಂ',71',47',ಗಂಡು',YES',LAMBANI',',NO'
ALQ2369452',ಶಿಲ್ಪ ಎನ್',ಲಾಲುನಾಯಕ',72',31',ಹೆಣ್ಣು',',LAMBANI',HOUSE -WIFE',NO'
ALQ2616738',ತೊಳಸಮ್ಮ',ಆಶ್ವತ್ಥನಾಯ್ಕ',73',52',ಹೆಣ್ಣು',',LAMBANI',KOOLI',NO'
ALQ2992303',ನವೀನ್ ನಾಯ್ಕ',ರಾಮಕೃಷ್ಣ ನಾಯ',73',32',ಗಂಡು',',LAMBANI',COOKER',NO'
ALQ2365963',ಸತೀಶ್ ನಾಯಕ',ಅಶ್ವತ್ಥ ನಾಯಕ್',73',26',ಗಂಡು',',LAMBANI',COOKER',NO'
ALQ2992295',ಸುರೇಶ್ ನಾಯ್ಕ ಆರ್',ರಾಮಕೃಷ್ಣ ನಾಯ್ಕ',73',24',ಗಂಡು',',LAMBANI',COOKER',NO'
ALQ3115151',ರಾಕೇಶ್ ಕೆ',ಕುಮಾರ್ ಆರ್',74',20',ಗಂಡು',',LAMBANI',STUDENT',NO'
ALQ0017244',ಮಂಜುಳ',ರಮೇಶ್\u200cನಾಯ್ಕ',74',36',ಹೆಣ್ಣು',',LAMBANI',FARMER',NO'
ALQ2616803',ಶಾಮಾನಾಯ್ಕ',ಗಂಗಾನಾಯ್ಕ',76',62',ಗಂಡು',',LAMBANI',KOOLI',NO'
ALQ2616811',ಜಯಮ್ಮ',ಶಾಮಾನಾಯ್ಕ',76',57',ಹೆಣ್ಣು',',DEATH',',NO'
MVJ1560622',ಸೇವಾನಾಯ್ಕ',ಸಾಮಾನಾಯ್ಕ',76',40',ಗಂಡು',',LAMBANI',CONTRACTOR',NO'
MVJ1660695',ಕಮಲಮ್ಮ',ರಾಮಕೃಷ್ಣನಾಯ್ಕ',76',38',ಹೆಣ್ಣು',',LAMBANI',HOUSE -WIFE',NO'
ALQ0017046',ಶಾರದ',ಸೇವನಾಯ್ಕ',76',34',ಹೆಣ್ಣು',',LAMBANI',HOUSE -WIFE',NO'
ALQ3115193',ವಿನೋದ್ ನಾಯ್ಕ ತಾಯಿಯ',ಆದಿಲಕ್ಷ್ಮಮ್ಮ',77',22',ಗಂಡು',',LAMBANI',COOKER',NO'
ALQ3115177',ಆನಂದ್ ನಾಯ್ಕ ತಾಯಿಯ',ಆದಿಲಕ್ಷ್ಮಮ್ಮ',77',20',ಗಂಡು',',LAMBANI',COOKER',NO'
ALQ2246619',ಲಕಿ',ಲಕ್ಷ್ಮೀಪತಿನಾಯ್ಕ',77',37',ಹೆಣ್ಣು',',LAMBANI',KOOLI',NO'
ALQ0017368',ಅಶ್ವಥನಾರಾಯಣನಾಯ್ಕ',ಪೀರುನಾಯ್ಕ',78',32',ಗಂಡು',',LAMBANI',KOOLI',NO'
ALQ2490746',ರಂಜಿತ್ ಕೆ',ಆರ್ ಕುಮಾರ್',98',23',ಗಂಡು',',LAMBANI',STUDENT',NO'
MVJ4361473',ನಾಗಮಣಿ',ಹನುಮಂತರಾಯ',127',39',ಹೆಣ್ಣು',',SADRU',HOUSE -WIFE',NO'
ALQ2368553',ಅನಿತ',ದೇವರಾಜ ಎನ್',184',40',ಹೆಣ್ಣು',',LAMBANI',CHILLRE ANGADI',NO'
ALQ2334522',ಸರೊಜಬಾಯಿ',ಕೃಷ್ಣ ನಾಯ್ಕ',199',57',ಹೆಣ್ಣು',',LAMBANI',FARMER',NO'
ALQ3226891',ಸುಜಾತ ಬಾಯಿ ವೀ',ಅಶ್ವಥ ನಾಯಕ',ನಂ 46',21',ಹೆಣ್ಣು',',LAMBANI',HOUSE -WIFE',NO'
MVJ4361119',ಶ್ರೀನಿವಾಸನಾಯ್ಕ',ಲಷ್ಕರೀನಾಯ್ಕ',50ಎ',37',ಗಂಡು',',LAMBANI',LAWYER',NO'
ALQ3123429',ಸರೋಜಮ್ಮ',ಲೇಟ್ ಅಶ್ವತಪ್ಪ',59 1',67',ಹೆಣ್ಣು',',SADRU',AGED',NO'
ALQ2118289',ಚಂದ್ರನಾಯಕ್',ಕೃಷ್ಣನಾಯಕ್',60 1',81',ಗಂಡು',',LAMBANI',COOKER',NO'
ALQ2202786',ಆಶ್ವಿನಿ',ಮನೆಯ 150 1',',29',ಹೆಣ್ಣು',',DELEGTED',',NO'
MVJ1660869',ಸುಶೀಲಮ್ಮ',ಸೇವಾನಾಯ್ಕ',68 1',43',ಹೆಣ್ಣು',',LAMBANI',HOUSE -WIFE',NO'
ALQ2616266',ಲಕ್ಷ್ಮಿದೇವಮ್ಮ',ಮಲಿಯಪ್ಪ',3534',81',ಹೆಣ್ಣು',',SADRU',AGED',NO'
ALQ2616274',ಹನುಮಂತರಾಯಪ್ಪ',ಮಲಿಯಪ್ಪ',3534',55',ಗಂಡು',',SADRU',KOOLI',NO'
ALQ2616282',ಜೂಲಪ್ಪ',ಮಲೀಯಪ್ಪ',3534',51',ಗಂಡು',',SADRU',KOOLI',NO'
MVJ1560598',ಸಾವಿತ್ರಮ್ಮ',ಹನುಮಂತರಾಯ',3534',51',ಹೆಣ್ಣು',',SADRU',KOOLI',NO'
ALQ2616290',ಪದ್ಮಾವತಮ್ಮ',ಜೂಲಪ್ಪ',3534',49',ಹೆಣ್ಣು',',SADRU',KOOLI',NO'
ALQ2185296',ಗಂಗಣ್ಣ',ಮಲೀಯಪ್ಪ',3534',47',ಗಂಡು',',SADRU',KOOLI',NO'
ALQ2027811',ಅಶ್ವತ್  ',HANUMANTHAPPA',3534',34',ಗಂಡು',',DELETED',',NO'
ALQ2172302',ಬಾಬುನಾಯ್ಕ ಎ',ಅನಂತನಾಯ್ಕ',0',26',ಗಂಡು',',LAMBANI',POLICE',NO'
ALQ2615565',ಸಿದ್ದಗಂಗಮ್ಮ',ನಂಜುಂಡಪ್ಪ',1',61',ಹೆಣ್ಣು',',SADRU',KOOLI',NO'
ALQ2615573',ಸಿದ್ದಗಂಗಮ್ಮ',ತಿಮ್ಮಣ್ಣ',1',56',ಹೆಣ್ಣು',',REPEATED',',NO'
ALQ2615649',ಸಿದ್ದಮ್ಮ',ಚಂದ್ರಪ್ಪ',7',43',ಹೆಣ್ಣು',',SADRU',KOOLI',NO'
ALQ2615698',ನರಸಮ್ಮ',ಚಿಕ್ಕಪ್ಪ',10',59',ಹೆಣ್ಣು',',SADRU',KOOLI',NO'
ALQ2615946',ಗೌರಮ್ಮ',ಲಿಂಗಣ್ಣ',30',62',ಹೆಣ್ಣು',',SADRU',KOOLI',NO'
ALQ2616118',ಗಂಗಾದೇವಮ್ಮ',ಕೃಷ್ಣಪ್ಪ',41',67',ಹೆಣ್ಣು',',SADRU',KOOLI',NO'
ALQ2616233',ರಂಗಮ್ಮ',ಗಂಗಾಧರಪ್ಪ',43',63',ಹೆಣ್ಣು',',SADRU',KOOLI',NO'
ALQ2616316',ಪುಟ್ಟಮ್ಮ',ಸಕೃನಾಯ್ಕ',46',50',ಹೆಣ್ಣು',',LAMBANI',HOUSE -WIFE',NO'
ALQ1259654',ದೇವರಾಜ',ನಾರಾಯಣನಾಯ್ಕ',48',47',ಗಂಡು',YES',LAMBANI',LECTURER',NO'
ALQ2616357',ಚಂದ್ರನಾಯ್ಕ',ನಾರಾಯಣನಾಯ',48',41',ಗಂಡು',',LAMBANI',KOOLI',NO'
ALQ2616365',ಸಾಕಮ್ಮ',ಪೀರನಾಯ್ಕ',49',58',ಹೆಣ್ಣು',',LAMBANI',GOAT FARMING',NO'
ALQ2616373',ದೇವಲನಾಯ್ಕ',ನೀಲನಾಯ್ಕ',50',67',ಗಂಡು',',LAMBANI',KOOLI',NO'
ALQ2616399',ಗಂಗಮ್ಮ',ಲಕ್ಕರಿನಾಯ್ಕ',50',60',ಹೆಣ್ಣು',',LAMBANI',AGED',NO'
ALQ1259662',ಸುರೇಶ್ಚಾಯ್ಕ',ಲಕ್ಕರಿನಾಯ್ಕ',50',39',ಗಂಡು',',LAMBANI',GOVERMENT EMPLOYEE',NO'
MVJ4360939',ಶೋಭಾ',ಸುರೇಶ್\u200cನಾಯ್ಕ',50',38',ಹೆಣ್ಣು',',LAMBANI',HOUSE -WIFE',NO'
ALQ2616407',ಭೀಮನಾಯ್ಕ',ದೇನೂನಾಯ್ಕ',52',88',ಗಂಡು',',LAMBANI',KOOLI',NO'
ALQ2616415',ಭೀಮಕ್ಕ',ಭೀಮನಾಯ್ಕ',52',74',ಹೆಣ್ಣು',',LAMBANI',AGED',NO'
ALQ2616423',ಲಕ್ಷ್ಮೀಪತಿನಾಯ್ಕ',ಭೀಮನಾಯ್ಕ',52',60',ಗಂಡು',',LAMBANI',KOOLI',NO'
ALQ2616431',ಜಯಮ್ಮ',ಲಕ್ಷ್ಮೀಪತಿನಾಯ್ಕ',52',52',ಹೆಣ್ಣು',',LAMBANI',KOOLI',NO'
ALQ2185379',ಶಂಕರನಾಯ್ಕ',ಭೀಮನಾಯ್ಕ',52',46',ಗಂಡು',',LAMBANI',KOOLI',NO'
MVJ1660885',ಲಕ್ಷ್ಮಮ್ಮ',ಶಂಕರನಾಯ್ಕ',52',43',ಹೆಣ್ಣು',',LAMBANI',KOOLI',NO'
ALQ2616449',ಶಾಮಾನಾಯ್ಕ',ಚಂದ್ರನಾಯ್ಕ',53',73',ಗಂಡು',',LAMBANI',SHEEP FARMING',NO'
ALQ2616456',ಆರ್\u200c ನಾರಾಯಣನಾಯ್ಕ',ರೂಪ್ಲಾನಾಯ್ಕ',54',70',ಗಂಡು',',DEATH',',NO'
ALQ2616464',ಮುದ್ದಮ್ಮ',ಆರ್ ನಾರಾಯಣನಾಯ್ಕ',54',62',ಹೆಣ್ಣು',',LAMBANI',AGED',NO'
ALQ2616480',ನಾರಾಯಣನಾಯ್ಕ',ವೆಂಕೂನಾಯ್ಕ',57',64',ಗಂಡು',',LAMBANI',AGED',NO'
MVJ1661693',ಶ್ರೀನಿವಾಸನಾಯ್ಕ',ನಾರಾಯಣನಾದ',57',37',ಗಂಡು',',LAMBANI',WATERMAN',NO'
ALQ2616498',ಸೊಮ್ಮಮ್ಮ',ಚಿಕ್ಕರಾಮಾನಾಯ್ಕ',58',63',ಹೆಣ್ಣು',',LAMBANI',KOOLI',NO'
MVJ1661982',ಸುಮನಾಯ್ಕ ತಾಯಿಯ',ಸೋಮ್ಲಮ್ಮ',58',43',ಗಂಡು',',LAMBANI',FARMER',NO'
ALQ2616506',ರವಿನಾಯ್ಕ',ಚಿಕ್ಕರಾಮಾನಾ',58',42',ಗಂಡು',',LAMBANI',KOOLI',NO'
ALQ2616514',ಆಶ್ವತ್ಥನಾಯ್ಕ',ಗುಂಡನಾಯ್ಕ',60',53',ಗಂಡು',',LAMBANI',KOOLI',NO'
ALQ2616530',ರುಕ್ಕಮ್ಮ',ವಿಜಯಕುಮಾರ್',62',81',ಹೆಣ್ಣು',',LAMBANI',KOOLI',NO'
ALQ2616548',ಲಕ್ಷ್ಮಮ್ಮ',ಹೇಮಾ ನಾಯ್ಕ',62',76',ಹೆಣ್ಣು',',LAMBANI',KOOLI',NO'
ALQ2616563',ಸೇವಾನಾಯ್ಕ',ವೆಂಕೂನಾಯಕ',63',56',ಗಂಡು',',LAMBANI',KOOLI',NO'
ALQ2616555',ಅಂಜಿನಾಯ್ಕ',ವೆಂಕುನಾಯ್ಕ',63',56',ಗಂಡು',',LAMBANI',SHEEP FARMING',NO'
ALQ2616571',ಗೋಪಾಲ',ವೆಂಕನಾಯ್ಕ',63',49',ಗಂಡು',',LAMBANI',KOOLI',NO'
ALQ2616589',ಲಲಿತಮ್ಮ',ಆಂಜಿನಾಯ್ಕ',63',46',ಹೆಣ್ಣು',',LAMBANI',AGED',NO'
ALQ2616597',ಸಾವಿತ್ರಮ್ಮ',ಗೋಪಾಲ',63',43',ಹೆಣ್ಣು',',LAMBANI',AGED',NO'
MVJ3465739',ಆರ್ ರಾಜಣ್ಣ',ರಾಮಾನಾಯ್ಕ',64',60',ಗಂಡು',',LAMBANI',PEON IN CLG',NO'
ALQ2185403',ಸೋಮ್ಯಾನಾಯ್ಕ',ಗಂಗಾನಾಯ್ಕ',65',54',ಗಂಡು',',LAMBANI',KOOLI',NO'
ALQ2616605',ಪೀರಮ್ಮ',ಸೊಮಾನಾಯ್ಕ',65',45',ಹೆಣ್ಣು',',LAMBANI',KOOLI',NO'
ALQ2616613',ಜಯಣ್ಣ',ಗಂಗುನಾಯ್ಕ',66',63',ಗಂಡು',',LAMBANI',KOOLI',NO'
ALQ2616621',ಜಯಮ್ಮ',ಜಯಣ್ಣ',66',54',ಹೆಣ್ಣು',',LAMBANI',KOOLI',NO'
ALQ2616639',ನಾರಾಯಣನಾಯ್ಕ',ಕಸನೂನಾಯ್ಕ',67',71',ಗಂಡು',',LAMBANI',FARMER',NO'
ALQ2616647',ಬಂಗಾರಿಬಾಯಿ',ನಾರಾಯಣ ನಾ',67',66',ಹೆಣ್ಣು',',LAMBANI',FARMER',NO'
ALQ2616654',ಗೌರಮ್ಮ',ಗಲುಕುರಾಮಾನಾಯ',68',61',ಹೆಣ್ಣು',YES',LAMBANI',',NO'
ALQ2616662',ಉಷಾ',ಜಿ ಗಂಗಾಧರನಾಯ',68',46',ಹೆಣ್ಣು',',LAMBANI',HOUSE -WIFE',NO'
ALQ2616670',ಲಕ್ಷ್ಮೀಪತಿ ನಾಯ್ಕ',ಗಲುಕು ರಾಮಾನಾಯ್ಕ',69',61',ಗಂಡು',',LAMBANI',COW BROKER',NO'
ALQ2616688',ಗಂಗಮ್ಮ',ಗುಂಡಾನಾಯ್ಕ',69',53',ಹೆಣ್ಣು',',LAMBANI',HOUSE -WIFE',NO'
ALQ3150141',ಸಿದ್ದರಾಜುನಾಯ್ಕ ಇತರೆ ಸಂಬಂಧಿಯ',ಲಲಿತ ಬಾಯಿ',69',35',ಗಂಡು',YES',LAMBANI',FACTORY WORKER',NO'
ALQ2616696',ಆನಂತನಾಯ್ಕ',ರಾಮಚಂದ್ರನಾಂ',70',52',ಗಂಡು',',DEATH',',NO'
ALQ2616712',ಲಕ್ಷ್ಮಮ್ಮ',ಲಕ್ಷ್ಮಿನಾಯ್ಕ',72',56',ಹೆಣ್ಣು',',LAMBANI',HOUSE -WIFE',NO'
ALQ2616753',ಲಾಲುನಾಯ್ಕ',ಆರ್ ಲಕ್ಷ್ಮಣನಾರು',72',33',ಗಂಡು',YES',LAMBANI',FACTORY WORKER',NO'
MVJ3465648',ಲಕ್ಷ್ಮಣನಾಯ್ಕ',ರೂಪ್ಲನಾಯ್ಕ',73',49',ಗಂಡು',',LAMABNI',KOOLI',NO'
ALQ2616746',ರಾಮಕೃಷ್ಣನಾಯ್ಕ',ರೂಪ್ಲಾನಾಯ್ಕ',73',46',ಗಂಡು',',LAMBANI',KOOLI',NO'
MVJ4361101',ಲಕ್ಷ್ಮಮ್ಮ',ರಾಮಕೃಷ್ಣನಾಯ್ಕ',73',41',ಹೆಣ್ಣು',',LAMBANI',KOOLI',NO'
MVJ1660877',ಎನ್ ಜಯಲಕ್ಷ್ಮಿ',ಆರ್ ಲಕ್ಷ್ಮಣನಾಂ',73',40',ಹೆಣ್ಣು',',LAMBANI',KOOLI',NO'
ALQ2616761',ತುಳಸಮ್ಮ ಎನ್',ಆರ್ ಕುಮಾರ್ ನಾಯ್ಕ',74',48',ಹೆಣ್ಣು',',LAMBANI',ANGANWADI TEACHER',NO'
MVJ1660802',ಆರ್ ಕುಮಾರ್',ರಾಮಾನಾಯ್ಕ',74',47',ಗಂಡು',',LAMBANI',KOOLI',NO'
ALQ2616779',ಶೇಷಾನಾಯ್ಕ',ಚಿಕ್ಕಲಾಲೂನಾ',75',70',ಗಂಡು',',LAMBANI',KOOLI',NO'
ALQ2616787',ಮಂಗಮ್ಮ',ಶೇಷಾನಾಯ್ಕ',75',62',ಹೆಣ್ಣು',',LAMABNI',KOOLI',NO'
ALQ2616795',ರಮೇಶನಾಯ್ಕ',ಶೇಷಾನಾಯ್ಕ',75',42',ಗಂಡು',',LAMBANI',FARMER',NO'
ALQ2616829',ಗೌರಮ್ಮ',ನಾಗರಾಜನಾಯ್ಕ',77',57',ಹೆಣ್ಣು',',LAMBANI',AGED',NO'
ALQ2616837',ಆಶ್ವತ್ಥನಾಯ್ಕ',ನಾಗರಾಜನಾಯ್ಕ',77',48',ಗಂಡು',',LAMBANI',KOOLI',NO'
MVJ1660612',ಆದಿಲಕ್ಷ್ಮಮ್ಮ',ಅಶ್ವತ್ಥನಾಯ್ಕ',77',48',ಹೆಣ್ಣು',',LAMBANI',COOK IN GOVT. SCHOOL',NO'
ALQ2616845',ಲಕ್ಷ್ಮಿ',ನಾಗರಾಜನಾಯ',77',43',ಗಂಡು',',LAMBANI',KOOLI',NO'
MVJ1560556',ಪೀರುನಾಯ್ಕ',ವೆಂಕೂನಾಯ್ಕ',78',51',ಗಂಡು',',LAMBANI',KOOLI',NO'
ALQ1259712',ತೊಳಸಮ್ಮ',ಪೀರುನಾಯ್ಕ',78',48',ಹೆಣ್ಣು',',LAMABNI',KOOLI',NO'
ALQ0016840',ಲತಾ',ಕೃಷ್ಣನಾಯ್ಕ',49',33',ಹೆಣ್ಣು',',LAMBANI',KOOLI',NO'
ALQ2616472',ರುಕ್ಕಿಣಮ್ಮ',ಚಂದ್ರನಾಯ್ಕ',54 1',57',ಹೆಣ್ಣು',',LAMBANI',KOOLI',NO'
MVJ1560812',ನೀಲಮ್ಮ',ಚಂದ್ರನಾಯ್ಕ',60 1',41',ಹೆಣ್ಣು',YES',LAMBANI',',NO'
ALQ3244381',ಚಂದನ ಎಚ್ ಎನ್ ತಾಯಿಯ',ಅನಸೂಯಮ್ಮ',22',18',ಹೆಣ್ಣು',',SADRU',STUDENT',NO'
ALQ3244415',ಭಾವನ ಎಚ್ ಎಸ್ ತಾಯಿಯ',ಅಶ್ವಥಮ್ಮ ಬಿ ಜೆ',42',18',ಹೆಣ್ಣು',',SADRU',STUDENT',NO'
ALQ3263373',HARISH NAYAK',GANGADARA NAYAKA',68',18',ಗಂಡು',',LAMBANI',RE BORING',NO'
ALQ3266681',NETHRA',SHIVAAKUMAR',66',26',ಹೆಣ್ಣು',',LAMBANI',HOUSE -WIFE',NO'
ALQ3267333',LIKITHA S',SHANKARAPPA',15',19',ಹೆಣ್ಣು',',SADRU',STUDENT',NO'