ALQ2437838',ಡಿ ರಾಮಾಂಜಿನಮ್ಮ',ರಾಮಕೃಷ್ಣ',0',26',ಹೆಣ್ಣು',',SC',FARMER',NO'
ALQ3211737',ಅನಿತ',ಮಂಜುನಾಥ ಟಿ',0',24',ಹೆಣ್ಣು',',SADRU',GARMENTS',NO'
ALQ2505444',ಬಿ ಜಿ ನಾಗೇಶ್',ಗಂಗಾಧರಪ್ಪ',0',23',ಗಂಡು',',SADRU',FACTORY WORKER',NO'
ALQ3067147',ವರಲಕ್ಷ್ಮೀ ಬಿಜಿ',ಗೋವಿಂದಪ್ಪ',0',22',ಹೆಣ್ಣು',',SADRU',STUDENT',NO'
ALQ2136232',ನೇತ್ರಾವತಿ ಡಿ ಕೆ',ಗೋವಿಂದರಾಜು',1',34',ಹೆಣ್ಣು',',SADRU',FARMER',NO'
ALQ0233478',ಗೋವಿಂದರಾಜು',ನಂಜುಡಪ್ಪ',1',33',ಗಂಡು',',SADRU',FARMER',NO'
ALQ2515542',ಗಣೇಶ ಬಿ',ಬಲರಾಮಪ್ಪ',1',23',ಗಂಡು',',SADRU',STUDENT',NO'
ALQ2515559',ಹರೀಶ ಬಿ ಎಮ್',ಮಂಜುನಾಥ',1',23',ಗಂಡು',',SADRU',STUDENT',NO'
ALQ1006733',ಗಂಕಾರ್ ನರಸೀಯಪ್ಪ',ನರಸಪ್ಪ',1',91',ಗಂಡು',',DEATH',',NO'
ALQ1006758',ನಂಜುಂಡಪ್ಪ ಬಿ ಎನ್',ಗಂಕಾರ್\u200cನರಸೀಯಪ್ಪ',1',69',ಗಂಡು',',SADRU',FARMER',NO'
MVJ1460492',ರತ್ನಮ್ಮ',ಬಿ ಎನ್ ನಂಜುಂಡತ',1',51',ಹೆಣ್ಣು',',SADRU',FARMER',NO'
ALQ1006766',ಬಲರಾಮಪ್ಪ',ಗಂಕಾರ್\u200cನರಸೀಯಪ್ಪ',1',49',ಗಂಡು',',SADRU',FARMER',NO'
ALQ1006774',ಕಮಲಮ್ಮ',ಬಲರಾಮಪ್ಪ',1',46',ಹೆಣ್ಣು',',SADRU',FARMER',NO'
ALQ2120202',ಮಂಜುನಾಥ್',ಗಂಕಾರ್\u200cನರಸೀಯಪ್ಪ',1',46',ಗಂಡು',',SADRU',FARMER',NO'
ALQ1006790',ಸುಶೀಲಮ್ಮ',ಮಂಜುನಾಥ್',1',41',ಹೆಣ್ಣು',',SADRU',FARMER',NO'
MVJ1360650',ರಾಮಚಂದ್ರಪ್ಪ',ಗಂಕಾರ್\u200cನರಸೀಯಪ್ಪ',1',41',ಗಂಡು',',SADRU',FARMER',NO'
ALQ2574135',ವಿಜಿಯಮ್ಮ',ರಾಮಚಂದ್ರಪ್ಪ',1',40',ಹೆಣ್ಣು',',SADRU',FARMER',NO'
MVJ1361526',ಬಿ ಎನ್ ರಮೇಶ್ ಕುಮಾರ್',ಬಿ ಎನ್ ನಂಜುಂ',1',37',ಗಂಡು',',SADRU',FACTORY WORKER',NO'
ALQ2212579',ರಾಧಮ್ಮ',ಬಿ ಎನ್ ರಮೇಶ ಕುಮಾರ್',1',33',ಹೆಣ್ಣು',',SADRU',GARMENTS',NO'
ALQ2212553',ಬಿ ಅರ್ ನವೀನ್ ಕುಮಾರ್',ರಾಮಚಂದ್ರಪ್ಪ',1',27',ಗಂಡು',',SADRU',GARMENTS',NO'
ALQ2985737',ಮನೋಹರ್\u200c ಬಿ ಎಂ',ಮಂಜುನಾಥ್ ಬಿ ಎನ್',1',22',ಗಂಡು',',SADRU',STUDENT',NO'
ALQ3144235',ಅರುಣ್ ಕುಮಾರ್ ಬಿ ಆರ್',ರಾಮಚಂದ್ರಪ್ಪ ಬಿ ಎನ್',1',22',ಗಂಡು',',SADRU',STUDENT',NO'
ALQ2227841',ಕಲ್ಪನ',ಕೃಷ್ಣ ಕುಮಾರ್',2',29',ಹೆಣ್ಣು',',SADRU',FARMER',NO'
MVJ3464294',ಕೃಷ್ಣ ಕುಮಾರ್',ನಂಜುಂಡಪ್ಪ',2',37',ಗಂಡು',',SADRU',FARMER',NO'
ALQ0617142',ಚನ್ನರಾಜ',ನಜುಂಡಪ್ಪ',3',34',ಗಂಡು',',SADRU',CHILLRE ANGADI',NO'
ALQ1006808',ನಂಜುಂಡಪ್ಪ',ಅಶ್ವತ್ಥಪ್ಪ',3',61',ಗಂಡು',',SADRU',FARMER',NO'
ALQ1006816',ತಿಮ್ಮಕ್ಕ',ನಂಜುಂಡಪ್ಪ',3',56',ಹೆಣ್ಣು',',SADRU',FARMER',NO'
ALQ3145430',ಸಂತೋಷ್ ಕುಮಾರ್ ಎನ್',ನಂಜುಂಡಪ್ಪ',',20',ಗಂಡು',',SADRU',STUDENT',NO'
ALQ0233874',ಬಿ ಎಸ್ ರೋಹಿತ್',ಬಿ ಎನ್ ಶ್ರೀನಿವಾಸ ಮೂರ್ತಿ',',33',ಗಂಡು',',SADRU',GAS DISTTRIBUTOR',NO'
ALQ0617530',ಜಗದೀಶ ಬಿ ಎಲ್',ಲಕ್ಷ್ಮೀಪತಿ',4',34',ಗಂಡು',',SADRU',LORRY DRIVER',NO'
ALQ2001568',ನರಸಿಂಹಮೂರ್ತಿ',ಗೋವಿಂದಪ್ಪ',4',32',ಗಂಡು',',SADRU',GARMENTS',NO'
ALQ1006824',ಲಕ್ಷ್ಮೀಪತಿ',ಚಿಕ್ಕವೆಂಕಟರವಣಪ',4',61',ಗಂಡು',',SADRU',FARMER',NO'
ALQ2574143',ಭಾಗ್ಯಮ್ಮ',ಲಕ್ಷ್ಮೀಪತಿ',4',51',ಹೆಣ್ಣು',',SADRU',FARMER',NO'
ALQ3067139',ಕಾರ್ತಿಕ್ ಎಲ್',ಲಕ್ಷ್ಮೀಪತಿ',5',22',ಗಂಡು',',SC',GARMENTS',NO'
ALQ1006832',ಲಕ್ಷ್ಮೀಪತಿ',ವಸಂತಪ್ಪ',5',49',ಗಂಡು',',SC',KOOLI',NO'
MVJ3463478',ಅಶ್ವತ್ಥಮ್ಮ',ಲಕ್ಷ್ಮೀಪತಿ',5',41',ಹೆಣ್ಣು',',SC',KOOLI',NO'
ALQ2001550',ನರಸಿಂಹಮೂರ್ತಿ',ಚಿಕ್ಕವೆಂಕಟರವಣಪ್ಪ',6',50',ಗಂಡು',',SADRU',FARMER',NO'
ALQ0231027',ಉಗ್ರನರಸಪ್ಪ',ನರಸಿಂಹಪ್ಪ',6',46',ಗಂಡು',',SC',KOOLI',NO'
MVJ3463445',ನಾರಾಯಣಮ್ಮ',ಉಗ್ರ ನರಸಪ್ಪ',6',37',ಹೆಣ್ಣು',',SC',KOOLI',NO'
ALQ0441733',ಎನ್ ನರಸಿಂಹಮೂರ್ತಿ',ನರಸೀಯಪ್ಪ',8',50',ಗಂಡು',',SC',KOOLI',NO'
ALQ2990760',ಬಿ ಚಂದ್ರಕಲಾ',ಎನ್ ನರಸಿಂಹಮೂರ್ತಿ',8',36',ಹೆಣ್ಣು',',SC',KOOLI',NO'
ALQ2390607',ಎನ್ ಹೇಮಲತ',ಎನ್ ನರಸಿಂಹಮೂರ್ತಿ',8',27',ಹೆಣ್ಣು',',SC',KOOLI',NO'
ALQ2969749',ಎನ್ ಶಿವರಾಜ್ ಕುಮಾರ್',ನರಸಿಂಹಮೂರ್ತಿ',8',22',ಗಂಡು',',SC',STUDENT',NO'
MVJ4040952',ಶಿವರಾಂ ಬಿ ಎಲ್',ಬಿ ಡಿ ಲಕ್ಷ್ಮೀನರಸ',9',36',ಗಂಡು',',SC',KOOLI',NO'
ALQ2212603',ಶ್ರೀವೇಣಿ',ಶಿವರಾಮ್ ಬಿ ಎಲೆ',9',32',ಹೆಣ್ಣು',',SC',KOOLI',NO'
ALQ1006865',ಲಕ್ಷ್ಮೀನರಸಪ್ಪ',ದಾಸಪ್ಪ',9',61',ಗಂಡು',',SC',FARMER',NO'
ALQ1006873',ಸಂಜೀವಮ್ಮ',ಲಕ್ಷ್ಮೀನರಸಪ್ಪ',9',56',ಹೆಣ್ಣು',',SC',FARMER',NO'
ALQ2475226',ಲಕ್ಷ್ಮೀಪತಿ ಡಿ',ದಾಸಪ್ಪ',9',47',ಗಂಡು',',SC',GARMENTS',NO'
MVJ3463809',ಉಗ್ರ ನರಸಪ್ಪ',ಲಕ್ಷ್ಮಿ ನರಸಪ್ಪ',9',41',ಗಂಡು',',SC',KOOLI',NO'
MVJ4040960',ನಾರಾಯಣ ಸ್ವಾಮಿ',ಲಕ್ಷ್ಮಿ ನರಸಪ್ಪ',9',39',ಗಂಡು',',SC',GARMENTS',NO'
ALQ2212645',ಸವಿತ',ನಾರಾಯಣ ಸ್ವಾಮಿ',9',37',ಹೆಣ್ಣು',',SC',GARMENTS',NO'
MVJ3463791',ಶಶಿಕಲಾ',ಉಗ್ರ ನರಸಪ್ಪ',9',36',ಹೆಣ್ಣು',',SC',KOOLI',NO'
ALQ2001527',ಚೌಡಪ್ಪ ಬಿ ಎನ್',ನಾರಾಯಣಪ್ಪ',11',29',ಗಂಡು',',SC',WIEVER',NO'
ALQ2185627',ಉಗ್ರನರಸಪ್ಪ',ನರಸೀಯಪ್ಪ',12',51',ಗಂಡು',',SC',KOOLI',NO'
ALQ1006899',ಲಲಿತಮ್ಮ',ಉಗ್ರನರಸಪ್ಪ',12',42',ಹೆಣ್ಣು',',SC',KOOLI',NO'
ALQ2505469',ಜ್ಯೋತಿ ಯು',ಪ್ರವೀಣ್ ಎಲ್',12',23',ಹೆಣ್ಣು',',SC',GARMENTS',NO'
ALQ3169265',ರಾಜೇಶ್ ಯು',ಉಗ್ರನರಸಪ್ಪ',12',19',ಗಂಡು',',SC',GARMENTS',NO'
ALQ0233817',ನರಸೀಯಪ್ಪ',ನರಸೀಯಪ್ಪ',13',75',ಗಂಡು',',SC',KOOLI',NO'
ALQ2304988',ನರಸಿಂಹಮೂರ್ತಿ',ನರಸೀಯಪ್ಪ',13',44',ಗಂಡು',',SC',GARMENTS',NO'
ALQ2151660',ಅಮರನಾರಾಯಣ',ನರಸೀಯಪ್ಪ',13',38',ಗಂಡು',',SC',TEMPO DRIVER',NO'
ALQ2227866',ಮಂಜುಳ ಜಿ ಎನ್',ನರಸಿಂಹಮೂರ್ತಿ',13',36',ಹೆಣ್ಣು',',SC',KOOLI',NO'
ALQ2001279',ಉಗ್ರಪ್ಪ',ನರಸಿಯಪ್ಪ',13',34',ಗಂಡು',',SC',GARMENTS',NO'
ALQ2001535',ಮಂಜುನಾಥ ಬಿ ಎಮ್',ಮಲ್ಲೇಶಪ್ಪ',13',32',ಗಂಡು',',SC',TEMPO DRIVER',NO'
ALQ2212538',ಆಶಾರಾಣಿ ಜಿ',ಅಮರನಾರಾಯಣ',13',32',ಹೆಣ್ಣು',',SC',GARMENTS',NO'
ALQ2001543',ಮಮತ ಬಿ ಎಮ್ ',ಮಲ್ಲೇಶಪ್ಪ',',29',ಹೆಣ್ಣು',',DELETED',',NO'
ALQ2212637',ವಾಣಿ ಎನ್ ವಿ',ಉಗ್ರಪ್ಪ ಎನ್',13',28',ಹೆಣ್ಣು',',SC',GARMENTS',NO'
ALQ1006907',ಚಿಕ್ಕನರಸಿಂಹಪ್ಪ',ದಾಸಪ್ಪ',14',77',ಗಂಡು',',SC',KOOLI',NO'
ALQ1006915',ಲಕ್ಷ್ಮೀದೇವಮ್ಮ',ಚಿಕ್ಕನರಸಿಂಹಪ್ಪ',14',61',ಹೆಣ್ಣು',',SC',KOOLI',NO'
ALQ2001287',ನರಸಮ್ಮ',ನರಸಿಯಪ್ಪ',14',55',ಹೆಣ್ಣು',',SC',KOOLI',NO'
ALQ2001295',ಶ್ರೀಧರ್',ಚಿಕ್ಕನರಸಿಂಹಪ್ಪ',14',32',ಗಂಡು',',SC',GARMENTS',NO'
ALQ2001576',ನಾಗರತ್ನ ಎ ಬಿ',ಬಸವರಾಜು ಬಿ ಸಿ',14',32',ಹೆಣ್ಣು',',SADRU',FARMER',NO'
ALQ1006923',ಗೋವಿಂದಪ್ಪ',ನರಸಿಂಹಪ್ಪ',15',71',ಗಂಡು',',SC',FARMER',NO'
ALQ2574150',ಲಕ್ಷ್ಮಮ್ಮ',ಗೋವಿಂದಪ್ಪ',15',56',ಹೆಣ್ಣು',',SC',FARMER',NO'
ALQ2001303',ನಾರಾಯಣಪ್ಪ',ಗೋವಿಂದಪ್ಪ',15',36',ಗಂಡು',',SC',GARMENTS',NO'
ALQ2001584',ಭಾರತಮ್ಮ',ನಾರಾಯಣಪ್ಪ',15',36',ಹೆಣ್ಣು',',SC',GARMENTS',NO'
ALQ1006931',ಬಿ ಜಿ ನರಸಿಂಹಮೂರ್ತಿ',ಗೋವಿಂದಪ್ಪ',15',32',ಹೆಣ್ಣು',',SC',GARMENTS',NO'
ALQ1006949',ವೆಂಕಟನರಸಪ್ಪ',ನರಸಿಂಹಪ್ಪ',16',61',ಗಂಡು',',SC',KOOLI',NO'
MVJ3463437',ಲಕ್ಷ್ಮೀದೇವಮ್ಮ',ವೆಂಕಟನರಸಪ್ಪ',16',51',ಹೆಣ್ಣು',',SC',KOOLI',NO'
ALQ2505485',ವಿ ರಾಘವೇಂದ್ರ',ವೆಂಕಟನರಸಪ್ಪ',16',23',ಗಂಡು',',SC',GARMENTS',NO'
ALQ1006964',ಗಂಗಮ್ಮ',ಗಂಗಾದರಪ್ಪ',17',60',ಹೆಣ್ಣು',',SC',FARMER',NO'
ALQ1006956',ಗಂಗಾಧರಪ್ಪ',ನರಸಿಂಹಪ್ಪ',17',65',ಗಂಡು',',SC',FARMER',NO'
ALQ1810605',ನರಸಿಂಹಮೂರ್ತಿ ಇತರೆ ಸಂಬಂಧಿಯ',ಗಂಗಾಧರಪ್ಪ',17',37',ಗಂಡು',',SC',GARMENTS',NO'
ALQ1810613',ಉಮಾದೇವಿ',ನರಸಿಂಹಮೂರ್ತಿ',17',35',ಹೆಣ್ಣು',',SC',GARMENTS',NO'
ALQ1810621',ಬಿ ಜಿ ನ ವೀನ್\u200cಕುಮಾರ್',ಗಂಗಾಧರಪ್ಪ',17',30',ಗಂಡು',',SC',GARMENTS',NO'
ALQ2151652',ರಾಮಪ್ಪ',ದಾಸಪ್ಪ',18',82',ಗಂಡು',',SC',KOOLI',NO'
ALQ2227775',ಹನುಮಕ್ಕ',ರಾಮಪ್ಪ',18',72',ಹೆಣ್ಣು',',SC',KOOLI',NO'
ALQ1006972',ಗೋವಿಂದಪ್ಪ',ರಾಮಪ್ಪ',18',43',ಗಂಡು',',SC',KOOLI',NO'
MVJ3464435',ಗಿರಿಜಮ್ಮ',ಗೋವಿಂದಪ್ಪ',18',39',ಹೆಣ್ಣು',',SC',KOOLI',NO'
ALQ1007004',ದಾಸಪ್ಪ',ನರಸೀಯಪ್ಪ',19',81',ಗಂಡು',',SC',KOOLI',NO'
ALQ1007012',ಶ್ರೀರಾಮಪ್ಪ',ದಾಸಪ್ಪ',19',49',ಗಂಡು',',SC',KOOLI',NO'
ALQ1007020',ನರಸೀಯಪ್ಪ',ದಾಸಪ್ಪ',19',47',ಗಂಡು',',SC',KOOLI',NO'
ALQ1810639',ಲಕ್ಷ್ಮೀ ಪತಿ ಡಿ',ದಾಸಪ್ಪ',19',44',ಗಂಡು',',SC',GARMENTS',NO'
ALQ1810647',ಗೋಪಾಲ',ದಾಸಪ್ಪ',19',41',ಗಂಡು',',SC',KOOLI',NO'
ALQ2001311',ನಾರಾಯಣಮ್ಮ',ಗೋಪಾಲ',19',36',ಹೆಣ್ಣು',',SC',KOOLI',NO'
ALQ2187011',ಶ್ರೀರಾಮಯ್ಯ',ರಾಮಪ್ಪ',21',66',ಗಂಡು',',SC',KOOLI',NO'
ALQ2187029',ವೆಂಕಟಲಕ್ಷ್ಮಮ್ಮ',ಶ್ರೀರಾಮಯ್ಯ',21',53',ಹೆಣ್ಣು',',SC',KOOLI',NO'
ALQ2390854',ಮಂಜುಳ',ನರಸಿಂಹಮೂರ್ತಿ',21',38',ಹೆಣ್ಣು',',SC',KOOLI',NO'
ALQ2186922',ಬಿ ಎಸ್ ರಮೇಶಕುಮಾರ್',ಶ್ರೀರಾಮಯ್ಯ',21',37',ಗಂಡು',',SC',GARMENTS',NO'
ALQ1007038',ವರಲಕ್ಷ್ಮಿ',ಬಿ ಜಿ ವಸಂತಪ್ಪ',22',35',ಹೆಣ್ಣು',',SC',KOOLI',NO'
ALQ1007046',ತಿಪ್ಪಣ್ಣ',ಕದಿರಪ್ಪ',3',66',ಗಂಡು',',DEATH',DEATH',NO'
ALQ1007053',ಶಾಂತಮ್ಮ',ತಿಪ್ಪಣ್ಣ',3',56',ಹೆಣ್ಣು',',SC',KOOLI',NO'
ALQ0616912',ಮಂಜುನಾಥ ಟಿ',ತಿಪ್ಪಣ್ಣ',23',35',ಗಂಡು',',SC',GARMENTS',NO'
ALQ1007079',ಲಕ್ಷ್ಮಮ್ಮ',ದಾಸಪ್ಪ',24',81',ಹೆಣ್ಣು',',',DEATH',NO'
ALQ1007087',ನರಸಿಂಹಮೂರ್ತಿ',ದಾಸಪ್ಪ',24',47',ಗಂಡು',',SC',KOOLI',NO'
ALQ1007095',ನಾಗಮಣಿ',ನರಸಿಂಹಮೂರ್ತಿ',24',41',ಹೆಣ್ಣು',',SC',KOOLI',NO'
MVJ1460682',ಸುವರ್ಣಮ್ಮ',ನಾಗರಾಜಪ್ಪ',24',41',ಹೆಣ್ಣು',',SC',KOOLI',NO'
MVJ1360957',ನಾಗರಾಜಪ್ಪ',ದಾಸಪ್ಪ',24',37',ಗಂಡು',',SC',KOOLI',NO'
ALQ2505451',ಅನಿಲ್ ಎನ್',ನರಸಿಂಹಮೂರ್ತಿ',24',24',ಗಂಡು',',SC',GARMENTS',NO'
ALQ3079639',ಜಗದೀಶ ಬಿ ಎನ್',ನರಸಿಂಹಮೂರ್ತಿ',24',21',ಗಂಡು',',SC',',YES'
ALQ1007111',ಶ್ರೀರಾಮಪ್ಪ',ನರಸೀಯಪ್ಪ',26',56',ಗಂಡು',',SC',FOREST DEPT.',NO'
ALQ2001329',ಬಿ ಎಸ್ ನವೀನ್ ಕುಮಾರ್',ಶ್ರೀರಾಮಪ್ಪ',26',29',ಗಂಡು',',SC',KOOLI',NO'
ALQ2475234',ವೀಣಾ',ನವೀನ್ ಕುಮಾರ್',26',25',ಹೆಣ್ಣು',',SC',KOOLI',NO'
ALQ1007137',ಹನುಮಂತರಾಯಪ್ಪ',ಚಿಕ್ಕಹನುಮಂತಪ್ಪ',27',70',ಗಂಡು',',SC',KOOLI',NO'
ALQ1007145',ಚಿಕ್ಕನರಸಮ್ಮ',ಹನುಮಂತರಾಯ',27',56',ಹೆಣ್ಣು',',SC',KOOLI',NO'
MVJ1360999',ದೇವರಾಜಪ್ಪ',ಹನುಮಂತರಾಯಪ್ಪ',27',38',ಗಂಡು',',SC',KOOLI',NO'
ALQ1007152',ನರಸಿಂಹಪ್ಪ',ಕದಿರಪ್ಪ',28',56',ಗಂಡು',',SC',KOOLI',NO'
ALQ1007160',ನರಸಮ್ಮ',ನರಸಿಂಹಪ್ಪ',28',55',ಹೆಣ್ಣು',',SC',KOOLI',NO'
ALQ1007178',ಲಕ್ಷ್ಮೀ ನರಸಪ್ಪ ಬಿ ಎನ್',ನರಸಿಂಹಯ್ಯಕೆ',28',34',ಗಂಡು',',SC',KOOLI',NO'
ALQ1007202',ಉಗ್ರಪ್ಪ',ನಡಿಪಣ್ಣ',30',83',ಗಂಡು',',SC',DEATH',NO'
ALQ0233882',ನರಸಮ್ಮ',ಉಗ್ರಪ್ಪ',30',77',ಹೆಣ್ಣು',',.SC',KOOLI',NO'
MVJ3464005',ನರಸಿಂಹಮೂರ್ತಿ',ಉಗ್ರಪ್ಪ',30',50',ಗಂಡು',',SC',FARMER',NO'
MVJ3464310',ತೇಜಸ್ವಿನಿ',ನರಸಿಂಹಮರ್ತಿ',30',37',ಹೆಣ್ಣು',',SC',FARMER',NO'
ALQ3016003',ನವತೇಜ ಎನ್',ನರಸಿಂಹಮೂರ್ತಿ',30',21',ಗಂಡು',',SC',STUDENT',NO'
ALQ2151645',ನರಸೀಯಪ್ಪ',ರಾಮಪ್ಪ',31',51',ಗಂಡು',',SC',GARMENTS',NO'
ALQ1007228',ರತ್ನಮ್ಮ',ನರಸೀಯಪ್ಪ',31',46',ಹೆಣ್ಣು',',SC',KOOLI',NO'
ALQ2227874',ಅಶೋಕ ಎನ್',ನರಸೀಯಪ್ಪ',31',25',ಗಂಡು',',SC',KOOLI',NO'
ALQ2969756',ಅಭಿಷೇಕ ಬಿ ಎನ್',ನರಸೀಯಪ್ಪ',31',22',ಗಂಡು',',S C',KOOLI',NO'
ALQ3169422',ಅನುಷ ಎನ್',ನರಸೀಯಪ್ಪ',31',19',ಹೆಣ್ಣು',',SC',KOOLI',NO'
ALQ1007244',ನಾರಾಯಣಪ್ಪ',ಕದಿರಪ್ಪ',32',51',ಗಂಡು',',SC',KOOLI',NO'
ALQ1007251',ಸರೋಜಮ್ಮ',ನಾರಾಯಣಪ್ಪ',32',49',ಹೆಣ್ಣು',',SC',KOOLI',NO'
ALQ2505410',ಸರಸ್ವತಿ ಎನ್',ನಾರಾಯಣಪ್ಪ',32',25',ಹೆಣ್ಣು',',SC',GARMENTS',NO'
ALQ2505493',ನರೇಂದ್ರ ಬಾಬು ಎನ್',ನಾರಾಯಣಪ್ಪ',32',23',ಗಂಡು',',SC',GARMENTS',NO'
ALQ3067170',ನೇತ್ರಾವತಿ ಬಿ ಎನ್',ನಾರಾಯಣಪ್ಪ',32',22',ಹೆಣ್ಣು',',SC',GARMENTS',NO'
ALQ1007277',ನರಸಿಂಹಪ್ಪ',ಉಗ್ರಪ್ಪ',34',66',ಗಂಡು',',SC',FARMER',NO'
ALQ1007285',ಜಯಮ್ಮ',ನರಸಿಂಹಪ್ಪ',34',56',ಹೆಣ್ಣು',',SC',FARMER',NO'
MVJ1360692',ರಾಮಕೃಷ್ಣ',ನರಸಿಂಹಪ್ಪ',34',38',ಗಂಡು',',SC',CAR DRIVER',NO'
ALQ2212629',ದಾಕ್ಷಾಯಿಣಿ',ರಾಮಕೃಷ್ಣ',34',36',ಹೆಣ್ಣು',',SC',HOUSE -WIFE',NO'
ALQ1007327',ನರಸಮ್ಮ',ನರಸೀಯಪ್ಪ',36',86',ಹೆಣ್ಣು',',SC',FARMER',NO'
ALQ2325850',ನಾರಾಯಣಪ್ಪ ಎನ್',ನರಸೀಯಪ್ಪ',36',56',ಗಂಡು',',SC',SUPERISOR AT COMPANY',NO'
ALQ2185619',ಶಿವಕುಮಾರ್',ನರಸೀಯಪ್ಪ',36',46',ಗಂಡು',',SC',FARMER',NO'
ALQ2505386',ಗಂಗಾದೇವಿ',ಶಿವ ಕುಮಾರ್',36',34',ಹೆಣ್ಣು',',SC',FARMER',NO'
ALQ2120160',ನರಸಿಂಹಮೂರ್ತಿ',ನರಸಿಂಹಪ್ಪ',37',39',ಗಂಡು',',SC',KOOLI',NO'
ALQ2117976',ಪ್ರಮೀಳಮ್ಮ',ನರಸಿಂಹಮೂರ್ತಿ',37',38',ಹೆಣ್ಣು',',SC',KOOLI',NO'
ALQ1007368',ರಾಮಪ್ಪ',ಮೆಳ್ಯಪ್ಪ',38',71',ಗಂಡು',',SC',DEATH',NO'
ALQ1007376',ತಿಮ್ಮಕ್ಕ',ರಾಮಪ್ಪ',38',65',ಹೆಣ್ಣು',',SC',KOOLI',NO'
ALQ2574168',ನರಸೀಯಪ್ಪ',ರಾಮಪ್ಪ',38',44',ಗಂಡು',',SC',SHEEP FARMING',NO'
ALQ2120194',ರಮೇಶ್ ಬಿ ಆರ್',ರಾಮಪ್ಪ',38',37',ಗಂಡು',',SC',AUTO DRIVER',NO'
ALQ2227908',ಲಕ್ಷ್ಮಮ್ಮ ಹೆಚ್',ನಾರಾಯಣ',38',35',ಹೆಣ್ಣು',',SC',KOOLI',NO'
ALQ2505477',ಸುನಿತ',ನರಸೀಯಪ್ಪ',38',26',ಹೆಣ್ಣು',',SC',KOOLI',NO'
ALQ2969731',ಕವಿತ ಆರ್',ರಮೇಶ್ ಬಿ ಆರ್',38',26',ಹೆಣ್ಣು',',SC',AUTO DRIVER',NO'
ALQ1007392',ಲಕ್ಷ್ಮಮ್ಮ',ವೆಂಕಟರಮಣಪ್ಪ',39',86',ಹೆಣ್ಣು',',SC',AGED',NO'
ALQ1007400',ಗೋವಿಂದಪ್ಪ',ವೆಂಕಟರವಣಪ್ಪ',39',71',ಗಂಡು',',SC',FARMER',NO'
ALQ1007418',ನರಸಮ್ಮ',ಗೋವಿಂದಪ್ಪ',39',62',ಹೆಣ್ಣು',',SC',FARMER',NO'
MVJ4442901',ವೆಂಕಟೇಶ್ ಜಿ',ಗೋವಿಂದಪ್ಪ',39',38',ಗಂಡು',',DEATH',',NO'
ALQ2001337',ಶಿವಕುಮಾರ್ ಬಿ ಜೆ',ಗೋವಿಂದಪ್ಪ',39',30',ಗಂಡು',',SC',GARMENTS',NO'
ALQ2227817',ಶ್ರೀನಿವಾಸ ಬಿ ಜಿ',ಗೋವಿಂದಪ್ಪ',39',25',ಗಂಡು',',SC',GARMENTS',NO'
ALQ2505394',ಸುಮಿತ್ರಸಿ',ವೆಂಕಟೇಶ್ ಜಿ',39',25',ಹೆಣ್ಣು',',SC',GARMENTS',NO'
ALQ1007434',ವಸಂತಪ್ಪ',ದಾಸಪ್ಪ',40',81',ಗಂಡು',',SC',FARMER',NO'
ALQ2574176',ಗಂಗಮ್ಮ',ವಸಂತಪ್ಪ',40',71',ಹೆಣ್ಣು',',SC',FARMER',NO'
ALQ2001345',ಲಕ್ಷ್ಮೀನಾರಾಯಣ ವಿ',ವಸಂತಪ್ಪ',40',45',ಗಂಡು',',SC',LAWYER',NO'
ALQ2001352',ಹಸೀನಾ ಬಿ ಪಿ',ವಿ ಲಕ್ಷ್ಮೀ ನಾರಾಯ',40',36',ಹೆಣ್ಣು',',SC',HOUSE -WIFE',NO'
ALQ1007467',ಕೆ ನರಸಿಂಹಮೂರ್ತಿ',ಕದಿರೇಪತಪ್ಪ',41',61',ಗಂಡು',',SC',SHEEP FARMING',NO'
ALQ1007475',ಅಶ್ವತ್ಥಮ್ಮ',ಕೆ ನರಸಿಂಹಮೂರ್ತಿ',41',51',ಹೆಣ್ಣು',',SC',KOOLI',NO'
ALQ1008259',ಬಿ ಎನ್ ರಘುಪತಿ',ಕೆ ನರಸಿಂಹಮೂರ್ತಿ',41',38',ಗಂಡು',',SC',GARMENTS',NO'
ALQ2120178',ಪಾಂಡುರಂಗ',ಕೆ ನರಸಿಂಹಮೂ',41',31',ಗಂಡು',',SC',KOOLI',NO'
ALQ2001360',ನಂದೀಶಕುಮಾರ್ ಬಿ ಎನ್',ನರಸಿಂಹಮೂರ್ತಿ ಕೆ',41',28',ಗಂಡು',',SC',KOOLI',NO'
ALQ2515567',ಅನಿತಲಕ್ಷ್ಮೀ ಎನ್',ಬಿ ಎನ್ ರಘುಪತಿ',41',23',ಹೆಣ್ಣು',',SC',GARMENTS',NO'
ALQ0233957',ಕೆ ಲಕ್ಷ್ಮೀಪತಿ',ಕದಿರೇಪತಪ್ಪ',42',59',ಗಂಡು',',SC',FARMER',NO'
MVJ1461094',ಸೌಭಾಗ್ಯಮ್ಮ',ಕೆ ಲಕ್ಷ್ಮೀ ಪತಿ',42',51',ಹೆಣ್ಣು',',SC',FARMER',NO'
ALQ2151678',ಸಂತೋಷ್',ಲಕ್ಷ್ಮೀಪತಿ',42',27',ಗಂಡು',',SC',FARMER',NO'
ALQ0233460',ಕೆ ಲಕ್ಷ್ಮೀನಾರಾಯಣಪ್ಪ',ಕದಿರಪತೆಪ್ಪ',43',52',ಹೆಣ್ಣು',',SC',PRIVATE JOB',NO'
ALQ0233866',ಲಕ್ಷ್ಮೀನರಸಮ್ಮ',ಕೆ ಲಕ್ಷ್ಮೀನಾರಾಯಣಪ್ಪ',43',46',ಹೆಣ್ಣು',',SC',ANGANWADI MADAM',NO'
ALQ2227833',ಅಭಿಷೇಕ್ ಎಲ್',ಕೆ ಲಕ್ಷ್ಮೀನಾರಾಯಣಪ್ಪ',43',25',ಗಂಡು',',SC',PRIVATE JOB',NO'
ALQ1007491',ನರಸಿಂಹಪ್ಪ',ಗೋವಿಂದಪ್ಪ',44',61',ಗಂಡು',',SC',FARMER',NO'
ALQ2186880',ನಾಗರಾಜಪ್ಪ',ಗೋವಿಂದಪ್ಪ',44',51',ಗಂಡು',',SC',FARMER',NO'
MVJ3464443',ವೆಂಕಟಲಕ್ಷ್ಮಮ್ಮ',ನರಸಿಂಹಪ್ಪ',44',51',ಹೆಣ್ಣು',',SC',FARMER',NO'
ALQ1007517',ರಾಜಮ್ಮ',ನಾಗರಾಜಪ್ಪ',44',49',ಹೆಣ್ಣು',',SC',FARMER',NO'
MVJ3464427',ಬಿ ಜಿ ವಸಂತಪ್ಪ',ಗೋವಿಂದಪ್ಪ',44',47',ಗಂಡು',',SC',KOOLI',NO'
ALQ1007525',ಕೃಷ್ಣಪ್ಪ',ಗೋವಿಂದಪ್ಪ',44',39',ಗಂಡು',',SC',KOOLI',NO'
ALQ2212611',ಉಗ್ರಮೂರ್ತಿ',ನರಸಿಂಹಪ್ಪ',44',27',ಗಂಡು',',SC',GARMENTS',NO'
ALQ2391464',ಅಭಿಷೇಕ್ ಎನ್',ನರಸಿಂಹಪ್ಪ',44',24',ಗಂಡು',',SC',STUDENT',NO'
ALQ1007541',ನರಸಪ್ಪ',ನರಸೀಯಪ್ಪ',45',61',ಗಂಡು',',SC',FARMER',NO'
ALQ1007558',ಜಯಮ್ಮ',ನರಸಪ್ಪ',45',46',ಹೆಣ್ಣು',',SC',FARMER',NO'
ALQ1008267',ನಿರ್ಮಲ ಎನ್',ನರಸಪ್ಪ',45',31',ಹೆಣ್ಣು',',SC',POLICE',NO'
ALQ2391100',ರವಿ ಚಂದ್ರನ್ ಎನ್',ನರಸಪ್ಪ',45',24',ಗಂಡು',',SC',GARMENTS',NO'
ALQ2574184',ವೆಂಕಟರವಣಪ್ಪ',ನರಸಪ್ಪ',47',71',ಗಂಡು',',SADRU',FARMER',NO'
ALQ2574192',ಗಂಗಮ್ಮ',ವೆಂಕಟರವಣಪ್ಪ',47',61',ಹೆಣ್ಣು',',SADRU',FARMER',NO'
ALQ2574200',ನರಸಿಂಹಮೂರ್ತಿ',ವೆಂಕಟರವಣಪ್ಪ',47',51',ಗಂಡು',',SADRU',ANGANWADI TEACHER',NO'
ALQ1007582',ಶಾರದಮ್ಮ',ನರಸಿಂಹಮೂರ್ತಿ',47',50',ಹೆಣ್ಣು',',SADRU',FARMER',NO'
ALQ2574218',ವೆಂಕಟಾಚಲಪತಿ',ವೆಂಕಟರವಣಪ್ಪ',47',45',ಗಂಡು',',SADRU',FARMER',NO'
MVJ4040184',ಗೌರಮ್ಮ ವಿ',ವೆಂಕಟೇಶ್',47',35',ಹೆಣ್ಣು',',SADRU',FARMER',NO'
ALQ2227940',ಹರ್ಷವರ್ಧನ್',ನರಸಿಂಹಮೂರ್ತಿ',47',25',ಗಂಡು',',SADRU',FARMER',NO'
ALQ1007608',ಕೃಷ್ಣಪ್ಪ',ನರಸೀಯಪ್ಪ',48',44',ಗಂಡು',',SC',SHEEP FARMING',NO'
ALQ1007616',ನರಸೀಯಪ್ಪ',ಉಗ್ರನರಸಪ್ಪ',49',76',ಗಂಡು',',SC',FARMER',NO'
ALQ1007624',ನರಸಮ್ಮ',ನರಸೀಯಪ್ಪ',49',61',ಹೆಣ್ಣು',',SC',FARMER',NO'
ALQ0232926',ಕೆ ನರಸೀಯಪ್ಪ',ಕದಿರೇಪತಪ್ಪ',52',66',ಗಂಡು',',SC',FARMER',NO'
ALQ0232918',ನರಸಮ್ಮ',ಕೆ ನರಸೀಯಪ್ಪ',52',56',ಹೆಣ್ಣು',',SC',FARMER',NO'
ALQ0230987',ಬಿ ಎನ್ ಶಿವಾನಂದ',ಕೆ ನರಸೀಯಪ್ಪ',52',40',ಗಂಡು',',SC',FACTORY WORKER',NO'
ALQ0232934',ಬಿ ಎನ್ ರಮೇಶ್ ಕುಮಾರ್',ಕೆ ನರಸೀಯಪ್ಪ',52',38',ಗಂಡು',',SC',FACTORY WORKER',NO'
ALQ2212561',ಚಂದ್ರಕಲ',ಬಿ ಎನ್ ಶಿವಾನಂದ',52',32',ಹೆಣ್ಣು',',SC',GARMENTS',NO'
ALQ2391571',ಭಾರತಿ ಎನ್',ರಮೇಶ್ ಕುಮಾರ್ ಬಿ ಎನ್',52',24',ಹೆಣ್ಣು',',SC',GARMENTS',NO'
ALQ1007640',ಚೌಡಮ್ಮ',ನರಸಿಂಹಪ್ಪ',55',90',ಹೆಣ್ಣು',',NEGARU',AGED',NO'
ALQ1007657',ಅದಿಲಕ್ಷ್ಮಮ್ಮ',ಚೌಡಪ್ಪ',55',51',ಹೆಣ್ಣು',',NEGARU',KOOLI',NO'
ALQ2304996',ನಾಗರಾಜ ಬಿ ಸಿ',ಆದಿಲಕ್ಷ್ಮಮ್ಮ',55',26',ಗಂಡು',',NEGARU',GARMENTS',NO'
ALQ1007673',ಲಕ್ಷ್ಮೀಪತಿ',ಚಿಕ್ಕಪ್ಪಯ್ಯ',56',59',ಗಂಡು',',NEGARU',FARMER',NO'
ALQ0232496',ಗಂಗರತ್ನಮ್ಮ',ಲಕ್ಷ್ಮೀಪತಿ',56',56',ಹೆಣ್ಣು',',NEGARU',FARMER',NO'
ALQ1007681',ನರಸಪ್ಪ',ಲಕ್ಕಿಪತಿ',56',34',ಗಂಡು',',NEGARU',SHEEP FARMING',NO'
ALQ2001394',ನಾಗರಾಜ್ ಬಿ ಎಲ್',ಲಕ್ಷ್ಮೀಪತಿ',56',30',ಗಂಡು',',NEGARU',TEMPO DRIVER',NO'
ALQ2437820',ನಂದಿನಿ ಕೆ ಎನ್',ನರಸಪ್ಪ',56',24',ಹೆಣ್ಣು',',NEGARU',HOUSE -WIFE',NO'
ALQ1007699',ಗಂಗಮ್ಮ',ತಮ್ಮಯ್ಯ',57',76',ಹೆಣ್ಣು',',SADRU',AGED',NO'
ALQ0233981',ಹೆಂಜೇರಪ್ಪ',ತಮ್ಮಯ್ಯ',57',71',ಗಂಡು',',SADRU',FARMER',NO'
MVJ1362946',ಬೊಮ್ಮಕ್ಕ',ಹೆಂಜೇರಪ್ಪ',57',66',ಹೆಣ್ಣು',',SADRU',FARMER',NO'
MVJ1362953',ನರಸಿಂಹಮೂರ್ತಿ',ಹೆಂಜೇರಪ್ಪ',57',41',ಗಂಡು',',SADRU',FARMER',NO'
MVJ1461409',ಬಿ ಹೆಚ್ ಕುಮಾರ್',ಹೆಂಜೇರಪ್ಪ',57',38',ಗಂಡು',',SADRU',FARMER',NO'
ALQ1007707',ಸುಶೀಲಮ್ಮ',ನರಸಿಂಹಮೂರ್ತಿ',57',37',ಹೆಣ್ಣು',',SADRU',FARMER',NO'
ALQ2001402',ಮಮತ',ಬಿ ಹಚ್ ಕುಮಾರ್',57',30',: ಹೆಣ್ಣು',',SADRU',FARMER',NO'
ALQ2505428',ಎನ್ ಹೇಮಂತ್ ಕುಮಾರ್',ನರಸಿಂಹಮೂರ್ತಿ',57',23',ಗಂಡು',',SADRU',STUDENT',NO'
ALQ3015997',ಸತೀಶ್ ಕುಮಾರ್ ಬಿ ಎನ್',ನರಸಿಂಹಮೂರ್ತಿ',57',21',ಗಂಡು',',SADRU',STUDENT',NO'
ALQ1007715',ಮುದ್ದೀರಪ್ಪ',ತಮ್ಮಯ್ಯ',58',83',ಗಂಡು',',SADRU',FARMER',NO'
ALQ2574226',ನರಸಮ್ಮ',ಮುದ್ದೀರಪ್ಪ',58',71',ಹೆಣ್ಣು',',SADRU',FARMER',NO'
ALQ1007731',ನರಸೀಯಪ್ಪ',ಮುದ್ದೀರಪ್ಪ',58',51',ಗಂಡು',',SADRU',FARMER',NO'
ALQ1007749',ಸಾವಿತ್ರಮ್ಮ',ನರಸೀಯಪ್ಪ',58',46',ಹೆಣ್ಣು',',SADRU',FARMER',NO'
ALQ1007756',ಗೋಪಾಲ',ಮುದ್ದೀರಪ್ಪ',58',41',ಗಂಡು',',SADRU',FARMER',NO'
ALQ2117968',ಸುನೀಲಮ್ಮ',ಗೋಪಾಲ',58',37',ಹೆಣ್ಣು',',SADRU',FARMER',NO'
ALQ2212587',ಸುನೀಲ್ ಕುಮಾರ್',ನರಸೀಯಪ್ಪ',58',27',ಗಂಡು',',SADRU',CAR DRIVER',NO'
ALQ2390227',ಹರೀಶ ಬಿ ಎನ್',ನರಸೀಯಪ್ಪ',58',24',ಗಂಡು',',SADRU',FACTORY WORKER',NO'
ALQ1007780',ಗಂಗಾಧರಪ್ಪ',ನರಸೀಯಪ್ಪ',59',51',ಗಂಡು',',SADRU',FARMER',NO'
ALQ1007798',ಗಂಗಾದೇವಿ',ಗಂಗಾಧರಪ್ಪ',59',45',ಹೆಣ್ಣು',',SADRU',FARMER',NO'
ALQ2212595',ಬಿ ಜಿ ಶಶಿ ಕುಮಾರ್',ಗಂಗಾಧರಪ್ಪ',59',27',ಗಂಡು',',SADRU',GARMENTS',NO'
ALQ2391563',ಬಿ ಜಿ ರವಿ ಕುಮಾರ್',ಗಂಗಾಧರಪ್ಪ',59',24',ಗಂಡು',',SADRU',TEMPO DRIVER',NO'
ALQ2574234',ಗಂಗಪ್ಪ',ಕೋಡಪ್ಪ',60',71',ಗಂಡು',',SADRU',FARMER',NO'
ALQ2001410',ರವಿಕುಮಾರ್',ಗಂಗಪ್ಪ',60',32',ಗಂಡು',',SADRU',FARMER',NO'
ALQ3015971',ರಮ್ಯಾಡಿ',ರವಿ ಕುಮಾರ್',60',21',ಹೆಣ್ಣು',',SADRU',FARMER',NO'
ALQ1007814',ಅಶ್ವತ್ಥಪ್ಪ',ಅದೆಪ್ಪ',61',76',ಗಂಡು',',SADRU',FARMER',NO'
ALQ1007822',ಸಿದ್ದಮ್ಮ',ಅಶ್ವತ್ಥಪ್ಪ',61',66',ಹೆಣ್ಣು',',SADRU',FARMER',NO'
ALQ0231126',ರಮೇಶ',ಅಶ್ವತ್ಥಪ್ಪ',61',39',ಗಂಡು',',SADRU',SHEEP FARMING',NO'
MVJ4040713',ರತ್ನಮ್ಮ',ರಮೇಶ್',61',38',ಹೆಣ್ಣು',',SADRU',KOOLI',NO'
ALQ2001428',ನರಸಿಂಹರಾಜು',ಅಶ್ವತ್ತಪ್ಪ',61',30',ಗಂಡು',',SADRU',SHEEP FARMING',NO'
ALQ2505436',ಅನುಜ ಆರ್ ವಿ',ನರಸಿಂಹರಾಜು',61',23',ಹೆಣ್ಣು',',SADRU',COW FEEDING',NO'
ALQ1007848',ಈರಮ್ಮ',ಗಂಕಾರ್ ಗಂಗಣ್ಣ',62',71',ಹೆಣ್ಣು',',SADRU',AGED',NO'
MVJ1460112',ಅಶ್ವತ್ಥಪ್ಪ',ಗಂಕಾರ್ ಗಂಗಣ್ಣ',62',51',ಗಂಡು',',SADRU',FARMER',NO'
MVJ1360338',ಲಕ್ಷ್ಮಮ್ಮ',ಅಶ್ವತ್ಥಪ್ಪ',62',49',ಹೆಣ್ಣು',',SADRU',KOOLI',NO'
ALQ2227882',ನವೀನ್ ಕುಮಾರ್ ಎ',ಅಶ್ವತ್ಥಪ್ಪ',62',25',ಗಂಡು',',SADRU',GARMENTS',NO'
ALQ2574242',ಲಕ್ಷ್ಮಮ್ಮ',ಗೆಜ್ಜೆಪ್ಪ',63',81',ಹೆಣ್ಣು',',SADRU',AGED',NO'
ALQ2574259',ವೆಂಕಟರಮಣಪ್ಪ',ಗೆಜ್ಜೆಪ್ಪ',63',51',ಗಂಡು',',SADRU',FARMER',NO'
ALQ2001378',ನರಸಿಂಹಮೂರ್ತಿ',ಗೀಜಪ್ಪ',63',40',ಗಂಡು',',SADRU',GARMENTS',NO'
MVJ1460898',ಶಾಂತಮ್ಮ',ವೆಂಕಟರವಣಪ್ಪ',63',37',ಹೆಣ್ಣು',',SADRU',GARMENTS',NO'
ALQ2001436',ಅರುಣ',ನರಸಿಂಹಮೂರ್ತಿ',63',30',ಹೆಣ್ಣು',',SADRU',GARMENTS',NO'
ALQ3144185',ವರಲಕ್ಷ್ಮಿ',ವೆಂಕಟರವಣಪ್ಪ',63',21',ಹೆಣ್ಣು',',SADRU',GARMENTS',NO'
ALQ3144086',ಶ್ರೀನಿವಾಸ ಬಿ ವಿ',ವೆಂಕಟರವಣಪ್ಪ',63',21',ಗಂಡು',',SADRU',FACTORY WORKER',NO'
ALQ1007855',ನಂಜಮ್ಮ',ಗಂಕಾರ್ ರಾಮಪ್ಪ',64',76',ಹೆಣ್ಣು',',SADRU',AGED',NO'
MVJ1361625',ಗಂಗಾಧರಪ್ಪ',ಗಂಕಾರ್ ರಾಮಪ್ಪ',64',51',ಗಂಡು',',SADRU',FARMER',NO'
MVJ1460880',ಶಾರದಮ್ಮ',ಗಂಗಾಧರಪ್ಪ',64',46',ಹೆಣ್ಣು',',SADRU',FARMER',NO'
ALQ2001386',ರಮೇಶ್ ಬಿ ಜಿ',ಗಂಗಾಧರಪ್ಪ',64',29',ಗಂಡು',',SADRU',GARMENTS',NO'
ALQ2227965',ಚಂದ್ರರಾಜ ಬಿ ಜಿ',ಗಂಗಾಧರಪ್ಪ',64',26',ಗಂಡು',',SADRU',GARMENTS',NO'
ALQ2515534',ರತ್ನಮ್ಮ ಬಿಜಿ',ಗಂಗಾಧರಯ್ಯ',64',24',ಹೆಣ್ಣು',',SADRU',GARMENTS',NO'
ALQ2574275',ತಿಮ್ಮಪ್ಪಗಂಕಾರ್',ನರಸಪ್ಪ',65',66',ಗಂಡು',',SADRU',FARMER',NO'
ALQ2574283',ಲಕ್ಷ್ಮಮ್ಮ',ತಿಮ್ಮಪ್ಪಗಂಕಾರ್',65',61',ಹೆಣ್ಣು',',SADRU',FARMER',NO'
ALQ0233924',ನರಸಿಂಹಮೂರ್ತಿ',ತಿಮ್ಮಪ್ಪಗಂಕಾರ್',65',51',ಗಂಡು',',SADRU',FARMER',NO'
ALQ0617217',ಗೋಪಾಲ್ ಟಿ',ತಿಮ್ಮಪ್ಪಗಂಕಾರ್',65',46',ಗಂಡು',',SADRU',CHILLRE ANGADI',NO'
ALQ0233916',ಶಾಂತಮ್ಮ',ಟಿ ನರಸಿಂಹ್ಮ ಮೂಡ',65',46',ಹೆಣ್ಣು',',SADRU',FARMER',NO'
ALQ0617894',ಸುಜಾತ ಎ ಎಸ್',ಟಿ ಗೊಪಾಲ',65',38',ಹೆಣ್ಣು',',SADRU',HOUSE -WIFE',NO'
ALQ2227858',ನರೇಂದ್ರ ಬಾಬುಬಿ ಎನ್',ನರಸಿಂಹಮೂರ್ತಿ',65',25',ಗಂಡು',',SADRU',GARMENTS',NO'
ALQ1007871',ಲಕ್ಷ್ಮಮ್ಮ',ಚಿಕ್ಕನರಸಿಂಹಪ್ಪ',68',81',ಹೆಣ್ಣು',',BAJANTHRI',AGED',NO'
ALQ0617407',ನರಸಯ್ಯ ತಾಯಿಯ',ಲಕ್ಷ್ಮಮ್ಮ',68',51',ಗಂಡು',',BAJANTHRI',SHAAP FARMING',NO'
ALQ0617415',ಜಯಮ್ಮ',ನರಸಯ್ಯ',68',46',ಹೆಣ್ಣು',',BAJANTHRI',KOOLI',NO'
ALQ2151686',ನರಸಿಂಹಮೂರ್ತಿ',ನರಸಪ್ಪ',68',27',ಗಂಡು',',BAJANTHRI',GARMENTS',NO'
ALQ2969764',ಸೌಂದರ್ಯ ಕೆಜೆ',ನರಸಿಂಹಮೂರ್ತಿ',68',22',ಹೆಣ್ಣು',',BAJANTHRI',GARMENTS',NO'
ALQ0232504',ಮುದ್ದಮ್ಮ',ನರಸಿಂಹ್ಮಪ್ಪ',69',61',ಹೆಣ್ಣು',',BAJANTHRI',AGED',NO'
ALQ0233510',ಗಂಗರಾಜು',ನರಸಿಂಹ್ಮಪ್ಪ',69',44',ಗಂಡು',',BAJANTHRI',CUTTING SHOP',NO'
MVJ1360940',ನರಸಿಂಹಮೂರ್ತಿ',ನರಸಿಂಹ್ಮಪ್ಪ',69',41',ಗಂಡು',',BAJANTHRI',GOATS FARMING',NO'
MVJ1460716',ಸುಜಾತ',ಗಂಗರಾಜು',69',37',ಹೆಣ್ಣು',',BAJANTHRI',KOOLI',NO'
ALQ0617282',ಶಿವಕುಮಾರ್',ನರಸಿಂಹಪ್ಪ',69',36',ಗಂಡು',',BAJANTHRI',SHEEP FARMING',NO'
ALQ0617548',ಅನಿತ',ನರಸಿಂಹಮೂರ್ತಿ',69',35',ಹೆಣ್ಣು',',BAJANTHRI',KOOLI',NO'
ALQ2001444',ಶ್ರೀದೇವಿ ವೈ ಎಲ್',ಶಿವಕುಮಾರ್',69',29',ಗಂಡು',',BAJANTHRI',KOOLI',NO'
ALQ3067162',ಚೇತನ್ ಬಿ ಜಿ',ಗಂಗರಾಜು',69',22',ಗಂಡು',',BAJANTHRI',STUDENT',NO'
ALQ2574291',ಸಿದ್ದಗಂಗಮ್ಮ',ಲೇಟ್ ರಾಮಪ್ಪ',70',74',ಹೆಣ್ಣು',',SADRU',AGED',NO'
MVJ1360239',ಲಕ್ಷ್ಮೀಪತಿ',ರಾಮಪ್ಪ',70',54',ಗಂಡು',',SADRU',FARMER',NO'
ALQ1007889',ತಿಪ್ಪಮ್ಮ',ನರಸೇಗೌಡ',70',46',ಹೆಣ್ಣು',',SADRU',COW FEEDING',NO'
MVJ1361385',ಬಿ ಆರ್\u200c ಸುಬ್ಬರಾಯಪ್ಪ',ರಾಮಪ್ಪ',70',37',ಗಂಡು',',SADRU',FARMER',NO'
ALQ2151611',ರಂಗಲಕ್ಷ್ಮೀ',ಲಕ್ಷ್ಮೀಪತಿ',70',33',ಹೆಣ್ಣು',',SADRU',KOOLI',NO'
ALQ2227767',ರೂಪ',ಸುಬ್ಬರಾಯಪ್ಪ ಬಿ ಆರ್',70',27',ಹೆಣ್ಣು',',SADRU',KOOLI',NO'
MVJ1461292',ಲಕ್ಷ್ಮಮ್ಮ',ಮುದ್ದುಮಲ್ಲಪ್ಪ',71',51',ಹೆಣ್ಣು',',SADRU',KOOLI',NO'
ALQ2298420',ಕೃಷ್ಣಮೂರ್ತಿ ತಾಯಿಯ',ಲಕ್ಷ್ಮಮ್ಮ',71',26',ಗಂಡು',',SADRU',KOOLI',NO'
MVJ3464674',ಗಂಗಮ್ಮ',ಅಶ್ವತ್ಥಪ್ಪ',73',45',ಹೆಣ್ಣು',',SADRU',AGED',NO'
ALQ3015930',ವೀರಭದ್ರ ಎ',ಅಶ್ವತ್ಥಪ್ಪ',73',21',ಗಂಡು',',BAJANTHRI',STUDENT',NO'
ALQ2574325',ಸುಬ್ಬಲಕ್ಷ್ಮಮ್ಮ',ಪುಟೀರಪ್ಪ',74',51',ಹೆಣ್ಣು',',BAJANTHRI',COW FEEDNG',NO'
ALQ0223586',ಲಕ್ಷ್ಮೀಪತಿ',ಪುಟೀರಪ್ಪ',74',36',ಗಂಡು',',BAJANTHRI',HOUSE -WIFE',NO'
ALQ2001469',ಸುಧಾ',ಲಕ್ಷ್ಮೀಪತಿ',74',32',ಹೆಣ್ಣು',',BAJANTHRI',GARMENTS',NO'
ALQ2574333',ಮುದ್ದಮ್ಮ',ನಂಜುಂಡಪ್ಪ',75',61',ಹೆಣ್ಣು',',SADRU',AGED',NO'
ALQ2120186',ನರಸಿಂಹಮೂರ್ತಿ',ನರಸೀಯಪ್ಪ',75',56',ಗಂಡು',',SADRU',COW FEEDING',NO'
ALQ0233999',ಸಾವಿತ್ರಮ್ಮ',ನರಸಿಂಹಮೂರ್ತಿ',75',49',ಹೆಣ್ಣು',',SADRU',KOOLI',NO'
ALQ1810696',ಬಿ ಎನ್ ಮಹೇಶ್',ನಂಜುಂಡಪ್ಪ',75',29',ಗಂಡು',',SADRU',TEMPO DRIVER',NO'
ALQ3015989',ರಂಜಿತ ಎನ್',ನರಸಿಂಹಮೂರ್ತಿ',75',23',ಹೆಣ್ಣು',',SADRU',GARMENTS',NO'
ALQ3016029',ರಜನಿ ಎನ್',ನರಸಿಂಹಮೂರ್ತಿ',75',21',ಹೆಣ್ಣು',',SADRU',GARMENTS',NO'
ALQ2574341',ನಂಜೇಗೌಡ',ನಾರಾಯಣಪ್ಪ',76',66',ಗಂಡು',',SADRU',FARMER',NO'
ALQ2574358',ಲಕ್ಷ್ಮೀಪತಯ್ಯ',ನಾರಾಯಣಪ್ಪ',76',56',ಗಂಡು',',SADRU',FARMER',NO'
ALQ1007905',ಜಯಮ್ಮ',ಲಕ್ಷ್ಮೀಪತಯ್ಯ',76',53',ಹೆಣ್ಣು',',SADRU',FARMER',NO'
MVJ1361161',ನಂಜಮ್ಮ',ನಂಜೇಗೌಡ',76',40',ಹೆಣ್ಣು',',SADRU',FARMER',NO'
ALQ2227742',ರಮೇಶ್ ಬಿ ಎಲ್',ಲಕ್ಷ್ಮೀಪತಿ',76',32',ಗಂಡು',',SADRU',FARMER',NO'
ALQ1810704',ಸಂಪತ್\u200cಕುಮಾರ್',ಲಕ್ಷ್ಮೀಪತಿ',76',29',ಗಂಡು',',SADRU',FARMER',NO'
ALQ3169273',ರಾಘವೇಂದ್ರ ಬಿ ಎನ್',ನಂಜೇಗೌಡ',76',19',ಗಂಡು',',SADRU',AUTO DRIVER',NO'
ALQ2574366',ಲಕ್ಷ್ಮಮ್ಮ',ರಂಗಪ್ಪ',77',61',ಹೆಣ್ಣು',',SADRU',DEATH',NO'
MVJ1361195',ಗಂಗಾಧರಪ್ಪ',ರಂಗಪ್ಪ',77',56',ಗಂಡು',',SADRU',FARMER',NO'
MVJ1460724',ವಿಜಯಮ್ಮ',ಗಂಗಾಧರಪ್ಪ',77',49',ಹೆಣ್ಣು',',SADRU',FARMER',NO'
ALQ3211661',ರಂಗನಾಥ',ಗಂಗಾಧರಪ್ಪ',77',19',ಗಂಡು',',SA',STUDENT',NO'
ALQ1007921',ವೆಂಕಟರವಣಪ್ಪ',ಪಟೇಲ್ ನರಸೇಗೌಡ',78',61',ಗಂಡು',',SADRU',KOOLI',NO'
ALQ2574374',ಗಂಗಮ್ಮ',ವೆಂಕಟರವಣಪ್ಪ',78',51',ಹೆಣ್ಣು',',SADRU',COOK IN GOVT SCHOOL',NO'
ALQ0231787',ತಿಪ್ಪಣ್ಣ ಬಿ ಎನ್',ನರಸೇಗೌಡ',79',74',ಗಂಡು',',SADRU',FARMER',NO'
MVJ1362193',ಸೌಭಾಗ್ಯವತಿ',ತಿಪ್ಪಣ್ಣ',79',61',ಹೆಣ್ಣು',',SADRU',FARMER',NO'
MVJ1461441',ಬಿ ಟಿ ಜಗದೀಶ್',ತಿಪ್ಪಣ್ಣ',79',41',ಗಂಡು',',SADRU',FARMER',NO'
ALQ2227957',ನಳಿನ ಜಿ ಎನ್',ಜಗದೀಶ್\u200c ಗೌಡ ಬಿ',79',29',ಹೆಣ್ಣು',',SADRU',FARMER',NO'
ALQ2574382',ರತ್ನಮ್ಮ',ರಾಮಪ್ಪ',80',61',ಹೆಣ್ಣು',',SADRU',AGED',NO'
MVJ3464815',ಗೋವಿಂದಪ್ಪ',ಪಟೇಲ್ ನರಸೇಗೌಡ',80',61',ಗಂಡು',',SADRU',FARMER',NO'
ALQ2574390',ರಾಜಮ್ಮ',ಗೋವಿಂದಪ್ಪ',80',51',ಹೆಣ್ಣು',',SADRU',FARMER',NO'
MVJ3463270',ಶ್ರೀದರ',ರಾಮಪ್ಪ',80',45',ಗಂಡು',',SADRU',FARMER',NO'
MVJ3463288',ಶ್ರೀನಿವಾಸ',ಗೋವಿಂದಪ್ಪ',80',37',ಗಂಡು',',SADRU',FARMER',NO'
ALQ2298446',ಪ್ರಭಾಕರ ಬಿ ಜಿ',ಗೋವಿಂದಪ್ಪ',80',36',ಗಂಡು',',SADRU',GARMENTS',NO'
ALQ2001477',ಸವಿತಾ',ಶ್ರೀಧರ',80',36',ಹೆಣ್ಣು',',SADRU',KOOLI',NO'
ALQ1007970',ನರಸಮ್ಮ',ಹೆಂಜೇರಪ್ಪ',81',73',ಹೆಣ್ಣು',',SADRU',AGED',NO'
ALQ1007954',ಅಶ್ವತ್ಥಮ್ಮ',ನಂಜುಂಡಪ್ಪ',81',71',ಹೆಣ್ಣು',',DEATH',',NO'
ALQ1007962',ಹೆಂಜೇರಪ್ಪ',ಹೆಂಜೇರಪ್ಪ',81',59',ಗಂಡು',',DEATH',',NO'
MVJ3463742',ಪುಟ್ಟಮ್ಮ',ಹೆಂಜೇರಪ್ಪ',81',56',ಹೆಣ್ಣು',',SADRU',FARMER',NO'
ALQ0617977',ಹೆಂಜೇರಪ್ಪ',ನಂಜುಂಡಪ್ಪ',81',51',ಗಂಡು',',SADRU',FARMER',NO'
ALQ1007988',ಬೈರಪ್ಪ',ಹೆಂಜೇರಪ್ಪ',81',51',ಗಂಡು',',SADRU',FARMER',NO'
ALQ1007996',ಸುಮ',ಬೈರಪ್ಪ',81',40',ಹೆಣ್ಣು',',SADRU',DAIRY WORKER',NO'
ALQ2390078',ಅನಿಲ್ ಬಿ',ಬೈರಪ್ಪ',81',24',ಗಂಡು',',SADRU',FARMER',NO'
ALQ2391134',ಚರಣ್ ಕುಮಾರ್',ಹೆಂಜೇರಪ್ಪ',81',24',ಗಂಡು',',SADRU',TEMPO DRIVER',NO'
ALQ3015948',ಹೆಚ್ ಶಿಲ್ಪಶ್ರೀ',ಎನ್ ಹೆಂಜೇರಪ್ಪ',81',22',ಹೆಣ್ಣು',',SADRU',STUDENT',NO'
ALQ3016011',ಗಿರೀಶ್\u200c ಬಿ ಬಿ',ಭೈರಪ್ಪ',81',21',ಗಂಡು',',SADRU',STUDENT',NO'
ALQ3169331',ಚೇತನ್ ಕುಮಾರ್ ಹೆಚ್',ಹೆಂಜೆರಪ್ಪ',81',19',ಗಂಡು',',SADRU',STUDENT',NO'
ALQ2001519',ಚೌಡಪ್ಪ ಬಿ ಎಮ್',ಮಲ್ಲಯ್ಯ',8 1',32',ಗಂಡು',',NEGARU',WIEVER',NO'
ALQ2390144',ಗಣೇಶ ಬಿ ಎಲ್',ಲಕಿಪತಿ',82',24',ಗಂಡು',',SC',STUDENT',NO'
ALQ1008010',ಗಂಗಾಧರಪ್ಪ',ದೊಡ್ಡವೆಂಕಟರವಣಪ್ಪ',84',70',ಗಂಡು',',SADRU',FARMER',NO'
ALQ1008028',ಶಾಂತಮ್ಮ',ಗಂಗಾಧರಪ್ಪ',84',51',ಹೆಣ್ಣು',',SADRU',FARMER',NO'
ALQ2001485',ಬಸವರಾಜು ಬಿ ಜಿ',ಗಂಗಾಧರಪ್ಪ',84',46',ಗಂಡು',',SADRU',SHEEP GARMING',NO'
ALQ2574408',ಗಂಗಮ್ಮ',ಲಕ್ಕಪ್ಪ',85',66',ಹೆಣ್ಣು',',SADRU',AGED',NO'
ALQ1008051',ಸಿದ್ದ ಗಂಗಮ್ಮ',ದೇವರಾಜಪ್ಪ',85',41',ಹೆಣ್ಣು',',SADRU',FARMER',NO'
ALQ0231118',ಗೋವಿಂದಪ್ಪ',ದೊಡ್ಡನರಸೀಯನ',86',71',ಗಂಡು',',SADRU',AGED',NO'
ALQ0617647',ಬಿ ಜಿ ರಮೇಶ್',ಗೋವಿಂದಪ್ಪ',86',36',ಗಂಡು',',SADRU',SHEEP FARMING',NO'
ALQ2001501',ಅಶ್ವತ್ತಮ್ಮ',ರಮೇಶ',86',35',ಹೆಣ್ಣು',',SADRU',KOOLI',NO'
ALQ2574416',ಗಂಗಪ್ಪ',ರಾಮಪ್ಪ',87',71',ಗಂಡು',',NEGARU',KOOLI',NO'
MVJ1360791',ಚೌಡಮ್ಮ',ಗಂಗಪ್ಪ',87',56',ಹೆಣ್ಣು',',NEGARU',KOOLI',NO'
ALQ3067154',ಚೌಡಪ್ಪ',ಗಂಗಪ್ಪ',87',41',ಗಂಡು',',NEGARU',KOOLI',NO'
ALQ1008085',ನಂಜುಂಡಪ್ಪ',ರಾಮಪ್ಪ',88',56',ಗಂಡು',',NEGARU',KOOLI',NO'
MVJ3464658',ನಂಜಮ್ಮ',ನಂಜುಂಡಪ್ಪ',88',49',ಹೆಣ್ಣು',',NEGARU',KOOLI',NO'
MVJ3464666',ಚೌಡಮ್ಮ',ನಂಜುಂಡಪ್ಪ',88',47',ಹೆಣ್ಣು',',NEGARU',KOOLI',NO'
ALQ3079761',ಚೌಡಪ್ಪ ಬಿ ಎನ್',ನಂಜುಂಡಪ್ಪ',88',20',ಗಂಡು',',NEGARU',STUDENT',NO'
ALQ2574424',ಅಶ್ವತ್ಥಪ್ಪ',ರಾಮಪ್ಪ',90',66',ಗಂಡು',',NEGARU',SHEEP FARMING',NO'
ALQ2574432',ಚೌಡಮ್ಮ',ಅಶ್ವತ್ಥಪ್ಪ',90',51',ಹೆಣ್ಣು',',NEGARU',KOOLI',NO'
MVJ4040721',ರಮೇಶ್ ಕುಮಾರ್',ಅಶ್ವತ್ಥಪ್ಪ',90',40',ಗಂಡು',',NEGARU',SHEEP FARMING',NO'
ALQ1003482',ಸುಬ್ಬಯ್ಯ',ಅಶ್ವತ್ಥಪ್ಪ',90',34',ಗಂಡು',',NEGARU',KOOLI',NO'
ALQ1003490',ಚೌಡಪ್ಪ',ಅಶ್ವತ್ಥಪ್ಪ',90',34',ಗಂಡು',',NEGARU',KOOLI',NO'
ALQ2227726',ಶಿಲ್ಪಾ ಕೆಸಿ',ರಮೇಶ್',90',28',ಹೆಣ್ಣು',',NEGARU',COW FEEDING',NO'
ALQ3015963',ಪೂಜಾರಿ ರಾಜೇಶ್ವರಿ',ಸುಬ್ಬಯ್ಯ',90',24',ಹೆಣ್ಣು',',NEGARU',KOOLI',NO'
ALQ3015955',ಉಷಾ ಎಸ್ ಆರ್',ಚೌಡಪ್ಪ',90',22',ಹೆಣ್ಣು',',NEGARU',KOOLI',NO'
ALQ1008093',ನಾರಾಯಣಪ್ಪ',ರಾಮಪ್ಪ',91',56',ಗಂಡು',',NEGARU',KOOLI',NO'
ALQ2574440',ಸರಸ್ವತಮ್ಮ',ನಾರಾಯಣಪ್ಪ',91',47',ಹೆಣ್ಣು',',NEGARU',KOOLI',NO'
ALQ2186955',ರಮೇಶ್',ಗಂಗಣ್ಣ',91',34',ಗಂಡು',',SADRU',FACTORY WORKER',NO'
ALQ2574457',ಸಿದ್ದಮ್ಮ',ರಂಗಪ್ಪ',92',59',ಹೆಣ್ಣು',',SADRU',AGED',NO'
ALQ1008101',ಬಿ ಅರ್ ರಮೇಶ್\u200cಕುಮಾರ್',ರಂಗಪ್ಪ',92',44',ಗಂಡು',',SADRU',FARMER',NO'
ALQ2574465',ಸುಬ್ಬರಾಯಪ್ಪ',ರಂಗಪ್ಪ',92',43',ಗಂಡು',',SADRU',FARMER',NO'
MVJ3463734',ಶಶಿಕಲಾ',ಸುಬ್ಬರಾಯಪ್ಪ',92',40',ಹೆಣ್ಣು',',SADRU',FARMER',NO'
ALQ2227783',ಆರ್\u200c ಶ್ವೇತ ರಾಣಿ',ಬಿ ಆರ್ ರಮೇಶ್ ಕುಮಾರ್',92',32',ಹೆಣ್ಣು',',SADRU',HOUSE -WIFE',NO'
ALQ3211695',ಮಂಜುನಾಥ ಬಿ ಎಸ್',ಸುಬ್ಬರಾಯಪ್ಪ',92',19',ಗಂಡು',',SADRU',STUDENT',NO'
ALQ2574473',ಮಲ್ಲೇಶಪ್ಪ',ಪಾಪಣ್ಣ',93',59',ಗಂಡು',',SADRU',KOOLI',NO'
ALQ2574481',ಅನುಸೂಯಮ್ಮ',ಮಲ್ಲೇಶಪ್ಪ',93',51',ಹೆಣ್ಣು',',SADRU',KOOLI',NO'
ALQ2390086',ವರಲಕ್ಷ್ಮೀ ಬಿ ಎಂ',ಮಲ್ಲೇಶಪ್ಪ',93',24',ಹೆಣ್ಣು',',SADRU',GARMENTS',NO'
MVJ3465762',ವೆಂಕಟಸ್ವಾಮಿ',ಅಶ್ವತ್ತಪ್ಪ',95',56',ಗಂಡು',',SADRU',FARMER',NO'
MVJ3465747',ರಾಧಮ್ಮ',ವೆಂಕಟಶಾಮಪ್ಪ',95',37',ಹೆಣ್ಣು',',SADRU',COW FEEDING',NO'
ALQ1008127',ಗೌರಮ್ಮ',ಚಿಕ್ಕವೆಂಕಟರವಣಪ್ಪ',96',77',ಹೆಣ್ಣು',',DEATH',',NO'
ALQ2574499',ಶಾಂತಣ್ಣ',ಚಿಕ್ಕವೆಂಕಟರವಣಪ್ಪ',96',47',ಗಂಡು',',SADRU',FARMER',NO'
ALQ2574507',ಕೃಷ್ಣಮೂರ್ತಿ',ಚಿಕ್ಕವೆಂಕಟರವಣಪ್ಪ',96',45',ಗಂಡು',',SADRU',SHEEP FARMING',NO'
MVJ3464286',ಪಿ ಲೀಲಾವತಿ',ಬಿ ಸಿ ನರಸಿಂಹಮೂರ್ತಿ',96',39',ಹೆಣ್ಣು',',DEATH',',NO'
ALQ0617712',ಜಯಶ್ರೀ',ಶಾಂತಣ್ಣ',96',37',ಹೆಣ್ಣು',',SADRU',KOOLI',NO'
ALQ2186989',ಭಾರತಮ್ಮ',ಕೃಷ್ಣಮೂರ್ತಿ',96',35',ಹೆಣ್ಣು',',SADRU',KOOLI',NO'
MVJ1360775',ಜಯಮ್ಮ',ಮಲ್ಲಪ್ಪ',99',61',ಹೆಣ್ಣು',',SADRU',AGED',NO'
ALQ2574515',ಅಲುಮೇಲಮ್ಮ',ನಂಜುಂಡಪ್ಪ',101',59',ಹೆಣ್ಣು',',SADRU',KOOLI',NO'
ALQ2574523',ಲಕ್ಷ್ಮೀಪತಿ',ನಂಜುಂಡಪ್ಪ',101',40',ಗಂಡು',',SADRU',KOOLI',NO'
MVJ1360767',ರತ್ನಮ್ಮ',ನಂಜುಂಡಪ್ಪ',101',39',ಹೆಣ್ಣು',',SADRU',',YES'
ALQ2505378',ಕಲಿಂಗಪ್ಪಗಾರಿ ಶೋಭಾ',ಲಕ್ಷ್ಮೀಪತಿ',101',31',ಹೆಣ್ಣು',',SADRU',KOOLI',NO'
ALQ2574531',ನರಸೀಯಪ್ಪ',ನರಸಪ್ಪ',103',56',ಗಂಡು',',SADRU',KOOLI',NO'
ALQ2574549',ಲಕ್ಷ',ನರಸೀಯಪ್ಪ',103',49',ಹೆಣ್ಣು',',SADRU',KOOLI',NO'
MVJ1460625',ಲಕ್ಷ್ಮಮ್ಮ',ನರಸೀಯಪ್ಪ',103',37',ಹೆಣ್ಣು',',SADRU',KOOLI',NO'
ALQ2574556',ಗೋವಿಂದಪ್ಪ',ನರಸಪ್ಪ',104',61',ಗಂಡು',',SADRU',AGED',NO'
MVJ1361237',ಜಯಮ್ಮ',ಬಿ ವಿ ನರಸಿಂಹಗೌಡ',105',71',ಹೆಣ್ಣು',',SADRU',AGED',NO'
ALQ2574564',ಬಿ ಎನ್ ಶ್ರೀನಿವಾಸಮೂರ್ತಿ',ನರಸಿಂಹಗೌಡ',105',55',ಗಂಡು',',SADRU',FARMER',NO'
ALQ1810720',ಬಿ ಎನ್ ಮೋಹನ್\u200cಕುಮಾರ್',ಬಿ ವಿ ನರಸಿಂಹಗೌಡ',105',49',ಗಂಡು',',SADRU',GARMENTS',NO'
ALQ1810712',ಕವಿತಾ',ಬಿ ಎನ್ ಮೋಹನ್\u200cಕುಮಾರ್',105',35',ಹೆಣ್ಣು',',SADRU',GARMENTS',NO'
ALQ2227890',ಸುನೀಲ್ ಬಿ ಎಸ್',ಬಿ ಎನ್ ಶ್ರೀನಿವಾಸಮೂರ್ತಿ',105',28',ಗಂಡು',',SADRU',FACTORY WORKER',NO'
ALQ2574572',ಜಿ ಜಗದಾಂಬ',ಎಂ ಎ ರಾಮಚಂದ್ರಯ್ಯಶೆಟ್ಟಿ',106',61',ಹೆಣ್ಣು',',SHETTY',AGED',NO'
ALQ1008150',ಲಕ್ಷ್ಮಿದೇವಮ್ಮ',ಗಂಕಾರ್ ನರಸೀಯ',110',56',ಹೆಣ್ಣು',',SADRU',AGED',NO'
MVJ3465556',ಮಂಜುನಾಥ',ನರಸೀಯಪ್ಪ',110',40',ಗಂಡು',',SADRU',GARMENTS',NO'
MVJ1361120',ಸುಜಾತಮ್ಮ',ಬಿ ಎನ್ ಮಂಜುನಾಥ',110',38',ಹೆಣ್ಣು',',SADRU',GARMENTS',NO'
ALQ2212546',ಸುಷ್ಮ ಎನ್ ಕುಮಾರ್',ಜಗನ್ನಾಥ್ ಎನ್',110',37',ಹೆಣ್ಣು',',SADRU',GARMENTS',NO'
MVJ1361427',ಎನ್ ಜಗನ್ನಾಥ',ನರಸೀಯಪ್ಪ',110',37',ಗಂಡು',',SADRU',GARMENTS',NO'
ALQ2185585',ರಾಮಕ್ಕೆ',ಚಿಕ್ಕನರಸೀಯಪ್ಪ',112',71',ಹೆಣ್ಣು',',SADRU',AGED',NO'
ALQ1008176',ವೆಂಕಟರವಣಪ್ಪ',ಚಿಕ್ಕನರಸೀಯಪ್ಪ',112',61',ಗಂಡು',',DEATH',SHEEP FARMING',NO'
ALQ2574580',ಗೋವಿಂದಪ್ಪ',ಚಿಕ್ಕನರಸೀಯಪ್ಪ',112',56',ಗಂಡು',',SADRU',FARMER',NO'
ALQ1008184',ಪಾರ್ವತಮ್ಮ',ವೆಂಕಟರವಣಪ್ಪ',112',56',ಹೆಣ್ಣು',',SADRU',FARMER',NO'
ALQ1008192',ಗೌರಮ್ಮ',ಗೋವಿಂದಪ್ಪ',112',51',ಹೆಣ್ಣು',',SADRU',FARMER',NO'
ALQ1008200',ಸಿ ಗಂಗಾಧರಪ್ಪ',ಚಿಕ್ಕನರಸೀಯಪ್ಪ',112',49',ಗಂಡು',',SADRU',CHILLRE ANGADI',NO'
ALQ2185577',ಬಿ ಅಶ್ವತ್ಥನಾರಾಯಣಪ್ಪ',ಚಿಕ್ಕನರಸೀಯಪ್ಪ',112',41',ಗಂಡು',',SADRU',FARMER',NO'
MVJ1362573',ಬಿ ಸಿ ಶ್ರೀನಿವಾಸ',ಚಿಕ್ಕ ನರಸೀಯಪ್ಪ',112',39',ಗಂಡು',',SADRU',TRACTOR DRIVER',NO'
ALQ1008218',ಅನಿತ',ಸಿ ಗಂಗಾಧರಪ್ಪ',112',38',ಹೆಣ್ಣು',',SADRU',FARMER',NO'
ALQ2227825',ರೂಪ ಕೆ',ಬಿ ಸಿ ಶ್ರೀನಿವಾಸ',112',34',ಹೆಣ್ಣು',',SADRU',FARMER',NO'
ALQ1003581',ವಿ ರವಿಕುಮಾರ್',ವೆಂಕಟರವಣಪ್ಪ',112',33',ಗಂಡು',',SADRU',GOVERMENT EMPLOYEE',NO'
ALQ2298438',ಲಕ್ಷ್ಮೀದೇವಿ',ನಾರಾಯಣಪ್ಪ',112',30',ಹೆಣ್ಣು',',SADRU',FARMER',NO'
ALQ3169349',ಶಿವರಾಜ್ ಕುಮಾರ್ ಬಿ ಜಿ',ಗಂಗಾಧರಪ್ಪ',112',19',ಗಂಡು',',SADRU',STUDENT',NO'
MVJ1360114',ಪುಟ್ಟನರಸಮ್ಮ',ನಂಜೇಗೌಡ',114',48',ಹೆಣ್ಣು',',SADRU',AGED',NO'
ALQ2437846',ವಿಶ್ವನಾಥ ಬಿ ಜಿ',ಗೋಪಾಲ ಬಿ ವಿ',152',24',ಗಂಡು',',SADRU',STUDENT',NO'
ALQ1006980',ಹನುಮಂತರಾಯ ',RAMAPPA',18/1',49',ಗಂಡು',',DELETED',',NO'
ALQ1006998',ಪುಷ್ಕಾ',ಹನುಮಂತರಾಯಪ',18 1',41',ಹೆಣ್ಣು',',SC',HOME',NO'
ALQ2390532',ಅಶೋಕ್ ಬಿ ಹೆಚ್',ಹನುಮಂತರಾಯ',18 1',24',ಗಂಡು',',SC',GARMENTS',NO'
ALQ3211703',ಅನಿಲ್ ಬಿ ಹೆಚ್',ಹನುಮಂತರಾಯಪ್ಪ',18 1',19',ಗಂಡು',',SC',STUDENT',NO'
MVJ1461136',ಉಮಾದೇವಿ',ವೆಂಕಟೇಶ್',282',40',ಹೆಣ್ಣು',',SADRU',',YES'
ALQ0233841',ಭೀಮಪ್ಪ',ಚಿಕ್ಕ ಹನುಮಂತಪ್ಪ',29 1',61',ಗಂಡು',',SC',FARMER',NO'
ALQ0233858',ತಿಪ್ಪಮ್ಮ',ಭೀಮಪ್ಪ',29 1',56',ಹೆಣ್ಣು',',SC',FARMER',NO'
ALQ2227924',ಅರುಣ ಬಿ ',ಭೀಮಪ್ಪ',29 1',26',ಹೆಣ್ಣು',',DELETED',',NO'
ALQ1810654',ಬಿ ಬಿ ಅಂಬರೀಶ್',ಭೀಮಪ್ಪ',29 1',31',ಗಂಡು',',SC',GARMENTS',NO'
ALQ1007293',ಹೆಚ್ ಡಿ ಲಕ್ಷ್ಮೀನರಸಪ್ಪ',ದಾಸಪ್ಪ',34 1',51',ಗಂಡು',',SC',KOOLI',NO'
ALQ1007301',ಪದ್ಮಾವತಿ',ಹೆಚ್ ಡಿ ಲಕ್ಷ್ಮೀನರಸಪ್ಪ',34 1',46',ಹೆಣ್ಣು',',SC',KOOLI',NO'
ALQ2151637',ನವೀನ್ ಕುಮಾರ್ ಎಲ್',ಲಕ್ಷ್ಮೀನರಸಪ್ಪ',34 1',27',ಗಂಡು',',SC',LORRY DRIVER',NO'
ALQ2391548',ಪ್ರವೀಣ್ ಎಲ್',ಲಕ್ಷ್ಮೀನರಸಯ್ಯ',34 1',24',ಗಂಡು',',DEATH',',NO'
ALQ2001592',ನಾರಾಯಣಪ್ಪ',ರಾಮಪ್ಪ',343',42',ಗಂಡು',',SC',KOOLI',NO'
ALQ2505402',ರಶ್ಮಿ ಸಿ ಆರ್',ರಮೇಶ್\u200c ಬಿ ಜಿ',367',28',ಹೆಣ್ಣು',',SC',GARMENTS',NO'
ALQ1007442',ವಿ ಗೋಪಾಲ',ವಸಂತಪ್ಪ',40 1',47',ಗಂಡು',',SC',GAARE',NO'
ALQ1007459',ನರಸಮ್ಮ',ವಿ ಗೋಪಾಲ',40 1',42',ಹೆಣ್ಣು',',SC',KOOLI',NO'
ALQ2969772',ಪ್ರಬಂಧ ಜಿ',ಗೋಪಾಲ ಬಿ ವಿ',40 1',22',ಹೆಣ್ಣು',',SC',GARMENTS',NO'
ALQ2151603',ಮಂಜುನಾಥ್',ಗೋಪಾಲ',40 1',26',ಗಂಡು',',SC',GARMENTS',NO'
ALQ2186898',ಲಕ್ಷ್ಮೀನಾರಾಯಣಪ್ಪ',ಗೋವಿಂದಪ್ಪ',44 1',35',ಗಂಡು',',SC',GARMENTS',NO'
ALQ2186906',ಗಂಗಮ್ಮ',ಲಕ್ಷ್ಮೀನಾರಾಯಣ',44 1',31',ಹೆಣ್ಣು',',SC',GARMENTS',NO'
ALQ2515526',ಮಹಾಲಕ್ಷ್ಮೀ ಪಿ',ನರಸಿಂಹಮೂರ್ತಿ',45 1',26',ಹೆಣ್ಣು',',NEGARU',GARMENTS',NO'
ALQ1007574',ಅಶ್ವತ್ಥಪ್ಪ',ಚಿಕ್ಕಪ್ಪಯ್ಯ',45 1',64',ಗಂಡು',',NEGARU',FARMER',NO'
ALQ1007566',ಯಶೋದಮ್ಮ',ಅಶ್ವತ್ಥಪ್ಪ',45 1',51',ಹೆಣ್ಣು',',NEGARU',FARMER',NO'
MVJ4040630',ನರಸಿಂಹಮೂರ್ತಿ',ಅಶ್ವತ್ಥಪ್ಪ',45 1',39',ಗಂಡು',',NEGARU',GARMENTS',NO'
ALQ0233544',ಗಂಗಾಧರಪ್ಪ',ಚಿನ್ನಪ್ಪಯ್ಯ',54 1',53',ಗಂಡು',',NEGARU',KOOLI',NO'
ALQ1007632',ಸುಜಾತ',ಗಂಗಾಧರಪ್ಪ',54 1',46',ಹೆಣ್ಣು',',NEGARU',KOOLI',NO'
ALQ2574309',ನರಸೇಗೌಡ',ರಾಮಪ್ಪ',70 1',51',ಗಂಡು',',SADRU',KOOLI',NO'
ALQ2001451',ರಘುಕುಮಾರ್',ನರಸೇಗೌಡ',70 1',31',ಗಂಡು',',SADRU',CAR DRIVER',NO'
ALQ1008036',ತಿಮ್ಮಪ್ಪ',ದೊಡ್ಡವೆಂಕಟರವಣಪ್ಪ',84 1',66',ಗಂಡು',',SADRU',',YES'
ALQ1008044',ಸಾಕಮ್ಮ',ತಿಮ್ಮಪ್ಪ',84 1',56',ಹೆಣ್ಣು',',SADRU',FARMER',NO'
MVJ1360726',ಟಿ ರಮೇಶ್\u200cಕುಮಾರ್',ತಿಮ್ಮಪ್ಪ',84 1',36',ಗಂಡು',',SADRU',FARMER',NO'
ALQ2001493',ಸೌಭಾಗ್ಯ',ಟಿ ರಮೇಶ್ ಕುಮಾ',84 1',32',ಹೆಣ್ಣು',',SADRU',FARMER',NO'
ALQ1008069',ದೇವರಾಜಪ್ಪ ಇತರೆ ಸಂಬಂಧಿಯ',ಬ ಲಕ್ಕಪ್ಪ',85 1',51',ಗಂಡು',',SADRU',FARMER',NO'
ALQ2185601',ರತ್ನಮ್ಮ',ದೇವರಾಜಪ್ಪ',85 1',44',ಹೆಣ್ಣು',',SADRU',FARMER',NO'
ALQ2574598',ನಾಗಮ್ಮ',ಮಲ್ಲಯ್ಯ',881',51',ಹೆಣ್ಣು',',NEGARU',KOOLI',NO'
MVJ3464245',ಮಲ್ಲಯ್ಯ',ರಾಮಪ್ಪ',88 1',61',ಗಂಡು',',NEGARU',KOOLI',NO'
ALQ1003474',ವೇಣುಗೋಪಾಲ್',ಮಲ್ಲಯ್ಯ',88 1',34',ಗಂಡು',',NEGARU',WIEVER',NO'
ALQ2227759',ಅನಿತಾ ಎಸ್',ವೇಣುಗೋಪಾಲ',88 1',26',ಹೆಣ್ಣು',',NEGARU',KOOLI',NO'
MVJ3464054',ಶಂಕರಪ್ಪ',ವೆಂಕಟರವಣಪ್ಪ',109 1',58',ಗಂಡು',',SC',KOOLI',NO'
MVJ3464062',ಕಾಂತಮ್ಮ',ಶಂಕರಪ್ಪ',109 1',48',ಹೆಣ್ಣು',',SC',KOOLI',NO'
ALQ2186914',ಸತೀಶ್ ಕುಮಾರ್',ವೆಂಕಟರವಣಪ್ಪ',112 1',32',ಗಂಡು',',SC',FACTORY WORKER',NO'
ALQ1810738',ನಾಗಮ್ಮ',ಅಶ್ವತ್ಥನಾರಾಯಣ',1124',35',ಹೆಣ್ಣು',',SADRU',FARMER',NO'
ALQ2227734',ಲಕ್ಷ್ಮಿದೇವಮ್ಮ',ಕೃಷ್ಣಪ್ಪ',1604',46',ಹೆಣ್ಣು',',SC',KOOLI',NO'
ALQ3229911',ಬಿ ಜಿ ವರಲಕ್ಷ್ಮಿ',ಗೋವಿಂದಪ್ಪ',300',21',ಹೆಣ್ಣು',',SADRU',STUDENT',NO'
ALQ3239522',ಸಂತೋಷ ಕುಮಾರ್ ಬಿ ಎನ',ನಂಜುಡಪ್ಪ',88',18',ಗಂಡು',',NEGARU',STUDENT',NO'
MVJ1560432',K L SHIVAKUMAR',LASHMI NARASAPPA',44',36',ಗಂಡು',',SC',KOOLI',NO'
MVJ1562339',K N NARASIMHAMURTHI',NARAYAANAPPA',52',36',ಗಂಡು',',SC',KOOLI',NO'
ALQ2354363',VARALAKSHMI B N',HIVAAKUMAR K L',44',29',ಹೆಣ್ಣು',',SC',KOOLI',NO'
ALQ2472082',LAKSHMIDEEVI',K N NAARASIMHAMURTHI',52',26',ಹೆಣ್ಣು',',SC',',YES'
ALQ3135845',R PAVITHRA',RAJANNA',17',23',ಹೆಣ್ಣು',',SC',GARMENTS',NO'
MVJ4360897',HANUMAKKA',RAANGAPPA',1',73',ಹೆಣ್ಣು',',SC',AGED',NO'
ALQ3267150',LAVANYA N',ABHISHEK N',31',18',ಹೆಣ್ಣು',',SC',GARMENTS',NO'
ALQ3267291',B G MUDDA KRISHNA',GANGARAJY',69',18',ಗಂಡು',',BAJANTHRI',STUDENT',NO'
ALQ3267309',PRASHANTH B',BEEMAPPA',29-1',18',ಗಂಡು',',SC',STUDENT',NO'
ALQ3102951',MAMATHA SRI',ASHVATHAPPA H M',41',20',ಹೆಣ್ಣು',',NEGARU',GARMENTS',NO'
ALQ3267481',AMBIKA B R',HARSHAVARDAN',47',18',ಹೆಣ್ಣು',',SC',GARMENTS',NO'
ALQ3267705',ANUSHA V',B R NAVEEN KUMAR',1',23',ಹೆಣ್ಣು',',SADRU',GARMENTS',NO'
ALQ3270287',B V SONIYA',VENKATANARASAPPA',16',19',ಹೆಣ್ಣು',',SC',GARMENTS',NO'