ALQ0222174',ರತ್ನಮ್ಮ',ವೆಂಕಟಶ್ಯಾಮಪ್ಪ',0',43',ಹೆಣ್ಣು',',BHOVI',KOOLI',NO'
ALQ3117629',ಸಿಂದುಆರ್\u200c',ರಾಮಚಂದ್ರ ರೆಡ್ಡಿ ಎನ್',0',20',ಹೆಣ್ಣು',',REDDY',STUDENT',NO'
ALQ1865708',ಅನಿತ',ರಾಘವೇಂದ್ರ',',31',ಹೆಣ್ಣು',',KURUBA',FARMER',NO'
ALQ3220142',ಗೀತಾ ಎನ್ ಎ',ತಿಮ್ಮರಾಜುಜಿ',49',28',ಹೆಣ್ಣು',',KURUBA',HOUSE -WIFE',NO'
ALQ1865716',ಲಕ್ಷ್ಮೀದೇವಮ್ಮ',ಅಶ್ವತ್ಥನಾರಾಯಣ',79',30',ಹೆಣ್ಣು',',KURUBA',SHEEP-FARMING',NO'
ALQ1505007',ಪಿ ಶಾರದಮ್ಮ',ಸಿ ನಾಗಪ್ಪ',88',39',ಹೆಣ್ಣು',',KUMBA',TAILOR',NO'
ALQ1865724',ನಾಗರತ್ನಮ್ಮ',ಕೃಷ್ಣಪ್ಪ ಎನ್',101',41',ಹೆಣ್ಣು',YES',KUMBA',BMTC-DRIVER',NO'
ALQ2825248',ಗಂಗರತ್ನಮ್ಮ',ಶ್ರೀನಿವಾಸಪ್ಪ',137',47',ಹೆಣ್ಣು',',BHOVI',KOOLI',NO'
ALQ2180818',ಅನಿಲ್ ಕುಮಾರ್ ಎಸ್',ಶ್ರೀನಿವಾಸಪ್ಪ',137',26',ಗಂಡು',',BHOVI',TRUCK-DRIVER',NO'
ALQ3074317',ಗೌತಮಿ ವಿ',ಅನಿಲ್ ಕುಮಾರ್ ಎಸ್',137',25',ಹೆಣ್ಣು',',DELETED',',NO'
ALQ1505056',ಚಿಕ್ಕನಾಗಪ್ಪ',ಗಂಗಪ್ಪ',138',78',ಗಂಡು',',KURUBA',',YES'
ALQ1505080',ನಾಗಭೂಷಣಪ್ಪ',ಅವುಲಪ್ಪ',139',70',ಗಂಡು',',KUMBA',KOOLI',NO'
ALQ1505098',ಲಕ್ಷ್ಮಮ್ಮ',ನಾಗಭೂಷಣಪ್ಪ',139',62',ಹೆಣ್ಣು',',KUMBA',KOOLI',NO'
MHR2521888',ಕೃಷ್ಣಪ್ಪ ಎನ್',ನಾಗಭೂಷಣಪ್ಪ',139',41',ಗಂಡು',',KUMBA',BMTC-DRIVER',NO'
MHR2436749',ಮುರಳಿಧರ',ನಾಗಭೂಷಣಪ್ಪ',139',38',ಗಂಡು',',KUMBA',FACTORY WORKER',NO'
ALQ3075439',ಕುಮ್ಮಾರ ಶೋಭ',ಮುರಳೀಧರ್',139',24',ಹೆಣ್ಣು',',KUMBA',HOUSE -WIFE',NO'
ALQ1505114',ಗಂಗಮ್ಮ',ಎಸ್ ಎನ್ ಸುಬ್ಬಣ್ಣ',140',77',ಹೆಣ್ಣು',',KUMBA',AGED',NO'
ALQ1505122',ಚೆಲುವಮೂರ್ತಿ',ಎಸ್ ಎನ್ ಸುಬ್ಬಳ',140',48',ಗಂಡು',',KUMBA',PAINTER',NO'
ALQ1505130',ಶಾರದಮ್ಮ',ಚಲುವಮೂರ್ತಿ',140',35',ಹೆಣ್ಣು',',KUMBA',GARMENTS',NO'
ALQ2825255',ಮಾಯೂರಪ್ಪ',ನಂಜುಂಡಪ್ಪ',141',60',ಗಂಡು',',KURUBA',',YES'
MHR2521649',ಬೀರಲಿಂಗಪ್ಪ',ನಂಜುಂಡಪ್ಪ',141',41',ಗಂಡು',',KURUBA',SHEEP-FARMING',YES'
MHR2521227',ಮುತ್ತಕ್ಕ',ಮಾಳೂರಪ್ಪ',141',40',ಹೆಣ್ಣು',',KURUBA',KOOLI',NO'
MHR2521219',ಗಂಗಮ್ಮ',ಬೀರಲಿಂಗಪ್ಪ',141',37',ಹೆಣ್ಣು',',KURUBA',HOUSE -WIFE',NO'
ALQ2180792',ಎಮ್ ನಂದೀಶ',ಮಾಳೂರಪ್ಪ',141',26',ಗಂಡು',',KURUBA',SECURITY-GUARD',NO'
ALQ3168598',ಚೈತ್ರ ಎಮ್',ಮಾಲೂರಪ್ಪ',141',19',ಹೆಣ್ಣು',YES',KURUBA',HOUSE -WIFE',NO'
ALQ1505155',ಅಶ್ವತ್ಥಪ್ಪ',ನಂಜುಂಡಪ್ಪ',142',53',ಗಂಡು',',KURUBA',GAARE',NO'
ALQ1505163',ಮುದ್ದಗಂಗಮ್ಮ',ಆಶ್ವತ್ಥಪ್ಪ',142',47',ಹೆಣ್ಣು',',KURUBA',KOOLI',NO'
ALQ1505171',ಈಶ್ವರಪ್ಪ',ಲಿಂಗೇಗೌಡ',143',90',ಗಂಡು',',SADRU',AGED',NO'
ALQ1505189',ಸಾವಿತ್ರಮ್ಮ',ಈಶ್ವರಪ್ಪ',143',77',ಹೆಣ್ಣು',',SADRU',AGED',NO'
ALQ1505197',ಲಿಂಗೇಗೌಡ',ಈಶ್ವರಪ್ಪ',143',59',ಗಂಡು',',SADRU',FARMER',NO'
ALQ1505205',ಪದ್ಮಾವತಮ್ಮ',ಲಿಂಗೇಗೌಡ',143',53',ಹೆಣ್ಣು',',SADRU',FARMER',NO'
ALQ2180784',ನಿರ್ಮಲ',ಲಿಂಗೇಗೌಡ',143',26',ಹೆಣ್ಣು',YES',SADRU',HOUSE -WIFE',NO'
ALQ2433654',ಮಂಜುನಾಥ ಎಲ್',ಲಿಂಗೇಗೌಡ',143',25',ಗಂಡು',',SADRU',FARMER',NO'
ALQ2825263',ಗಂಗಮ್ಮ',ಗಂಗರೆಡ್ಡಿ',144',100',ಹೆಣ್ಣು',',REDDY',AGED',NO'
ALQ2825271',ನರಸಿಂಹರೆಡ್ಡಿ',ಗಂಗರೆಡ್ಡಿ',144',61',ಗಂಡು',',REDDY',KOOLI',NO'
ALQ2825289',ರಾಜಮ್ಮ',ನರಸಿಂಹರೆಡ್ಡಿ',144',53',ಹೆಣ್ಣು',YES',REDDY',ANGANAWADI-HELPER',NO'
ALQ2134641',ಲೀಲಾವತಮ್ಮ',ನರಸಿಂಹರೆಡ್ಡಿ',144',43',ಹೆಣ್ಣು',',REDDY',KOOLI',NO'
ALQ1505262',ಲಕ್ಷ್ಮೀದೇವಮ್ಮ',ಎ ನಾರಾಯಣರೆಡ್ಡಿ',145',70',ಹೆಣ್ಣು',',REDDY',AGED',NO'
ALQ1505270',ಆಶ್ವತ್ಥರೆಡ್ಡಿ',ಎ ನಾರಾಯಣರೆ',145',48',ಗಂಡು',',REDDY',FARMER',NO'
MHR3601416',ನಾಗಮಣಿ',ಅಶ್ವತ್ಥ ರೆಡ್ಡಿ',145',38',ಹೆಣ್ಣು',',REDDY',FARMER',NO'
ALQ3181195',ಮನುಎ',ಅಶ್ವತ್ಥರೆಡ್ಡಿ',145',19',ಗಂಡು',',REDDY',STUDENT',NO'
ALQ1505288',ಎ ನರಸಿಂಹರೆಡ್ಡಿ',ಅಶ್ವತ್ಥರೆಡ್ಡಿ',146',70',ಗಂಡು',',REDDY',',YES'
ALQ1505296',ಅದಿಲಕ್ಷ್ಮಮ್ಮ',ಎ ನರಸಿಂಹರೆಡ್ಡಿ',146',63',ಹೆಣ್ಣು',',REDDY',HOUSE -WIFE',NO'
ALQ1505304',ಎನ್ ಪ್ರಕಾಶ್',ಎ ನರಸಿಂಹರೆಡ್ಡಿ',146',41',ಗಂಡು',',REDDY',FACTORY WORKER',NO'
ALQ2145910',ಚಂದ್ರಕಲಾ',ಎನ್ ಪ್ರಕಾಶ್',146',26',ಹೆಣ್ಣು',',REDDY',GARMENTS',NO'
ALQ1505312',ಎ ಶ್ರೀನಿವಾಸರೆಡ್ಡಿ',ಆಶ್ವತ್ಥರೆಡ್ಡಿ',147',70',ಗಂಡು',',REDDY',FARMER',NO'
ALQ1505320',ರಾಜಮ್ಮ',ಎ ಶ್ರೀನಿವಾಸರೆಡ್ಡಿ',147',55',ಹೆಣ್ಣು',',REDDY',HOUSE -WIFE',NO'
MHR2521912',ಎಸ್ ಹರೀಶ್',ಎ ಶ್ರೀನಿವಾಸರೆಡ್ಡಿ',147',36',ಗಂಡು',YES',REDDY',',YES'
ALQ3133014',ಲಲಿತ',ಎಸ್ ಹರೀಶ್',147',29',ಹೆಣ್ಣು',',REDDY',HOUSE -WIFE',NO'
ALQ1505338',ಮಲ್ಲಿಕಾರ್ಜುನಯ್ಯ',ನಂಜುಂಡಪ್ಪ',148',65',ಗಂಡು',',LINGAYATH',PUJARI',NO'
ALQ1505346',ಮಂಜುಳಾದೇವಿ',ಮಲ್ಲಿಕಾರ್ಜುನಯ್ಯ',148',57',ಹೆಣ್ಣು',',LINGAYATH',HOUSE -WIFE',NO'
ALQ1505353',ಸುನಂದಮ್ಮ',ಶ್ರೀನಿವಾಸ',148',34',ಹೆಣ್ಣು',',BHOVI',KOOLI',NO'
ALQ2104719',ಎಸ್ ಎನ್ ನವೀನ್ ಕುಮಾರ',ಮಲ್ಲಿ ಕಾರ್ಜುನಯ್ಯ',148',34',ಗಂಡು',YES',LINGAYATH',FACTORY WORKER',NO'
ALQ2498798',ಮಠಮುಪದ್ಮಾವತಿ',ಎಸ್ ಎನ್ ನವೀನ್ ಕುಮಾರ್',148',28',ಹೆಣ್ಣು',YES',LINGAYATH',HOUSE -WIFE',NO'
ALQ1505361',ಗಂಗಮ್ಮ',ನಂಜರೆಡ್ಡಿ',149',95',ಹೆಣ್ಣು',',REDDY',HOUSE -WIFE',NO'
ALQ1505387',ಚನ್ನಮ್ಮ',ಎಸ್ ನಾಗಭೂಷಣರೆಡ್ಡಿ',149',67',ಹೆಣ್ಣು',',REDDY',HOUSE -WIFE',NO'
ALQ1505379',ನಾಗಭೂಷಣರೆಡ್ಡಿ ಎನ್',ನಂಜರೆಡ್ಡಿ ಎಸ್ ಎ',149',64',ಗಂಡು',',REDDY',FARMER',NO'
ALQ1505395',ನಾಗರಾಜರೆಡ್ಡಿ',ನಂಜರೆಡ್ಡಿ',149',48',ಗಂಡು',',REDDY',SECURIRY-GUARD',NO'
ALQ1505403',ಮಂಜುಳ',ನಾಗರಾಜರೆಡ್ಡಿ',149',41',ಹೆಣ್ಣು',',REDDY',HOUSE -WIFE',NO'
ALQ2069516',ಸತೀಶ್ ಕುಮಾರ್ ಎಸ್ ಎನ',ಎಸ್ ಎನ್ ನಾಗಭೂಷಣರೆಡ್ಡಿ',149',32',ಗಂಡು',',REDDY',PRIVATE JOB',NO'
ALQ2454148',ನಾಗರತ್ನ',ಎಸ್ ಎನ್ ಸತೀಶ್',149',26',ಹೆಣ್ಣು',',REDDY',HOUSE -WIFE',NO'
ALQ3181260',ಎಸ್ ಎನ್ ಭರತ್',ನಾಗರಾಜರೆಡ್ಡಿ',149',21',ಗಂಡು',',REDDY',STUDENT',NO'
ALQ2825297',ತಿಮ್ಮಯ್ಯ',ಗೊಲ್ಲಹಳ್ಳಿಗಂಗಪ್ಪ',150',90',ಗಂಡು',',KURUBA',AGED',NO'
ALQ1505437',ಶ್ರೀರಾಮಪ್ಪ',ತಿಮ್ಮಯ್ಯ',150',61',ಗಂಡು',',KURUBA',',YES'
ALQ1505445',ಸೋಮಚಂದ್ರ',ತಿಮ್ಮಯ್ಯ',150',49',ಗಂಡು',',KURUBA',SHEEP-FARMING',NO'
ALQ2069409',ಮುದ್ದಮ್ಮ',ಟಿ ಶ್ರೀರಾಮಪ್ಪ',150',39',ಹೆಣ್ಣು',',KURUBA',KOOLI',NO'
ALQ2069458',ಟಿ ರಾಘವೇಂದ್ರ',ತಿಮ್ಮಯ್ಯ',150',37',ಗಂಡು',',KURUBA',FACTORY WORKER',NO'
ALQ1865732',ಸಿ ಎ ಸುಕನ್ಯ',ಸೋಮ ಚಂದ್ರ',150',33',ಹೆಣ್ಣು',',KURUBA',KOOLI',NO'
ALQ3181005',ನರೇಂದ್ರ ಎಸ್',ಶ್ರೀರಾಮಪ್ಪ',150',19',ಗಂಡು',',KURUBA',UNEMPLOYED',NO'
ALQ1505452',ಎಸ್ ಟಿ ವೆಂಕಟರವಣಪ್ಪ',ಬುಡತಿಮ್ಮಣ್ಣನವರ ತಿಮ್ಮಯ್ಯ',151',70',ಗಂಡು',',KURUBA',FARMER',NO'
ALQ1505478',ವಿ ಚಂದ್ರಶೇಖರ್',ಎಸ್ ಟಿ ವೆಂಕಟರವಣಪ್ಪ',151',31',ಗಂಡು',',KURUBA',FACTORY WORKER',NO'
ALQ2069417',ಜಿ ಪವಿತ್ರ',ವಿ ಚಂದ್ರಶೇಖರ್',151',30',ಹೆಣ್ಣು',',KURUBA',HOUSE -WIFE',NO'
ALQ3202520',ಸಂಧ್ಯಾರಾಣಿ ಎಲ್',ರವಿ ವಿ',151',27',ಹೆಣ್ಣು',',KURUBA',HOUSE -WIFE',NO'
ALQ1505486',ಗಂಗಮ್ಮ',ಎಸ್ ಎನ್ ಗಂಗರೆಡ್ಡಿ',152',78',ಹೆಣ್ಣು',',REDDY',AGED',NO'
ALQ2134591',ಎಸ್ ಜಿ ನಾಗರೆಡ್ಡಿ',ಎಸ್ ಎನ್ ಗಂಗರ',152',43',ಗಂಡು',',REDDY',KOOLI',NO'
MHR3601408',ಗಂಗಾದೇವಮ್ಮ',ಎಸ್ ಜಿ ನಾಗರೆಡ್ಡಿ',152',39',ಹೆಣ್ಣು',YES',REDDY',GARMENTS',NO'
ALQ1505502',ಶೇಂದಿಹನುಮಂತಪ್ಪ',ಅಂಜಿನಪ್ಪ',153',79',ಗಂಡು',',EDIGA',AGED',NO'
ALQ2825305',ರಾಮಕೃಷ್ಣಪ್ಪ',ಶೇಂದಿಹನುಮಂತ',153',47',ಗಂಡು',',EDIGA',KOOLI',NO'
ALQ2825313',ಜಯಲಕ್ಷ್ಮಮ್ಮ',ರಾಮಕೃಷ್ಣಪ್ಪ',153',43',ಹೆಣ್ಣು',',EDIGA',KOOLI',NO'
ALQ3128931',ಆರ್ ನಾರಾಯಣ',ರಾಮಕೃಷ್ಣಪ್ಪ',153',21',ಗಂಡು',',EDIGA',SHOP-WORKER',NO'
ALQ1505536',ಚಿಕ್ಕವೆಂಕಟರವಣಪ್ಪ',ವೆಂಕಟರವಣಪ್ಪ',154',70',ಗಂಡು',',BHOVI',AGED',NO'
ALQ1505544',ಗಂಗಮ್ಮ',ಚಿಕ್ಕವೆಂಕಟರವಣಪ್ಪ',154',60',ಹೆಣ್ಣು',',BHOVI',KOOLI',NO'
MHR3600756',ವೆಂಕಟಮ್ಮ',ಚಿಕ್ಕವೆಂಕಟರವಣಪ್ಪ',154',58',ಹೆಣ್ಣು',',BHOVI',KOOLI',NO'
ALQ2825321',ಅದೆಮ್ಮ',ಪಾಪಣ್ಣ',156',90',ಹೆಣ್ಣು',',KURUBA',AGED',NO'
ALQ1505569',ಗಂಗಾಧರಪ್ಪ',ವೆಂಕಟರವಣಪ್ಪ',157',65',ಗಂಡು',',EDIGA',SHEEP FARMING',NO'
ALQ1505577',ನಾಗಮ್ಮ',ಗಂಗಾಧರಪ್ಪ',157',58',ಹೆಣ್ಣು',',EDIGA',KOOLI',NO'
ALQ3165693',ಗಂಗರತ್ನಮ್ಮ',ಗಂಗಾಧರಪ್ಪ',157',37',ಹೆಣ್ಣು',YES',EDIGA',',NO'
ALQ2180669',ಆರ್ ಮಂಜುನಾಥ',ರಾಮದಾಸಪ್ಪ',157',27',ಗಂಡು',',EDIGA',KOOLI',NO'
ALQ2825339',ನರಸಿಂಹಯ್ಯ',ನಾರಾಯಣಪ್ಪ',158',76',ಗಂಡು',',EDIGA',SHEEP FARMING',NO'
ALQ1505601',ತಿಪ್ಪಮ್ಮ',ಶೇಂದಿಕೊಂಡಪ್ಪ',158',75',ಹೆಣ್ಣು',',EDIGA',HOUSE -WIFE',NO'
ALQ2825347',ಜಯಮ್ಮ',ನರಸಿಂಹಯ್ಯ',158',67',ಹೆಣ್ಣು',',EDIGA',KOOLI',NO'
ALQ2069508',ಎನ್ ಮಂಜುನಾಥ',ನರಸಿಂಹಪ್ಪ',158',31',ಗಂಡು',',EDIGA',SMALL-SHOP',NO'
ALQ2498780',ಇನಾಗಮಣಿ',ಎನ್ ಮಂಜುನಾಥ',158',28',ಹೆಣ್ಣು',',EDIGA',SMALL-SHOP',NO'
ALQ1505619',ಗೋವಿಂದಪ್ಪ',ಬುಡ್ಡತಿಮ್ಮಣ್ಣಗಾರು ತಿಮ್ಮಯ್ಯ',159',60',ಗಂಡು',',KURUBA',SHEEP-FARMING',NO'
ALQ1505627',ರತ್ನಮ್ಮ',ಗೋವಿಂದಪ್ಪ',159',54',ಹೆಣ್ಣು',',KURUBA',KOOLI',NO'
ALQ1505635',ಶ್ರೀನಾಥ ಇತರೆ ಸಂಬಂಧಿಯ',ಎಸ್ ಟಿ ಗೋವಿಂದಪ್ಪ',159',34',ಗಂಡು',',KURUBA',PVT-TEACHER',NO'
ALQ2069359',ಜಿ ತಿಮ್ಮರಾಜು',ಗೋವಿಂದಪ್ಪ',159',30',ಗಂಡು',',KURUBA',POLICE-CONSTABLE',NO'
ALQ2825354',ನಾರಾಯಣಪ್ಪ',ಬುಡ್ಡತಿಮ್ಮಯ್ಯಗಾರು ತಿಮ್ಮಯ್ಯ',160',65',ಗಂಡು',',KURUBA',SELF EMPLOYED',NO'
ALQ1505650',ಸಿದ್ದಗಂಗಮ್ಮ',ನಾರಾಯಣಪ್ಪ',160',57',ಹೆಣ್ಣು',',KURUBA',KOOLI',NO'
ALQ2069383',ಲಕ್ಷ್ಮೀದೇವಮ್ಮ',ನಾರಾಯಣಪ್ಪ',160',41',ಹೆಣ್ಣು',',KURUBA',ASHA-WORKER',NO'
MHR2436194',ಬಾಲಕೃಷ್ಣಪ್ಪ',ನಾರಾಯಣಪ್ಪ',160',38',ಗಂಡು',',KURUBA',PAINTER',NO'
ALQ3030715',ಕೆರಾಧಮ್ಮ',ಬಾಲಕೃಷ್ಣಪ್ಪ',160',35',ಹೆಣ್ಣು',',KURUBA',KOOLI',NO'
ALQ2069482',ಎಸ್ ಎನ್ ಮಂಜುನಾಥ',ನಾರಾಯಣಪ್ಪ',160',34',ಗಂಡು',',KURUBA',KOOLI',NO'
ALQ2454098',ಆರ್ ಭಾಗ್ಯಮ್ಮ',ಎಸ್ ಎನ್ ಮಂಜುನಾಥ',160',27',ಹೆಣ್ಣು',',KURUBA',KOOLI',NO'
ALQ3181187',ಧನುಷ್ ಕುಮಾರ್',ನಾರಾಯಣಪ್ಪ',160',19',ಗಂಡು',',KURUBA',FACTORY WORKER',NO'
ALQ1505668',ಆವುಲಪ್ಪ',ತಿಮ್ಮರಾಯಪ್ಪ',161',85',ಗಂಡು',',KURUBA',AGED',NO'
ALQ1505676',ಚಿಕ್ಕಮುತ್ತಕ್ಕ',ಆವುಲಪ್ಪ',161',75',ಹೆಣ್ಣು',',KURUBA',AGED',NO'
ALQ2825362',ತಿಮ್ಮರಾಯಪ್ಪ',ಆವುಲಪ್ಪ',161',48',ಗಂಡು',',KURUBA',SHEEP-FARMING',NO'
ALQ1505684',ಎ ನಾಗರಾಜ',ಆವುಲಪ್ಪ',161',41',ಗಂಡು',',KURUBA',SHEEP-FARMING',NO'
MHR2521151',ಅಶ್ವತ್ಥನಾರಾಯಣಪ್ಪ',ಆವುಲಪ್ಪ',161',41',ಗಂಡು',',KURUBA',SHEEP-FARMING',NO'
MHR2521243',ಟಿ ಜಿ ಮಂಜುಳಮ್ಮ',ತಿಮ್ಮರಾಯಪ್ಪ',161',40',ಹೆಣ್ಣು',',KURUBA',HOUSE -WIFE',NO'
ALQ1865740',ಶಾರದಮ್ಮ ಜಿಡಿ',ಎ ನಾಗರಾಜು',161',37',ಹೆಣ್ಣು',',KURUBA',ANGANAWADI-TEACHER',NO'
ALQ2069490',ಲಕ್ಷ್ಮೀದೇವಮ್ಮ',ಅಶ್ವಥನಾರಾಯಣಪ',161',30',ಹೆಣ್ಣು',',KURUBA',HOUSE -WIFE',NO'
ALQ3105863',ಟಿ ಚೇತನ್ ಕುಮಾರ್',ಎ ತಿಮ್ಮರಾಯಪ್ಪ',161',20',ಗಂಡು',',KURUBA',STUDENT',NO'
ALQ1505692',ನರಸಮ್ಮ',ಎಂ ಗಂಗಪ್ಪ',162',67',ಹೆಣ್ಣು',',KURUBA',AGED',NO'
ALQ2978989',ಸೌಭಾಗ್ಯಮ್ಮ',ಅಶ್ವತ್ಥಪ್ಪ',162',37',ಹೆಣ್ಣು',',KURUBA',KOOLI',NO'
ALQ3132735',ಪೃಥ್ವಿ ತಾಯಿಯ',ಸೌಭಾಗ್ಯಮ್ಮ',162',20',ಹೆಣ್ಣು',',KURUBA',GARMENTS',NO'
ALQ1505718',ಗಂಗಮ್ಮ',ಗಂಗಪ್ಪ',163',80',ಹೆಣ್ಣು',',BHOVI',AGED',NO'
ALQ1505742',ಜಿ ಎಸ್ ಕರೇತಿಮ್ಮಯ್ಯ',ಗಂಗಪ್ಪ',164',70',ಗಂಡು',',BHOVI',GAARE',NO'
ALQ1505759',ಸೋಮಪ್ಪ',ಗಂಗಪ್ಪ',164',63',ಗಂಡು',',BHOVI',FARMER',NO'
ALQ1505767',ತಿಮ್ಮಕ್ಕ',ಕರೋತಿಮ್ಮಯ್ಯ',164',60',ಹೆಣ್ಣು',',BHOVI',KOOLI',NO'
ALQ1505775',ನಾಗಮಣಿ',ಸೋಮಪ್ಪ',164',49',ಹೆಣ್ಣು',',BHOVI',SCHOOL-HELPER',NO'
ALQ2069367',ಎಸ್ ಕೆ ಆನಂದಕುಮಾರ್',ಜಿ ಎಸ್ ಕರೋತಿಮ್ಮಯ್ಯ',164',40',ಗಂಡು',YES',BHOVI',MESTRI',NO'
ALQ1505783',ಕೆ ಸಂತೋಶಕುಮಾರ',ಜಿ ಎಸ್ ಕರೇತಿಮ್ಮಯ್ಯ',164',34',ಗಂಡು',',BHOVI',GAARE',NO'
ALQ2180800',ವಿಜಯಕುಮಾರ್ ಎಸ್',ಸೋಮಚಂದ್ರಪ್ಪ',164',26',ಗಂಡು',',BHOVI',KOOLI',NO'
ALQ1505791',ಕೃಷ್ಣಪ್ಪ',ಕುಂಬಾರ ಸುಬ್ಬರಾಯಪ್ಪ',166',69',ಗಂಡು',',KUMBA',FARMER',NO'
ALQ1505809',ಲಕ್ಷ್ಮೀದೇವಮ್ಮ',ಕೃಷ್ಣಪ್ಪ',166',61',ಹೆಣ್ಣು',',KUMBA',KOOLI',NO'
MHR2436558',ನಟೇಶ್',ಕೃಷ್ಣಪ್ಪ',166',38',ಗಂಡು',',KUMBA',AUTO-DRIVER',NO'
MHR2521805',ಶಿವಕುಮಾರ್',ಕೃಷ್ಣಪ್ಪ',166',36',ಗಂಡು',',KUMBA',SHEEP-FARMING',NO'
ALQ1505817',ಮುನಿರತ್ನಮ್ಮ',ಎನ್ ಕೃಷ್ಣಪ್ಪ',166',34',ಹೆಣ್ಣು',',KURUBA',HOUSE -WIFE',NO'
ALQ1505825',ಪುಷ್ಪಾ',ನಟೇಶ್',166',31',ಹೆಣ್ಣು',',KUMBA',TAILOR',NO'
ALQ2433696',ಕೆಎ ಯಶೋದಮ್ಮ',ಕೆ ಶಿವಕುಮಾರ್',166',24',ಹೆಣ್ಣು',',KUMBA',HOUSE -WIFE',NO'
ALQ1505833',ಆವುಲಕೊಂಡಪ್ಪ',ಗುಂಡಪ್ಪ',167',85',ಗಂಡು',',KUMBA',AGED',NO'
ALQ1505841',ಗಂಗಮ್ಮ',ಆವುಲಿಕೊಂಡರಾಯಪ್ಪ',167',80',ಹೆಣ್ಣು',',KUMBA',AGED',NO'
ALQ1505858',ಆವುಲಮೂರ್ತಿ',ಆವುಲಕೊಂಡರಾಯಪ್ಪ',167',55',ಗಂಡು',',KUMBA',KOOLI',NO'
MHR3600426',ರಾಧಮ್ಮ',ಆವುಲಮೂರ್ತಿ',167',48',ಹೆಣ್ಣು',',KUMBA',KOOLI',NO'
MHR3600814',ಕೃಷ್ಣಪ್ಪ',ಆವುಲಕೊಂಡರಾಮಪ್ಪ',167',38',ಗಂಡು',',KUMBA',FACTORY WORKER',NO'
ALQ2180651',ಹೆಚ್ ವಿಜಯಮ್ಮ',ಕೃಷ್ಣಪ್ಪ',167',36',ಹೆಣ್ಣು',',KUMBA',GARMENTS',NO'
ALQ1505866',ಗುಂಡೂಪ್ರಸಾದ್',ಆವುಲಕೊಂಡಪ್ಪ',167',34',ಗಂಡು',',KUMBA',FACTORY WORKER',NO'
ALQ1505874',ಬೈಯಮ್ಮ',',168',78',ಹೆಣ್ಣು',',DELETED',',NO'
ALQ1505882',ಕೊಂಡಪ್ಪ',ಚಿಕ್ಕಣ್ಣ',168',65',ಗಂಡು',',KUMBA',FARMER',NO'
ALQ1505890',ಸಿ ನಾಗಪ್ಪ',ಚಿಕ್ಕಣ್ಣ',168',53',ಗಂಡು',',KUMBA',KOOLI',NO'
ALQ1505908',ಭಾಗ್ಯಮ್ಮ',ಕೊಂಡಪ್ಪ',168',48',ಹೆಣ್ಣು',',KUMBA',HOUSE -WIFE',NO'
ALQ1865765',ಕೆ ಶ್ರೀಧರ',ಕೊಂಡಪ್ಪ',168',29',ಗಂಡು',',KURUBA',STATIONARY-SHOP',NO'
ALQ3042892',ಬಾಲರಾಜು',ಬಸವರಾಜು',168',25',ಗಂಡು',YES',KUMBA',',NO'
ALQ2825388',ದೊಡ್ಡವೆಂಕಟೇಶಪ್ಪ',ಸಿದ್ದಪ್ಪ',170',67',ಗಂಡು',',DELETED',',NO'
ALQ2193639',ಆಶ್ವತ್ಥಮ್ಮ',ದೊಡ್ಡವೆಂಕಟೇಶಪ್ಪ',170',57',ಹೆಣ್ಣು',',BHOVI',KOOLI',NO'
MHR3600806',ಶ್ರೀನಿವಾಸಪ್ಪ',ದೊಡ್ಡವೆಂಕಟೇಶಪ್ಪ',170',37',ಗಂಡು',',BHOVI',KOOLI',NO'
ALQ1505957',ಯಲ್ಲಪ್ಪ',ವೆಂಕಟರವಣಪ್ಪ',171',79',ಗಂಡು',',BHOVI',KOOLI',NO'
ALQ1505965',ತಿಮ್ಮಕ್ಕ',ಯಲ್ಲಪ್ಪ',171',65',ಹೆಣ್ಣು',',BHOVI',KOOLI',NO'
ALQ2069532',ಇಶ್ರೀನಿವಾಸಪ್ಪ',ಯಲ್ಲಪ್ಪ',171',46',ಗಂಡು',',BHOVI',GOVT-TEACHER',NO'
MHR2436343',ವೆಂಕಟಶ್ಯಾಮಿ',ಯಲ್ಲಪ್ಪ',171',41',ಗಂಡು',',BHOVI',FARMER',NO'
MHR2521995',ಅಂಜಿನಮ್ಮ',ವೆಂಕಟಶ್ಯಾಮಿ',171',38',ಹೆಣ್ಣು',',BHOVI',KOOLI',NO'
ALQ2069540',ವಿ ರೂಪ',ಇಶ್ರೀನಿವಾಸಪ್ಪ',171',35',ಹೆಣ್ಣು',yes',BHOVI',HOUSE -WIFE',NO'
ALQ3105087',ಸುಧಾಕರ ವಿ',ವೆಂಕಟಸ್ವಾಮಿ',171',20',ಗಂಡು',',BHOVI',UNEMPLOYED',NO'
ALQ1505973',ಚಿಕ್ಕಗಂಗಯ್ಯ',ದೊಡ್ಡರೆಡ್ಡಪ್ಪ',172',64',ಗಂಡು',',KURUBA',SHEEP-FARMING',NO'
MHR3600418',ನಂಜಮ್ಮ',ಚಿಕ್ಕಗಂಗಯ್ಯ',172',57',ಹೆಣ್ಣು',',KURUBA',KOOLI',NO'
ALQ2069557',ಟಿ ಗೋವಿಂದಪ್ಪ ತಾಯಿಯ',ತಿಮ್ಮಯ್ಯ',172',40',ಗಂಡು',',KURUBA',TEMPO-DRIVER',NO'
ALQ2069391',ಜಿ ಗಂಗರತ್ನಮ್ಮ',ಟಿ ಗೋವಿಂದಪ್ಪ',172',36',ಹೆಣ್ಣು',',KURUBA',KOOLI',NO'
ALQ1505981',ದೊಡ್ಡನಾಗಪ್ಪ',ಕಾಡಣ್ಣ',173',79',ಗಂಡು',',KURUBA',AGED',NO'
ALQ1505999',ರಂಗಮ್ಮ',ದೊಡ್ಡನಾಗಪ್ಪ',173',69',ಹೆಣ್ಣು',',KURUBA',AGED',NO'
ALQ1506005',ಎನ್ ಕೃಷ್ಣಪ್ಪ',ದೊಡ್ಡನಾಗಪ್ಪ',173',48',ಗಂಡು',',KURUBA',SHEEP-FARMING',NO'
ALQ1506013',ನರಸಿಂಹಮೂರ್ತಿ',ದೊಡ್ಡನಾಗಪ್ಪ',173',44',ಗಂಡು',',KURUBA',FACTORY WORKER',NO'
ALQ2103927',ಎನ್ ಶೈಲಾ',ನರಸಿಂಹಮೂರ್ತಿ',173',31',ಹೆಣ್ಣು',',KURUBA',GARMENTS',NO'
ALQ1506021',ರಾಮಾಂಜಿನಪ್ಪ',ನರಸಿಂಹಪ್ಪ',174',51',ಗಂಡು',',KURUBA',HOME',YES'
ALQ1506039',ಆದಿಲಕ್ಷ್ಮಮ್ಮ',ರಾಮಾಂಜಿನಪ್ಪ',174',45',ಹೆಣ್ಣು',',KURUBA',KOOLI',NO'
ALQ3043569',ಸ್ವಾತಿ ಆರ್',ರಾಮಾಂಜಿನಪ್ಪ ಎನ ಎನ್',174',22',ಹೆಣ್ಣು',',KURUBA',STUDENT',NO'
ALQ1506047',ಜೆ ರಂಗಪ್ಪ',ಗಂಗಪ್ಪ',175',90',ಗಂಡು',',DELETED',',NO'
ALQ1506054',ವೆಂಕಟಮ್ಮ',ಜಿ ರಂಗಪ್ಪ',175',75',ಹೆಣ್ಣು',',KURUBA',AGED',NO'
MHR3600616',ಪಾರ್ವತಮ್ಮ',ಮಂಜುನಾಥ',175',46',ಹೆಣ್ಣು',',KURUBA',KOOLI',NO'
MHR3600384',ಆರ್ ಗಂಗರಾಜು',ರಂಗಪ್ಪ',175',40',ಗಂಡು',',KURUBA',FARMER',NO'
MHR3600392',ಅಶ್ವತ್ತಮ್ಮ',ಗಂಗರಾಜು',175',38',ಹೆಣ್ಣು',',KURUBA',FARMER',NO'
ALQ3165909',ಅರುಣ್ ಕುಮಾರ್ ಎಮ್',ಲೇಟ್ ಮಂಜುನಾರ',175',22',ಗಂಡು',',KURUBA',UNEMPLOYED',NO'
MHR3600566',ಗೌರಮ್ಮ',ಜಿ ನಾರಾಯಣಗೌ',176',63',ಹೆಣ್ಣು',',KURUBA',AGED',NO'
ALQ1506070',ಎನ್ ಮುರಳೀಧರ',ಜಿ ನಾರಾಯಣಗೌಡ',176',34',ಗಂಡು',',KURUBA',UNEMPLOYED',NO'
ALQ3128964',ಸುಜಾತಮ್ಮ',ಮುರುಳಿಧರ ಎನ್',176',26',ಹೆಣ್ಣು',',KURUBA',HOUSE -WIFE',NO'
ALQ1506112',ಎನ್ ಮಂಜುಳ',ಟಿ ಕೃಷ್ಣಪ್ಪ',177',41',ಹೆಣ್ಣು',',KURUBA',DAIRY-SECERATORY',NO'
ALQ1506153',ಸಂಚಮ್ಮ',ದೊಡ್ಡನಾರಾಯಣಪ್ಪ',178',75',ಹೆಣ್ಣು',',EDIGA',AGED',NO'
ALQ1506161',ನರಸಿಂಹಮೂರ್ತಿ',ದೊಡ್ಡನಾರಾಯಣಪ್ಪ',178',48',ಗಂಡು',',EDIGA',SHEEP-FARMING',NO'
ALQ1506179',ಪ್ರಮೀಳಮ್ಮ',ನರಸಿಂಹಮೂರ್ತಿ',178',43',ಹೆಣ್ಣು',',EDIGA',HOUSE -WIFE',NO'
ALQ1506187',ರಾಮಚಂದ್ರ',ದೊಡ್ಡನಾರಾಯಣಪ್ಪ',178',37',ಗಂಡು',YES',EDIGA',BUSINESS',NO'
ALQ2069433',ಎಸ್ ಪೂರ್ಣಿಮ',ರಾಮಚಂದ್ರ',178',32',ಹೆಣ್ಣು',YES',EDIGA',HOUSE -WIFE',NO'
ALQ3105426',ನವೀನ್ ಕುಮಾರ್ ಎನ್',ನರಸಿಂಹಮೂರ್ತಿ',178',22',ಗಂಡು',',EDIGA',FACTORY WORKER',NO'
ALQ1506203',ಚಿಕ್ಕನಾರಾಯಣಪ್ಪ',ನಾಗಪ್ಪ',179',71',ಗಂಡು',',EDIGA',HOME',NO'
ALQ1506211',ನರಸಮ್ಮ',ಚಿಕ್ಕನಾರಾಯಣಪ್ಪ',179',61',ಹೆಣ್ಣು',REPEATED',',',NO'
ALQ2193621',ಶಿವಮ್ಮ',ಲಕ್ಷ್ಮೀಪತಿ',179',38',ಹೆಣ್ಣು',YES',EDIGA',HOUSE -WIFE',NO'
MHR2436236',ಗಂಗಾಧರಪ್ಪ',ಅಶ್ವತ್ಥಪ್ಪ',179',36',ಗಂಡು',',DELETEED',',NO'
ALQ2134666',ಎ ಬಾಲಕೃಷ್ಣ',ಅಶ್ವತ್ಥ ಪ್ಪ',179',35',ಗಂಡು',',EDIGA',KOOLI',NO'
ALQ2117570',ಒ ಮಂಜುಳಾ',ಬಾಲಕೃಷ್ಣ',179',28',ಹೆಣ್ಣು',',EDIGA',GARMENTS',NO'
ALQ1506260',ನಾಗರಾಜಪ್ಪ',ತಿರುಮಲಪ್ಪ',180',59',ಗಂಡು',',EDIGA',KOOLI',NO'
ALQ2145902',ಎಸ್ ಸಿ ಚಂದ್ರಪ್ಪ',ಜಿ ಎನ್ ನಾರಾಯಣಪ್ಪ',180',43',ಗಂಡು',YES',EDIGA',KOOLI',NO'
ALQ1865781',ಎನ್ ಸುಧಾಮತಿ',ನಾಗರಾಜಪ್ಪ',180',29',ಹೆಣ್ಣು',YES',EDIGA',KOOLI',NO'
ALQ2097442',ಎನ್ ಲೋಕೇಶ',ನಾಗರಾಜಪ್ಪ',180',27',ಗಂಡು',',EDIGA',KOOLI',NO'
ALQ3074325',ರಾಧಮ್ಮ ಎ',ಎನ್ ಲೋಕೇಶ್',180',23',ಹೆಣ್ಣು',',EDIGA',HOUSE -WIFE',NO'
ALQ2825396',ಲಕ್ಷ್ಮಮ್ಮ',ಕರೆತಿಮ್ಮಪ್ಪ',181',64',ಹೆಣ್ಣು',',KURUBA',AGED',NO'
ALQ1506302',ಶ್ಯಾಮಣ್ಣ',ಪಾಕರೋತಿಮ್ಮಪ್ಪ',181',34',ಗಂಡು',',KURUBA',FACTORY WORKER',NO'
ALQ2961456',ವೀಣಾ ಟಿ',ಶ್ಯಾಮಣ್ಣ',181',22',ಹೆಣ್ಣು',',KURUBA',ANGANAWADI-HELPER',NO'
ALQ1506310',ಅಕ್ಕಯ್ಯಮ್ಮ',ಮಾಳೂರಪ್ಪ',182',64',ಹೆಣ್ಣು',',DELETED',',NO'
ALQ2134658',ಪ್ರಮೀಳಮ್ಮ',ಅಶ್ವತ್ಥಪ್ಪ',182',38',ಹೆಣ್ಣು',YES',KURUBA',KOOLI',NO'
ALQ1506351',ಎ ಗಂಗಾಧರಯ್ಯ',ಅವುಲಪ್ಪ',183',56',ಗಂಡು',',KURUBA',FARMER',NO'
ALQ2134682',ಎ ರಾಮಾಂಜಿನಪ್ಪ',ಆವುಲಪ್ಪ',183',53',ಗಂಡು',YES',KURUBA',FACTORY WORKER',NO'
MHR3600707',ಮುನಿಅಕ್ಕಯ್ಯಮ್ಮ',ಎ ಗಂಗಾಧರಯ್ಯ',183',50',ಹೆಣ್ಣು',',KURUBA',FARMER',NO'
ALQ2134625',ನಾಗರತ್ನಮ್ಮ',ಎ ರಾಮಾಂಜಿನಪ್ಪ',183',36',ಹೆಣ್ಣು',YES',KURUBA',HOUSE -WIFE',NO'
ALQ3030707',ಎಸ್ ಜಿ ಸುನೀತ',ಗಂಗಾಧರಪ್ಪ',183',25',ಹೆಣ್ಣು',YES',KURUBA',HOUSE -WIFE',NO'
ALQ2433688',ಜಿ ಎಸ್ ರಾಜೇಶ್',ಗಂಗಾಧರಯ್ಯ',183',24',ಗಂಡು',',KURUBA',FACTORY WORKER',NO'
ALQ2825404',ಗಂಗಮ್ಮ',ಗಂಗಪ್ಪನವರ ಚಿಕ್ಕಪ್ಪಯ್ಯ',184',75',ಹೆಣ್ಣು',',KURUBA',AGED',NO'
ALQ2825412',ನಾರಾಯಣಸ್ವಾಮಿ',ಗಂಗಪ್ಪನವರ ಚಿಕ್ಕಪ್ಪಯ್ಯ',184',48',ಗಂಡು',',KURUBA',FARMER',NO'
MHR3600640',ಜಯಲಕ್ಷ್ಮಮ್ಮ',ನಾರಾಯಣಸ್ವಾಮಿ',184',41',ಹೆಣ್ಣು',',KURUBA',FARMER',NO'
ALQ3167467',ಭಾನುಪ್ರಸಾದ್',ನಾರಾಯಣಸ್ವಾಮಿ',184',20',ಗಂಡು',',KURUBA',STUDENT',NO'
ALQ1506401',ವ ಹನುಮಂತಪ್ಪ',ಓಬಣ್ಣ',185',91',ಗಂಡು',',KURUBA',EXPIRED',NO'
ALQ1506419',ಲಕ್ಕಮ್ಮ',ವ ಹನುಮಂತಪ್ಪ',185',78',ಹೆಣ್ಣು',',KURUBA',HOUSE -WIFE',NO'
MHR3602059',ಹೆಚ್ ಓಬಣ್ಣ',ಹನುಮಂತಪ್ಪ',185',66',ಗಂಡು',',KURUBA',FARMER,POLITICIAN'
ALQ1506427',ಆಶ್ವತ್ಥಮ್ಮ',ಹೆಚ್ ಓಬಣ್ಣ',185',56',ಹೆಣ್ಣು',',KURUBA',FARMER',NO'
ALQ1506435',ಹೆಚ್ ಗಂಗಾಧರಪ್ಪ',ಹನುಮಂತಪ್ಪ',185',55',ಗಂಡು',',KURUBA',',YES'
ALQ1506443',ಸಾವಿತ್ರಮ್ಮ',ಹೆಚ್ ಗಂಗಾಧರಪ್ಪ',185',50',ಹೆಣ್ಣು',',KURUBA',FARMER',NO'
ALQ1506450',ಹೆಚ್ ಅಶ್ವತ್ಥಗೌಡ',ವ ಹನುಮಂತಪ್ಪ',185',47',ಗಂಡು',',KURUBA',SHEEP-FARMING',NO'
MHR3600699',ಜಿ ಆನಂದಮ್ಮ',ಎಚ್ ಅಶ್ವತ್ಥಗೌಡ',185',41',ಹೆಣ್ಣು',',KURUBA',',YES'
ALQ1865807',ಜ್ಯೋತಿ ಜಿ',ಹೆಚ್ ಗಂಗಾಧರಪ್ಪ',185',29',ಹೆಣ್ಣು',',KURUBA',FACTORY WORKER',NO'
ALQ2180719',ಜಿ ಶಿವಕುಮಾರ್',ಹೆಚ್ ಗಂಗಾಧರ',185',26',ಗಂಡು',',KURUBA',UNEMPLOYED',NO'
ALQ2286169',ಅಶ್ವನಿ ಜಿ',ಹೆಚ್ ಗಂಗಾಧರ್ ಗೌಡ',185',25',ಹೆಣ್ಣು',',KURUBA',FACTORY WORKER',NO'
ALQ2454163',ಎಸ್ ಒ ಲೋಕೇಶ್',ಹೆಚ್ ಓಬಣ್ಣ',185',24',ಗಂಡು',',KURUBA',FARMER',NO'
ALQ3105053',ಪುನಿತ್ ಕುಮಾರ್ ಎಸ್ ಎ',ಆಶ್ವತ್ಥ ಗೌಡ',185',21',ಗಂಡು',',KURUBA',FACTORY WORKER',NO'
ALQ1506468',ಜಿ ರಾಮಕೃಷ್ಣಪ್ಪ',ಗಂಗಪ್ಪ',186',53',ಗಂಡು',',KURUBA',FARMER',NO'
ALQ1506476',ಲಕ್ಷ್ಮೀದೇವಮ್ಮ',ಕೆ ರಾಮಕೃಷ್ಣಪ್ಪ',186',47',ಹೆಣ್ಣು',',KURUBA',SHEEP-FARMING',NO'
ALQ2069425',ಆರ್ ಜನಾರ್ಧನ',ಕೆ ರಾಮಕೃಷ್ಣಪ್ಪ',186',30',ಗಂಡು',',KURUBA',TRACTOR-DRIVER',NO'
ALQ2180727',ಅರ್ ಆಶೋಕ್',ರಾಮಕೃಷ್ಣಪ್ಪ',186',27',ಗಂಡು',',KURUBA',PRIVATE JOB',NO'
ALQ2531994',ಲಲಿತ ಎಸ್ ಜಿ',ಆರ್ ಜನಾರ್ಥನ',186',27',ಹೆಣ್ಣು',',KURUBA',KOOLI',NO'
ALQ1506484',ಎಸ್ ಓ ನರಸಿಂಹರೆಡ್ಡಿ',ಓಬರೆಡ್ಡಿ',187',65',ಗಂಡು',',REDDY',AGED',NO'
ALQ1506492',ಮುದ್ಧಗೌರಮ್ಮ',ಎಸ್ ಓ ನರಸಿಂಹರೆಡ್ಡಿ',187',55',ಹೆಣ್ಣು',',REDDY',AGED',NO'
MHR3602091',ಎಸ್ ಎನ್ ಕೃಷ್ಣಾರೆಡ್ಡಿ',ನರಸಿಂಹರೆಡ್ಡಿ',187',39',ಗಂಡು',',REDDY',FARMER',NO'
ALQ1506500',ಮಂಜುನಾಥರೆಡ್ಡಿ',ಎಸ್ ಓ ನರಸಿಂಹರೆಡ್ಡಿ',187',36',ಗಂಡು',YES',REDDY',PRIVATE JOB',NO'
ALQ2477123',ಹೆಚ್ ವೀಣಾ',ಮಂಜುನಾಥ ರೆಡ್ಡಿ',187',28',ಹೆಣ್ಣು',YES',REDDY',HOUSE -WIFE',NO'
ALQ2477115',ಎನ್ ಮುದ್ದುಗೌರಿ',ಕ್ರಿಷ್ಣರೆಡ್ಡಿ',187',27',ಹೆಣ್ಣು',',REDDY',FACTORY WORKER',NO'
ALQ1506518',ಶ್ರೀನಿವಾಸರೆಡ್ಡಿ',ಗಂಗರೆಡ್ಡಿ',188',59',ಗಂಡು',',REDDY',FARMER',NO'
ALQ1506526',ರಾಮಕೃಷ್ಣರೆಡ್ಡಿ',ಗಂಗರೆಡ್ಡಿ',188',55',ಗಂಡು',',REDDY',FARMER',NO'
ALQ1506534',ರತ್ನಮ್ಮ',ಶ್ರೀನಿವಾಸರೆಡ್ಡಿ',188',49',ಹೆಣ್ಣು',',REDDY',FARMER',NO'
ALQ1506542',ಆದಿಲಕ್ಷ್ಮಮ್ಮ',ರಾಮಕೃಷ್ಣರೆಡ್ಡಿ',188',47',ಹೆಣ್ಣು',',REDDY',FARMER',NO'
ALQ1506559',ಗಂಗರೆಡ್ಡಿ',ಗಂಗರೆಡ್ಡಿ',188',47',ಗಂಡು',',REDDY',FARMER',NO'
MHR2435998',ಸರಸ್ವತಮ್ಮ',ಗಂಗಿರೆಡ್ಡಿ',188',43',ಹೆಣ್ಣು',',REDDY',FARMER',NO'
MHR2521618',ಗೋಪಾಲರೆಡ್ಡಿ',ಗಂಗರೆಡ್ಡಿ',188',40',ಗಂಡು',',REDDY',GP-MEMBER,FARMER'
ALQ1865815',ಜಿ ಶಿಲ್ಪಾ',ಗೋಪಾಲ ರೆಡ್ಡಿ',188',29',ಹೆಣ್ಣು',',REDDY',HOUSE -WIFE',NO'
ALQ2180701',ಬಾಬುರೆಡ್ಡಿ ಆರ್',ರಾಮಕೃಷ್ಣರೆಡ್ಡಿ',188',27',ಗಂಡು',',REDDY',SHEEP-FARMING',NO'
ALQ2454130',ಆರ್ ರವಿ',ರಾಮಕೃಷ್ಣರೆಡ್ಡಿ',188',27',ಗಂಡು',',REDDY',',YES'
ALQ2286201',ಎಸ್ ಸುದೀಂದ್ರ',ಶ್ರೀನಿವಾಸರೆಡ್ಡಿ',188',25',ಗಂಡು',',REDDY',TRACTOR-DRIVER',NO'
ALQ3104874',ವಿಜಯೇಂದ್ರರೆಡ್ಡಿ',ಶ್ರೀನಿವಾಸರೆಡ್ಡಿ',188',20',ಗಂಡು',',REDDY',SHEEP-FARMING',NO'
ALQ3168556',ಶ್ವೇತ ಜಿ',ಗಂಗರೆಡ್ಡಿ',188',19',ಹೆಣ್ಣು',',REDDY',STUDENT',NO'
ALQ1506567',ಈಶ್ವರಪ್ಪ',ಬಸಪ್ಪ',190',71',ಗಂಡು',',SADRU',AGED',NO'
ALQ1506575',ಪದ್ಮಾವತಮ್ಮ',ಈಶ್ವರಪ್ಪ',190',56',ಹೆಣ್ಣು',',SADRU',AGED',NO'
ALQ2454106',ಚಲಪತಿ',ಈಶ್ವರಪ್ಪ',190',55',ಗಂಡು',',SADRU',KOOLI',NO'
MHR2436459',ಪ್ರಮೀಳಮ್ಮ',ಚಲಪತಿ',190',39',ಹೆಣ್ಣು',',SADRU',FARMER',NO'
ALQ2454114',ಬಸವರಾಜು',ಈಶ್ವರಪ್ಪ',190',31',ಗಂಡು',',SADRU',',YES'
ALQ3181245',ವಿ ಸುದರ್ಶನ್',ವೆಂಕಟಾಚಲಪತಿ',190',19',ಗಂಡು',',SADRU',FARMER',NO'
ALQ1506583',ಗಂಗಾಧರಪ್ಪ',ದೊಡ್ಡಣ್ಣ',191',74',ಗಂಡು',',SADRU',AGED',NO'
ALQ1506591',ಗಂಗಮಾಳಮ್ಮ',ಗಂಗಾಧರಪ್ಪ',191',65',ಹೆಣ್ಣು',',SADRU',AGED',NO'
ALQ1506609',ರಾಜಶೇಖರ',ಗಂಗಾಧರಪ್ಪ',191',43',ಗಂಡು',',SADRU',FARMER',NO'
ALQ1865823',ಲಕ್ಷ್ಮೀ',ರಾಜಶೇಖರ',191',34',ಹೆಣ್ಣು',',SADRU',FARMER',NO'
ALQ1506625',ಆನಸೂಯಮ್ಮ',ಎ ರಾಮಸ್ವಾಮಿ',192',63',ಹೆಣ್ಣು',',SADRU',HOUSE -WIFE',NO'
ALQ1506617',ಎ ಎ ರಾಮಸ್ವಾಮಿ',ಅಣ್ಣಯ್ಯಪ್ಪ',192',63',ಗಂಡು',',SADRU',FARMER',NO'
ALQ1506633',ಎಸ್ ಅರ್ ಶಶಿಕುಮಾರ',ಎ ರಾಮಸ್ವಾಮಿ',192',35',ಗಂಡು',YES',SADRU',CONTRACTOR',NO'
ALQ2069375',ಆರ್ ಲೋಕೇಶ್',ಎ ರಾಮಸ್ವಾಮಿ',192',29',ಗಂಡು',',SADRU',TRACTOR-DRIVER',NO'
ALQ2531986',ಡಿ ಆರ್ ಶೃತಿ',ಎಸ್ ಆರ್ ಶಶಿಕುಮಾರ್',192',29',ಹೆಣ್ಣು',',SADRU',HOUSE -WIFE',NO'
ALQ1506666',ಲಕ್ಕಮ್ಮ',',193',65',ಹೆಣ್ಣು',',DELETED',',NO'
ALQ1506674',ಮಂಜುನಾಥ',ಎ ಅಂಜಿನಪ್ಪ',193',48',ಗಂಡು',',SADRU',FARMER',NO'
MHR2522175',ಬಸವರಾಜು',ಎ ಅಂಜಿನಪ್ಪ',193',43',ಗಂಡು',',SADRU',FACTORY WORKER',NO'
ALQ1506682',ಎಚ್ ಎನ್ ಸುಮಿತ್ರ',ಮಂಜುನಾಥ್',193',42',ಹೆಣ್ಣು',',SADRU',FARMER',NO'
ALQ2111011',ಎಮ್ ಚಂದ್ರಕಲ',ಬಸವರಾಜು',193',35',ಹೆಣ್ಣು',',SADRU',HOUSE -WIFE',NO'
ALQ1506690',ಎಸ್ ಎ ಹರೀಶ್',ಎ ಅಂಜಿನಪ್ಪ',193',34',ಗಂಡು',YES',SADRU',FACTORY WORKER',NO'
ALQ3181500',ಯಮುನ ಕೆ',ಹರೀಶ್',193',19',ಹೆಣ್ಣು',',SADRU',HOUSE -WIFE',NO'
ALQ1506708',ಸಿ ನರಸಿಂಹರೆಡ್ಡಿ',ಚಿಕ್ಕನಾರಾಯಣರೆ',194',81',ಗಂಡು',',DELETED',',NO'
ALQ1506716',ಚೌಡಮ್ಮ',ಸಿ ನರಸಿಂಹರೆಡ್ಡಿ',194',73',ಹೆಣ್ಣು',',REDDY',AGED',NO'
ALQ1506724',ಎನ್ ರಾಮಚಂದ್ರರೆಡ್ಡಿ',ಸಿ ನರಸಿಂಹರೆಡ್ಡಿ',194',3',ಗಂಡು',',REDDY',FARMER',NO'
ALQ1506732',ರಾಧ',ಎನ್ ರಾಮಚಂದ್ರರೆ',194',45',ಹೆಣ್ಣು',',REDDY',HOUSE -WIFE',NO'
ALQ2454171',ಮಂಜುನಾಥರೆಡ್ಡಿ ಆರ್',ರಾಮಚಂದ್ರರೆಡ್ಡಿ ಎನ್',194',25',ಗಂಡು',',REDDY',PRIVATE JOB',NO'
ALQ2498814',ಆರ್ ಸಂಧ್ಯ',ರಾಮಚಂದ್ರರೆಡ್ಡಿ ಎನ್',194',23',ಹೆಣ್ಣು',',REDDY',PRIVATE JOB',NO'
ALQ2184281',ಸುಶೀಲಮ್ಮ',ಗಂಗಯ್ಯ',195',42',ಹೆಣ್ಣು',',SADRU',',YES'
ALQ1506765',ನಂಜಮ್ಮ',ಓಬರೆಡ್ಡಿ',196',70',ಹೆಣ್ಣು',',REDDY',HOUSE -WIFE',NO'
ALQ1506773',ಶ್ರೀನಿವಾಸರೆಡ್ಡಿ',ಓಬರೆಡ್ಡಿ',196',43',ಗಂಡು',',REDDY',FARMER',NO'
ALQ1506781',ಸುಶೀಲಮ್ಮ',ಶ್ರೀನಿವಾಸರೆಡ್ಡಿ',196',38',ಹೆಣ್ಣು',',REDDY',FARMER',NO'
ALQ3181450',ಎಸ್ ನಿಖಿಲ್',ಶ್ರೀನಿವಾಸರೆಡ್ಡಿ ವಿ',196',19',ಗಂಡು',',REDDY',FARMER',NO'
ALQ1506799',ನಂಜರೆಡ್ಡಿ',ಚಿಕ್ಕನಾರಾಯಣರೆಡ್ಡಿ',197',70',ಗಂಡು',',REDDY',FARMER',NO'
ALQ1506807',ಲಕ್ಷ್ಮೀದೇವಮ್ಮ',ನಂಜರೆಡ್ಡಿ',197',63',ಹೆಣ್ಣು',',REDDY',HOME',NO'
ALQ2180768',ಜಿ ಜಿ ಚೈತ್ರ',ಸಿ ಗಂಗರೆಡ್ಡಿ',197',39',ಹೆಣ್ಣು',',REDDY',PRIVATE JOB',NO'
ALQ2825420',ಗಮ್ಮ',ಹುವೆಂಕಟರವಣಪ್ಪ',198',75',ಹೆಣ್ಣು',',BHOVI',AGED',NO'
MHR2521821',ಗೋವಿಂದಪ್ಪ',ಗಂಗಪ್ಪ',198',43',ಗಂಡು',',BHOVI',FARMER',NO'
MHR2436475',ಮಂಜುಳ',ಗೋವಿಂದಪ್ಪ',198',41',ಹೆಣ್ಣು',',BHOVI',HOUSE -WIFE',YES'
ALQ3195682',ಶೃತಿ ಎಸ್ ಜಿ',ಗೋವಿಂದಪ್ಪ',198',21',ಹೆಣ್ಣು',YES',BHOVI',HOUSE -WIFE',NO'
ALQ3181294',ತೇಜಸ್ ಕುಮಾರ್ ಜಿ',ಗೋವಿಂದಪ್ಪ',0',19',ಗಂಡು',',BHOVI',STUDENT',NO'
ALQ1506856',ಎಸ್ ಜಿ ಗೋವಿಂದಪ್ಪ',ಗಂಗಪ್ಪ',199',70',ಗಂಡು',',KURUBA',DAIRY WORKER',NO'
ALQ1506864',ಆದಿಲಕ್ಷ್ಮಿ',ಜಿ ಗೋವಿಂದಪ್ಪ',199',53',ಹೆಣ್ಣು',',KURUBA',HOUSE -WIFE',NO'
ALQ2069474',ಎಸ್ ಜಿ ಶ್ವೇತ',ಎಸ್ ಜಿ ಗೋವಿಂದಪ್ಪ',199',31',ಹೆಣ್ಣು',YES',KURUBA',HOUSE -WIFE',NO'
ALQ2069466',ಎಸ್ ಜಿ ಧನುಷ್',ಎಸ್ ಜಿ ಗೋವಿಂದಪ್ಪ',199',29',ಗಂಡು',',KURUBA',PRIVATE JOB',NO'
ALQ2825438',ರಂಗಮ್ಮ',ಜೂಲಪ್ಪ',200',99',ಹೆಣ್ಣು',',KURUBA',AGED',NO'
ALQ1506898',ಲಕ್ಷ್ಮೀದೇವಿ',ಜಯರಾಮೇಗೌಡ',200',46',ಹೆಣ್ಣು',',KURUBA',HOUSE -WIFE',NO'
ALQ3105822',ವಿನಯ್ ಕುಮಾರ್ ಎಸ್ ಜೆ',ಲೇಟ್ ಜಯರಾ ಗೌಡ ಎಸ್ ಜಿ',200',21',ಗಂಡು',',KURUBA',UNEMPLOYED',NO'
ALQ3181203',ವಿಜಯ ಕುಮಾರ್ ಎಸ್ ಜೆ',ಜಯರಾಮೇ ಗೌಡ ಎಸ್ ಜಿ',200',19',ಗಂಡು',',KURUBA',STUDENT',NO'
ALQ2825446',ತಿಮ್ಮಕ್ಕ',ವೆಂಕಟರವಣಪ್ಪ',201',93',ಹೆಣ್ಣು',',DELETED',',NO'
ALQ1506914',ಅಶ್ವತ್ಥಪ್ಪ',ವೆಂಕಟರವಣಪ್ಪ',201',58',ಗಂಡು',',KURUBA',FARMER',NO'
ALQ1506922',ಶಾಂತಮ್ಮ',ಅಶ್ವತ್ಥಪ್ಪ',201',50',ಹೆಣ್ಣು',',KURUBA',KOOLI',NO'
ALQ1506930',ಎ ಗಂಗರಾಜು',ಎ ಎ ಅಶ್ವತ್ಥಪ್ಪ',201',34',ಗಂಡು',',KURUBA',FACTORY WORKER',NO'
ALQ2180735',ಎಸ್ ಎ ನವೀನ್ ಕುಮಾರ್',ಅಶ್ವತ್ಥಪ್ಪ',201',30',ಗಂಡು',',KURUBA',FACTORY WORKER',NO'
ALQ2180776',ಅನಿಲ್ ಕುಮಾರ್ ಎ',ಅಶ್ವತ್ಥಪ್ಪ',201',26',ಗಂಡು',',KURUBA',PRIVATE JOB',NO'
ALQ2532018',ಶಿಲ್ಪ ಎಂ',ಎ ಗಂಗರಾಜು',201',26',ಹೆಣ್ಣು',YES',KURUBA',GARMENTS',NO'
ALQ3181377',KAVYA H',ನವೀನ್ ಕುಮಾರ್',201',19',ಹೆಣ್ಣು',',KURUBA',STUDENT',NO'
ALQ1506948',ಗಂಗಾಧರಪ್ಪ ಎಸ್ ಜಿ',ಗಂಗಪ್ಪ',202',61',ಗಂಡು',',KURUBA',SHEEP-FARMING',NO'
ALQ1506955',ಮುದ್ದಮ್ಮ',ಗಂಗಾಧರಪ್ಪ',202',51',ಹೆಣ್ಣು',',KURUBA',FARMER',NO'
ALQ2510311',ಎಸ್ ಜಿ ಸೌಭಾಗ್ಯಮ್ಮ',ಶ್ರೀನಿವಾಸಪ್ಪ',202',35',ಹೆಣ್ಣು',',KURUBA',HOUSE -WIFE',NO'
ALQ1506963',ಜಿ ಮಂಜುನಾಥ',ಗಂಗಧರಪ್ಪ',202',32',ಗಂಡು',YES',KURUBA',DUBAI',NO'
ALQ3030723',ಹೆಚ್ ಜಿ ಕುಸುಮ',ಜಿ ಮಂಜುನಾಥ',202',26',ಹೆಣ್ಣು',',KURUBA',HOUSE -WIFE',NO'
ALQ2498822',ನಾಗಾರ್ಜುನ ಜಿ',ಗಂಗಾಧರಪ್ಪ',202',23',ಗಂಡು',',KURUBA',FACTORY WORKER',NO'
MHR3600889',ಗೋವಿಂದಪ್ಪ',ತಿಮ್ಮಪ್ಪ',204',40',ಗಂಡು',',KURUBA',KOOLI',NO'
ALQ1507029',ನಾಗಮ್ಮ',ಗೋವಿಂದಪ್ಪ',204',36',ಹೆಣ್ಣು',',KURUBA',BADAVARU',YES'
ALQ2825461',ಕರೋತಿಮ್ಮಯ್ಯ',ನಂಜಕ್ಕನವರ ಗಂಡ',205',78',ಗಂಡು',',KURUBA',AGED',NO'
ALQ1507045',ದೊಡ್ಡಜಯಮ್ಮ',ಕರೋತಿಮ್ಮಯ್ಯ',205',67',ಹೆಣ್ಣು',',KURUBA',AGED',NO'
MHR2520948',ಗೋವಿಂದಪ್ಪ',ನಂಜಕ್ಕನವರ ಗಂಗ',205',51',ಗಂಡು',',KURUBA',SHEEP-FARMING',NO'
ALQ1507060',ಲಕ್ಷ್ಮಮ್ಮ',ಗೋವಿಂದಪ್ಪ',205',47',ಹೆಣ್ಣು',',KURUBA',KOOLI',NO'
MHR2521631',ಗಂಗರಾಜು',ಕರೋತಿಮ್ಮಪ್ಪ',205',40',ಗಂಡು',',KURUBA',FARMER',NO'
MHR2520930',ಪ್ರಕಾಶ್',ಗಂಗಾಧರಪ್ಪ',205',39',ಗಂಡು',',KURUBA',FARMER',NO'
ALQ2286185',ಆರ್\u200c ನಾಗಮಣಿ',ಪ್ರಕಾಶ್',205',29',ಹೆಣ್ಣು',',KURUBA',KOOLI',NO'
ALQ2180750',ಎನ್ ಮಂಜುನಾಥ',ನಂಜೇಗೌಡ',205',26',ಗಂಡು',',KURUBA',PRIVATE JOB',NO'
ALQ2454122',ರಾಧಾಕುಮಾರಿ',ಗಂಗರಾಜು',205',25',ಹೆಣ್ಣು',',KURUBA',HOUSE -WIFE',NO'
ALQ2825479',ಲಕ್ಷ್ಮಮ್ಮ',ವೆಂಕಟಪ್ಪ',206',61',ಹೆಣ್ಣು',',KURUBA',AGED',NO'
ALQ1507102',ಲಕ್ಷ್ಮಿದೇವಮ್ಮ',ದೊಡ್ಡಗಂಗಯ್ಯ',207',58',ಹೆಣ್ಣು',',DELETED',',NO'
ALQ1507128',ಪ್ರಭಾಕರ',ದೊಡ್ಡಗಂಗಯ್ಯ',207',34',ಗಂಡು',',KURUBA',FACTORY WORKER',NO'
ALQ2532026',ಶಶಿಕಲಾ ಸಿ ಎಮ್',ಪ್ರಭಾಕರ್',207',26',ಹೆಣ್ಣು',',KURUBA',GARMENTS',NO'
ALQ1507144',ಕಾಮಕ್ಕ',ಗಂಗಪ್ಪ',208',59',ಹೆಣ್ಣು',',KURUBA',KOOLI-BADAVARU',NO'
ALQ1507151',ಆಶ್ವತ್ಥಪ್ಪ',ಗಂಗಪ್ಪ',208',45',ಗಂಡು',',KURUBA',KOOLI-BADAVARU',NO'
ALQ2433662',ಹೆಚ್ ಗಿರಿಜಮ್ಮ',ಅಂಜೀನಪ್ಪ',208',41',ಹೆಣ್ಣು',',KURUBA',KOOLI-BADAVARU',NO'
MHR3600202',ಎಂ ಮಂಜುಳ',',208',38',ಹೆಣ್ಣು',YES',KURUBA',KOOLI-BADAVARU',NO'
MHR 1995729',ಅಂಜಿನಪ್ಪ',ಗಂಗಪ್ಪ',208',36',ಗಂಡು',',KURUBA',KOOLI-BADAVARU',NO'
ALQ2134609',ಶಿವಪ್ಪ',ಮು ಗಂಗಪ್ಪ',208',35',ಗಂಡು',YES',KURUBA',FARMER',NO'
ALQ2433647',ಜಿ ನಾಗರಾಜ',ಗಂಗಪ್ಪ',208',27',ಗಂಡು',',KURUBA',KOOLI',NO'
ALQ2433670',ಜಿ ಮೋಹನ್ ಕುಮಾರ್',ಗಂಗಪ್ಪ',208',25',ಗಂಡು',YES',KURUBA',FACTORY WORKER',NO'
ALQ2532000',ಅನಿತ',ನಾಗರಾಜು',208',23',ಹೆಣ್ಣು',',KURUBA',KOOLI',NO'
ALQ3195716',ಶಂಕರ ಜಿ',ಗಂಗಪ್ಪ',208',20',ಗಂಡು',YES',KURUBA',PRIVATE JOB',NO'
ALQ1507185',ನಾಗಮ್ಮ',ಚಿಕ್ಕಪ್ಪಯ್ಯ',209',75',ಹೆಣ್ಣು',',KURUBA',AGED',NO'
ALQ 1507193',ಅಂಜಿನಪ್ಪ',ಚಿಕ್ಕಪ್ಪಯ್ಯ',209',55',ಗಂಡು',',KURUBA',FARMER',NO'
ALQ1507201',ಗಂಗರತ್ನಮ್ಮ',ಅಂಜಿನಪ್ಪ',209',47',ಹೆಣ್ಣು',',KURUBA',FARMER',NO'
ALQ1507219',ಹನುಮಂತಪ್ಪ',ಚಿಕ್ಕಪ್ಪಯ್ಯ',209',43',ಗಂಡು',',KURUBA',SHEEP-FARMING',NO'
ALQ1865831',ಪಾರ್ವತಮ್ಮ',ಹನುಮಂತಪ್ಪ',209',37',ಹೆಣ್ಣು',',KURUBA',DAIRY WORKER',NO'
ALQ2286235',ನಾಗರಾಜ ಎ',ಸಿ ಅಂಜಿನಪ್ಪ',209',25',ಗಂಡು',',KURUBA',SHEEP-FARMING',NO'
ALQ3043585',ರಘು ಎ',ಅಂಜಿನಪ್ಪ ಸಿ',209',21',ಗಂಡು',',KURUBA',FACTORY WORKER',NO'
ALQ1507243',ಗಂಗಮ್ಮ',ಡಿ ಗಂಗಪ್ಪ',210',65',ಹೆಣ್ಣು',',BHOVI',AGED',NO'
ALQ1507250',ಅದಿಲಕ್ಷ್ಮಮ್ಮ',ಡಿ ಗಂಗಪ್ಪ',210',38',ಹೆಣ್ಣು',',BHOVI',',YES'
ALQ1865849',ಜಿ ಸೀನಪ್ಪ',ಗಂಗಪ್ಪ',210',37',ಗಂಡು',',BHOVI',FARMER',NO'
ALQ2286136',ಕೊಮಲ ವಿ',ಸೀನಪ್ಪ ಜಿ',210',31',ಹೆಣ್ಣು',',BHOVI',TAILOR',NO'
ALQ1507268',ಡಿ ರಾಮಪ್ಪ',ದಾಸಪ್ಪ',211',71',ಗಂಡು',',BHOVI',HOUSE -WIFE',NO'
ALQ1507276',ಯಲ್ಲಮ್ಮ',ಡಿ ರಾಮಪ್ಪ',211',61',ಹೆಣ್ಣು',',BHOVI',KOOLI',NO'
ALQ1507284',ಎಸ್ ಆರ್ ಸುರೇಶ್',ಡಿ ರಾಮಪ್ಪ',211',35',ಗಂಡು',YES',BHOVI',DRIVER',NO'
ALQ2145894',ಏ ಮಂಜುಳಾ',ಎಸ್ ಆರ್',211',32',ಹೆಣ್ಣು',',BHOVI',HOUSE -WIFE',NO'
ALQ1507300',ಕೃಷ್ಣಮ್ಮ',ಡಿ ಹನುಮಂತಪ್ಪ',212',56',ಹೆಣ್ಣು',',BHOVI',KOOLI',NO'
ALQ2454155',ಬಿಜಿ ವೆಂಕಟಮ್ಮ',ಕೃಷ್ಣಪ್ಪ',212',41',ಹೆಣ್ಣು',',BHOVI',KOOLI',NO'
ALQ1865856',ಕೃಷ್ಣಪ್ಪ',ಹನುಮಂತಪ್ಪ',212',36',ಗಂಡು',',BHOVI',KOOLI',NO'
ALQ1507318',ಚಿಕ್ಕರೆಡ್ಡಪ್ಪ',ಆಂಜಿನಪ್ಪ',213',87',ಗಂಡು',',DELETED',',NO'
ALQ1507334',ಕೃಷ್ಣಪ್ಪ',ಚಿಕ್ಕರೆಡ್ಡಪ್ಪ',213',61',ಗಂಡು',',KURUBA',FARMER',NO'
ALQ1507359',ಗಂಗಮ್ಮ',ಕೃಷ್ಣಪ್ಪ',213',51',ಹೆಣ್ಣು',',KURUBA',FARMER',NO'
ALQ1507367',ಲಕ್ಷ್ಮೀಪತಿ',ಚಿಕ್ಕರೆಡ್ಡಪ್ಪ',213',47',ಗಂಡು',',KURUBA',UNEMPLOYED',NO'
MHR2521953',ದ್ವಾರಕೀನಾಥ್',ಚಿಕ್ಕರೆಡ್ಡಪ್ಪ',213',43',ಗಂಡು',',KURUBA',SHEEP-FARMING',NO'
ALQ1507375',ಅಶ್ವತ್ಥಮ್ಮ',ಲಕ್ಷ್ಮೀಪತಿ',213',41',ಹೆಣ್ಣು',',KURUBA',KOOLI',YES'
MHR3600244',ಸುದಾಮಣಿ',ದ್ವಾರಕೀನಾಥ್',213',38',ಹೆಣ್ಣು',',KURUBA',KOOLI',NO'
ALQ2180693',ಕೆರಾಜಶೇಖರ್',ಕೃಷ್ಣಪ್ಪ',213',26',ಗಂಡು',',KURUBA',FARMER',NO'
ALQ2498772',ಕೆ ಹನುಮಂತ',ಕೃಷ್ಣಪ್ಪ',213',23',ಗಂಡು',',KURUBA',PRIVATE JOB',NO'
ALQ3181328',ಸಂಗೀತ ಎಲ್',ಲಕಿ ಪತಿ',213',19',ಹೆಣ್ಣು',',KURUBA',STUDENT',NO'
ALQ1507383',ದ್ಯಾವಮ್ಮ',ಹನುಮಯ್ಯ',214',58',ಹೆಣ್ಣು',',EDIGA',HOUSE -WIFE',NO'
ALQ1507391',ಗೋವಿಂದಪ್ಪ',ಶೇಂದಿಹನುಮಯ್ಯ',214',57',ಗಂಡು',',EDIGA',',YES'
ALQ1507409',ಆಶ್ವತ್ಥಮ್ಮ',ಗೋವಿಂದಪ್ಪ',214',51',ಗಂಡು',',EDIGA',FARMER',NO'
ALQ1507417',ಎಸ್ ಜಿ ಹರೀಶ್',ಗೋವಿಂದಪ್ಪ',214',32',ಗಂಡು',',EDIGA',',YES'
ALQ2180685',ಜಿ ಶಶಿಕುಮಾರ್',ಗೋವಿಂದಪ್ಪ',214',26',ಗಂಡು',',EDIGA',FARMER',NO'
ALQ2498806',ಅನಿಲ್ ಕುಮಾರ್ ಜಿ',ಗೋವಿಂದಪ್ಪ',214',23',ಗಂಡು',',EDIGA',FACTORY WORKER',NO'
ALQ2825487',ಜಯಲಕ್ಷ್ಮಮ್ಮ',ಶೇಂದಿರಾಮಪ್ಪ',215',57',ಹೆಣ್ಣು',',EDIGA',AGED',YES'
ALQ1507441',ಅರ್ ರಾಮಕೃಷ್ಣಪ್ಪ',ರಾಮಪ್ಪ',215',45',ಗಂಡು',',EDIGA',FARMER',NO'
MHR 2521623',ಹನುಮಂತಪ್ಪ',ಶೇಂದಿರಾಮಪ್ಪ',215',38',ಗಂಡು',',EDIGA',KOOLI-BADAVARU',NO'
MHR2436467',ಯಶೋದಮ್ಮ',ಆರ್ ರಾಮಕೃಷ್ಣಪ್ಪ',215',38',ಹೆಣ್ಣು',',EDIGA',DAIRY WORKER',NO'
ALQ1865864',ಪದ್ಮಾವತಮ್ಮ',ಹನುಮಂತಪ್ಪ',215',33',ಹೆಣ್ಣು',',EDIGA',GARMENTS',NO'
ALQ1507458',ಅರ್ ಅಂಜಿನಪ್ಪ',ಚಿಕ್ಕಗಂಗಪ್ಪ',216',93',ಗಂಡು',',KURUBA',AGED',NO'
ALQ1507466',ಲಕ್ಷ್ಮಮ್ಮ',ಅರ್ ಅಂಜಿನಪ್ಪ',216',83',ಹೆಣ್ಣು',',KURUBA',AGED',NO'
ALQ1507474',ಆಶ್ವತ್ಥಪ್ಪ',ಅರ್ ಅಂಜಿನಪ್ಪ',216',59',ಗಂಡು',',KURUBA',SHEEP-FARMING',NO'
ALQ1507482',ಗಂಗಾಧರಪ್ಪ',ಆರ್ ಅಂಜಿನಪ್ಪ',216',55',ಗಂಡು',',KURUBA',FARMER',NO'
ALQ1507490',ರತ್ನಮ್ಮ',ಆಶ್ವತ್ಥಪ್ಪ',216',53',ಹೆಣ್ಣು',',KURUBA',FARMER',NO'
ALQ1507508',ರತ್ನಮ್ಮ',ಗಂಗಾಧರಪ್ಪ',216',47',ಹೆಣ್ಣು',',KURUBA',FARMER',NO'
ALQ2184356',ಶಿವಕುಮಾರ',ಎ ಅಶ್ವತ್ಥಪ್ಪ',216',34',ಗಂಡು',',KURUBA',WATCHMAN',NO'
ALQ2145928',ಜೆ ನಾಗರಾಜ',ಗಂಗದರಪ್ಪ',216',28',ಗಂಡು',',KURUBA',FARMER',NO'
ALQ2180677',ಎ ಗಂಗಾರಾಜು',ಆಶ್ವತ್ಥಪ್ಪ',216',26',ಗಂಡು',',KURUBA',ENGINEER',NO'
ALQ3132602',ಕರೆ ವೀಣಾ',ಎಸ್ ಎ ಶಿವಕುಮಾರ್',216',25',ಹೆಣ್ಣು',YES',KURUBA',HOUSE -WIFE',NO'
ALQ2532034',ರೆಡ್ಡಪ್ಪ ಎ',ಅಶ್ವತ್ಥಪ್ಪ',216',23',ಗಂಡು',',KURUBA',FARMER',NO'
ALQ2532042',ಜಿ ರಘು',ಗಂಗಾಧರಪ್ಪ',216',23',ಗಂಡು',',KURUBA',FACTORY WORKER',NO'
ALQ2825495',ಆರ್\u200c ಹನುಮಂತಪ್ಪ',ಚಿಕ್ಕರೆಡ್ಡಪ್ಪ',217',68',ಗಂಡು',',KURUBA',',YES'
ALQ2825503',ಗಂಗಲಕ್ಷ್ಮಮ್ಮ',ಆರ್ ಹನುಮಂತಪ',217',57',ಹೆಣ್ಣು',',KURUBA',KOOLI-BADAVARU',NO'
ALQ1507540',ಆರ್ ಗಂಗಾಧರಪ್ಪ',ಚಿಕ್ಕರೆಡ್ಡಪ್ಪ',217',56',ಗಂಡು',',KURUBA',SHEEP-FARMING',NO'
MHR3600236',ಸರಸ್ವತಮ್ಮ',ಆರ್\u200c ಗಂಗಾಧರಪ್ಪ',217',43',ಹೆಣ್ಣು',',KURUBA',KOOLI',NO'
ALQ1865872',ಹೆಚ್ ಬಾಲಕೃಷ್ಣ',ಹನುಮಂತಪ್ಪ',217',35',ಗಂಡು',',KURUBA',',YES'
ALQ1865690',ಹೆಚ್ ನಾಗಾರ್ಜುನ',ಹನುಮಂತಪ್ಪ',217',29',ಗಂಡು',',KURUBA',KOOLI',NO'
MHR3600624',ಗಂಗಾದೇವಿ',',218',47',ಹೆಣ್ಣು',',DELETED',',NO'
ALQ3181419',ಭಾರತಿ ಎನ್',ನಂಜುಂಡಪ್ಪ',218',28',ಹೆಣ್ಣು',YES',KURUBA',GARMENTS',NO'
MHR3600343',ಸಿದ್ದಮ್ಮ',ಮೈಲಾರಪ್ಪ',219',57',ಹೆಣ್ಣು',',KURUBA',KOOLI',NO'
MHR2436327',ಅಶ್ವತ್ಥನಾರಾಯಣಪ್ಪ',ಮೈಲಾರಪ್ಪ',219',40',ಗಂಡು',',KURUBA',TEMPO-OWNER',NO'
ALQ2134633',ಮಲ್ಲೇಶ್',ಮೈಲಾರಪ್ಪ',219',36',ಗಂಡು',',KURUBA',KOOLI',NO'
ALQ1507565',ನವೀನಾ',ಮೈಲಾರಪ್ಪ',219',34',ಗಂಡು',',KURUBA',SHEEP-FARMING',NO'
ALQ1865898',ಸೌಭಾಗ್ಯಮ್ಮ',ಮಲ್ಲೇಶ್',219',29',ಹೆಣ್ಣು',',KURUBA',GARMENTS',NO'
ALQ2454072',ಶ್ವೇತ',ನವೀನ',219',26',ಹೆಣ್ಣು',',KURUBA',KOOLI',NO'
ALQ3132552',ಕೆ ಶ್ರೀರಾಮುಲು',ಹನುಮಂತಪ್ಪ',240',63',ಗಂಡು',YES',KURUBA',KOOLI',NO'
ALQ3132990',ಮಂಜುಳ',ಕೆ ಶ್ರೀರಾಮುಲು',240',45',ಹೆಣ್ಣು',',KURUBA',KOOLI',NO'
ALQ1507581',ಜಿ ರಮೇಶ್',ಗಂಗಾಧರಪ್ಪ',338',34',ಗಂಡು',YES',SADRU',PRIVATE JOB',NO'
ALQ1505049',ಶ್ರೀನಿವಾಸಪ್ಪ',ಸಿದ್ದಪ್ಪ',137ಎವಿ',53',ಗಂಡು',',BHOVI',CARPENTER',NO'
ALQ1505064',ರಂಗಸ್ವಾಮಿ',ಚಿಕ್ಕನಾಗಪ್ಪ',138ಎ',48',ಗಂಡು',',KURUBA',SHEEP-MERCHANT',NO'
ALQ1505072',ನಾಗರತ್ನಮ್ಮ',ರಂಗಸ್ವಾಮಿ',138ಎ',43',ಹೆಣ್ಣು',',KURUBA',HOUSE -WIFE',NO'
MHR3601424',ಸುಧಾ',ಎಸ್ ಜಿ ನರಸಿಂಹರೆಡ್ಡಿ',152ಎ',42',ಹೆಣ್ಣು',',REDDY',KOOLI',NO'
ALQ3042900',ಪ್ರತಾಪ್ ಎಸ್ ಎನ್',ಲೇಟ್ ನರಸಿಂಹರೆ',152ಎ',21',ಗಂಡು',',REDDY',PETROL-BUNK-WORKER',NO'
ALQ3181021',ಯಶವಂತರೆಡ್ಡಿ',ಎಸ್ ಜಿ ನರಸಿಂಹರೆಡ್ಡಿ',152ಎ',19',ಗಂಡು',',REDDY',FACTORY WORKER',NO'
ALQ1505585',ರಾಮದಾಸಪ್ಪ',ವೆಂಕಟರವಣಪ್ಪ',157ಎ',60',ಗಂಡು',',EDIGA',KOOLI',NO'
ALQ1505593',ಶಾರದಮ್ಮ',ರಾಮದಾಸಪ್ಪ',157ಎ',51',ಹೆಣ್ಣು',',EDIGA',KOOLI',NO'
ALQ1506096',ಶ್ರೀನಿವಾಸಗೌಡ',ಗಂಗಪ್ಪ',176ಎ',53',ಗಂಡು',',KURUBA',WATERMAN',NO'
MHR3600558',ರುಕ್ಕಿಣಿ',ಶ್ರೀನಿವಾಸಗೌಡ',176ಎ',42',ಹೆಣ್ಣು',',KURUBA',KOOLI',NO'
ALQ3043577',ರಜನಿಕಾಂತ್ ಎಸ್',ಶ್ರೀನಿವಾಸಗೌಡ ಜಿ',176 ಎ',21',ಗಂಡು',',KURUBA',STUDENT',NO'
ALQ3105764',ಎಸ್ ನಾಗೇಶ್',ಶ್ರೀನಿವಾಸ್ ಗೌಡ',176',20',ಗಂಡು',',KURUBA',STUDENT',NO'
ALQ1506138',ರತ್ನಮ್ಮ',ಹೆಚ್ ಟಿ ಗಂಗಾಧರಯ್ಯ',177ಎ',61',ಹೆಣ್ಣು',',KURUBA',FARMER',NO'
ALQ1506146',ಟಿ ಕೃಷ್ಣಪ್ಪ',ತಿಮ್ಮಯ್ಯ',177ಎ',55',ಗಂಡು',',KURUBA',FARMER',NO'
ALQ2201887',ಜಿ ಶ್ರೀಧರ',ಗಂಗಧರಪ್ಪ',177 ಎ',26',ಗಂಡು',',KURUBA',ELECTRICIAN-UNEMPLOYED',NO'
ALQ1506252',ಲಕ್ಷ್ಮಮ್ಮ',ಅಶ್ವತ್ಥಪ್ಪ',179ಎ',64',ಹೆಣ್ಣು',',EDIGA',KOOLI',NO'
ALQ2134690',ಲಕ್ಷ್ಮೀಪತಿ',ಅಶ್ವತ್ಥಪ್ಪ',179ಎ',40',ಗಂಡು',',EDIGA',KOOLI',NO'
ALQ1506815',ಗಂಗರೆಡ್ಡಿ',ಚಿಕ್ಕನಾರಾಯಣರ',197ಎ',58',ಗಂಡು',',REDDY',FARMER',NO'
ALQ1506823',ಮಂಜುಳಮ್ಮ',ಗಂಗರೆಡ್ಡಿ',197ಎ',53',ಹೆಣ್ಣು',',REDDY',FARMER',NO'
ALQ2107878',ಜಿ ದೀಪ',ಸಿ ಗಂಗರೆಡ್ಡಿ',197ಎ',27',ಹೆಣ್ಣು',',REDDY',ENGINEER',NO'
ALQ1507078',ನಂಜಪ್ಪ',ನಂಜಕ್ಕನವರ ಗಂನ',205ಎ',58',ಗಂಡು',',KURUBA',KOOLI',NO'
ALQ1505015',ಸರಸ್ವತ್ಥಮ್ಮ',ನಂಜಪ್ಪ',205ಎ',53',ಹೆಣ್ಣು',',KURUBA',KOOLI',NO'
ALQ3228319',ಭವ್ಯ ಎಲ್',ಗುಂಡುಪ್ರಸಾದ್',167',19',ಹೆಣ್ಣು',',KUMBA',KOOLI',NO'
ALQ3228327',ವಿ ರವಿ',ವೆಂಕಟರವಣಪ್ಪ',151',36',ಗಂಡು',',KURUBA',RAILWAY-DEPARTMENT-HELPER',NO'
ALQ3242690',ವೀ ರವಿ',ವೆಂಕಟರವಣಪ್ಪ',0',36',ಗಂಡು',REPEAT',',',NO'
ALQ3236551',ಕೆ ಭವ್ಯ',ಕೆ ಶ್ರೀಧರ',168',18',ಹೆಣ್ಣು',',KUMBA',HOUSE -WIFE',NO'
ALQ3238284',ಯುವರಾಜ್ ಆರ್',ರಂಗಸ್ವಾಮಿ',138ಏ',18',ಗಂಡು',',KURUBA',SHEEP-FARMING',NO'
ALQ3242690',ಧನುಷ್ ಜಿ',ಗಂಗಯ್ಯ',195',18',ಗಂಡು',',DELETED',',NO'
ALQ3242708',ಪ್ರಭಾಕರ ವೀ',ವೆಂಕಟಸ್ವಾಮಿ',171',18',ಗಂಡು',',BHOVI',MECHANIC',NO'
ALQ3259272',ಎಂ ಆರ್ ವರುಣ್ ಕುಮಾರ್',ರಾಮಂಜಿನಪ್ಪ',64',18',ಗಂಡು',',KURUBA',UNEMPLOYED',NO'
ALQ3266038',ಜಿ ಹರೀಶ್',ಗೋವಿಂದಪ್ಪ',204',18',ಗಂಡು',',KURUBA',BADAVARU-UNEMPLOYED',NO'