ALQ3192416,ಮುತ್ತಮ್ಮ ಎಂ,ಧರ್ಮಪ್ಪ,306,40,ಹೆಣ್ಣು
ALQ3192408,ಸುಗುಣ ವಿಜಿ,ಭೂತನಾರಾಯಣ ಆರ್,0,22,ಹೆಣ್ಣು
ALQ3192424,ಲಕ್ಷ್ಮೀ ,0,21,ಹೆಣ್ಣು,
ALQ2172443,ಸುಮಂಗಳ ಜಿ ಎಮ್,ಶಿವಕುಮಾರ್,0,33,ಹೆಣ್ಣು
ALQ2172419,ರಾಜೇಶ್ವರಿ ಎಮ್,ಕೆ ಆರ್ ನಾಗಪ್ಪ,0,32,ಹೆಣ್ಣು
ALQ2172492,ಸುಧಾಕರ ಎನ್,ನಾಗರಾಜಪ್ಪ,0,30,ಗಂಡು
ALQ2172500,ಕಾಂತ ಕೆಜಿ,ಗಂಗಾಧರಪ್ಪ,0,30,ಗಂಡು
ALQ2172401,ಕೆ ಎನ್ ರಂಜಿತ,ನಂಜಪ್ಪ,0,26,ಹೆಣ್ಣು
ALQ2172484,ಕೆ ಪಿ ಸುಮ,ಪಳ್ಳಲ್ಲಪ್ಪ,0,26,ಹೆಣ್ಣು
ALQ2172427,ಕೆ ಆರ್ ಭೂತನಾರಾಯಣ,ರಾಮಪ್ಪ,0,26,ಗಂಡು
ALQ2172476,ಲೋಕೇಶ ಕೆ ಎನ್,ನಾಗಕೃಷ್ಣಪ್ಪ,0,26,ಗಂಡು
ALQ2256659,ಭೂತ ನಾರಾಯಣಪ್ಪ,ಗೋವಿಂದಪ್ಪ,0,25,ಗಂಡು
ALQ3160066,ಸುಮ ಆರ್,ರಾಮಪ್ಪ ಕೆಜಿ,0,21,ಹೆಣ್ಣು
ALQ3160033,ಚಿಕ್ಕಣ್ಣ,ಪಳ್ಳಳ್ಳಪ್ಪ,0,69,ಗಂಡು
ALQ2447779,: ಸಿದ್ದಲಿಂಗಪ್ಪ,ಹನುಮಂತರಾಯ,0,33,ಗಂಡು
ALQ2343705,ಅನಂತ್‌ ರಾಜು ತಾಯಿಯ,ರಾಮಾಂಜಿನಮ್ಮ,0,33,ಗಂಡು
ALQ2358299,ಅನಂತಕುಮಾರ,ಅಂಜನಪ್ಪ,0,31,ಗಂಡು
ALQ2383578,ಅಂಜಲಿದೇವಿ,ಸುರೇಶ್,0,31,ಹೆಣ್ಣು
ALQ2425932,ಶಶಿಕುಮಾರ್ ಪಿ,ಪಳ್ಳೇಪ,0,29,ಗಂಡು
ALQ3195401,ಪಾರ್ವತಮ್ಮ ಎನ್,ಹನುಮಂತರಾಯಪ್ಪ,0,29,ಹೆಣ್ಣು
ALQ2426047,ಗೌರಮ್ಮ ಬಿ,ಅನಂತರಾಜು,0,29,ಹೆಣ್ಣು
ALQ2384089,ಮಹೇಶ ಡಿ,ದಾಸಪ್ಪ,0,27,ಗಂಡು
ALQ2211753,ಲಲಿತ,ರವಿ ಬಿ,0,27,ಹೆಣ್ಣು
ALQ2383420,ಭೂಲಕ್ಷ್ಮಮ್ಮ,ವೆಂಕಟೇಶಪ್ಪ,0,27,ಹೆಣ್ಣು
ALQ2425973,ರೂಪ ಬಿ,ಚಂದ್ರಶೇಖರ್ ಎಮ್,0,26,ಹೆಣ್ಣು
ALQ2384378,ಭೂಚನಾರಾಯಣ ಕೆ ಹೆಚ್,ಹನುಮಂತರಾಯ,0,26,ಗಂಡು
ALQ3160116,ಚೈತ್ರಕೆ ಎನ್,ನಾರಾಯಣಪ್ಪ ಕೆಜಿ,0,26,ಹೆಣ್ಣು
ALQ3160140,ಶಿಲ್ಪ ಎನ್ ಎಂ,ಹರೀಶ ಕೆಎ,0,25,ಹೆಣ್ಣು
ALQ2426021,ಭೂತನಾರಾಯಣ ಜಿ,ಗಂಗಪ್ಪ,0,24,ಗಂಡು
ALQ3216330,ರಕ್ಷಿತ ಡಿ,ಆನಂದ ಕೆ,0,24,ಹೆಣ್ಣು
ALQ2522332,ಕೆಂಪಣ್ಣ ಗಾರಿ ಚಂದ್ರಕಲಾ,ಸಿದ್ದಪ್ಪ,0,23,ಹೆಣ್ಣು
ALQ3074556,ನಾಗಾರ್ಜುನ ಕೆಆರ್,ರಾಮಾಂಜಿನಪ್ಪ,0,22,ಗಂಡು
ALQ3160082,ನಾರಾಯಣಪ್ಪ ಕೆಜ,ಗಂಗಣ್ಣ,0,20,ಗಂಡು
ALQ3216322,ನಿವೇದಿತಾ ಸಿ ಎಸ್,ಚಂದ್ರಶೇಖರಯ್ಯ,0,19,ಹೆಣ್ಣು
ALQ2364636,ವೆಂಕಟಪ್ಪ ಕೆ ಆರ್,ರಾಮಪ್ಪ,19,29,ಗಂಡು
ALQ3223443,ಮಾರುತಿ ಕೆಡಿ ದೊಡ್ಡನಾಗಪ್ಪ,ದೊಡ್ಡನಾಗಪ್ಪ ದೊಡ್ಡನಾಗಪ್ಪ,54,19,ಗಂಡು
ALQ2138675,ನರಸೆಗೌಡ ಎನ್,ನರಸಿಂಹಮೂರ್ತಿ,55,28,ಗಂಡು
ALQ2256634,ಮಾಂತೆಶ್ ಕೆಹೆಚ್,ಹನುಮಂತರಾಯ,63,27,ಗಂಡು
ALQ2256675,ಗಂಗಾಧರ್‌ ಕೆ ಎನ್,ನಾಗಪ್ಪ,78,26,ಗಂಡು
ALQ3048428,ಸಿದ್ದಲಿಂಗ ಕೆ ಎನ್,ನಾಗಪ್ಪ,78,22,ಗಂಡು
ALQ2256626,ನಾಗೇಶ್ ಕೆ ಅರ್,ಚಿಕ್ಕರೆಡ್ಡಪ್ಪ,82,26,ಗಂಡು
ALQ2172450,ಮುತ್ತುರಾಜು ಕೆ ಎನ್,ನಾಗಲಿಂಗಪ್ಪ,103,25,ಗಂಡು
ALQ3192432,ಅಶ್ವಿನಿ ವಿ ಎ,ಮುತ್ತುರಾಜು ಕೆ ಎನ್,103,21,ಹೆಣ್ಣು
ALQ3214798,ಸುಮಿತ್ರ,ನಾರಾಯಣಪ್ಪ,118,19,ಹೆಣ್ಣು
ALQ2110161,ಗಂಗಾರತನಮ್ಮ,ಆರ್ ಮುತ್ತುರಾಜ್,141,31,ಹೆಣ್ಣು
ALQ2256667,ಶಶಿಕುಮಾರ್,ಪಿಳ್ಳಾಳಪ್ಪ,14 1,29,ಗಂಡು
ALQ2106920,ರಾಮಾಂಜಿನಮ್ಮ,ಕೆ ಎನ್ ನಾಗರಾಜಯ,273,39,ಹೆಣ್ಣು
ALQ3074564,ಗೀತಾಂಜಲಿ ಎನ್,ನಾಗರಾಜಯ್ಯಕೆ ಎನ್,273,22,ಹೆಣ್ಣು
ALQ2634475,ಮೈಲಕ್ಕ,ಮುತ್ತಪ್ಪ,303,75,ಹೆಣ್ಣು
ALQ1269125,ಆನಂದಪ್ಪ,ತಿಪ್ಪಣ್ಣ,303,54,ಗಂಡು
ALQ1269133,ಜಯಮ್ಮ,ಆನಂದಪ್ಪ,303,46,ಹೆಣ್ಣು
ALQ3048352,ಮಧುಕೆ ಎ,ಆನಂದಪ್ಪ,303,25,ಗಂಡು
ALQ3048337,ಮಮತ ಎ,ಆನಂದಪ್ಪ,303,21,ಹೆಣ್ಣು
ALQ2634483,ಗಂಗಮ್ಮ,ಮರಿಲಿಂಗಪ್ಪ,304,81,ಹೆಣ್ಣು
ALQ2634491,ಮಹಾಲಿಂಗಪ್ಪ,ಮರಿ ಲಿಂಗಪ್ಪ,304,42,ಗಂಡು
ALQ2634509,ನರಸಪ್ಪ,ಮಲ್ಲಪ್ಪ,306,50,ಗಂಡು
ALQ2634517,ಧರ್ಮಪ್ಪ,ಮಲ್ಲಪ್ಪ,306,50,ಗಂಡು
ALQ1269141,ರತ್ನಮ್ಮ,ನರಸಪ್ಪ,306,43,ಹೆಣ್ಣು
ALQ3192390,ಸುಹಾಸ್ ಕೆಡಿ,ಧರ್ಮಪ್ಪ,306,21,ಗಂಡು
ALQ1269158,ಅಶ್ವತ್ಥಪ್ಪ,ನಾರಪ್ಪ,307,61,ಗಂಡು
ALQ1269166,ಪಳ್ಳಿಳ್ಳಪ್ಪ,ನಾರಪ್ಪ,307,56,ಗಂಡು
ALQ2634525,ಲಕ್ಷ್ಮಮ್ಮ,ಅಶ್ವತ್ಥಪ್ಪ,307,51,ಹೆಣ್ಣು
MVJ2360626,ಬೂತಪ್ಪ,ನಾರಪ್ಪ,307,48,ಗಂಡು
ALQ2634533,ಶಿವಲಿಂಗಮ್ಮ,ಪಳ್ಳಳ್ಳಪ್ಪ,307,46,ಹೆಣ್ಣು
ALQ1269497,ಕೆ ಎ ನಾಗರಾಜಯ್ಯ,ಅಶ್ವತ್ಥಪ್ಪ,307,37,ಗಂಡು
ALQ2130896,ನರಸಿಂಹಮೂರ್ತಿ,ಆಶ್ವತ್ತಪ್ಪ,307,29,ಗಂಡು
ALQ3048329,ಗಿರಿಜಮ್ಮ ಪಿ,ಫಳ್ಳೆಳ್ಳಪ್ಪ,307,21,ಹೆಣ್ಣು
ALQ1269174,ಸಾಕಮ್ಮ,ವೆಂಕಟಪ್ಪ,308,91,ಹೆಣ್ಣು
MVJ2360790,ಗೋವಿಂದಪ್ಪ,ವೆಂಕಟಪ್ಪ,309,51,ಗಂಡು
ALQ1269182,ರತ್ನಮ್ಮ,ಗೋವಿಂದಪ್ಪ,309,47,ಹೆಣ್ಣು
ALQ2031367,ವೆಂಕಟೇಶ ಕೆ ಜಿ,ಗೋವಿಂದಪ್ಪ,309,30,ಗಂಡು
ALQ3047347,ಕಲ್ಪನ ಎಸ್,ವೆಂಕಟೇಶ ಕೆಜಿ,309,22,ಹೆಣ್ಣು
ALQ2634541,ಪಳ್ಳೆಳ್ಳಪ್ಪ,ಗಂಗಪ್ಪ,311,73,ಗಂಡು
ALQ2634558,ಮೈಲಕ್ಕ,ಪಳ್ಳೆಳ್ಳಪ್ಪ,311,61,ಹೆಣ್ಣು
MVJ2360493,ಗಂಗಾಧರಪ್ಪ,ಪಿಳ್ಳಪ್ಪ,311,43,ಗಂಡು
ALQ2031250,ಅನುರಾಧ ಆರ್‌,ಗಂಗಾಧರಪ್ಪ,311,28,ಹೆಣ್ಣು
ALQ2634566,ಮಲ್ಲಪ್ಪ,ಪಾಪಣ್ಣ,312,61,ಗಂಡು
ALQ2634574,ಜಯಮ್ಮ,ಮಲ್ಲಪ್ಪ,312,56,ಹೆಣ್ಣು
ALQ2031375,ಪಾಪಣ್ಣ ಎಂ,ಮಲ್ಲಪ್ಪ,312,33,ಗಂಡು
ALQ2211761,ಜಿ ಸುಜಾತ,ಕೆ ಎಮ್ ಭೂತನಾರಾಯಣ,312,32,ಹೆಣ್ಣು
ALQ3002045,ಅನಿತಮ್ಮ,ಪಾಪಣ್ಣ ಎಂ,312,25,ಹೆಣ್ಣು
ALQ2634616,ಸಿದ್ದಮ್ಮ,ಪಳ್ಳೆಳ್ಳಪ್ಪ,313,46,ಹೆಣ್ಣು
ALQ2634624,ಬೂತಣ್ಣ,ಸಿದ್ದಪ್ಪ,314,61,ಗಂಡು
MVJ2360808,ನಾರಾಯಣಪ್ಪ,ಸಿದ್ದಪ್ಪ,314,46,ಗಂಡು
ALQ2634632,ಸಿದ್ದಮ್ಮ,ಬೂತಣ್ಣ,314,40,ಹೆಣ್ಣು
ALQ2031235,ನಂದೀಶ ಕೆ ಬಿ,ಬೂತಪ್ಪ,314,32,ಗಂಡು
ALQ2634640,ವೆಂಕಟೇಶ,ಸಂಜೀವಪ್ಪ,315,46,ಗಂಡು
MVJ2360196,ಲಕ್ಷ್ಮೀದೇವಮ್ಮ,ವೆಂಕಟೇಶ,315,41,ಹೆಣ್ಣು
ALQ1269208,ಗಂಗಾಧರಪ್ಪ,ಸಂಜೀವಪ್ಪ,316,56,ಗಂಡು
ALQ1269216,ಶಾಂತಮ್ಮ,ಗಂಗಾಧರಪ್ಪ,316,49,ಹೆಣ್ಣು
ALQ2172393,ಗಂಗಾಧರಪ್ಪ,,316,28,ಗಂಡು
ALQ3091642,ಶಾರದಮ್ಮ,ಕಾಂತ ಕೆಜೆ,316,21,ಹೆಣ್ಣು
ALQ2634657,ಆಂಜಿನಪ್ಪ,ಸಂಜೀವಪ್ಪ,317,61,ಗಂಡು
ALQ2634665,ಜಯಮ್ಮ,ಆಂಜಿನಪ್ಪ,317,46,ಹೆಣ್ಣು
ALQ3152766,ರಾಜ ಎ,ಅಂಜಿನಪ್ಪ,317,25,ಗಂಡು
ALQ3091212,ಲಕ್ಷ್ಮೀಕಾಂತ ಡಿ,ದೊಡ್ಡನಾಗಪ್ಪ,318,21,ಗಂಡು
ALQ2634699,ಲಕ್ಕಮ್ಮ,ಗಂಗಪ್ಪ,319,68,ಹೆಣ್ಣು
ALQ2634673,ಚಿಕ್ಕಣ್ಣ,ಮುತ್ತಪ್ಪ,319,66,ಗಂಡು
ALQ2634681,ಗಂಗಪ್ಪ,ಮುತ್ತಪ್ಪ,319,63,ಗಂಡು
ALQ2634749,ಲಕ್ಷ್ಮಮ್ಮ,ನಾಗಲಿಂಗಪ್ಪ,319,51,ಹೆಣ್ಣು
ALQ2634715,ನಾಗಪ್ಪ,ಮುತ್ತಪ್ಪ,319,50,ಗಂಡು
ALQ1269224,ರಾಮಯ್ಯ,ಮುತ್ತಪ್ಪ,319,49,ಗಂಡು
ALQ2634756,ಮಂಗಳಮ್ಮ,ಅಶ್ವತ್ಥಪ್ಪ,319,46,ಹೆಣ್ಣು
ALQ2634723,ಲಿಂಗಮ್ಮ,ಚಿಕ್ಕಣ್ಣ,319,45,ಹೆಣ್ಣು
ALQ2634707,ನಾಗಲಿಂಗಪ್ಪ,ಮುತ್ತಪ್ಪ,319,42,ಗಂಡು
ALQ1269240,ಕೆ ಜಿ ನಾರಾಯಣಪ್ಪ,ಗಂಗಪ್ಪ,319,42,ಗಂಡು
ALQ2634764,ಪುಟ್ಟಮ್ಮ,ನಾಗಪ್ಪ,319,40,ಹೆಣ್ಣು
ALQ1269257,ಲಿಂಗಪ್ಪ,ಜಾಲಿ ಬೂತಪ್ಪ,320,81,ಗಂಡು
ALQ2634772,ಗಂಗಮ್ಮ,ಲಿಂಗಪ್ಪ,320,68,ಹೆಣ್ಣು
ALQ2522282,ತಿಪ್ಪಣ್ಣ ಕೆ ಎಲ್,ಲಿಂಗಯ್ಯ,320,32,ಗಂಡು
ALQ2522258,ಧನಲಕ್ಷ್ಮಿ,ತಿಪ್ಪಣ್ಣ ಕೆ ಎಲ್,320,28,ಹೆಣ್ಣು
ALQ2634780,ಸಂಜೀವಮ್ಮ,ಹನುಮಪ್ಪ,321,86,ಹೆಣ್ಣು
ALQ2634798,ಆಂಜನಪ್ಪ,ಹನುಮಪ್ಪ,321,61,ಗಂಡು
ALQ1269265,ಸುವರ್ಣಮ್ಮ,ಆಂಜನಪ್ಪ,321,60,ಹೆಣ್ಣು
ALQ1269273,ಶಿವಪ್ಪ,ಹನುಮಪ್ಪ,321,49,ಗಂಡು
ALQ2634806,ಹನುಮಂತರಾಯಪ್ಪ,ಹನುಮಪ್ಪ,321,49,ಗಂಡು
ALQ2634814,ರಾಮಾಂಜಿನಮ್ಮ,ಹನುಮಂತರಾಯ:,321,41,ಹೆಣ್ಣು
MVJ2360253,ಗೀತಾ,ಶಿವಪ್ಪ,321,38,ಹೆಣ್ಣು
ALQ3002037,ರೆಡ್ಡಪ್ಪ ಕೆ ಹೆಚ್,ಹನುಮಂತರಾಯ,321,36,ಗಂಡು
ALQ2522399,ನಾರಾಯಣಪ್ಪ ಕೆ ಹೆಚ್,ಹನುಮಂತರಾಯ,321,26,ಗಂಡು
ALQ2634822,ಗಂಗಮ್ಮ,ಎಳೆಯಪ್ಪ,322,86,ಹೆಣ್ಣು
ALQ2634830,ಹನುಮಂತರಾಯಪ್ಪ,ಎಳೆಯಪ್ಪ,322,51,ಗಂಡು
ALQ2634848,ರಾಜಣ್ಣ,ಎಳೆಯಪ್ಪ,322,39,ಗಂಡು
ALQ2522209,ಗಿರಿಜಮ್ಮ,ರಾಜಣ್ಣ ಕೆ ವೈ,322,28,ಹೆಣ್ಣು
MVJ4122149,ಎನ್ ಲಕ್ಷ್ಮಿ,ನರಸಪ್ಪ,33,40,ಹೆಣ್ಣು
ALQ3091105,ಲಕ್ಷ್ಮಮ್ಮ,ಗಂಗಾಧರಪ್ಪ,33,,ಹೆಣ್ಣು
ALQ2031300,ಆನಂದ ಕೆ,ಕದಿರಪ್ಪ,323,30,ಗಂಡು
ALQ2522274,ಪ್ರಕಾಶ ಕೆ,ಕರಿಯಣ್ಣ,324,39,ಗಂಡು
ALQ2522407,ಅರುಣ ಡಿ ಎಮ್,ಕೆ ಕೆ ಭೂತನಾರಾಯಣಪ್ಪ,327,78,ಹೆಣ್ಣು
ALQ3002052,ಆರ್‌ ಲೀಲಾವತಿ,ಕೆ ಎ ನಾರಾಯಣಯ್ಯ,327,30,ಹೆಣ್ಣು
ALQ3091485,ಮುತ್ತಕ್ಕ,ದೊಡ್ಡರೆಡ್ಡಪ್ಪ,328,35,ಹೆಣ್ಣು
ALQ3048444,ಅನುಷ ಕೆ ಎನ್,ನಾಗಕೃಷ್ಣಪ್ಪ,329,22,ಹೆಣ್ಣು
ALQ3002060,ಅಶ್ವತ್ಥಮ್ಮ,ಬೂತಪ್ಪ,330,34,ಹೆಣ್ಣು
ALQ2031334,ನಾಗಭೂಷಣ ಬಿ,ಬೂತಪ್ಪ,330,32,ಗಂಡು
ALQ3002078,ಲಕ್ಷ್ಮಿದೇವಿ ವಿ,ನಾಗಭೂಷಣ ಬಿ,330,28,ಹೆಣ್ಣು
ALQ2634970,ಲಕ್ಷ್ಮಮ್ಮ,ಅಶ್ವತ್ಥಪ್ಪ,331,51,ಹೆಣ್ಣು
ALQ2031268,ರಾಮಾಂಜಿನಪ್ಪ,ಅಶ್ವಥಪ್ಪ,331,31,ಗಂಡು
ALQ3048436,ಕೆ ಆರ್ ಪ್ರೇಮ,ರಾಮಕೃಷ್ಣಪ್ಪ,331,22,ಹೆಣ್ಣು
ALQ2522373,ಕೆಜಿ ಮುತ್ತರಾಯಪ್ಪ,ಗಂಗಪ್ಪ,332,44,ಗಂಡು
ALQ2545283,ಭಾರತಿ ಎನ್,ನರಸಿಂಹಮೂರ್ತಿ ಕೆ,333,30,ಹೆಣ್ಣು
ALQ3048345,ಸುಕನ್ಯ ಜಿ,ಗಂಗಾಧರಪ್ಪ ಪಿ,333,22,ಹೆಣ್ಣು
ALQ2522308,ಚಿದಂಬರ ಕೆ ವಿ,ವಸಂತಪ್ಪ,334,23,ಗಂಡು
ALQ2096436,ಮೂರ್ತಿ ಬಿ,ಭೂತಪ್ಪ,335,27,ಗಂಡು
ALQ3048402,ನಾಗರಾಜಯ್ಯಜಿ,ಗಂಗಪ್ಪ,337,60,ಗಂಡು
ALQ2522233,ಸಿದ್ದಗಂಗಮ್ಮ,ರಾಮಪ್ಪ,337,40,ಹೆಣ್ಣು
ALQ2130854,ಚಂದ್ರಶೇಖರ,ಕೆ ಕರಿಯಣ್ಣ,337,34,ಗಂಡು
ALQ3091204,ಶಿವಪ್ಪಗಾರಿ ವಸುಂಧರ,ಚಂದ್ರಶೇಖರ ಕೆ,337,32,ಹೆಣ್ಣು
ALQ2130946,ಮನ್ಮಥ ಕೆ ಎನ್,ನಂಜಪ್ಪ ಎಸ್,337,30,ಗಂಡು
ALQ2130953,ಚಿದಾನಂದ ಕೆ ಎನ್,ನಂಜುಂಡಪ್ಪ,337,29,ಗಂಡು
ALQ2211712,ಸಿದ್ದಲಿಂಗ ಕೆ ಎನ್,ನಂಜುಂಡಪ್ಪ,337,27,ಗಂಡು
ALQ2113058,ಪ್ರಭಾಕರ್ ಕ,ಕರಿಯಣ್ಣ,337,27,ಗಂಡು
ALQ2256642,ಕೆ ಎನ್ ಪುಟ್ನಂಜ,ನಂಜುಂಡಪ್ಪ,337,25,ಗಂಡು
ALQ2522316,ಶ್ರೀಧರ ಕೆ ಎ,ಅಶ್ವತ್ಥಪ್ಪ ಜಿ,337,23,ಗಂಡು
ALQ3048410,ದಿವ್ಯಾ ಎ,ಅಶ್ವತ್ಥಪ್ಪ,337,22,ಹೆಣ್ಣು
ALQ3091691,ಮನೋಜ್ ಕುಮಾರ್ ಕೆ ಆರ್,ರಂಗಪ್ಪ,337,21,ಗಂಡು
ALQ2522381,ಪವನ್ ಕುಮಾರ್,ನಾಗಪ್ಪ,339,23,ಗಂಡು
ALQ2326817,ಮಂಜುಳ,ರಾಜು ಕುಮಾರ್ ಕೆ ಎನ್,339,23,ಹೆಣ್ಣು
ALQ3047339,ನಿರ್ಮಲಮ್ಮ,ನಾಗೇಶಪ್ಪ,340,34,ಹೆಣ್ಣು
ALQ2031276,ಲಕ್ಷ್ಮೀದೇವಿ,ಧರ್ಮಣ್ಣ,343,35,ಹೆಣ್ಣು
ALQ2522191,ಜ್ಯೋತಿ ಎಮ್,ಮಂಜುನಾಥ,344,30,ಹೆಣ್ಣು
ALQ2172468,ತೇಜಸ್ವಿನಿ ಹೆಚ್,ತಿಪ್ಪೇಸ್ವಾಮಿ,344,28,ಹೆಣ್ಣು
ALQ2130862,ಕೆ ಆರ್ ನಾರಾಯಣಪ್ಪ,ಕೆ ಆರ್ ಚಿಕ್ಕವೆಂಕಟಪ್ಪ,345,30,ಗಂಡು
ALQ2211688,ಸುಧಾರಾಣಿ ಸಿ,ಕೆ ಎ ರವಿಕುಮಾರ್,346,34,ಹೆಣ್ಣು
ALQ2116556,ಶ್ರೀ ರಾಮ್ ಕೆಎ,ಅಶ್ವತಪ್ಪ,346,30,ಗಂಡು
ALQ3212222,ಪ್ರಶಾಂತ ಕುಮಾರ್ ಕೆ ಆರ್,ರಾಮಚಂದ್ರಪ್ಪ,347,19,ಗಂಡು
ALQ2031383,ಮುತ್ತರಾಜು ತಾಯಿಯ,ರಾಮಾಂಜಿನಮ್ಮ,348,29,ಗಂಡು
ALQ2106441,ಶಿವಕುಮಾರ್ ಎನ್,ನಾಗರಾಜಪ್ಪ,349,28,ಗಂಡು
ALQ3048311,ರಾಧಲಕ್ಷ್ಮೀ ಎನ್,ನಾಗರಾಜಪ್ಪ,349,25,ಹೆಣ್ಣು
ALQ3091188,ಗಾಯತ್ರಿ ಎ,ಶಿವಕುಮಾರ್ ಎನ್,349,22,ಹೆಣ್ಣು
ALQ2522217,ಕೆಹೆಚ್ ಹೇಮಾಶ್ರೀ,ಧರ್ಮಾನಂದ ಕೆ ಪಿ,350,25,ಹೆಣ್ಣು
ALQ2031227,ಗಿರೀಶ ಕೆ ಆರ್,ರಾಮಯ್ಯ,351,29,ಗಂಡು
ALQ3091683,ಪರಿಮಳ ಹೆಚ್ ಜಿ,ಗಂಗರಾಜು ಕೆ ವೈ,352,26,ಹೆಣ್ಣು
ALQ2522365,ಕವಿತ,ಗೋಪಾಲಯ್ಯ,353,25,ಹೆಣ್ಣು
ALQ2031342,ಸುರೇಶ್ ಬಾಬು,ದಾಸಪ್ಪ,354,30,ಗಂಡು
ALQ3048451,ಅಮರನಾರಾಯಣ ಕೆಡಿ,ದಾಸಪ್ಪ,354,: 24,ಗಂಡು
ALQ2031359,ಲಕ್ಷ್ಮೀದೇವಮ್ಮ,ರಾಮಲಿಂಗಪ್ಪ,357,40,ಹೆಣ್ಣು
ALQ3213857,ರಾಘವೆಂದ್ರ ಖೆ ಆರ್,ರಾಮಲಿಂಗಯ್ಯಾ,357,19,ಗಂಡು
ALQ2109049,ಭಾಗ್ಯಮ್ಮ,ನಾಗರಾಜು,358,36,ಹೆಣ್ಣು
ALQ3048378,ಗಗನ ಶ್ರೀ,ಜಯರಾಮಯ್ಯ,360,21,ಹೆಣ್ಣು
ALQ2211720,ಮಂಜುಳ ಎಸ್ ಇ,ಅಶ್ವತ್ಥನಾರಾಯಣ,361,32,ಹೆಣ್ಣು
ALQ2522357,ಶ್ರೀಧರ ಕೆ ಎನ್,ನರಸಿಂಹಮೂರ್ತಿ,363,26,ಗಂಡು
ALQ3048394,ಲಕ್ಷ್ಮಿದೇವಮ್ಮ,ಮಲ್ಲಪ್ಪ,818,46,ಹೆಣ್ಣು
ALQ2522241,ಚಂದ್ರಶೇಕರ್ ಎಮ್,ಮೈಲಾರಪ್ಪ,376 1,27,ಗಂಡು
ALQ2211670,ಹೇಮಂತಕುಮಾರ್ ಹೆಚ್,ಹನುಮಂತರಾಯಪ್ಪ,370,27,ಗಂಡು
ALQ2522290,ರಾಧಮ್ಮ ಸಿ ಪಿ,ರವಿ,1406,29,ಹೆಣ್ಣು
ALQ2031292,ಭೂತನಾರಾಯಣ,ಚಿಕ್ಕಣ್ಣ,0,25,ಗಂಡು
ALQ2211704,ಬೃಂದಾದೇವಿ,ನಾಗಪ್ಪ,372,27,ಹೆಣ್ಣು
ALQ2522324,ಸಿದ್ದಮ್ಮ,ದೊಡ್ಡಬೂತಣ್ಣ,312 1,56,ಹೆಣ್ಣು
ALQ2203594,ಅಶ್ವತ್ಥಮ್ಮ,ನಾಗಪ್ಪ,78,55,ಹೆಣ್ಣು
ALQ3047321,ಕೆಜಿ ಅಶ್ವತ್ಥಪ್ಪ,ಗಂಗಪ್ಪ,387,36,ಗಂಡು
ALQ1269299,ಗಾಯಿತ್ರಮ್ಮ ಆರ್,ಗೋಪಾಲಯ್ಯ,374 ಎ,32,ಹೆಣ್ಣು
ALQ2172385,ಮಹೇಶ್,ನರಸಪ್ಪ,144,31,ಗಂಡು
ALQ1270214,ರವಿ ಕೆ ಎಸ್,ಸಿಟ್ಟಪ್ಪ,1406,32,ಗಂಡು
ALQ2211746,ಕೃಷ್ಣ ಕೆ ಎನ್,ನರಸಪ್ಪ,367,26,ಗಂಡು
ALQ3212172,ರತ್ನಮ್ಮ,ಬೂತಪ್ಪ,307,40,ಹೆಣ್ಣು
ALQ2634582,ದೊಡ್ಡಬೂತಣ್ಣ,ಪಳ್ಳೆಳ್ಳಪ್ಪ,312 1,66,ಗಂಡು
ALQ2634590,ನಾರಾಯಣ ಕೆ ಎನ್ ,ಮೈಲಕ್ಕ,371,29,ಗಂಡು
ALQ2031284,ವಿಜಯಮ್ಮ,ಕೃಷ್ಣಪ್ಪ,322,35,ಹೆಣ್ಣು
ALQ2097145,ನರಸಿಂಹಮೂರ್ತಿ ಕೆಎ,ಅಶ್ವತಪ್ಪ,346,28,ಗಂಡು
ALQ2031326,ನಾಗಮ್ಮ,ಮೈಲಾರಪ್ಪ,386,45,ಹೆಣ್ಣು
ALQ2211662,ಕದರಪ್ಪ,ನರಸಿಂಹಪ್ಪ,33,56,ಗಂಡು
ALQ2172435,ಸುಮಕ್ಕ ಕೆ ಎನ್,ನರಸಪ್ಪ,364,27,ಹೆಣ್ಣು
ALQ2383636,ಕೆ ಎಲ್ ನವೀನ,ಲಕ್ಷ್ಮೀನರಸಿಂಹಯ,89 2,26,ಗಂಡು
ALQ2426013,ಗಂಗಾಧರಪ್ಪ,ನರಸಿಂಹಪ್ಪ,33,: 46,ಗಂಡು
ALQ1269323,ಬೃಂದೇಶ್ ಕೆ ಹೆಚ್,ಹನುಮಂತರಾಯ,370,23,ಗಂಡು
ALQ1269349,ಮಧುರ ಕೆಎಂ,ಮಹಾಲಿಂಗಪ್ಪ,307 ಬಿ,19,ಹೆಣ್ಣು
ALQ1269372,ಶಿವಕುಮಾರ್,ಕರಿಯಣ್ಣ,324,40,ಗಂಡು
ALQ1269380,ಮಂಗಳಗೌರಮ್ಮ ಸಿ,ಅಶ್ವತ್ಥಪ್ಪ,379,,ಹೆಣ್ಣು
ALQ1269406,ರಾಧಮ್ಮ ಕೆ ಸಿ,ನಾಗರಾಜಯ್ಯ ಕೆ ಎ,317 ಎ,34,ಹೆಣ್ಣು
MVJ2360410,ಮಹಲಿಂಗಪ್ಪ,ಚಿಕ್ಕಣ್ಣ,325,45,ಗಂಡು
ALQ1269505,ಕೃಷ್ಣವೇಣಿ,ಕೆ ಸಿ ರಮೇಶ,325,38,ಹೆಣ್ಣು
MVJ4121893,ಹನುಮಂತರಾಯಪ್ಪ,ಚಿಕ್ಕಣ್ಣ,325,38,ಗಂಡು
MVJ2360824,ನರಸಮ್ಮ,ಹನುಮಂತಪ್ಪ,326,66,ಹೆಣ್ಣು
ALQ1269547,ವರಲಕ್ಷ್ಮಿ ಎನ್,ಸುರೇಶ್ ಬಾಬು,0,31,ಹೆಣ್ಣು
ALQ1269539,ಸುನೀಲ್ ಕುಮಾರ್ ಕೆ ಎ,ಅಶ್ವತ್ಥಪ್ಪ,0,23,ಗಂಡು
ALQ2634863,ಆಂಜಿನಪ್ಪ,ನಾಗೇಂದ್ರಪ್ಪ,327,75,ಗಂಡು
ALQ2634855,ಮುದ್ದಮ್ಮ,ರಾಮಪ್ಪ,131,65,ಹೆಣ್ಣು
MVJ3517265,ಆರ್‌ ಮುತ್ತರಾಜ,ರೆಡ್ಡಿಪ್ಪ,141,33,ಗಂಡು
MVJ2360063,ಕೆ ಎ ನಾರಾಯಣಯ್ಯ,ಅಂಜಿನಪ್ಪ,327,37,ಗಂಡು
ALQ2634871,ಮುದ್ದುಗಂಗಮ್ಮ,ಆಂಜನಪ್ಪ,187,60,ಹೆಣ್ಣು
ALQ2634889,ಕೆ ಎನ್ ನಾಗರಾಜಯ್ಯ,ಹನುಮಂತಪ್ಪ,273,43,ಗಂಡು
ALQ2634897,ಕೆ ಆರ್ ನಾಗಪ್ಪ,ದೊಡ್ಡರೆಡ್ಡಪ್ಪ,328,39,ಗಂಡು
MVJ2360857,ಸುರೇಶ್,ದೊಡ್ಡಆಂಜನಪ್ಪ,317,35,ಗಂಡು
ALQ1269588,ಮೈಲಾರಪ್ಪ,ಮುತ್ತಪ್ಪ,319,58,ಗಂಡು
ALQ2634905,ಬೂತಪ್ಪ,ದೊಡ್ಡನಾಗಪ್ಪ,330,75,ಗಂಡು
MVJ2360402,ನಾಗರತ್ನಮ್ಮ,ಹನುಮಂತರಾಯಪ್ಪ,322,34,ಹೆಣ್ಣು
MVJ2360303,ತಿಮ್ಮಕ್ಕ,ಗಂಗಪ್ಪ,33,56,ಹೆಣ್ಣು
MVJ2360451,ಹರೀಶ ಕೆ ಎ,ಅಶ್ವತ್ಥಪ್ಪ,331,34,ಗಂಡು
MVJ2289270,ನರಸಪ್ಪ,ನರಸಿಂಹಪ್ಪ,323,51,ಗಂಡು
MVJ2360444,ಗಂಗಮ್ಮ,ಕದರಪ್ಪ,33,48,ಹೆಣ್ಣು
ALQ2634913,ಹೇಮಕ್ಕ,ಮುತ್ತರಾಯಪ್ಪ,332,37,ಹೆಣ್ಣು
ALQ2634921,ಮಲ್ಲಕ್ಕ,ಕರಿಯಣ್ಣ,324,71,ಹೆಣ್ಣು
ALQ2634939,ನಾರಾಯಣಪ್ಪ,ಕರಿಯಣ್ಣ,324,41,ಗಂಡು
MVJ2360543,ಕೆ ಎ ನರಸಿಂಹಮೂರ್ತಿ,ಅಶ್ವತ್ಥಪ್ಪ,333,37,ಗಂಡು
MVJ2360683,ರತ್ನಮ್ಮ,ಶಿವಣ್ಣ,324,36,ಹೆಣ್ಣು
ALQ2634947,ಲಕ್ಷ್ಮಮ್ಮ,ಚಿಕ್ಕಣ್ಣ,325,56,ಹೆಣ್ಣು
MVJ2360212,ಕೆಂಚಮ್ಮ,ಚಿಕ್ಕಬೂತಪ್ಪ,335,51,ಹೆಣ್ಣು
MVJ2360394,ಚಂದ್ರಕಳ,ಮಹಾಲಿಂಗಪ್ಪ,325,43,ಹೆಣ್ಣು
ALQ1269604,ಕೆ ಸಿ ರಮೇಶ್,ಚಿಕ್ಕಣ್ಣ,325,43,ಗಂಡು
ALQ2634954,ಗಂಗಮ್ಮ,ಸಿದ್ದಪ್ಪ,337,86,ಹೆಣ್ಣು
MVJ2360527,ರಂಗಪ್ಪ,ಸಿದ್ದಪ್ಪ,337,53,ಗಂಡು
ALQ2634962,ರಾಮಪ್ಪ,ಸಿದ್ದಪ್ಪ,337,51,ಗಂಡು
MVJ2360659,ಸಿದ್ದಲಿಂಗಪ್ಪ,ಮರಿಯಪ್ಪ,337,48,ಗಂಡು
ALQ1269638,ಮಲ್ಲಕ್ಕ,ಆಂಜಿನಪ್ಪ,327,67,ಹೆಣ್ಣು
ALQ2130888,ನಾಗರಾಜು,ಅಂಜಿನಪ್ಪ,327,39,ಗಂಡು
ALQ2634988,ಅಂಜಮ್ಮ,ನಂಜಪ್ಪ,337,47,ಹೆಣ್ಣು
ALQ2203610,ರಾಮಾಂಜಿನಪ್ಪ,ರೆಡ್ಡಿಪ್ಪ,328,50,ಗಂಡು
MVJ2360709,ಸಾವಿತ್ರಮ್ಮ,ರಾಮಾಂಜಿನಪ್ಪ,328,,ಹೆಣ್ಣು
MVJ2360758,ಜಯಲಕ್ಷ್ಮಮ್ಮ,ಲಕ್ಷ್ಮೀನರಸಿಂಹಯ್ಯ,337,44,ಹೆಣ್ಣು
MVJ2360469,ನಾಗಕೃಷ್ಣಪ್ಪ,ಮುತ್ತಪ್ಪ,329,51,ಗಂಡು
ALQ2634996,ಸುವರ್ಣಮ್ಮ,ರಾಮಕೃಷ್ಣಪ್ಪ,329,46,ಹೆಣ್ಣು
ALQ2203602,ಶಾಂತಮ್ಮ,ಎಸ್ ನಾರಾಯಣಪ್ಪ,337,40,ಹೆಣ್ಣು
ALQ2635001,ಬೂತಮ್ಮ,ಭೂತಪ್ಪ,330,65,ಹೆಣ್ಣು
MVJ2360840,ರಾಮಕೃಷ್ಣಪ್ಪ,ಚಿಕ್ಕಲಿಂಗಪ್ಪ,331,44,ಗಂಡು
ALQ1269703,ಪಳ್ಳೆಳ್ಳಪ್ಪ,ಕದರಪ್ಪ,338,61,ಗಂಡು
ALQ2635019,ಬೂತಮ್ಮ,ಗಂಗಪ್ಪ,332,56,ಹೆಣ್ಣು
ALQ2635027,ಗಂಗಪ್ಪ,ಪಾಪಣ್ಣ,332,56,ಗಂಡು
ALQ2635035,ದೊಡ್ಡ ನರಸಪ್ಪ,ನಲ್ಲಿ ಭೂತಪ್ಪ,339,61,ಗಂಡು
ALQ2635043,ಅಶ್ವತ್ಥಪ್ಪ,ಚಿಕ್ಕಣ್ಣ,333,72,ಗಂಡು
MVJ2360592,ಲಕ್ಷ್ಮಿದೇವಿ,ಅಶ್ವತ್ಥಪ್ಪ,333,49,ಹೆಣ್ಣು
MVJ2360634,ತಿಪ್ಪಮ್ಮ,ಚಿಕ್ಕಮೈಲಾರಪ್ಪ,340,66,ಹೆಣ್ಣು
ALQ2635076,ಲಕ್ಷ್ಮೀದೇವಮ್ಮ,ವಸಂತಪ್ಪ,334,49,ಹೆಣ್ಣು
ALQ2635084,ಬೂತಪ್ಪ,ಪಿಳಪ್ಪ,335,66,ಗಂಡು
ALQ2635068,ಭಾಗ್ಯಮ್ಮ,ಚಿಕ್ಕಮೈಲಾರಪ್ಪ,340,40,ಹೆಣ್ಣು
ALQ2635092,ಅಶ್ವತ್ಥಮ್ಮ,ಚಿಕ್ಕಭೂತಪ್ಪ,335,43,ಹೆಣ್ಣು
ALQ2635100,ಲಕ್ಷ್ಮಮ್ಮ,ನರಸಿಂಹಪ್ಪ,336,75,ಹೆಣ್ಣು
ALQ1269745,ತಿಪ್ಪೇಸ್ವಾಮಿ,ಕರಿಯಣ್ಣ,344,44,ಗಂಡು
MVJ2360345,ಕರಿಯಣ್ಣ,ಗಂಗಪ್ಪ,337,59,ಗಂಡು
ALQ2635050,ನಂಜುಂಡಪ್ಪ,ಸಿದ್ದಪ್ಪ,337,55,ಗಂಡು
MVJ2360691,ಮಂಜುನಾಥ,ಲೇಟ್ ಕರಿಯಣ್ಣ,344,34,ಗಂಡು
ALQ2635118,ಸುನಂದಮ್ಮ,ಅಶ್ವತ್ಥಪ್ಪ,346,56,ಹೆಣ್ಣು
ALQ1269760,ನಾರಾಯಣಪ್ಪ,ಅಶ್ವತ್ಥಪ್ಪ,346,41,ಗಂಡು
ALQ1269786,ಆರ್ ರತ್ನಮ್ಮ,ರವಿಕುಮಾರ್,346,37,ಹೆಣ್ಣು
ALQ2635126,ಲಕ್ಕಮ್ಮ,ನಂಜುಂಡಪ್ಪ,337,47,ಹೆಣ್ಣು
ALQ2635134,ಜಯರಾಮಪ್ಪ,ಗಂಗಪ್ಪ,337,46,ಗಂಡು
ALQ2635142,ರೂಪಕ್ಕೆ,ನಾರಾಯಣಪ್ಪ,346,36,ಹೆಣ್ಣು
ALQ2635159,ರಾಧಮ್ಮ,ಅಶ್ವತ್ಥಪ್ಪ ಜಿ,337,43,ಹೆಣ್ಣು
ALQ2635167,ಕಲಾವತಮ್ಮ,ನಾಗರಾಜಪ್ಪ,337,41,ಹೆಣ್ಣು
ALQ2635175,ಧರ್ಮಕ್ಕೆ,ಬೂತಪ್ಪ,347,68,ಹೆಣ್ಣು
ALQ2635183,ರತ್ನಮ್ಮ,ಕರಿಯಣ್ಣ,337,,ಹೆಣ್ಣು
ALQ2635191,ಗಂಗಮ್ಮ,ರಂಗಪ್ಪ,337,35,ಹೆಣ್ಣು
MVJ2360329,ಜಯಮ್ಮ,ಪಳ್ಳಳ್ಳಪ್ಪ,347,46,ಹೆಣ್ಣು
MVJ2360741,ಗಂಗಮ್ಮ,ಪಿಳ್ಳಪ್ಪ,338,51,ಹೆಣ್ಣು
ALQ2635209,ಪಿ ಮಂಜುನಾಥ,ಪಿಳ್ಳಪ್ಪ,338,35,ಗಂಡು
ALQ1269810,ಲಲಿತಮ್ಮ,ರಾಮಚಂದ್ರಪ್ಪ,347,39,ಹೆಣ್ಣು
ALQ2130938,ರಾಮಕ್ಕೆ,ದೊನರಸಪ್ಪ,339,56,ಹೆಣ್ಣು
ALQ2635217,ರಾಜಕುಮಾರ,ದೊಡ್ಡ ನರಸಪ್ಪ,339,45,ಗಂಡು
ALQ2635225,ರಾಮಪ್ಪ,ಗಂಗಪ್ಪ,348,51,ಗಂಡು
ALQ2635233,ನಾಗೇಶಪ್ಪ,ಚಿಕ್ಕಮೈಲಾರಪ್ಪ,340,51,ಗಂಡು
ALQ1269851,ಲಕ್ಷ್ಮೀನಾರಾಯಣಪ್ಪ,ಚಿಕ್ಕಮೈಲಾರಪ್ಪ,340,46,ಗಂಡು
ALQ1269885,ನಾಗರಾಜಪ್ಪ,ತಿಪ್ಪಣ್ಣ,349,57,ಗಂಡು
ALQ2189694,ರೆಡ್ಡಪ್ಪ,ದಾಸಪ್ಪ,341,62,ಗಂಡು
ALQ1269869,ಗಂಗಮ್ಮ,ರೆಡ್ಡಪ್ಪ,341,50,ಹೆಣ್ಣು
ALQ2635241,ಧರ್ಮನಂದ,ಎಳ್ಳೆ ಪಳ್ಳೆಳ್ಳಪ್ಪ,350,39,ಗಂಡು
MVJ2360022,ರಾಮಪ್ಪ,ಮೈಲಾರಪ್ಪ,344,39,ಗಂಡು
ALQ2635266,ಯಶೋಧಮ್ಮ,ಕೆ ಎಂ ರಾಮಪ್ಪ,344,35,ಹೆಣ್ಣು
ALQ2635258,ಕೆ ಬಿ ರವಿಕುಮಾರ್,ಭೂತಪ್ಪ,351,43,ಗಂಡು
ALQ1269893,ರಾಮಾಂಜನಮ್ಮ,ಚಿಕ್ಕರೆಡ್ಡಪ್ಪ,345,48,ಹೆಣ್ಣು
ALQ2635274,ಅಶ್ವತ್ಥಪ್ಪ,ಮರಿಬೂತಪ್ಪ,346,69,ಗಂಡು
ALQ2635282,ವೈ ಲಕ್ಷ್ಮೀಪತಿ,ಎಳೇಬೂತಪ್ಪ,352,50,ಗಂಡು
MVJ2360147,ನಾರಾಯಣಪ್ಪ,ಗಂಗಪ್ಪ,353,46,ಗಂಡು
ALQ1269901,ಶ್ರೀನಿವಾಸಯ್ಯ,ಗಂಗಪ್ಪ,353,42,ಗಂಡು
ALQ2635290,ಗೋಪಾಲಯ್ಯ,ಗಂಗಪ್ಪ,353,41,ಗಂಡು
ALQ1269927,ಕೆ ಎಂ ರವಿಕುಮಾರ್,ಅಶ್ವತ್ಥಪ್ಪ,346,36,ಗಂಡು
ALQ1269935,ಬೂತಪ್ಪ,ಮರಿಬೂತಪ್ಪ,347,89,ಗಂಡು
ALQ1269943,ನಾಗಮ್ಮ,ನಾರಾಯಣಪ್ಪ,353,41,ಹೆಣ್ಣು
ALQ2635308,ರಾಮಚಂದ್ರಪ್ಪ,ಬೂತಪ್ಪ,347,53,ಗಂಡು
ALQ1269968,ಪಳ್ಳಳ್ಳಪ್ಪ,ಬೂತಪ್ಪ,347,51,ಗಂಡು
ALQ1269976,ಗಂಗಪ್ಪ,ನಾಗಪ್ಪ,357,66,ಗಂಡು
ALQ2130904,ಮರಿಯಪ್ಪ,ಬೂತಪ್ಪ,347,43,ಗಂಡು
ALQ2635324,ನರಸಿಂಹಮೂರ್ತಿ,ಬೂತಪ್ಪ,347,40,ಗಂಡು
ALQ2635332,ನಾಗರಾಜು,ಪಿಳ್ಳಪ್ಪ,358,49,ಗಂಡು
ALQ2635340,ಹನುಮಂತರಾಯಪ್ಪ,ಗಂಗಪ್ಪ,348,71,ಗಂಡು
MVJ2360576,ಬೂತಮ್ಮ,ಹನುಮಂತರಾಯ:,348,61,ಹೆಣ್ಣು
ALQ1270016,ಜಯರಾಮಯ್ಯ,ಚಿಕ್ಕಣ್ಣ,360,55,ಗಂಡು
MVJ4121869,ರಾಮಾಂಜನಮ್ಮ,ಆಂಜನಪ್ಪ,348,46,ಹೆಣ್ಣು
ALQ1270289,ಮುತ್ತಮ್ಮ,ರಾಮಪ್ಪ,348,,ಹೆಣ್ಣು
ALQ1270297,ನಂಜಮ್ಮ,ನರಸಿಂಹಪ್ಪ,361,66,ಹೆಣ್ಣು
MVJ2360881,ಸರೋಜಮ್ಮ,ನಾಗರಾಜಪ್ಪ,349,44,ಹೆಣ್ಣು
MVJ2360865,ಸಾಕಮ್ಮ,ಎಳ್ಳೆಪಿಳ್ಳಪ್ಪ,350,61,ಹೆಣ್ಣು
MVJ1364207,ಚಿಕ್ಕ ಭೂತಪ್ಪ,ಪಿಳ್ಳಪ್ಪ,362,73,ಗಂಡು
MVJ2360733,ಕೆ ಬಿ ರಾಮಯ್ಯ,ಭೂತಪ್ಪ,351,57,ಗಂಡು
ALQ1270305,ನಂಜಮ್ಮ,ಕೆ ಬಿ ರಾಮಯ್ಯ,351,46,ಹೆಣ್ಣು
MVJ2360550,ಮುತ್ತಮ್ಮ,ನರಸಿಂಹಮೂರ್ತಿ,363,46,ಹೆಣ್ಣು
MVJ2360899,ಧರ್ಮಕ್ಕೆ,ಎಳೇಬೂತಪ್ಪ,352,81,ಹೆಣ್ಣು
ALQ2635357,ಯಳೆ ಭೂತಪ್ಪ,ಮೂಗಪ್ಪ,352,81,ಗಂಡು
ALQ1830074,ಮುತ್ತು,ಸಿಟ್ಟಪ್ಪ,364,75,ಹೆಣ್ಣು
ALQ1270321,ರುಕ್ಕಿಣಿಮ್ಮ,ಲಕ್ಷ್ಮೀಪತಿ,352,46,ಹೆಣ್ಣು
ALQ1270347,ಗಂಗರಾಜು,ಎಳೆ ಭೂತಪ್ಪ,352,34,ಗಂಡು
ALQ1270354,ನರಸಪ್ಪ,ಚಿಕ್ಕಣ್ಣ,367,61,ಗಂಡು
ALQ2635365,ಪ್ರಮೀಳಮ್ಮ,ಶಿವಣ್ಣ,367,45,ಹೆಣ್ಣು
ALQ2635373,ಸಂಜೀವಮ್ಮ,ಎಳೆಲಿಂಗಪ್ಪ,368,90,ಹೆಣ್ಣು
MVJ2360089,ಅಡಿವಮ್ಮ,ಪುಟ್ಟಲಿಂಗಪ್ಪ,368,75,ಹೆಣ್ಣು
MVJ2360501,ದಾಸಪ್ಪ,ತಿಪ್ಪಣ್ಣ,354,66,ಗಂಡು
ALQ2635381,ನಾಗರತ್ನಮ್ಮ,ದಾಸಪ್ಪ,354,56,ಹೆಣ್ಣು
ALQ1270404,ಪಿ ಚಿಕ್ಕನಾಗಪ್ಪ,ಪುಟ್ಟಲಿಂಗಪ್ಪ,368,49,ಗಂಡು
ALQ2635399,ರಾಮಲಿಂಗಪ್ಪ,ಗಂಗಪ್ಪ,357,49,ಗಂಡು
ALQ1270412,ಲಕ್ಷ್ಮಮ್ಮ,ತಿಮ್ಮಪ್ಪ,358,,ಹೆಣ್ಣು
ALQ1270420,ಬಿ ನಾರಾಯಣಪ್ಪ,ಗಂಗಪ್ಪ,369,46,ಗಂಡು
ALQ1270438,ಮುತ್ತಕ್ಕ,ನರಸಿಂಹಯ್ಯ,359,51,ಹೆಣ್ಣು
ALQ2635407,ಜಯರಾಯಪ್ಪ,ನರಸಿಂಹಯ್ಯ,359,36,ಗಂಡು
MVJ2360261,ಸುನಂದಮ್ಮ,ಹನುಮಂತರಾಯಪ್ಪ,370,44,ಹೆಣ್ಣು
ALQ2635423,ನಾಗವೇಣಿ,ಜಯರಾಮಯ್ಯ,360,47,ಹೆಣ್ಣು
MVJ2360378,ಕೆ ಸಿ ಪಿಳಪ್ಪ,ಚಿಕ್ಕಣ್ಣ,360,39,ಗಂಡು
MVJ2360204,ಶಾಂತಮ್ಮ,ರಮೇಶ,371,36,ಹೆಣ್ಣು
ALQ2635431,ನರಸಿಂಹಯ್ಯ,ಪಳ್ಳೆಳ್ಳಪ್ಪ,361,51,ಗಂಡು
MVJ2360675,ಪಿಳ್ಳಪ್ಪ,ನರಸಿಂಹಪ್ಪ,361,35,ಗಂಡು
ALQ1270446,ವರಲಕ್ಷ್ಮಮ್ಮ,ಲಕ್ಷ್ಮೀಪತಿ,372,40,ಹೆಣ್ಣು
ALQ2635449,ಗಂಗಮ್ಮ,ನರಸಪ್ಪ,363,91,ಹೆಣ್ಣು
ALQ2635456,ನರಸಿಂಹಮೂರ್ತಿ,ನರಸಪ್ಪ,363,51,ಗಂಡು
ALQ2635464,ಹೆಚ್ ಎನ್ ಜ್ಯೋತಿ,ಶ್ರೀನಿವಾಸ,372,35,ಹೆಣ್ಣು
ALQ1270453,ಗಂಗರಾಜಪ್ಪ,ನರಸಪ್ಪ,363,45,ಗಂಡು
MVJ2360139,ಮೈಲಕ್ಕ,ಗಂಗರಾಜಪ್ಪ,363,40,ಹೆಣ್ಣು
MVJ2360360,ಗೋಪಾಲಪ್ಪ,ಚಿಕ್ಕಪಳ್ಳೆಳ್ಳಪ್ಪ,373,41,ಗಂಡು
MVJ2360352,ಬಿದರಮ್ಮ,ಕದಿರಪ್ಪ,366,40,ಹೆಣ್ಣು
ALQ2635472,ಕೆ ಲಕ್ಷ್ಮೀಪತಿ,ಕದಿರಪ್ಪ,366,39,ಗಂಡು
ALQ2635498,ಗಂಗಮ್ಮ,ಮೈಲಾರಪ್ಪ,374,61,ಹೆಣ್ಣು
ALQ2635506,ನಾಗರತ್ನಮ್ಮ,ನರಸಪ್ಪ,367,50,ಹೆಣ್ಣು
ALQ2635514,ಶಿವಣ್ಣ,ಚಿಕ್ಕಣ್ಣ,367,50,ಗಂಡು
MVJ2360170,ಕೆ ಕೆ ಭೂತನಾರಾಯಣಪ್ಪ,ಕದರಪ್ಪ,377,35,ಗಂಡು
MVJ2360162,ಆಂಜಿನಪ್ಪ,ಮೂಗಪ್ಪ,379,61,ಗಂಡು
MVJ2360246,ಗಂಗಮ್ಮ,ಆಂಜಿನಪ್ಪ,379,59,ಹೆಣ್ಣು
ALQ2635530,ರಾಮಚಂದ್ರಪ್ಪ,ಆಂಜಿನಪ್ಪ,379,41,ಗಂಡು
MVJ2360519,ಎಂ ಇಂದಿರಾ,ಚಿಕ್ಕನಾಗಪ್ಪ,368,44,ಹೆಣ್ಣು
MVJ2360097,ಪಿ ಬರತ್ ಕುಮಾರ್,ಪುಟ್ಟಲಿಂಗಪ್ಪ,368,40,ಗಂಡು
ALQ2635548,ಅಶ್ವತ್ಥಪ್ಪ,ಆಂಜಿನಪ್ಪ,379,41,ಗಂಡು
ALQ1270487,ಬಿ ಶಾಂತಮ್ಮ,ನಾರಾಯಣಪ್ಪ,369,: 41,ಹೆಣ್ಣು
MVJ2360311,ಹನುಮಂತರಾಯಪ್ಪ,ಸಣ್ಣಲಿಂಗಪ್ಪ,370,55,ಗಂಡು
ALQ2635555,ಮಂಜುಳ,ಶ್ರೀನಿವಾಸ,381,34,ಹೆಣ್ಣು
ALQ2189702,ಮೈಲಕ್ಕ,ನರಸಪ್ಪ,371,,ಹೆಣ್ಣು
ALQ2189678,ರಮೇಶ,ನರಸಪ್ಪ,371,41,ಗಂಡು
ALQ2635563,ಜಿ ಅಶ್ವತ್ಥಪ್ಪ,ಗಂಗಪ್ಪ,387,59,ಗಂಡು
ALQ1270511,ಲಕ್ಷ್ಮಮ್ಮ,ಲಿಂಗಪ್ಪ,372,65,ಹೆಣ್ಣು
ALQ1270529,ಲಕ್ಷ್ಮೀಪತಿ,ಲಿಂಗಪ್ಪ,372,43,ಗಂಡು
ALQ1270578,ಟಿ ಎಸ್ ಕೋಮಲ,ರಾಮಯ್ಯ,388,33,ಹೆಣ್ಣು
MVJ4122123,ನಾಗಪ್ಪ,ಲಿಂಗಪ್ಪ,372,40,ಗಂಡು
ALQ1270602,ಶ್ರೀನಿವಾಸ,ಲಿಂಗಪ್ಪ,372,39,ಗಂಡು
MVJ2360279,ಅಂಬಿಕ,ಪ್ರಕಾಶ,1034,31,ಹೆಣ್ಣು
ALQ1270610,ಚಿಕ್ಕಪಳ್ಳೆಳ್ಳಪ್ಪ,ಬಾಲ್ಯದ ಪಳ್ಳೆಳ್ಳಪ್ಪ,373,71,ಗಂಡು
ALQ1270628,ಕಾಮಕ್ಕೆ,ಚಿಕ್ಕಪಳ್ಳೆಳ್ಳಪ್ಪ,373,66,ಹೆಣ್ಣು
MVJ2360188,ಗಂಗರತ್ನಮ್ಮ ಕೆ ಪಿ,ನಾರಾಯಣಪ್ಪ ಕೆ ಜಿ,1162,38,ಹೆಣ್ಣು
MVJ2360667,ಭಾಗ್ಯಮ್ಮ,ಗೋಪಾಲಪ್ಪ,373,35,ಹೆಣ್ಣು
ALQ2635589,ಮೈಲಾರಪ್ಪ,ಚಿಕ್ಕಲಿಂಗಪ್ಪ,374,66,ಗಂಡು
MVJ2360220,ಪ್ರೇಮ,ರಮೇಶ ಕೆ ಬಿ,1254,31,ಹೆಣ್ಣು
ALQ1270644,ಮಲ್ಲಪ್ಪ,ಮೈಲಾರಪ್ಪ,374,40,ಗಂಡು
ALQ1270693,ಮುತ್ತು,ಕದರಪ್ಪ,377,70,ಹೆಣ್ಣು
ALQ1270719,ದೊಡ್ಡ ನಾಗಪ್ಪ,ಮೈಲಾರಪ್ಪ,1318,60,ಗಂಡು
MVJ4121935,ವಿಜಯಕುಮಾರ್,ಕೆ ಎಂ ನಾರಾಯಣಪ್ಪ,378,36,ಗಂಡು
ALQ1270701,ಕೆ ಎನ್ ಸುರೇಶಕುಮಾರ್,ಕೆ ಎಂ ನಾರಾಯಣಪ್ಪ,378,36,ಗಂಡು
ALQ1270727,ರವಿ ಬಿ,ಭೂತಪ್ಪ,1398,33,ಗಂಡು
ALQ1270750,ಪ್ರಮೀಳಮ್ಮ,ಪಿಳಪ್ಪ,1431,33,ಹೆಣ್ಣು
ALQ1270792,ಅಲುಮೇಲಮ್ಮ,ದೊಡ್ಡನಾಗಪ್ಪ,1434,41,ಹೆಣ್ಣು
MVJ2360436,ನಾಗರಾಜು,ಮೈಲಾರಪ್ಪ,1445,35,ಗಂಡು
ALQ1270073,ರಾಮಾಂಜಿನಪ್ಪ,ಹನುಮಂತರಾಯ:,381,46,ಗಂಡು
ALQ1270081,ಶ್ರೀನಿವಾಸ,ಹನುಮಂತರಾಯ,381,36,ಗಂಡು
ALQ1270099,ಮುತ್ತರಾಯಪ್ಪ,ಮೈಲಾರಪ್ಪ,1445,31,ಗಂಡು
ALQ1270107,ಮೈಲಾರಪ್ಪ,ನಂಜಪ್ಪ,386,77,ಗಂಡು
ALQ1270115,ಲಕ್ಷ್ಮಮ್ಮ,ಗಂಗಪ್ಪ,387,,ಹೆಣ್ಣು
ALQ1270131,ಕೆ ಬಿ ರಮೇಶ್,ದೂಡ್ಡಭೂತಪ್ಪ,330ಎ,38,ಗಂಡು
ALQ1270149,ಸರೋಜಮ್ಮ,ರಾಮಾಂಜಿನಪ್ಪ,387,48,ಹೆಣ್ಣು
ALQ1270156,ರಾಮಾಂಜನಪ್ಪ,ಗಂಗಪ್ಪ,387,44,ಗಂಡು
ALQ1270164,ಗೋಪಾಲಯ್ಯ,ಎಳಪ್ಪ,374ಎ,38,ಗಂಡು
ALQ1270172,ರಂಗಮ್ಮ,ಮಲ್ಲಯ್ಯ,409,31,ಹೆಣ್ಣು
ALQ1270180,ಕವೈ ನಾಗರಾಜು,ಎಳೇಭೂತಪ್ಪ,552,36,ಗಂಡು
ALQ1270198,ಮಂಜುಳ,ಮಹಾಲಿಂಗಪ್ಪ,307ಬಿ,38,ಹೆಣ್ಣು
ALQ1270206,ಮುತ್ತರಾಯಪ್ಪ,ದೊಡ್ಡ ಭೂತಪ್ಪ,1132,32,ಗಂಡು
ALQ1270222,ನಾಗಮ್ಮ,ಮುತ್ತರಾಯಪ್ಪ,1132,31,ಹೆಣ್ಣು
ALQ1270230,ಜಯಶ್ರೀ,ಸಿದ್ದಲಿಂಗಯ್ಯ,337 1,36,ಹೆಣ್ಣು
ALQ1270248,ಶಿವಕುಮಾರ್,ರಾಮಪ್ಪ,1178,33,ಗಂಡು
ALQ1270255,ಅಶ್ವತ್ಥಮ್ಮ,ನಾಗರಾಜು,1242,33,ಹೆಣ್ಣು
ALQ2130920,ಮುದ್ದಮ್ಮ,ರಾಮಪ್ಪ,375ಎ,65,ಹೆಣ್ಣು
ALQ1270263,ಚಿಕ್ಕಣ್ಣ ಕೆ ಎ,ಅಶ್ವತ್ಥಪ್ಪ,1265,34,ಗಂಡು
MVJ2360238,ನಾಗಮಣಿ,ಮಂಜುನಾಥ,1305,31,ಹೆಣ್ಣು
MVJ2360568,ಕೆ ಎಂ ಭೂತನಾರಾಯಣ,ಮಲ್ಲಪ್ಪ,35ಎ,37,ಗಂಡು
MVJ2360428,ಮಂಜುಳ,ಶ್ರೀನಿವಾಸಯ್ಯ,1374,30,ಹೆಣ್ಣು
ALQ1269752,ಭಾಗ್ಯ ಹೆಚ್,ಕೆ ಸಿ ಪಿಳ್ಳೆಳ್ಳಪ್ಪ,1392,31,ಹೆಣ್ಣು
ALQ1270339,ನಾಗೇಶ,ತಿಮ್ಮಪ್ಪ,358 1,39,
MVJ2360832,ಲಕ್ಕಮ್ಮ ಬಿ ಎನ್,ಲಕ್ಷ್ಮೀಪತಿ ಕೆ,1410,31,ಹೆಣ್ಣು
ALQ1270545,ಜಿ ಲಲಿತ,ಪಿ ಭರತ್‌ಕುಮಾರ,1419,30,ಹೆಣ್ಣು
MVJ2360485,ರತ್ನಮ್ಮ,ನರಸಿಂಹಯ್ಯ,380ಬಿ,41,ಹೆಣ್ಣು
ALQ3229044,NANDINI,RAJA A,0,26,ಹೆಣ್ಣು
ALQ3229051,DURGAMMA,NAGARAJU M,0,23,ಹೆಣ್ಣು
ALQ3243946,KAVITHA,MAHESH,0,25,ಹೆಣ್ಣು
ALQ3243953,K N PRASHANTH,NAGARAJAPPA ,358,21,ಗಂಡು
ALQ3243961,ABHILASHA,SHIVAKUMAR,324,18,ಗಂಡು
ALQ3243979,NARENDRA J ,JAYARAMAYYA,360,18,ಗಂಡು
ALQ3244571,CHAITHRA S,NAGESH K T,358-1,27,ಹೆಣ್ಣು
ALQ3244589,UMAKANTHA K L ,LAKSHMIPATHI,372,18,ಗಂಡು
ALQ3244597,CHANDRABHANUPRIYA K S,NARAYANAPPA,314,19,ಹೆಣ್ಣು
ALQ3244605,NETHRA K V,ANANDAPPA,303,19,ಹೆಣ್ಣು
ALQ3244613,PUTTA NANJA K N,NAGAPPA,78,18,ಗಂಡು
ALQ3244621,MANUJA K S,MUTTTARAYAPPA,1445,20,ಹೆಣ್ಣು
ALQ3252053,SANNAPPAGARI LAVANYA,RAMANJINAPPA K V,331,21,ಹೆಣ್ಣು
ALQ3252806,NAGAMANI,K V NAGARAJU,0,28,ಹೆಣ್ಣು