,ವೈಜಿ ಬಾಲಕೃಷ್ಣ',ಗಂಗಪ್ಪ',0',27',ಗಂಡು'
,ವೈಎಮ್ ಶಶಿಕುಮಾರ್',ಮೈಲಾರಪ್ಪ',0',27',ಗಂಡು'
,ಶಶಿಕಲಾ',ಬಾಬಯ್ಯ',0',26',ಹೆಣ್ಣು'
,ಸುನೀಲ್ ವೈ ಎಲ್',ಲಿಂಗಪ್ಪ',0',25',ಗಂಡು'
,ಗಂಗಮ್ಮ',ಮೈಲಾರಪ್ಪ',0',75',ಹೆಣ್ಣು'
,ಗಂಗಮಾಳಮ್ಮ',ಲಿಂಗಪ್ಪ',0',71',ಹೆಣ್ಣು'
,ಭಾಗ್ಯಮ್ಮ',ಶಿವಲಿಂಗಪ್ಪ',0',55',ಹೆಣ್ಣು'
,ಶಿವಕುಮಾರ್',ಗಂಗಪ್ಪ',0',34',ಗಂಡು'
,ಅಂಬಿಕಾ',ರಮೇಶ್',0',31',ಹೆಣ್ಣು'
,ರವೀಂದ್ರ',ಬಾಬಯ್ಯ',0',29',ಗಂಡು'
,ರೇಖಾ ಕೆ',ಮಂಜುನಾಥ ಸಿ',0',29',ಹೆಣ್ಣು'
,ವೈಕೆ ಕೆಂಪರಾಜ',ಕೆಂಪನರಸಯ್ಯ',0',24',ಗಂಡು'
,ಪ್ರತಿಭಾ',ಪಾಪಣ್ಣ',0',24',ಹೆಣ್ಣು'
,ಅನುಶ ಎಮ್ ಆರ್',ಅಶೋಕ್ ಕುಮಾರ್ ಗಂಡ',0',24',ಹೆಣ್ಣು'
,ಜಯಕೀರ್ತಿ ವೈಕೆ',ಕೃಷ್ಣಪ್ಪ',0',23',ಗಂಡು'
,ಅಖಿಲೇಶ್ ವೈಜಿ',ಗೋವಿಂದಪ್ಪ',0',22',ಗಂಡು'
,ಬಾಬುವೈ ಎಂ',ಮಲ್ಲಯ್ಯ',0',22',ಗಂಡು'
,ಆಲುವೇಲಮ್ಮ',ವೆಂಕಟರವಣಪ್ಪ ತಂದೆ',0',22',ಹೆಣ್ಣು'
,ಅಶ್ವತ್ಥಮ್ಮ ಜಿ',ನರಸಿಂಹರಾಜು ಪಿ',0',22',ಹೆಣ್ಣು'
,ಲಕ್ಷ್ಮೀಕಾಂತ ಎ',ಅಶ್ವತ್ಥಪ್ಪ',0',20',ಗಂಡು'
,ಚಂದ್ರಿಕಾ',ಲೇಟ್ ಹನುಮಂತರೆಡ್ಡಿ',0',19',ಹೆಣ್ಣು'
,ವೈ ಆರ್ ಲಾವಣ್ಯ',ರಾಮಲಿಂಗ',0',19',ಹೆಣ್ಣು'
,ನವೀನ್ ಕುಮಾರ್ ವೈ ಎನ್',ನಾಗರಾಜಪ್ಪ ವೈಸಿ',0',19',ಗಂಡು'
,ರಾದಮ್ಮ',ಶಿವಕುಮಾರ್ ಗಂಡ',0',19',ಹೆಣ್ಣು'
,ಗಿರಿ',ಮೂರ್ತಿ ತಂದೆ',0',19',ಗಂಡು'
,ಪಾವನ್',ಸುರೇಂದ್ರಪ್ಪ ತಂದೆ',0',19',ಗಂಡು'
,ಬಾಬುವೈಕೆ',ಕೃಷ್ಣಪ್ಪ ತಂದೆ',0',19',ಗಂಡು'
,ಸಂದೀಪ್ ಏಲ',ಲಕ್ಷ್ಮಪ್ಪ ತಂದೆ',0',19',ಗಂಡು'
,ರಾಮಡೂ',ರಾಜೇಂದ್ರ ತಂದೆ',0',19',ಗಂಡು'
,ಕವಿತ ವೈಜೆ',ಜಯರಾಮಪ್ಪ',0',19',ಹೆಣ್ಣು'
,ಪುಷ್ಪ',ಕೃಷ್ಣ ಮೂರ್ತಿ ಎಮ್',1',30',ಹೆಣ್ಣು'
,ಜಿ ಮಂಜುಳ',ರಾಜಶೇಖರ ಎಂ',1',21',ಹೆಣ್ಣು'
,ಡಿ ಮುನಿಯಪ್ಪ',ಮಲ್ಲಪ್ಪ',1',70',ಗಂಡು'
,ಗಂಗಮ್ಮ',ಡಿ ಮುನಿಯಪ್ಪ',1',65',ಹೆಣ್ಣು'
,ಕೃಷ್ಣಮೂರ್ತಿ ಎಂ',ಡಿ ಮುನಿಯಪ್ಪ',1',45',ಗಂಡು'
,ವೈ ಎಂ ಶ್ರೀನಿವಾಸ',ದೊಡ್ಡಮುನಿಯಪ',1',40',ಗಂಡು'
,ರಾಜಶೇಖರ ಎಂ',ಡಿ ಮುನಿಯಪ್ಪ',1',36',ಗಂಡು'
,ಮಂಜುನಾಥ',ಮುನಿಯಪ್ಪ',2',29',ಗಂಡು'
,ಅನಿಲ್ ಕುಮಾರ್ ಕೆ',ಕೆಂಪಲಿಂಗಪ್ಪ',2',28',ಗಂಡು'
,ಕಿರಣ್ ಕುಮಾರ್ ವೈಜಿ',ಗಂಗಾಧರಪ್ಪ',2',23',ಗಂಡು'
,ಮೈಲಾರಪ್ಪ',ಜೂಲಲಿಂಗಪ್ಪ',2',80',ಗಂಡು'
,ಗಂಗಮ್ಮ',ಮೈಲಾರಪ್ಪ',2',75',ಹೆಣ್ಣು'
,ವಿನೋದಮ್ಮ',ಕೆಂಪಲಿಂಗಪ್ಪ',2',60',ಹೆಣ್ಣು'
,ಲಕ್ಷ್ಮೀದೇವಮ್ಮ',ಗಂಗಾಧರಪ್ಪ',2',50',ಹೆಣ್ಣು'
,ಗಂಗಾಧರಪ್ಪ',ಮೈಲಾರಪ್ಪ',2',48',ಗಂಡು'
,ಕೆಂಪಲಿಂಗಪ್ಪ',ಮೈಲಾರಪ್ಪ',2',48',ಗಂಡು'
,ಅಶ್ವತ್ಥನಾರಾಯಣಪ್ಪ',ಮೈಲಾರಪ್ಪ',2',47',ಗಂಡು'
,ಕೆ ಎಂ ಮಂಜಮ್ಮ',ಅಶ್ವಥನಾರಾಯಣ',2',35',ಹೆಣ್ಣು'
,ಪುಷ್ಪ',ಎಂ ಶ್ರೀನಿವಾಸ',2',34',ಹೆಣ್ಣು'
,ಶಿವಕುಮಾರ್ ವೈಜಿ',ಗಂಗಾಧರಪ್ಪ',2',27',ಗಂಡು'
,ಸುನೀಲ್ ಕೆ',ಕೆಂಪಲಿಂಗಪ್ಪ',2',24',ಗಂಡು'
,ಟಿ ವೆಂಕಟೇಶಯ್ಯ',ತಿಮ್ಮಯ್ಯ',3',56',ಗಂಡು'
,ಕಿರಣ್ ಕುಮಾರ್ ವಿ',ವೆಂಕಟೇಶಯ್ಯ ಟಿ',3',23',ಗಂಡು'
,ಪವನ್ ಕಲ್ಯಾಣ ವಿ',ವೆಂಕಟೇಶಯ್ಯ',3',20',ಗಂಡು'
,ಗಂಗಮ್ಮ',ತಿಮ್ಮಯ್ಯ',3',80',ಹೆಣ್ಣು'
,ವಿಜಯಮ್ಮ',ವೆಂಕಟೇಶ',3',50',ಹೆಣ್ಣು'
,ಗೋವಿಂದಪ್ಪ',ತಿಮ್ಮಯ್ಯ',3',50',ಗಂಡು'
,ಭಾಗ್ಯಮ್ಮ',ಗೋವಿಂದಪ್ಪ',3',45',ಹೆಣ್ಣು'
,ನಾಗರಾಜು',ತಿಮ್ಮಯ್ಯ',3',39',ಗಂಡು'
,ವಿಜಯಲಕ್ಷ್ಮೀ ಟಿ ಎನ್',ನಾಗರಾಜು',3',26',ಹೆಣ್ಣು'
,ಸುಜಾತ',ಪ್ರಕಾಷ್',',29',ಹೆಣ್ಣು'
,ವೈಎನಂದಕುಮಾರ್',ವೈಎಅಶ್ವತ್ಥಪ್ಪ',',30',ಗಂಡು'
,ಮಲ್ಲೇಶ್ ಕುಮಾರ್',ಲಕ್ಷ್ಮಿನಾರಾಯಣ',',30',ಗಂಡು'
,ಲಕ್ಷ್ಮೀನಾರಾಯಣಪ್ಪ',ಗಂಗಪ್ಪ',5',55',ಗಂಡು'
,ಜಾನಕಮ್ಮ',ಲಕ್ಷ್ಮೀನಾರಾಯಣ',5',50',ಹೆಣ್ಣು'
,ಮೈಲಪ್ಪ',ಗಂಗಪ್ಪ',6',55',ಗಂಡು'
,ಸುನಂದಮ್ಮ',ಮೈಲಪ್ಪ',6',50',ಹೆಣ್ಣು'
,ವೈಎಂ ಪರಮೆಶ್ ಕುಮಾರ್',ಮೈಲಪ್ಪ',6',26',ಗಂಡು'
,ಲಾವಣ್ಯ ಎಮ್',ಮೌಲಪ್ಪ',6',22',ಹೆಣ್ಣು'
,ಲಕ್ಷ್ಮೀದೇವಮ್ಮ',ಅಶ್ವಥಪ್ಪ',7',55',ಹೆಣ್ಣು'
,ಅಶ್ವತ್ಥಪ್ಪ',ಗಂಗಪ್ಪ',7',65',ಗಂಡು'
,ಚಿಕ್ಕಮುನಿಯಪ್ಪ',ಗಂಗಪ್ಪ',8',70',ಗಂಡು'
,ಶಾರದಮ್ಮ',ಮುನಿಯಪ್ಪ',8',65',ಹೆಣ್ಣು'
,ಸಿ ಮಂಜುನಾಥ',ಚಿಕ್ಕಮುನಿಯಪ್ಪ',8',41',ಗಂಡು'
,ಶೈಲಜಮ್ಮ',ಎಂ ಮಂಜುನಾಥ',9',34',ಹೆಣ್ಣು'
,ಪೆದ್ದಕ್ಕೆ',ಮೈಲಾರಪ್ಪ',9',63',ಹೆಣ್ಣು'
,ಮಂಜುನಾಥ',ಮೈಲಾರಪ್ಪ',9',45',ಗಂಡು'
,ಈರಣ್ಣ',ಮೈಲಪ್ಪ',10',75',ಗಂಡು'
,ಮಾದಮ್ಮ',ಈರಣ್ಣ',10',73',ಹೆಣ್ಣು'
,ವೈ ಎನ್ ನಾಗಯ್ಯ',ನ್ಯಾಸಪ್ಪ',11',70',ಗಂಡು'
,ಲಕ್ಷ್ಮೀನರಸಮ್ಮ',ನಾಗಯ್ಯ',11',56',ಹೆಣ್ಣು'
,ವೈ ಎನ್ ನರಸಿಂಹಮೂರ್ತಿ',ವೈ ಎನ್ ನಾಗಯ್ಯ',11',38',ಗಂಡು'
,ಎ ಅನಿತ ಲಕ್ಷ್ಮಿ',ನರಸಿಂಹಮೂರ್ತಿ',11',31',ಹೆಣ್ಣು'
,ವೈ ಡಿ ನಾಗಯ್ಯ',ನರಸಿಂಹಪ್ಪ',14',72',ಗಂಡು'
,ಗಂಗಮ್ಮ',ವೈ ಡಿ ನಾಗಯ್ಯ',14',60',ಹೆಣ್ಣು'
,ಹೇಮವತಿ ವೈ ಎನ್',ನಾಗಯ್ಯ ವೈಡಿ',14',25',ಹೆಣ್ಣು'
,ಶೈಲಜಾ',ವೈಜಿ ಗಂಗಾಥರ',15',62',ಹೆಣ್ಣು'
,ಗಂಗಾಧರಪ್ಪ',ಮಲ್ಲಪ್ಪ',15',45',ಗಂಡು'
,ಶಾಂತಮ್ಮ ತಾಯಿಯ',ತಿಪ್ಪಕ್ಕ',15',42',ಹೆಣ್ಣು'
,ವಿಜಯ್ ಕುಮಾರ್ ವೃಜಿ',ಗಂಗಧರಪ್ಪ',15',20',ಗಂಡು'
,ಗಂಗಪ್ಪ',ಯರಲಿಂಗಪ್ಪ',16',65',ಗಂಡು'
,ಯರಕ್ಕೆ',ಗಂಗಪ್ಪ',16',60',ಹೆಣ್ಣು'
,ವೈ ಎನ್ ಅಶ್ವತ್ಥನಾರಾಯಣ',ರಂಗಪ್ಪ',16',34',ಗಂಡು'
,ವೈಜಿ ರಾಮಲಿಂಗ',ಗಂಗಪ್ಪ',16',33',ಗಂಡು'
,ಉದಯ್ ಕುಮಾರ್ ಪಿ ಕೆ',ಕೃಷ್ಣಪ್ಪ',16',24',ಗಂಡು'
,ಲಿಂಗಪ್ಪ',ಮೈಲಪ್ಪ',17',75',ಗಂಡು'
,ಲಿಂಗಮ್ಮ',ಲಿಂಗಪ್ಪ',17',60',ಹೆಣ್ಣು'
,ಎಂ ಎ ಪ್ರಮೀಳ',ನಾಗರಾಜ',17',42',ಹೆಣ್ಣು'
,ಸಿದ್ದಪ್ಪ',ಲಿಂಗಪ್ಪ',17',36',ಗಂಡು'
,ಎಮ್ ಶ್ರೀದೇವಿ',ಸಿದ್ದಪ್ಪ',17',27',ಹೆಣ್ಣು'
,ಆದಿನಾರಾಯಣಪ್ಪ',ಮೈಲಪ್ಪ',18',55',ಗಂಡು'
,ಮಹದೇವಮ್ಮ',ಆದಿನಾರಾಯಣಪ್ಪ',18',50',ಹೆಣ್ಣು'
,ಸಾವಿತ್ರಮ್ಮ',ಗಂಗಪ್ಪ',19',70',ಹೆಣ್ಣು'
,ಗೊಪಾಲಪ್ಪ',ಗಂಗಪ್ಪ',19',50',ಗಂಡು'
,ಮಂಜುಳ',ಗೋಪಾಲ',19',42',ಹೆಣ್ಣು'
,ಶಶಿಕುಮಾರ್ ಎಮ್',ಮೈಲಾರಪ್ಪ',19',27',ಗಂಡು'
,ವೈಜಿ ರಜನಿ',ಗೋಪಾಲಪ್ಪ',19',24',ಹೆಣ್ಣು'
,ನಾಗರತ್ನಮ್ಮ',ನಾಗಪ್ಪ',20',50',ಹೆಣ್ಣು'
,ಎನ್ ವೆಂಕಟೇಶ್',ನಾಗಪ್ಪ',20',30',ಗಂಡು'
,ಮೈಲಾರಪ್ಪ',ಲಿಂಗಪ್ಪ',21',70',ಗಂಡು'
,ಗಂಗಮ್ಮ',ಮೈಲಾರಪ್ಪ',21',61',ಹೆಣ್ಣು'
,ಶಂಕರ',ಮೈಲಾರಪ್ಪ',21',43',ಗಂಡು'
,ಮೈಲಮ್ಮ ಟಿಡಿ',ನಾಗೇಶ ವೈ ಎಂ',21',43',ಹೆಣ್ಣು'
,ನಾಗೇಶ ವೈ ಎಂ',ಮೈಲಾರಪ್ಪ',21',37',ಗಂಡು'
,ಮಲ್ಲಿಕಾರ್ಜನ ವೈ ಎಲ್',ಲಕ್ಷ್ಮೀನಾರಯಣಪ್ಪ',21',19',ಗಂಡು'
,ರಾಮಕೃಷ್ಣಪ್ಪ',ಕರಿಯಪ್ಪ',22',60',ಗಂಡು'
,ಲಕ್ಷ್ಮೀನರಸಮ್ಮ',ರಾಮಕೃಷ್ಣಪ್ಪ',22',55',ಹೆಣ್ಣು'
,ವೈ ಆರ್\u200c ಕೆಂಪರಾಜು',ರಾಮಕೃಷ್ಣಪ್ಪ',22',35',ಗಂಡು'
,ಆರ್ ಶಿವಕುಮಾರ್',ರಾಮಕೃಷ್ಣಪ್ಪ',22',33',ಗಂಡು'
,ಮೈಲಪ್ಪ',ಚಿಕ್ಕಮೈಲಪ್ಪ',23',60',ಗಂಡು'
,ಈರಕ್ಕೆ',ಮೈಲಪ್ಪ',23',55',ಹೆಣ್ಣು'
,ಸುಧಾ',ನಾರಾಯಣಪ್ಪ',23',40',ಹೆಣ್ಣು'
,ಮಾಲಾ ವೈ ಎಂ',ಮೈಲಪ್ಪ',23',21',ಹೆಣ್ಣು'
,ಲಕ್ಷ್ಮಮ್ಮ',ಪಾಪಯ್ಯ',24',75',ಹೆಣ್ಣು'
,ಸಿದ್ದಗಂಗಪ್ಪ',ಪಾಪಯ್ಯ',24',55',ಗಂಡು'
,ಗಂಗರತ್ನಮ್ಮ',ಸಿದ್ದಗಂಗಪ್ಪ',24',51',ಹೆಣ್ಣು'
,ಹನುಮಂತರಾಯಪ್ಪ',ಪಾಪಯ್ಯ',24',45',ಗಂಡು'
,ಸುಜಾತಮ್ಮ',ಹನುಮಂತರಾಯಪ್ಪ',24',43',ಹೆಣ್ಣು'
,ನಿರ್ಮಲಮ್ಮ ವೈ ಹೆಚ್',ಹನುಮಂತರಾಯ',24',22',ಹೆಣ್ಣು'
,ಇ ಮಂಜುನಾಥ',ಈರಮಲ್ಲಪ್ಪ',25',45',ಗಂಡು'
,ಶಿವಶಂಕರ',ಈರಮಲ್ಲಪ್ಪ',25',39',ಗಂಡು'
,ರಾಜಲಕ್ಷ್ಮಿ',ಇ ಮಂಜುನಾಥ',25',36',ಹೆಣ್ಣು'
,ಗಂಗಾಧರಪ್ಪ',ಚಿಕ್ಕನರಸಿಂಹಯ್ಯ',26',60',ಗಂಡು'
,ಸರೋಜಮ್ಮ',ಗಂಗಾಧರಪ್ಪ',26',55',ಹೆಣ್ಣು'
,ವೈ ಜಿ ದೀಪಕ್',ಗಂಗಾಧರಪ್ಪ',26',32',ಗಂಡು'
,ಆಂಜಿನಮ್ಮ',ಕೆಂಪಯ್ಯ',27',65',ಹೆಣ್ಣು'
,ಕೆಂಪುನರಸಪ್ಪ',ನರಸಪ್ಪ',28',65',ಗಂಡು'
,ನಾಗಮ್ಮ',ಕೆಂಪುನರಸಪ್ಪ',28',60',ಹೆಣ್ಣು'
,ವೈಕೆ ಅನಂತಕುಮಾರ್',ಕೆಂಪನರಸಯ್ಯ',28',29',ಗಂಡು'
,ರಾಮಕೃಷ್ಣಪ್ಪ',ಮುನಿಯಪ್ಪ',29',55',ಗಂಡು'
,ಮುದ್ದಗಂಗಮ್ಮ',ರಾಮಕೃಷ್ಣಪ್ಪ',29',50',ಹೆಣ್ಣು'
,ಹೇಮಂತ ಕುಮಾರ್ ವೈ ಎ',ಅದಿನಾರಾಯಣಪ್ಪ',29',27',ಗಂಡು'
,ನರಸಿಂಹಮೂರ್ತಿ ವೈ ಅರ್',ರಾಮಕೃಷ್ಣಪ್ಪ',29',25',ಗಂಡು'
,ನರಸಮ್ಮ',ಲಿಂಗಪ್ಪ',30',70',ಹೆಣ್ಣು'
,ಲಿಂಗಪ್ಪ',ಮೈಲಪ್ಪ',30',68',ಗಂಡು'
,ವೈ ಎಲ್ ಕೇಶವಮೂರ್ತಿ',ಲಿಂಗಪ್ಪ',30',36',ಗಂಡು'
,ಮೈಲಾರಪ್ಪ',ಜಿ ಲಿಂಗಪ್ಪ',30',34',ಗಂಡು'
,ಸತೀಶ್ ಕುಮಾರ್ ವೈ ಎಲ್',ಲಿಂಗಪ್ಪ',30',21',ಗಂಡು'
,ರುಕ್ಕಿಣಮ್ಮ',ನಾರಾಯಣಸ್ವಾಮಿ',31',46',ಹೆಣ್ಣು'
,ಕೆ ನಾರಾಯಣಸ್ವಾಮಿ ಇತರೆ ಸಂಬಂಧಿಯ',ರುಕ್ಕಿಣಿಯಮ್ಮ',31',43',ಗಂಡು'
,ಎಸ್ ಎನ್ ಉಮೇಶ',ನಾರಾಯಣ ಸ್ವಾಮಿ',31',24',ಗಂಡು'
,ನರೇದ್ರ ಯಾದವ್ ಎಸ್ ಎಸ್',ನಾರಾಯಣಸ್ವಾಮಿ',31',20',ಗಂಡು'
,ಅಶ್ವತ್ಥಪ್ಪ',ಮೈಲಾರಪ್ಪ',32',60',ಹೆಣ್ಣು'
,ಗಂಗರತ್ನಮ್ಮ ತಾಯಿಯ',ಅಶ್ವತ್ಥಮ್ಮ',32',55',ಹೆಣ್ಣು'
,ತೇಜಕುಮಾರ್ ವೈಜಿ',ಗೋವಿಂದಪ್ಪ',32',26',ಗಂಡು'
,ಚೇತನ್ ಕುಮಾರ್ ಎ',ಅಶ್ವತ್ಥಪ್ಪ ಎಂ',32',24',ಗಂಡು'
,ಮೈಲಾರಪ್ಪ',ಲಿಂಗಪ್ಪ',33',65',ಗಂಡು'
,ಗೌರಮ್ಮ',ಮೈಲಾರಪ್ಪ',33',60',ಹೆಣ್ಣು'
,ರಾಮಲಿಂಗ ಎಂ',ಮೈಲಾರಪ್ಪ',33',38',ಗಂಡು'
,ಎಸಿ ರೂಪ',ಎಂ ರಾಮಲಿಂಗ',33',29',ಹೆಣ್ಣು'
,ಪ್ರಕಾಶ್',ಗಂಗಾಧರಪ್ಪ',34',36',ಗಂಡು'
,ಗಂಗಮ್ಮ',ಮೈಲಪ್ಪ',35',74',ಹೆಣ್ಣು'
,ಮಲ್ಲಿಕಾರ್ಜುನ',ಮೈಲಪ್ಪ',35',50',ಗಂಡು'
,ಕೃಷ್ಣಪ್ಪ',ಮೈಲಪ್ಪ',35',45',ಗಂಡು'
,ಸಾವಿತ್ರಮ್ಮ',ಮಲ್ಲಿಕಾರ್ಜುನ',35',40',ಹೆಣ್ಣು'
,ವೈ ಎಂ ರಾಜಕುಮಾರ್',ಮೈಲಪ್ಪ',35',40',ಗಂಡು'
,ವೈ ಎಂ ಮೋಹನ ಕುಮಾರ್',ಮೈಲಪ್ಪ',35',39',ಗಂಡು'
,ಕವಿತಾ ಕೆ ಎಸ್',ಕೃಷ್ಣಪ್ಪ',35',38',ಹೆಣ್ಣು'
,ಜಿ ಎಂ ಭಾರತಿ',ವೈಎಂ ಮೋಹನ್ ಕುಮಾರ್',35',34',ಹೆಣ್ಣು'
,ವೈ ಎಮ್ ಸೌಭಾಗ್ಯಕೆ',Y M ರಾಜಕುಮಾರ್',35',33',ಹೆಣ್ಣು'
,ಲಕ್ಷ್ಮೀನಾರಾಯಣಪ್ಪ',ಲಿಂಗಪ್ಪ',36',55',ಗಂಡು'
,ಭಾಗ್ಯಮ್ಮ',ಲಕ್ಷ್ಮಿನಾರಾಯಣಪ್ಪ',36',50',ಹೆಣ್ಣು'
,ಗಂಗರತ್ನಮ್ಮ',ಈರಮಲ್ಲಪ್ಪ',37',60',ಹೆಣ್ಣು'
,ಹನುಮಂತರಾಯ',ಹೀರಮಲ್ಲಪ್ಪ',37',36',ಗಂಡು'
,ಈಶ್ವರ',ಈರಮಲ್ಲಪ್ಪ',37',29',ಗಂಡು'
,ವೀಣಾ ಕೆ',ಹನುಮಂತರಾಯಪ್ಪ',37',27',ಹೆಣ್ಣು'
,ರಂಗಮ್ಮ',ಲಿಂಗಪ್ಪ',38',69',ಹೆಣ್ಣು'
,ಮೈಲಾರಪ್ಪ',ಲಿಂಗಪ್ಪ',38',50',ಗಂಡು'
,ಮಂಜುನಾಥ',ಲಿಂಗಪ್ಪ',38',45',ಗಂಡು'
,ರೋಜ ವೈ ಏಲ್',ವೈ ಎಲ್ ಕೃಷ್ಣಪ್ಪ',38',41',ಹೆಣ್ಣು'
,ವೈ ಎಲ್ ಕೃಷ್ಣಪ್ಪ',ಲಿಂಗಪ್ಪ',38',33',ಗಂಡು'
,ಡಿ ಎಸ್ ನಾಗಲಕ್ಷ್ಮಮ್ಮ',ಮಂಜುನಾಥ',38',30',ಹೆಣ್ಣು'
,ರಾಮಲಿಂಗಪ್ಪ',ಬಡಮಲ್ಲಪ್ಪ',39',50',ಹೆಣ್ಣು'
,ಲಿಂಗಮ್ಮ',ರಾಮಲಿಂಗಪ್ಪ',39',48',ಹೆಣ್ಣು'
,ಕೆಂಪರಾಜ ವೈ ಆರ್',ರಾಮಲಿಂಗಪ್ಪ',39',21',ಗಂಡು'
,ಗೊರಪ್ಪ',ಬಡಮಲ್ಲಯ್ಯ',40',65',ಗಂಡು'
,ರಂಗಮ್ಮ',ಗೊರಪ್ಪ',40',60',ಹೆಣ್ಣು'
,ಮೈಲಾರಪ್ಪ',ಬಡಮಲ್ಲಯ್ಯ',40',55',ಗಂಡು'
,ಜಯಮ್ಮ',ಮೈಲಾರಪ್ಪ',40',50',ಹೆಣ್ಣು'
,ವೈ ಜಿ ದೇವರಾಜು',ಗೊರಪ್ಪ',40',40',ಗಂಡು'
,ವೈ ಜಿ ಗಂಗಾಧರ',ಗೊರಪ್ಪ',40',38',ಗಂಡು'
,ಶಶಿಕಲಾ ಸಿ ಆರ್',ವೈಜಿ ದೇವರಾಜ್',40',36',ಹೆಣ್ಣು'
,ವೈ ಜಿ ಶಂಕರ್',ಗೊರಪ್ಪ',40',35',ಗಂಡು'
,ಎಂ ಕೆಂಪಲಿಂಗಪ್ಪ',ಮೈಲಾರಪ್ಪ',40',30',ಗಂಡು'
,ವೈಎಮ್ ಗಿರೀಶ',ಮೈಲಾರಪ್ಪ',40',26',ಗಂಡು'
,ರೂಪ ಹೆಚ್ ಎಮ್',ಜಿ ರಾಜೇಶ',40',25',ಹೆಣ್ಣು'
,ಲಕ್ಷ್ಮಯ್ಯ',ದೊಡ್ಡಮಲ್ಲಯ್ಯ',41',60',ಗಂಡು'
,ಜಯಮ್ಮ',ಲಕ್ಷ್ಮಯ್ಯ',41',55',ಹೆಣ್ಣು'
,ಎಲ್ ಮಲ್ಲೇಶ್',ಲಕ್ಷ್ಮಪ್ಪ',41',36',ಗಂಡು'
,ವೈ ಎಲ್ ಕೆಂಪರಾಜು',ಲಕ್ಷ್ಮಯ್ಯ',41',32',ಗಂಡು'
,ಕೃಷ್ಣಪ್ಪ ಎಲ್',ಲಕ್ಷ್ಮಯ್ಯ',41',28',ಗಂಡು'
,ಎನ್ ಲಕ್ಷ್ಮಮ್ಮ',ಮಲ್ಲೇಶ',41',27',ಹೆಣ್ಣು'
,ಅಶ್ವತ್ಥಮ್ಮ',ಮೈಲಾರಪ್ಪ',42',50',ಹೆಣ್ಣು'
,ವೈ ಎಂ ಈಶ್ವರ',ಮೈಲಾರಪ್ಪ',42',33',ಗಂಡು'
,ನಿರ್ಮಲಮ್ಮ',ಮೈಲಪ್ಪ',42',30',ಹೆಣ್ಣು'
,ಗಂಗಪ್ಪ',ಜೂಲಿಂಗಪ್ಪ',43',74',ಗಂಡು'
,ಅಶ್ವತ್ಥಮ್ಮ',ಗಂಗಪ್ಪ',43',60',ಹೆಣ್ಣು'
,ಶಿವಲಿಂಗಪ್ಪ',ಗಂಗಪ್ಪ',43',45',ಗಂಡು'
,ರಾಜೇಶ್ ಜಿ',ಗಂಗಪ್ಪ',43',35',ಗಂಡು'
,ರೂಪ ಎಸ್',ಶಿವಲಿಂಗಪ್ಪ',43',24',ಹೆಣ್ಣು'
,ಈರಕ್ಕೆ',ಚಿಕ್ಕಮಲ್ಲಯ್ಯ',44',70',ಹೆಣ್ಣು'
,ಕೆಂಪನರಸಪ್ಪ',ಚಿಕ್ಕಮಲ್ಲಯ್ಯ',44',55',ಗಂಡು'
,ನಾಗರಾಜ',ಚಿಕ್ಕಮಲ್ಲಯ್ಯ',44',50',ಗಂಡು'
,ಅದಿನಾರಾಯಣಪ್ಪ',ಚಿಕ್ಕಮಲ್ಲಯ್ಯ',44',42',ಗಂಡು'
,ನಾಗವೇಣಿ',ಕೆಂಪನರಸಪ್ಪ',44',41',ಹೆಣ್ಣು'
,ವೆಂಕಟಲಕ್ಷ್ಮಮ್ಮ',ನಾಗರಾಜು',44',40',ಹೆಣ್ಣು'
,ಆದಿಲಕ್ಷಿ',ಆದಿನಾರಾಯಣಪ್ಪ',44',35',ಹೆಣ್ಣು'
,ಹೇಮಂತ್ ಕುಮಾರ್ ವೈ ಎನ',ನಾಗರಾಜಪ್ಪ',44',21',ಗಂಡು'
,ಮೈಲಾರಪ್ಪ',ಲಿಂಗಪ್ಪ',45',55',ಗಂಡು'
,ಲಕ್ಷ್ಮಿದೇವಮ್ಮ',ಮೈಲಾರಪ್ಪ',45',50',ಹೆಣ್ಣು'
,ಲಿಂಗರಾಜು',ಮೈಲಾರಪ್ಪ',45',24',ಗಂಡು'
,ಮೈಲಾರಪ್ಪ',ಹನುಮಂತಪ್ಪ',46',65',ಗಂಡು'
,ಅಶ್ವತ್ಥಮ್ಮ',ಮೈಲಾರಪ್ಪ',46',60',ಹೆಣ್ಣು'
,ಹನುಮಂತಪ್ಪ',ಮೈಲಾರಪ್ಪ',46',55',ಗಂಡು'
,ಸುಶೀಲಮ್ಮ',ಹನುಮಂತಪ್ಪ',46',47',ಹೆಣ್ಣು'
,ಲಿಂಗಯ್ಯ',ಮೈಲಾರಪ್ಪ',46',40',ಗಂಡು'
,ಲಕ್ಷಿ',ಲಿಂಗಯ್ಯ',46',36',ಹೆಣ್ಣು'
,ನವೀನ್ ವೈ ಹೆಚ್',ಹನುಮಂತಪ್ಪ',46',25',ಗಂಡು'
,ಅನಿಲ ವೈ ಹೆಚ್',ಹನುಮಂತಪ್ಪ',46',23',ಗಂಡು'
,ಮೈಲಕ್ಕ',ಮಲ್ಲಯ್ಯ',48',60',ಹೆಣ್ಣು'
,ಗಂಗಾಧರಪ್ಪ',ಮೈಲಾರಪ್ಪ',48',52',ಗಂಡು'
,ಮೈಲಾರಪ್ಪ',ಮಲ್ಲಯ್ಯ',48',45',ಗಂಡು'
,ಎಂ ಮುತ್ತುರಾಯಪ್ಪ',ಮಲ್ಲಯ್ಯ',48',36',ಗಂಡು'
,ಅಶ್ವತಮ್ಮ',ಗಂಗಾಧರಪ್ಪ',48',36',ಹೆಣ್ಣು'
,ಲಕ್ಷ್ಮೀನರಸಮ್ಮ',ಮೈಲಾರಪ್ಪ',48',35',ಹೆಣ್ಣು'
,ಅನಿತ ಎಸ್ ಸಿ',ಮುತ್ತುರಾಯಪ್ಪ ಎಂ',48',33',ಹೆಣ್ಣು'
,ಬೇಬಿ ಎಮ್',ಮಲ್ಲಪ್ಪ',48',27',ಹೆಣ್ಣು'
,ಮಂಗಳ ವೈ ಎಂ',ಮಲ್ಲಪ್ಪ',48',20',ಹೆಣ್ಣು'
,ಲಕ್ಷ್ಮಮ್ಮ',ಮಲ್ಲಯ್ಯ',49',60',ಹೆಣ್ಣು'
,ಮುದ್ದಗಂಗಮ್ಮ',ಲಿಂಗಪ್ಪ',49',55',ಹೆಣ್ಣು'
,ಲಕಿನಾರಾಯಣ',ಮಲ್ಲಯ್ಯ',49',45',ಗಂಡು'
,ಗೋಪಾಲ',ಮಲ್ಲಯ್ಯ',49',44',ಗಂಡು'
,ಶಂಕರಪ್ಪ',ಲಿಂಗಪ್ಪ',49',43',ಗಂಡು'
,ಗಂಗಾದೇವಿ',ವೈ ಎಮ್ ಜಯರಾವ',49',41',ಹೆಣ್ಣು'
,ಯಶೋಧಮ್ಮ',ಶಂಕರಪ್ಪ',49',36',ಹೆಣ್ಣು'
,ಭಾಗ್ಯಮ್ಮ',ಲಕ್ಷ್ಮೀನಾರಾಯಣ',49',35',ಹೆಣ್ಣು'
,ವೈ ಎಂ ಜಯರಾಮ',ಮಲ್ಲಪ್ಪ',49',34',ಗಂಡು'
,ಮಂಗಳಮ್ಮ',ಗೋಪಾಲ',49',33',ಹೆಣ್ಣು'
,ಹೊನ್ನ ಮೈಲಾರಿ',ಮಲ್ಲಪ್ಪ',49',29',ಗಂಡು'
,ನರಸಮ್ಮ',ಮೈಲಪ್ಪ',50',60',ಹೆಣ್ಣು'
,ರಾಮಲಕ್ಷ್ಮಮ್ಮ',ಮೈಲಪ್ಪ',50',50',ಹೆಣ್ಣು'
,ಹನುಮಂತ',ಮೈಲಪ್ಪ',50',45',ಗಂಡು'
,ಜಯಚಂದ್ರ',ಮೈಲಪ್ಪ',50',37',ಗಂಡು'
,ಎನ್ ತ್ರಿವೇಣಿ',ಹನುಮಂತ',50',32',ಹೆಣ್ಣು'
,ಅಶ್ವತ್ಥಮ್ಮ',ಮೈಲಾರಪ್ಪ',51',70',ಹೆಣ್ಣು'
,ರಾಮಲಿಂಗ',ಮೈಲಾರಪ್ಪ',51',43',ಗಂಡು'
,ಸುಶೀಲಮ್ಮ ಹೆಚ್',ರಾಮಲಿಂಗಪ್ಪ',51',42',ಹೆಣ್ಣು'
,ಗಂಗಾಧರ ಎಂ',ಮೈಲಾರಪ್ಪ',51',37',ಗಂಡು'
,ಜಯಮ್ಮ',ಮೈಲಪ್ಪ',52',45',ಹೆಣ್ಣು'
,ನಾರಾಯಣಪ್ಪ ವೈ ಎಂ',ಮೈಲಪ್ಪ',52',40',ಗಂಡು'
,ಸಾಕಮ್ಮ',ಮೈಲಪ್ಪ',52',36',ಹೆಣ್ಣು'
,ರಘುವೈ ಎಂ',ಮೈಲಪ್ಪ',52',26',ಗಂಡು'
,ಲಿಂಗಪ್ಪ',ಮೈಲಪ್ಪ',53',85',ಗಂಡು'
,ಮೈಲಪ್ಪ',ಲಿಂಗಪ್ಪ',53',55',ಗಂಡು'
,ರಾಧಮ್ಮ',ಮೈಲಪ್ಪ',53',50',ಹೆಣ್ಣು'
,ಕೃಷ್ಣಪ್ಪ',ಲಿಂಗಪ್ಪ',53',48',ಗಂಡು'
,ಕೆಂಪಮ್ಮ',ಕೃಷ್ಣಪ್ಪ',53',48',ಹೆಣ್ಣು'
,ಲಿಂಗಪ್ಪ',ಲಿಂಗಪ್ಪ',53',46',ಗಂಡು'
,ಮೈಲಾರಪ್ಪ',ಲಿಂಗಪ್ಪ',53',41',ಗಂಡು'
,ದೇವರಾಜು',ಲಿಂಗಪ್ಪ',53',40',ಗಂಡು'
,ಪ್ರೇಮ ವು ನಾಗಮ್ಮ',ಲಿಂಗಪ್ಪ',53',38',ಹೆಣ್ಣು'
,ಲತಾ ಎನ್',ದೇವರಾಜು',53',25',ಹೆಣ್ಣು'
,ವೈಎಮ್ ಮಧುನಂದನ',ಮೈಲಪ್ಪ',53',21',ಗಂಡು'
,ವೈ ಎಲ್ ಮಲ್ಲಯ್ಯ',ಲಿಂಗಪ್ಪ',54',60',ಗಂಡು'
,ಲಕ್ಷ್ಮಿದೇವಮ್ಮ',ಮಲ್ಲಯ್ಯ',54',52',ಹೆಣ್ಣು'
,ರಮೇಶ್ ವೈ ಎಂ',ವೈ ಎಲ್ ಮಲ್ಲಯ',54',28',ಗಂಡು'
,ವೈಎಮ್ ಪ್ರಭಾಕರ್',ಮಲ್ಲಯ್ಯ',54',25',ಗಂಡು'
,ವೆಂಕಟಲಕ್ಷ್ಮಮ್ಮ',ಗೋಪಾಲಪ್ಪ',55',50',ಹೆಣ್ಣು'
,ಗೋಪಾಲಪ್ಪ',ಲಿಂಗಪ್ಪ',55',48',ಗಂಡು'
,ವೈಜಿ ಸತೀಶ್ ಕುಮಾರ್',ಗೋಪಾಲಪ್ಪ',55',25',ಗಂಡು'
,ಮಲ್ಲಪ್ಪ',ಲಿಂಗಪ್ಪ',56',60',ಗಂಡು'
,ನಾರಾಯಣಮ್ಮ',ಮಲ್ಲಯ್ಯ',56',55',ಹೆಣ್ಣು'
,ಎಂ ಶಿವಣ್ಣ',ಮಲ್ಲಪ್ಪ',56',36',ಗಂಡು'
,ಗಂಗಪ್ಪ',ಲಿಂಗಪ್ಪ',57',55',ಗಂಡು'
,ಗಂಗಮ್ಮ',ಗಂಗಪ್ಪ',57',50',ಹೆಣ್ಣು'
,ಮುತ್ತರಾಯಪ್ಪ',ಲಿಂಗಪ್ಪ',58',65',ಗಂಡು'
,ಲಕ್ಷ್ಮೀನರಸಮ್ಮ',ಮುತ್ತರಾಯಪ್ಪ',58',60',ಹೆಣ್ಣು'
,ಎಂ ಮಹೇಶ್ ಕುಮಾರ್',ಮುತ್ತುರಾಯಪ್ಪ',58',32',ಗಂಡು'
,ಎಂ ಹರೀಶ್ ಕುಮಾರ್',ಮುತ್ತುರಾಯಪ್ಪ',58',29',ಗಂಡು'
,ವೈಎಮ್ ಮಧುಸೂಧನ್',ಮುತ್ತರಾಯಪ್ಪ',58',25',ಗಂಡು'
,ಆಶಾ ವೈ ಎನ್',ಎಂ ಮಹೇಶ್ ಕುಮಾರ್',58',20',ಹೆಣ್ಣು'
,ಮಲ್ಲಯ್ಯ',ಮುತ್ತರಾಯಪ್ಪ',59',85',ಗಂಡು'
,ತಿಪ್ಪಕ್ಕ',ಮಲ್ಲಯ್ಯ',59',80',ಹೆಣ್ಣು'
,ಶಿವಲಿಂಗಪ್ಪ',ಮಲ್ಲಯ್ಯ',59',50',ಗಂಡು'
,ವೆಂಕಟಲಕ್ಷ್ಮಮ್ಮ',ಶಿವಲಿಂಗಪ್ಪ',59',48',ಹೆಣ್ಣು'
,ಜಯಶಂಕರ್',ಮಲ್ಲಯ್ಯ',59',45',ಗಂಡು'
,ರಾಮಕೃಷ್ಣಪ್ಪ',ಮಲ್ಲಪ್ಪ',59',43',ಗಂಡು'
,ಮಂಜುನಾಥ',ಮಲ್ಲಪ್ಪ',59',38',ಗಂಡು'
,ಯರಕ್ಕೆ',ರಾಮಕೃಷ್ಣಪ್ಪ',59',38',ಹೆಣ್ಣು'
,ನಾಗಮಣಿ',ಮಂಜುನಾಥ',59',32',ಹೆಣ್ಣು'
,ಎಂ ನವೀನ್ ಕುಮಾರ್',ಮೈಲಪ್ಪ',59',29',ಗಂಡು'
,ಸುರೇಶ ಆರ್',ರಾಮಕೃಷ್ಣಪ್ಪ',59',24',ಗಂಡು'
,ಮೈಲಪ್ಪ',ಗೊರಪ್ಪ',60',75',ಗಂಡು'
,ಜಯಮ್ಮ',ಮೈಲಪ್ಪ',60',70',ಹೆಣ್ಣು'
,ಲಕ್ಷ್ಮೀದೇವಮ್ಮ',ಲಕ್ಷ್ಮೀಪತಿ',60',45',ಹೆಣ್ಣು'
,ಲಕ್ಷ್ಮೀಪತಿ',ಮೈಲಪ್ಪ',60',45',ಗಂಡು'
,ಕ್ರಿಷ್ಣಪ್ಪ',ಮೈಲಪ್ಪ',60',38',ಗಂಡು'
,ಬಿ ಎಂ ಪ್ರಮೀಳ',ಕೃಷ್ಣಮೂರ್ತಿ',60',36',ಹೆಣ್ಣು'
,ಪಾಪಯ್ಯ',ನರಸಿಂಹಪ್ಪ',61',60',ಗಂಡು'
,ಮೈಲಕ್ಕ',ಪಾಪಯ್ಯ',61',55',ಹೆಣ್ಣು'
,ಹೊನ್ನಮ್ಮ',ಶಿವಕುಮಾರ್',61',33',ಹೆಣ್ಣು'
,ನರಸಿಂಹರಾಜು',ಪಾಪಯ್ಯ',61',32',ಗಂಡು'
,ಪಿ ಅನಿತಾ',ಗಂಗಾಧರ',61',28',ಹೆಣ್ಣು'
,ರಾಮಕೃಷ್ಣಪ್ಪ',ಚಿನ್ನಗೌಡ',62',70',ಗಂಡು'
,ರತ್ನಮ್ಮ',ರಾಮರೆಡ್ಡಿ',62',63',ಹೆಣ್ಣು'
,ವೈ ಆರ್ ಅಂಬರೀಷ ಕುಮಾರ್',ರಾಮಕೃಷ್ಣಪ್ಪ',62',32',ಗಂಡು'
,ಪಿ ಶ್ರೀವಾಣಿ',ವೈ ಆರ್ ಅಂಬರೀಶ ಕುಮಾರ್',62',25',ಹೆಣ್ಣು'
,ಮಾಲಾ ಆರ್',ರಾಮಚಂದ್ರಪ್ಪ',62',21',ಹೆಣ್ಣು'
,ಲಕ್ಷ್ಮಮ್ಮ',ಮಲ್ಲಯ್ಯ',63',70',ಹೆಣ್ಣು'
,ಚಂದ್ರಶೇಖರ',ಮಲ್ಲಯ್ಯ',63',47',ಗಂಡು'
,ಕೆ ಎಸ್ ಅಶ್ವತ್ಥಮ್ಮ',ಚಂದ್ರಶೇಖರ್',63',38',ಹೆಣ್ಣು'
,ಪಾಪಕ್ಕ',ನರಸಿಂಹಯ್ಯ',64',75',ಹೆಣ್ಣು'
,ಕದರಪ್ಪ',ನರಸಿಂಹಯ್ಯ',64',60',ಗಂಡು'
,ಪಾಪಕ್ಕ',ಕದರಪ್ಪ',64',55',ಹೆಣ್ಣು'
,ಕಾಂತಮ್ಮ',ಲಕ್ಷ್ಮಿನಾರಾಯಣಪ್ಪ',64',55',ಹೆಣ್ಣು'
,ಮುನಿಕೃಷ್ಣ',ಲಕ್ಷ್ಮೀ ನಾರಾಯಣ',64',34',ಗಂಡು'
,ಪವಿತ್ರ ವೈಕೆ',ಕದಿರಪ್ಪ',64',26',ಹೆಣ್ಣು'
,ಹೇಮಲತ ವೈಕೆ',ಕದಿರಪ್ಪ',64',22',ಹೆಣ್ಣು'
,ಜಯರಾಮ',ದೊಡ್ಡಲಿಂಗಪ್ಪ',65',50',ಗಂಡು'
,ಜಯಮ್ಮ',ಜಯರಾಮ',65',42',ಹೆಣ್ಣು'
,ಲಕ್ಷ್ಮಿನಾರಾಯಣಪ್ಪ',ಮೈಲಪ್ಪ',66',55',ಗಂಡು'
,ಚಿಕ್ಕಮ್ಮಯ್ಯ',ಲಕ್ಷ್ಮೀ ನಾರಾಯಣಪ್ಪ',66',50',ಹೆಣ್ಣು'
,ಮೈಲಕ್ಕ',ನರಸೀಯಪ್ಪ',67',72',ಹೆಣ್ಣು'
,ನರಸಿಂಹಮೂರ್ತಿ',ನರಸೀಯಪ್ಪ',67',50',ಗಂಡು'
,ಕೆಂಪಣ್ಣ',ನರಶೇಯಪ್ಪ',67',45',ಗಂಡು'
,ಜಿ ಎಸ್ ಅನಿತಾ',ನರಸಿಂಹಮೂರ್ತಿ',67',34',ಹೆಣ್ಣು'
,ಅನಿತ ಎನ್',ಕೆಂಪಣ್ಣ',67',33',ಹೆಣ್ಣು'
,ಗಂಗಾಧರಪ್ಪ',ವೆಂಕಟಶ್ಯಾಮಪ್ಪ',70',55',ಗಂಡು'
,ಗೌರಮ್ಮ',ಗಂಗಾಧರಪ್ಪ',70',59',ಹೆಣ್ಣು'
,ಅನುಸೂಯಮ್ಮ',ಶಂಕರ',70',35',ಹೆಣ್ಣು'
,ನಾಗರಾಜು',ಸಿದ್ದರಾಮಯ್ಯ',70',33',ಗಂಡು'
,ಗಂಗಮಾಳಮ್ಮ',ಸಿದ್ದಪ್ಪ',71',70',ಹೆಣ್ಣು'
,ಎಸ್ ನರಸಿಂಹಮೂರ್ತಿ',ಸಿದ್ದಪ್ಪ',71',45',ಗಂಡು'
,ಎಸ್ ಕೃಷ್ಣಪ್ಪ',ಸಿದ್ದಪ್ಪ',71',45',ಗಂಡು'
,ಲಲಿತಮ್ಮ',ಎಸ್ ಕೃಷ್ಣಪ್ಪ',71',45',ಹೆಣ್ಣು'
,ಹೆಚ್ ಎಸ್ ಗಂಗರಾಜ',ಸಿದ್ದಪ್ಪ',71',40',ಗಂಡು'
,ಯಶೋಧ',ನರಸಿಂಹಮೂರ್ತಿ',71',32',ಹೆಣ್ಣು'
,ಮೈಲಕ್ಕ',ನರಸಿಂಹಪ್ಪ',72',65',ಹೆಣ್ಣು'
,ಅಂಬಿಕಾ',ಆನಂದ್ ಕುಮಾರ್',72',27',ಹೆಣ್ಣು'
,ನ್ಯಾತಮ್ಮ',ನರಸೀಯಪ್ಪ',73',80',ಹೆಣ್ಣು'
,ನರಸಿಂಹಪ್ಪ',ನರಸೀಯಪ್ಪ',73',65',ಗಂಡು'
,ನಾಗರತ್ನಮ್ಮ',ನರಸಿಂಹಪ್ಪ',73',55',ಹೆಣ್ಣು'
,ವಸಂತ ಕುಮಾರ್ ಎನ್',ನರಸಿಂಹಪ್ಪ',73',27',ಗಂಡು'
,ಲಕ್ಷ್ಮೀನರಸಮ್ಮ',ನರಸೀಯಪ್ಪ',74',68',ಹೆಣ್ಣು'
,ಹನುಮಂತರೆಡ್ಡಿ',ನರಸಪ್ಪ',74',67',ಗಂಡು'
,ರಾಮರೆಡ್ಡಿ',ನರಸಪ್ಪ',74',67',ಗಂಡು'
,ಲಕ್ಷ್ಮಿದೇವಮ್ಮ',ಹನುಮಂತರೆಡ್ಡಿ',74',63',ಹೆಣ್ಣು'
,ಪಾಪಣ್ಣ',ದೊಡ್ಡನರಸಪ್ಪ',74',54',ಗಂಡು'
,ಹೆಚ್ ಎನ್ ಪ್ರಹ್ಲಾದ',ನರಸೀಯಪ್ಪ',74',53',ಗಂಡು'
,ನಾಗರತ್ನಮ್ಮ',ಪ್ರಹ್ಲಾದ್',74',51',ಹೆಣ್ಣು'
,ರಮೇಶ್',ನರಸೀಯಪ್ಪ',74',44',ಗಂಡು'
,ಪಾರ್ವತಮ್ಮ',ಪಾಪಣ್ಣ',74',43',ಹೆಣ್ಣು'
,ಲಕ್ಷ್ಮೀದೇವಮ್ಮ',ಹೆಚ್ ರಮೇಶ',74',41',ಹೆಣ್ಣು'
,ಹೆಚ್ ಹೆಚ್ ಸತೀಶ್',ಹನುಮಂತರೆಡ್ಡಿ',74',40',ಗಂಡು'
,ಗೋವಿಂದರಾಜು ಹೆಚ್ ಎನ',ನರಶೀಯಪ್ಪ',74',39',ಗಂಡು'
,ರಾಧಮ್ಮ',ಸತೀಷ',74',37',ಹೆಣ್ಣು'
,ಹರಿಪ್ರಸಾದ್ ಪಿ',ಪ್ರಹ್ಲಾದ್ ಎನ್',74',30',ಗಂಡು'
,ವಿಶಾಲಾಕ್ಷಿ ಆರ್',ರಾಮರೆಡ್ಡಿ',74',24',ಹೆಣ್ಣು'
,ಎಚ್ ಪಿ ಅಜಿತ್ ಕುಮಾರ್',ಪಾಪಣ್ಣ',74',20',ಗಂಡು'
,ಶಾಂತಮ್ಮ',ನರಸಿಂಹಪ್ಪ',75',53',ಹೆಣ್ಣು'
,ಗೀತಮ್ಮ',ಹನುಮಂತರಾಯಪ್ಪ',75',36',ಹೆಣ್ಣು'
,ಹನುಮಂತರಾಯಪ್ಪ',ನರಸಪ್ಪ',75',34',ಗಂಡು'
,ವಿಶಾಲಾಕ್ಷಿ ಹೆಚ್',ಹನುಮಂತರಾಯಪ್ಪ',75',23',ಹೆಣ್ಣು'
,ಹನುಮಂತರಾಯಪ್ಪ',ನರಸಿಂಹಪ್ಪ',76',75',ಗಂಡು'
,ನಂಜರೆಡ್ಡಿ',ಹನುಮಂತರಾಯ',76',70',ಗಂಡು'
,ಮಂಜುಳಮ್ಮ',ನಂಜರೆಡ್ಡಿ',76',38',ಹೆಣ್ಣು'
,ನರಸಿಂಹಮೂರ್ತಿ',ಚಿಕ್ಕಣ್ಣ',77',55',ಗಂಡು'
,ಯಶೋಧಮ್ಮ',ನರಸಿಂಹಮೂರ್ತಿ',77',43',ಹೆಣ್ಣು'
,ಗಂಗಮ್ಮ',ಲಕ್ಷ್ಮೀಪತಿ',78',65',ಹೆಣ್ಣು'
,ಶಾರದಮ್ಮ',ಅಶ್ವಥಪ್ಪ',78',58',ಹೆಣ್ಣು'
,ಹನುಮಂತರಾಯಪ್ಪ',ಬಂಡೆಪ್ಪ',78',55',ಗಂಡು'
,ಲಕ್ಷ್ಮೀದೇವಮ್ಮ',ಹನುಮಂತರಾಯಪ್ಪ',78',50',ಹೆಣ್ಣು'
,ನರಸಿಂಹಮೂರ್ತಿ ಹೆಚ್ ಎಲ',ಲಕ್ಷ್ಮೀನರಸಪ್ಪ',78',47',ಗಂಡು'
,ನಾಗರಾಜ ಹೆಚ್ ಎಲ್',ಲಕ್ಷ್ಮೀ ಪತಿ ಬಿ',78',46',ಗಂಡು'
,ಹೆಚ್ ಅರುಣ್ ಕುಮಾರ್',ಲಕ್ಷ್ಮೀಪತಿ',78',40',ಗಂಡು'
,ಬಾಲಕೃಷ್ಣ',ಅಶ್ವತ್ಥಪ್ಪ',78',38',ಗಂಡು'
,ಅಶ್ವಥಮ್ಮ',ಲಕ್ಷ್ಮಯ್ಯ',79',60',ಹೆಣ್ಣು'
,ನಾಗಿರೆಡ್ಡಿ',ಲಕ್ಷ್ಮಣರೆಡ್ಡಿ',79',34',ಗಂಡು'
,ಹೆಚ್ ಎಲ್ ನರಸಪ್ಪ',ಲಕ್ಷ್ಮಣರೆಡ್ಡಿ',80',78',ಗಂಡು'
,ಜಯರಾಮ ರೆಡ್ಡಿ',ಲೇಟ್ ಲಕ್ಷ್ಮಣ್ಣ',80',65',ಗಂಡು'
,ಶಾರದಮ್ಮ',ಜಯರಾಮರೆಡ್ಡಿ',80',65',ಹೆಣ್ಣು'
,ಲಕ್ಷ್ಮಣರೆಡ್ಡಿ ಜೆ',ಜಯರಾಮರೆಡ್ಡಿ',80',38',ಗಂಡು'
,ನಾಗರಾಜ ಜೆ',ಜಯರಾಮರೆಡ್ಡಿ',80',36',ಗಂಡು'
,ಕಲ್ಪನಾ',ಲಕ್ಷ್ಮಣ ರೆಡ್ಡಿ ಜಿ',80',31',ಹೆಣ್ಣು'
,ರಾಮಕೃಷ್ಣಪ್ಪ',ರಾಮಪ್ಪ',82',55',ಗಂಡು'
,ಲಕ್ಷ್ಮೀನರಸಮ್ಮ',ರಾಮಕೃಷ್ಣಪ್ಪ',82',50',ಹೆಣ್ಣು'
,ಲಕ್ಷ್ಮಮ್ಮ',ನಂಜುಂಡಪ್ಪ',83',80',ಹೆಣ್ಣು'
,ಶಾಂತಮ್ಮ',ಹನುಮಂತರೆಡ್ಡಿ',83',60',ಹೆಣ್ಣು'
,ತಿಪ್ಪಣ್ಣ',ನಂಜುಂಡಪ್ಪ',83',57',ಗಂಡು'
,ನರಸಿಂಹಮೂರ್ತಿ',ನಂಜುಂಡಪ್ಪ',83',45',ಗಂಡು'
,ಎ ಎಚ್ ಸುಜಾತ',ತಿಪ್ಪಣ್ಣ',83',25',ಹೆಣ್ಣು'
,ಅಶ್ವತ್ಥನಾರಾಯಣರೆಡ್ಡಿ',ಕರಿತಾತಯ್ಯ',84',55',ಗಂಡು'
,ಲಲಿತಮ್ಮ',ಅಶ್ವತ್ಥನಾರಾಯಣರೆಡ್ಡಿ',84',50',ಹೆಣ್ಣು'
,ನರಸಿಂಹರೆಡ್ಡಿ ಕೆ',ಕರಿತಾತಯ್ಯ',85',63',ಗಂಡು'
,ಹೆಚ್ ಆಂಜನರೆಡ್ಡಿ',ಹನುಮಂತರಾಯ',85',44',ಗಂಡು'
,ಎ ಎಸ್ ಲತ',ಹೆಚ್ ಅಂಜನರೆಡ್ಡಿ',85',37',ಹೆಣ್ಣು'
,ನವೀನ್\u200cಕುಮಾರ್',ನರಸಿಂಹರೆಡ್ಡಿ',85',36',ಗಂಡು'
,ಗಂಗಮ್ಮ',ಗಂಗಪ್ಪ',86',85',ಹೆಣ್ಣು'
,ನಾಗರಾಜ',ಗಂಗಪ್ಪ',86',55',ಗಂಡು'
,ಮಂಜುಳ',ಹೆಚ್ ಜಿ ನಾಗರಾಜ್',86',37',ಹೆಣ್ಣು'
,ಅಶ್ವತ್ಥನಾರಾಯಣರೆಡ್ಡಿ',ಚನ್ನಗರಾಯಪ್ಪ',87',60',ಗಂಡು'
,ಹೆಚ್ ಸಿ ಸುರೇಂದ್ರ',ಚನ್ನಿಗರಾಯಪ್ಪ',87',50',ಗಂಡು'
,ಮರಿರಾಜ',ಚನ್ನಿಗರಾಯಪ್ಪ',87',48',ಗಂಡು'
,ಸುಶೀಲಮ್ಮ',ಸುರೇಂದ್ರ',87',47',ಹೆಣ್ಣು'
,ಸುಶೀಲಮ್ಮ',ಅಶ್ವಥ್\u200cನಾರಾಯಣರೆಡ್ಡಿ',87',46',ಹೆಣ್ಣು'
,ಗಿರಿಜಮ್ಮ',ಚೆನ್ನಿಗರಾಯಪ್ಪ',87',36',ಹೆಣ್ಣು'
,ರಾಮಸ್ವಾಮಿ',ಕರಿಯಣ್ಣ',88',60',ಗಂಡು'
,ಚೆನ್ನಮ್ಮ',ರಾಮಸ್ವಾಮಿ',88',55',ಹೆಣ್ಣು'
,ರವಿಚಂದ್ರ',ರಾಮಸ್ವಾಮಿ',88',27',ಗಂಡು'
,ಜಯಮ್ಮ',ಎಚ್ ಚನ್ನಿಗರಾಯ',89',60',ಹೆಣ್ಣು'
,ವಿಜಯಕುಮರ್',ಲಕ್ಕಪ್ಪ',89',40',ಗಂಡು'
,ಲಕ್ಷ್ಮೀದೇವಮ್ಮ',ಜಯಚಂದ್ರ',89',31',ಹೆಣ್ಣು'
,ಅರ್ಚಿತ ಹೆಚ್ ಆರ್',ರಾಮಾಂಜಯ್ಯ',89',24',ಹೆಣ್ಣು'
,ನರಸಮ್ಮ',ಕುಂಭಪ್ಪ',90',70',ಹೆಣ್ಣು'
,ಚನ್ನಿಗರಾಯಪ್ಪ',ಹನುಮಂತರಾಯ',91',55',ಗಂಡು'
,ಲಕ್ಷ್ಮೀನರಸಮ್ಮ',ಚನ್ನಿಗರಾಯಪ್ಪ',91',50',ಹೆಣ್ಣು'
,ಸುಬ್ಬರೆಡ್ಡಿ',ಹನುಮಂತರಾಯಪ',91',48',ಗಂಡು'
,ಅಶೋಕ ಸಿ',ಚೆನ್ನಿಗರಾಯಪ್ಪ',91',23',ಗಂಡು'
,ಚಂದನ ಸಿ',ಚನ್ನಿಗರಾಯಪ್ಪ',91',21',ಗಂಡು'
,ಅಶ್ವತ್ಥಮ್ಮ',ಲಕ್ಷ್ಮಯ್ಯ',92',70',ಹೆಣ್ಣು'
,ಸೌಭಾಗ್ಯಲಕ್ಷ್ಮಿ',ಶ್ರೀರಾಮರೆಡ್ಡಿ',92',38',ಹೆಣ್ಣು'
,ಚಿನ್ನಪ್ಪಯ್ಯ',ಲಿಂಗಪ್ಪ',93',65',ಗಂಡು'
,ತೊಳಸಮ್ಮ',ಚಿನ್ನಪ್ಪಯ್ಯ',93',60',ಹೆಣ್ಣು'
,ರಾಮಕೃಷ್ಣಪ್ಪ',ಲಿಂಗಪ್ಪ',93',60',ಗಂಡು'
,ಶಾಂತಮ್ಮ',ರಾಮಕೃಷ್ಣಪ್ಪ',93',55',ಹೆಣ್ಣು'
,ನಾಗರಾಜ',ಲಿಂಗಪ್ಪ',93',53',ಗಂಡು'
,ಸಿದ್ದಗಂಗಮ್ಮ',ನಾಗರಾಜ',93',50',ಹೆಣ್ಣು'
,ಹೆಚ್ ಸಿ ಗಂಗರಾಜು',ಚಿನ್ನಪ್ಪಯ್ಯ',93',36',ಗಂಡು'
,ಛಾಯಾಕುಮಾರ್',ಚಿನ್ನಪ್ಪಯ್ಯ',93',36',ಗಂಡು'
,ಹೆಚ್ ಎನ್ ಅಂಬರೀಶ',ನಾಗರಾಜಪ್ಪ',93',25',ಗಂಡು'
,ಲಕ್ಷ್ಮಮ್ಮ',ನರಸಿಂಹಪ್ಪ',94',80',ಹೆಣ್ಣು'
,ಹನುಮಂತರೆಡ್ಡಿ',ನರಸಿಂಹಪ್ಪ',94',65',ಗಂಡು'
,ನಾಗರತ್ನಮ್ಮ',ಲೇಟ್ ನರಸಿಂಹರೆ',94',42',ಹೆಣ್ಣು'
,ರವಿಂದ್ರ',ನರಸಿಂಹ್ಮಪ್ಪ',94',38',ಗಂಡು'
,ಹೆಚ್ ಕೆ ರಾಮಕೃಷ್ಣಪ್ಪ',ಕರಿತಾತಯ್ಯ',95',70',ಗಂಡು'
,ಚಿರಂಜೀವಮ್ಮ',ಹೆಚ್ ಕೆ ರಾಮಕೃಷ್ಣಪ್ಪ',95',60',ಹೆಣ್ಣು'
,ನಾಗೇಂದ್ರಪ್ರಸಾದ್',ಹೆಚ್ ಕೆ ರಾಮಕೃಷ್ಣ',95',43',ಹೆಣ್ಣು'
,ಹೆಚ್ ಆರ್ ಅಜಯ್\u200cಕುಮಾರ್',ರಾಮಕೃಷ್ಣಪ್ಪ',95',36',ಗಂಡು'
,ಗೋವಿಂದರಾಜ',ಲಕ್ಷ್ಮಯ್ಯ',96',60',ಗಂಡು'
,ರಾಧಮ್ಮ',ಗೋವಿಂದರಾಜ',96',50',ಹೆಣ್ಣು'
,ವೆಂಕಟಲಕ್ಷ್ಮಮ್ಮ',ರಾಮಕೃಷ್ಣಪ್ಪ',97',55',ಹೆಣ್ಣು'
,ಚಂದ್ರಶೇಖರ್',ರಾಮಕೃಷ್ಣಪ್ಪ',97',38',ಗಂಡು'
,ಲಕ್ಷ್ಮೀನರಸಮ್ಮ ತಾಯಿಯ',ಓಬಳಪ್ಪ ಅಂಜನಪ್ಪ',98',60',ಹೆಣ್ಣು'
,ರಮೇಶ್ ತಾಯಿಯ',ಲಕ್ಷ್ಮೀನರಸಮ್ಮ',98',25',ಗಂಡು'
,ನಾಗರಾಜ',ಚನ್ನಿಗಪ್ಪ',100',49',ಗಂಡು'
,ನಾಗಮ್ಮ',ನಾಗರಾಜ',100',43',ಹೆಣ್ಣು'
,ರಾಜಮ್ಮ',ನರಶೀಯಪ್ಪ',101',72',ಹೆಣ್ಣು'
,ನರಸೀಯಪ್ಪ',ಚನ್ನಿಗಪ್ಪ',101',57',ಗಂಡು'
,ರಾಮಕ್ಕ',ಚೆನ್ನಪ್ಪ',102',70',ಹೆಣ್ಣು'
,ನರಸಿಂಹರೆಡ್ಡಿ',ಚೆನ್ನಪ್ಪ',102',50',ಗಂಡು'
,ಗಂಗಮ್ಮ',ನರಸಿಂಹರೆಡ್ಡಿ',102',45',ಹೆಣ್ಣು'
,ನರಸಿಂಹಪ್ಪ',ಚನ್ನಿಗಪ್ಪ',103',55',ಗಂಡು'
,ಲಕ್ಷ್ಮೀನರಸಮ್ಮ',ನರಸಿಂಹ್ಮಪ್ಪ',103',49',ಹೆಣ್ಣು'
,ನವೀನ್ ಕುಮಾರ್',ನರಸಿಂಹಪ್ಪ',103',37',ಗಂಡು'
,ಲಕ್ಷ್ಮಿದೇವಮ್ಮ',ಪುಟ್ಟನರಸಪ್ಪ',104',75',ಹೆಣ್ಣು'
,ಹೆಚ್ ಪಿ ಜಗನ್ನಾಥ',ಪುಟ್ಟನರಸಪ್ಪ',104',37',ಗಂಡು'
,ಅಂಜುಳಾದೇವಿ',ಹೆಚ್ ಪಿ ಜಗನ್ನಾಥ',104',34',ಹೆಣ್ಣು'
,ಎಳನರಸಮ್ಮ',ಎಳೆನರಸಪ್ಪ',105',85',ಹೆಣ್ಣು'
,ಚೆನ್ನಮ್ಮ',ನರಶೀಯಪ್ಪ',105',55',ಹೆಣ್ಣು'
,ಉಗ್ರಪ್ಪ',ಎಳೆನರಸಪ್ಪ',105',50',ಗಂಡು'
,ಹೆಚ್ ಎ ಪ್ರಕಾಶ್\u200c ರೆಡ್ಡಿ',ವಿಳೆನರಸಪ್ಪ',105',41',ಗಂಡು'
,ನರಸಮ್ಮ',ಉಗ್ರಪ್ಪ',105',40',ಹೆಣ್ಣು'
,ನರಸಿಂಹರಾಜು',ನರಸೀಯಪ್ಪ',105',36',ಗಂಡು'
,ಶಾರದಮ್ಮ',ಹೆಚ್ ಎನ್ ಪ್ರಶಾ',105',27',ಹೆಣ್ಣು'
,ರೋಜಾ ವೈ ಎ',ಅಶ್ವತ್ಥಪ್ಪ',105',26',ಹೆಣ್ಣು'
,ಸುಬ್ಬರಾಯಪ್ಪ',ಮುದ್ದಪ್ಪ',106',65',ಗಂಡು'
,ಶಾಂತಮ್ಮ',ಸುಬ್ಬರಾಯಪ್ಪ',106',60',ಹೆಣ್ಣು'
,ಹೆಚ್ ಎಸ್ ಮುರಳಿಮೋಹನ್',ಸುಬ್ಬರಾಯಪ್ಪ',106',41',ಗಂಡು'
,ನಂಜಮ್ಮ',ನಾರಾಯಣಪ್ಪ',107',66',ಹೆಣ್ಣು'
,ನಾರಾಯಣಪ್ಪ',ಗಂಗಪ್ಪ',107',55',ಗಂಡು'
,ನರಸಿಂಹಮೂರ್ತಿ',ಉಗ್ರಪ್ಪ',108',65',ಗಂಡು'
,ಶಾರದಮ್ಮ',ನರಸಿಂಹಮೂರ್ತಿ',108',60',ಹೆಣ್ಣು'
,ರವಿಕುಮಾರ',ಉಗ್ರಪ್ಪ',108',55',ಗಂಡು'
,ಅಶ್ವಥರೆಡ್ಡಿ',ಉಗ್ರಪ್ಪ',108',47',ಗಂಡು'
,ಆನಂದ',ನರಸೀಯಪ್ಪ',109',55',ಗಂಡು'
,ಗೋಪಾಲಕ್ರಷ್ಣ',ನರಸೀಯಪ್ಪ',109',53',ಗಂಡು'
,ಜಯಮ್ಮ',ಆನಂದ',109',50',ಹೆಣ್ಣು'
,ಗಾಯಿತ್ರಿ',ಗೋಪಾಲಕ್ರಿಷ್ಣ',109',48',ಹೆಣ್ಣು'
,ಶ್ರೀರಾಮರೆಡ್ಡಿ',ನರಸೀಯಪ್ಪ',109',47',ಗಂಡು'
,ಭಾಗ್ಯಮ್ಮ',ಹೆಚ್ ಎನ್ ಶ್ರೀರಾಮರೆಡ್ಡಿ',100',40',ಹೆಣ್ಣು'
,ಗಂಗಮ್ಮ',ನರಸಪ್ಪ',110',61',ಹೆಣ್ಣು'
,ಗೋವಿಂದರಾಜು',ನರಸಪ್ಪ',110',46',ಗಂಡು'
,ಸೌಭಾಗ್ಯಮ್ಮ',ಹೆಚ್ ಎನ್ ಗೋವಿಂದರಾಜು',110',41',ಹೆಣ್ಣು'
,ಗೌರಮ್ಮ',ಮೈಲಾರಪ್ಪ',111',65',ಹೆಣ್ಣು'
,ಹೆಚ್ ಎಂ ರವಿಕುಮಾರ್',ಮೈಲಾರಪ್ಪ',111',43',ಗಂಡು'
,ಹೆಚ್ ಎಂ ಮಂಜುನಾಥ',ಮೈಲಾರಪ್ಪ',111',42',ಗಂಡು'
,ಮುನಿರಾಜು',ಮೈಲಾರಪ್ಪ',111',37',ಗಂಡು'
,ಚೆನ್ನಮ್ಮ',ರಾಮಸ್ವಾಮಿ',112',85',ಹೆಣ್ಣು'
,ಕ್ಯಾಮೆಳಪ್ಪ',ಕ್ಯಾಮೆಳಪ್ಪ',112',75',ಗಂಡು'
,ನರಸಮ್ಮ',ಕ್ಯಾಮೆಳಪ್ಪ',112',70',ಹೆಣ್ಣು'
,ಅಂಜನರೆಡ್ಡಿ',ಕ್ಯಾಮೇನಳ್ಳಪ್ಪ',112',40',ಗಂಡು'
,ನರಸಿಂಹರಾಜು',ಕಾಮೇನಳ್ಳಿಪ್ಪ',112',36',ಗಂಡು'
,ಲಕ್ಷ್ಮೀದೇವಮ್ಮ',ಅಂಜನ ರೆಡ್ಡಿ',112',34',ಹೆಣ್ಣು'
,ಬಿ ಎಲ್ ಕಾವ್ಯ',ಎಚ್ ಕೆ ನರಸಿಂಹರಾಜು',112',26',ಹೆಣ್ಣು'
,ಪುಟ್ಟಮಲ್ಲಪ್ಪ',ಗೊರಪ್ಪ',113',75',ಗಂಡು'
,ತಿಮ್ಮಕ್ಕ',ಪುಟ್ಟಮಲ್ಲಪ್ಪ',113',70',ಹೆಣ್ಣು'
,ವಿಜಯಕುಮಾರ',ಪುಟ್ಟಮಲ್ಲಪ್ಪ',113',53',ಗಂಡು'
,ಹೆಚ್ ಪಿ ಮಲ್ಲೇಶ',ಪುಟ್ಟಮಲ್ಲಪ್ಪ',113',37',ಗಂಡು'
,ವಿಜಯಲಕ್ಷ್ಮಿ',ಕ್ಯಾಮೆಳಪ್ಪ',114',55',ಹೆಣ್ಣು'
,ಕಾಮೇನ ಹಳ್ಳಪ್ಪ',ಬಂಡಪ್ಪ',114',53',ಗಂಡು'
,ಗಾಯಿತ್ರಿ ಎನ್',ಅನಿಲ್ ಕುಮಾರ್',114',26',ಹೆಣ್ಣು'
,ಹೆಚ್ ಕೆ ಕೆಅಶೋಕ',ಕ್ಯಾಮೇನಹಳ್ಳಪ್ಪ',114',23',ಗಂಡು'
,ನರಸೇಗೌಡ',ಲಕ್ಷ್ಮಯ್ಯ',115',75',ಗಂಡು'
,ಕ್ಯಾಮಳನಪ್ಪ',ಲಕ್ಷ್ಮಯ್ಯ',115',70',ಗಂಡು'
,ಲಕ್ಷ್ಮೀನರಸಮ್ಮ',ನರಸೇಗೌಡ',115',70',ಹೆಣ್ಣು'
,ಪಾಪಚ್ಚಮ್ಮ',ಕ್ಯಾಮಳನಪ್ಪ',115',65',ಹೆಣ್ಣು'
,ನರಸಿಂಹರೆಡ್ಡಿ',ನರಸೇಗೌಡ',115',50',ಗಂಡು'
,ಮುನಿರಾಜ',ನರಸೇಗೌಡ',115',47',ಗಂಡು'
,ಲಕ್ಕಿ',ಶ್ರೀನಿವಾಸ',115',41',ಹೆಣ್ಣು'
,ಮಂಜುಳ',ನರಸಿಂಹರೆಡ್ಡಿ',115',40',ಹೆಣ್ಣು'
,ನರಸಪ್ಪ',ಕಾಮೇನಳ್ಳಿಪ್ಪ',115',38',ಗಂಡು'
,ನರಸೀರೆಡ್ಡಿ',ನರಸೀಗೌಡ',115',38',ಗಂಡು'
,ರಾಮಸ್ವಾಮಿ',ನರಸೀಯಪ್ಪ',116',75',ಗಂಡು'
,ಅಶ್ವತ್ಥಮ್ಮ',ರಾಮಸ್ವಾಮಿ',116',65',ಹೆಣ್ಣು'
,ಹೆಚ್ ಆರ್ ಹರೀಶ್ ಕುಮಾರ್',ಹೆಚ್ ಎನ್ ರಾಮಾಸ್ವಾಮಿ',116',38',ಗಂಡು'
,ಲಕ್ಷ್ಮಿರೆಡ್ಡಿ',ಅಶ್ವತ್ಥಪ್ಪ',117',60',ಗಂಡು'
,ಸವನಬಾಯಿ',ವರದರಾಜ್',117',60',ಹೆಣ್ಣು'
,ಕಮಲಮ್ಮ',ಲಕ್ಷ್ಮಿರೆಡ್ಡಿ',117',55',ಹೆಣ್ಣು'
,ಸವಣ್ ಬಾಯಿ',ವರದ ರಾಜು',117',54',ಹೆಣ್ಣು'
,ಗೋಪಾಲರೆಡ್ಡಿ',ಅಶ್ವಥಪ್ಪ',117',53',ಗಂಡು'
,ನರಸಿಂಹರಾಜು',ಅಶ್ವತ್ಥಪ್ಪ',117',47',ಗಂಡು'
,ನಂದಿನಿ',ಪಶುಪತಿ',117',34',ಹೆಣ್ಣು'
,ಹೆಚ್ ಎಲ್ ರವೀಂದ್ರ',ಲಕ್ಷ್ಮರೆಡ್ಡಿ',117',3',ಗಂಡು'
,ವಿನೋದ್',ವಾರದ ರಾಜು',117',32',ಗಂಡು'
,ರಾಮಾಂಜನಮ್ಮ',ನಾರಾಯಣಪ್ಪ',118',60',ಹೆಣ್ಣು'
,ಕಮಲಮ್ಮ',ತಿಮ್ಮಯಾ',118',44',ಹೆಣ್ಣು'
,ಮಹೇಂದ್ರ',ನಾರಾಯಣಪ್ಪ',118',38',ಗಂಡು'
,ಲಕ್ಷ್ಮಮ್ಮ',ಆಂಜನಪ್ಪ',119',80',ಹೆಣ್ಣು'
,ಗೋವಿಂದರಾಜ',ಆಂಜಿನಪ್ಪ',119',55',ಗಂಡು'
,ವರಲಕ್ಷ್ಮಮ್ಮ',ಗೋವಿಂದರಾಜ',119',50',ಹೆಣ್ಣು'
,ಚನ್ನರೆಡ್ಡಿ',ಆಂಜನಪ್ಪ',119',49',ಗಂಡು'
,ಅನ್ನಪೂರ್ಣಮ್ಮ',ಚೆನ್ನಾರೆಡ್ಡಿ',119',39',ಹೆಣ್ಣು'
,ಅಜಿತ್ ಜಿ',ಗೋವಿಂದಪ್ಪ',119',25',ಗಂಡು'
,ತೇಜಸ್ವಿನಿ ಜಿ',ಗೋವಿಂದರಾಜು',119',22',ಹೆಣ್ಣು'
,ಹುಸೇನ್ ಸಾಬ್',ರಬೀಬ್ಬಾಬ್',120',75',ಗಂಡು'
,ಶಹನ',ಹುಸೇನ್ ಸಾಬ್',120',70',ಹೆಣ್ಣು'
,ಕಲೀಲ್ ಸಾಬ್',ಹುಸೇನ್ ಸಾಬ್',120',39',ಗಂಡು'
,ಜಾನ್ ತಾಜ್',ಖಲೀಲ್ ಸಾಬ್',120',36',ಹೆಣ್ಣು'
,ಕಂಬಕ್ಕ',ಚೆನ್ನಪ್ಪ',122',75',ಹೆಣ್ಣು'
,ಲಕ್ಷ್ಮಮ್ಮ',ನರಸೀಯರೆಡ್ಡಿ',122',60',ಹೆಣ್ಣು'
,ಗಂಗರೆಡ್ಡಿ',ಚೆನ್ನಪ್ಪ',122',45',ಗಂಡು'
,ಲಕ್ಷ್ಮೀ',ಚೆನ್ನಪ್ಪ',122',35',ಹೆಣ್ಣು'
,ಟಿ ಸಿ ತಾರಾ',ಎಚ್ ಸಿ ಗಂಗ ರೆಡ್ಡಿ',122',31',ಹೆಣ್ಣು'
,ನಲ್ಲಮ್ಮ',ನರಸಿಂಹಪ್ಪ',123',75',ಹೆಣ್ಣು'
,ರತ್ನಮ್ಮ',ನರಸೀಯಪ್ಪ',123',60',ಹೆಣ್ಣು'
,ಲಕ್ಷ್ಮೀನರಸಪ್ಪ',ನರಸಿಂಹಪ್ಪ',123',50',ಗಂಡು'
,ಕೃಷ್ಣಪ್ಪ',ನರಸಿಂಹಪ್ಪ',123',48',ಗಂಡು'
,ನಾರಾಯಣಪ್ಪ',ನರಸಿಂಹಪ್ಪ',123',45',ಗಂಡು'
,ಹೆಚ್ ಎನ್ ಆನಂದಕುಮಾರ್',ನರಸಿಂಹಪ್ಪ',123',40',ಗಂಡು'
,ಲಕ್ಷ್ಮಿದೇವಮ್ಮ',ಮೈಲಪ್ಪ',123',40',ಹೆಣ್ಣು'
,ಸುಶೀಲಮ್ಮ',ಕೃಷ್ಣಪ್ಪ',123',39',ಹೆಣ್ಣು'
,ಕೆ ರಮೇಶ್',ಕೃಷ್ಣಪ್ಪ',123',21',ಗಂಡು'
,ಲಕ್ಷ್ಮಮ್ಮ',ಚಿಕ್ಕನರಸಪ್ಪ',124',63',ಹೆಣ್ಣು'
,ನರಸಿಂಹಮೂರ್ತಿ',ಪುಟ್ಟನರಸಪ್ಪ',124',55',ಗಂಡು'
,ತೊಳಸಮ್ಮ',ನರಸಿಂಹಮೂರ್ತಿ',124',50',ಹೆಣ್ಣು'
,ಎನ್ ಮೋಹನ್',ನರಸಿಂಹಮೂರ್ತಿ',124',31',ಗಂಡು'
,ರತ್ನಮ್ಮ',ಚನ್ನಗೌಡ',125',60',ಹೆಣ್ಣು'
,ಹಚ್ ಸಿ ಮಹೇಶ್',ಚನ್ನೇಗೌಡ',125',39',ಗಂಡು'
,ಸುಧಾರೆಡ್ಡಿ',ಪುಟ್ಟನರಸಪ್ಪ',126',50',ಗಂಡು'
,ಪುಟ್ಟಮ್ಮ',ಸುಧಾರೆಡ್ಡಿ',126',50',ಹೆಣ್ಣು'
,ರಾಮಕೃಷ್ಣ',ಗಂಗಪ್ಪ',127',65',ಗಂಡು'
,ಗಂಗಮ್ಮ',ರಾಮಕೃಷ್ಣ',127',60',ಹೆಣ್ಣು'
,ಹೆಚ್ ಆರ್ ಮಂಜುನಾಥ',ರಾಮಕೃಷ್ಣಪ್ಪ',127',35',ಗಂಡು'
,ನೇತ್ರಾವತಿ ಹೆಚ್ ಆರ್',ರಾಮಕೃಷ್ಣಪ್ಪ',127',32',ಗಂಡು'
,ಪ್ರಕಾಶ',ಪುಟ್ಟನರಸಪ್ಪ',128',45',ಗಂಡು'
,ಶ್ರೀನಿವಾಸ',ಪುಟ್ಟನರಸಪ್ಪ',128',39',ಗಂಡು'
,ಪುಟ್ಟಮ್ಮ',ಪ್ರಕಾಶ',128',39',ಹೆಣ್ಣು'
,ನರಸಪ್ಪ',ಪುಟ್ಟನರಸಪ್ಪ',128',37',ಗಂಡು'
,ಅಂಬಿಕ',ಶ್ರೀನಿವಾಸ',128',29',ಹೆಣ್ಣು'
,ನಾಗೇಶ',ಲಿಂಗಪ್ಪ',129',55',ಗಂಡು'
,ಮಹದೇವಮ್ಮ',ನಾಗೇಶ',129',50',ಹೆಣ್ಣು'
,ನರಸಮ್ಮ',ಮೈಲಾರಪ್ಪ',130',85',ಹೆಣ್ಣು'
,ಅಲುಮೇಲು ಮಂಗಮ್ಮ',ಡಿ ದೇವರಾಜ',130',65',ಹೆಣ್ಣು'
,ಪಾರ್ವತಮ್ಮ',ಬಾಬಯ್ಯ',130',54',ಹೆಣ್ಣು'
,ಪಾರ್ವ ರ್ಶತಮ್ಮ',ಲಿಂಗಪ್ಪ',130',53',ಹೆಣ್ಣು'
,ಡಿ ಮಲ್ಲಿಕಾರ್ಜುನ',ಡಿ ದೇವರಾಜ',130',50',ಗಂಡು'
,ಲಕ್ಷ್ಮಮ್ಮ',ಮೈಲಾಪ್ಪ',130',46',ಹೆಣ್ಣು'
,ಜಯಶಂಕರ',ಮೈಲಾರಪ್ಪ',130',45',ಗಂಡು'
,ಇಂದ್ರಮ್ಮ',ಜಯಶಂಕರ್',130',40',ಹೆಣ್ಣು'
,ಶಾರದಮ್ಮ',ನಾಗರಾಜು',130',39',ಹೆಣ್ಣು'
,ಪ್ರಮಿಳಮ್ಮ',ಮಲ್ಲಿಕಾರ್ಜುನ',130',35',ಹೆಣ್ಣು'
,ಚೈತ್ರಜೆ',ಜಯಶಂಕರ',130',20',ಹೆಣ್ಣು'
,ರಾಮಲಿಂಗಪ್ಪ',ಮಲ್ಲಪ್ಪ',131',60',ಗಂಡು'
,ನಾಗಲಕ್ಷ್ಮಮ್ಮ',ರಾಮಲಿಂಗಪ್ಪ',131',55',ಹೆಣ್ಣು'
,ಕೃಷ್ಣಪ್ಪ',ಮಲ್ಲಪ್ಪ',131',45',ಗಂಡು'
,ಶಿವಕುಮಾರ್ ಆರ್',ರಾಮಲಿಂಗಪ್ಪ',131',26',ಗಂಡು'
,ಮಾದಮ್ಮ',ಪುಟ್ಟಮಲ್ಲಪ್ಪ',132',85',ಹೆಣ್ಣು'
,ನಾರಾಯಣಪ್ಪ',ಮುನಿಶಾಮಪ್ಪ',132',70',ಗಂಡು'
,ಲಕ್ಷ್ಮೀನರಸಮ್ಮ',ನಾರಾಯಣಪ್ಪ',132',65',ಹೆಣ್ಣು'
,ರಾಮಾಂಜಿನಯ್ಯ',ನಾರಾಯಣಪ್ಪ',132',31',ಗಂಡು'
,ನರಸಿಂಹಮೂರ್ತಿ',ನಾರಾಯಣಪ್ಪ',132',28',ಗಂಡು'
,ಸೋಮಯ್ಯ',ನ್ಯಾತಪ್ಪ',133',85',ಗಂಡು'
,ಲಕ್ಷ್ಮೀನರಸಮ್ಮ',ಸೋಮಯ್ಯ',133',75',ಹೆಣ್ಣು'
,ನಾರಾಯಣಪ್ಪ',ಸೋಮಯ್ಯ',133',45',ಗಂಡು'
,ಹೆಚ್ ಎಸ್ ರಮೇಶ್ ಕುಮಾರ್',ಸೋಮಯ್ಯ',133',41',ಗಂಡು'
,ಸಿದ್ದಗಂಗರಾಜು',ಲಿಂಗಪ್ಪ',134',50',ಗಂಡು'
,ಗೀತಮ್ಮ',ಸಿದ್ದಗಂಗರಾಜು',134',39',ಹೆಣ್ಣು'
,ಗೋವಿಂದರಾಜು',ಲಿಂಗಪ್ಪ',135',63',ಗಂಡು'
,ಮುದ್ದಮ್ಮ',ಗೋವಿಂದರಾಜು',135',55',ಹೆಣ್ಣು'
,ಗಂಗಮ್ಮ',ಗೊರಪ್ಪ',136',65',ಹೆಣ್ಣು'
,ಶಿವಾರೆಡ್ಡಿ',ಗೊರಪ್ಪ',136',50',ಗಂಡು'
,ಪುಟ್ಟನಾಗಮ್ಮ',ಲಕ್ಷ್ಮೀನರಸಪ್ಪ',137',85',ಹೆಣ್ಣು'
,ನರಸಪ್ಪ',ಲಕ್ಷ್ಮೀನರಸಪ್ಪ',137',60',ಗಂಡು'
,ನರಸಿಂಹಮೂರ್ತಿ',ಲಕ್ಷ್ಮೀನರಸಪ್ಪ',137',55',ಗಂಡು'
,ನರಸಮ್ಮ',ನರಸಪ್ಪ',137',50',ಹೆಣ್ಣು'
,ಲಲಿತಮ್ಮ',ನರಸಿಂಹಮೂರ್ತಿ',137',43',ಹೆಣ್ಣು'
,ಅಶ್ವತ್ಥಪ್ಪ',ಲಿಂಗಪ್ಪ',138',70',ಗಂಡು'
,ಮೈಲಕ್ಕ',ಅಶ್ವತ್ಥಪ್ಪ',138',65',ಹೆಣ್ಣು'
,ಹೆಚ್ ಎ ರಮೇಶ್',ಅಶ್ವತ್ಥಪ್ಪ',138',38',ಗಂಡು'
,ನಾಗೇಶ',ಅಶ್ವತ್ತಪ್ಪ',138',36',ಗಂಡು'
,ಶಿವ ಕುಮಾರ್',ಜೂಲಪ್ಪ',138',36',ಗಂಡು'
,ಆರ್ ಸಿದ್ದಮ್ಮ',ಶಿವ ಕುಮಾರ್',138',33',ಹೆಣ್ಣು'
,ನರೇಂದ್ರ',ಹನುಮಂತರಾಯ',140',36',ಗಂಡು'
,ಚಂದ್ರಪ್ಪ',ತಿಮ್ಮಯ್ಯ',141',65',ಗಂಡು'
,ರತ್ನಮ್ಮ',ಚಂದ್ರಪ್ಪ',141',60',ಹೆಣ್ಣು'
,ಮಂಜುನಾಥ',ಚಂದ್ರಪ್ಪ',141',27',ಗಂಡು'
,ಗೋಪಾಲ',ಮಲ್ಲಾರಪ್ಪ',142',55',ಗಂಡು'
,ಜಯಲಕ್ಷ್ಮಮ್ಮ',ಗೋಪಾಲ',142',50',ಹೆಣ್ಣು'
,ಗರುಡಚಲಯ್ಯ',ರಾಮಸ್ವಾಮಿ',143',70',ಗಂಡು'
,ಬಂಡಕ್ಕ',ಗರುಡಚಲಯ್ಯ',143',65',ಹೆಣ್ಣು'
,ನಾಗರಾಜ',ಚನ್ನಿಗರಾಯಪ್ಪ',144',55',ಗಂಡು'
,ಭಾಗ್ಯಮ್ಮ',ನಾಗರಾಜ',144',50',ಹೆಣ್ಣು'
,ನಂಜಪ್ಪ',ತಿಪ್ಪಯ್ಯ',145',65',ಗಂಡು'
,ಪದ್ಮಕ್ಕ',ನಂಜಪ್ಪ',145',60',ಹೆಣ್ಣು'
,ಅಶ್ವತ್ಥಮ್ಮ',ಲಿಂಗಪ್ಪ',146',65',ಹೆಣ್ಣು'
,ನಾಗಮ್ಮ',ವೆಂಕಟರಮಣಪ್ಪ',148',75',ಹೆಣ್ಣು'
,ಹೆಚ್ ವಿ ನಾಗರಾಜು',ವೆಂಕಟರವಣಪ್ಪ',148',43',ಗಂಡು'
,ಅನಿತಮ್ಮ',ಎಂ ವಿ ನಾಗರಾಜು',148',36',ಹೆಣ್ಣು'
,ಮೂಗಗಂಗಪ್ಪ',ವೆಂಕಟಪ್ಪ',149',75',ಗಂಡು'
,ನರಸಮ್ಮ',ಮೂಗಗಂಗಪ್ಪ',149',70',ಹೆಣ್ಣು'
,ಹನುಮಕ್ಕ',ರಾಮಪ್ಪ',150',75',ಹೆಣ್ಣು'
,ರಾಮಮೂರ್ತಿ',ರಾಮಪ್ಪ',150',45',ಗಂಡು'
,ನಾಗರತ್ನಮ್ಮ',ರಾಮಮೂರ್ತಿ',150',38',ಹೆಣ್ಣು'
,ಚಿಕ್ಕಗೋವಿಂದಪ್ಪ',ತಿಮ್ಮಪ್ಪ',151',75',ಗಂಡು'
,ದೇವರಾಜು',ಚಿಕ್ಕಗೊವಿಂದಪ್ಪ',151',36',ಗಂಡು'
,ತಿಮ್ಮಕ್ಕ',ಮದ್ದುರಪ್ಪ',152',85',ಹೆಣ್ಣು'
,ನರಸಪ್ಪ',ಮದ್ದುರಪ್ಪ',152',70',ಗಂಡು'
,ಹೆಚ್ ಎಂ ಕಾಳಪ್ಪ',ಮದ್ದುರಪ್ಪ',152',65',ಗಂಡು'
,ಚೆಕ್ಕನರಸಪ್ಪ',ಮದ್ದುರಪ್ಪ',152',60',ಗಂಡು'
,ನರಸಿಂಹಪ್ಪ',ಮದ್ದುರಪ್ಪ',152',55',ಗಂಡು'
,ನ್ಯಾತಪ್ಪ',ಮದ್ದುರಪ್ಪ',152',50',ಗಂಡು'
,ಮುತ್ತಮ್ಮ',ನ್ಯಾತಪ್ಪ',152',35',ಹೆಣ್ಣು'
,ರಮೇಶ್',ಚಿಕ್ಕನರಸಪ್ಪ',152',32',ಗಂಡು'
,ಜೂಲಪ್ಪ',ತಿಮ್ಮಪ್ಪ',153',85',ಗಂಡು'
,ಹನುಮಂತರಾಯಪ್ಪ',ಸಂಜೀವಮ್ಮ',153',65',ಗಂಡು'
,ವೆಂಕಟಲಕ್ಷ್ಮಮ್ಮ',ಹನುಮಂತರಾಯಪ್ಪ',153',60',ಹೆಣ್ಣು'
,ಆರ್ ಎನ್ ರಾಜು',ಹೆಚ್ ಎನ್ ರಾಮಸ್ವಾಮಿ',153',45',ಗಂಡು'
,ನಾಗಮ್ಮ',ತಿರುಮಲ್ಲಪ್ಪ',154',80',ಹೆಣ್ಣು'
,ನರಸಿಂಹಪ್ಪ',ತಿರುಮಲ್ಲಪ್ಪ',154',60',ಗಂಡು'
,ಲಕ್ಷ್ಮಮ್ಮ',ನರಸಿಂಹಪ್ಪ',154',50',ಹೆಣ್ಣು'
,ನರಸಿಂಹಮೂರ್ತಿ',ತಿರುಮಲ್ಲಪ್ಪ',154',45',ಗಂಡು'
,ಪ್ರಕಾಶ',ತಿರುಮಲ್ಲಪ್ಪ',154',43',ಗಂಡು'
,ಲಕ್ಷ್ಮಯ್ಯ',ತಿರುಮಲ್ಲಪ್ಪ',154',43',ಗಂಡು'
,ಬಾಗ್ಯಲಕ್ಷ್ಮಮ್ಮ',ಲಕ್ಷ್ಮಯ್ಯ',154',40',ಹೆಣ್ಣು'
,ಪುಟ್ಟಹನುಮಕ್ಕ',ತಿಮ್ಮಪ್ಪ',155',70',ಹೆಣ್ಣು'
,ಮರಿರಾಜ',ತಿಮ್ಮಪ್ಪ',155',50',ಗಂಡು'
,ಅಂಜನಮ್ಮ',ಮರಿರಾಜು',155',43',ಹೆಣ್ಣು'
,ಗೋವಿಂದರಾಜು',ತಿಮ್ಮಯ್ಯ',155',38',ಗಂಡು'
,ವೆಂಕಟಶಾಮಿ',ಭೂತಪ್ಪ',156',65',ಗಂಡು'
,ಪುಟ್ಟಮ್ಮ',ವೆಂಕಟಶಾಮಿ',156',60',ಹೆಣ್ಣು'
,ಹನುಮಪ್ಪ',ವೆಂಕಟಪ್ಪ',157',77',ಗಂಡು'
,ನಾಗಮ್ಮ',ಹನುಮಪ್ಪ',157',70',ಹೆಣ್ಣು'
,ಗಂಗಾಧರ',ಹನುಮಪ್ಪ',157',50',ಗಂಡು'
,ವೆಂಕಟೇಶ',ಹನುಮಪ್ಪ',157',45',ಗಂಡು'
,ಮಂಜುಳಮ್ಮ',ಹೆಚ್ ಗಂಗಾಧರ',157',40',ಹೆಣ್ಣು'
,ಹೆಚ್ ಗಂಗಾಧರಪ್ಪ',ಹನುಮಪ್ಪ',157',39',ಗಂಡು'
,ವೆಂಕಟೇಶ್',ಹನುಮಪ್ಪ',157',36',ಗಂಡು'
,ಹನುಮಕ್ಕ',ವೆಂಕಟರವಣಪ್ಪ',158',70',ಹೆಣ್ಣು'
,ಶ್ರೀನಿವಾಸ ಎಚ್ ವಿ',ವೆಂಕಟರವಣಪ್ಪ',158',36',ಗಂಡು'
,ಸಿದ್ದಪ್ಪ',ಗೋವಿಂದಪ್ಪ',159',70',ಗಂಡು'
,ಸಾವಿತ್ರಮ್ಮ',ಸಿದ್ದಪ್ಪ',159',60',ಹೆಣ್ಣು'
,ಎಸ್ ಶ್ರೀನಿವಾಸ್',ಸಿದ್ದಪ್ಪ',159',34',ಗಂಡು'
,ಗೋವಿಂದರಾಜು',ವೆಂಕಟರಮಣಪ್ಪ',160',53',ಗಂಡು'
,ಹನುಮಕ್ಕ',ಗೋವಿಂದರಾಜು',160',50',ಹೆಣ್ಣು'
,ಲಕ್ಷ್ಮಮ್ಮ',ವೆಂಕಟರವಣಪ್ಪ',161',60',ಹೆಣ್ಣು'
,ಹೆಚ್ ವಿ ಸತೀಶ್',ವೆಂಕಟರಮಣಪ್ಪ',161',32',ಗಂಡು'
,ಲಕ್ಷ್ಮಮ್ಮ',ಮರಿಯಪ್ಪ',163',55',ಹೆಣ್ಣು'
,ರಾಮಂಜನಪ್ಪ',ಮರಿಯಪ್ಪ',163',36',ಗಂಡು'
,ಚಿನ್ನಪ್ಪಯ್ಯ',ನರಸಿಂಹಪ್ಪ',164',56',ಗಂಡು'
,ಚಿರಂಜೀವಮ್ಮ',ಚಿನ್ನಪ್ಪಯ್ಯ',164',50',ಹೆಣ್ಣು'
,ಗಂಗರತ್ನಮ್ಮ',ಚಿನ್ನಪ್ಪ',164',41',ಹೆಣ್ಣು'
,ಅಶ್ವತ್ಥಪ್ಪ',ನರಸಿಂಹಯ್ಯ',165',70',ಗಂಡು'
,ಲಕ್ಷ್ಮಮ್ಮ',ಅಶ್ವತ್ಥಪ್ಪ',165',65',ಹೆಣ್ಣು'
,ನರಸಿಂಹಮೂರ್ತಿ',ಅಶ್ವಥಪ್ಪ',165',38',ಗಂಡು'
,ಚಿಕ್ಕನರಸಪ್ಪ',ತಿಪ್ಪಣ್ಣ',166',75',ಗಂಡು'
,ಲಕ್ಷ್ಮಮ್ಮ',ಚಿಕ್ಕನರಸಪ್ಪ',166',70',ಹೆಣ್ಣು'
,ನರಸಿಂಹರಾಜು',ಚಿಕ್ಕನರಸಪ್ಪ',166',36',ಗಂಡು'
,ಹನುಮಕ್ಕ',ಹನುಮಂತರಾಯಪ',167',50',ಹೆಣ್ಣು'
,ರಾಮಚಂದ್ರ',ಮುದ್ದಹನುಮಪ್ಪ',167',45',ಗಂಡು'
,ಎಮ್ ರಾಮಾಂಜಿನಯ್ಯ',ಮುದ್ದಹನುಮಯ್ಯ',168',32',ಗಂಡು'
,ಗಂಗಮ್ಮ',ಗಂಗಪ್ಪ',169',65',ಹೆಣ್ಣು'
,ಹನುಮಂತರಾಯ',ಗಂಗಪ್ಪ',169',45',ಗಂಡು'
,ಹೆಚ್ ಗಂಗಾಧರಪ್ಪ',ಗಂಗಪ್ಪ',169',42',ಗಂಡು'
,ಮಹಾಲಕ್ಷ್ಮಮ್ಮ',ಹನುಮಂತರಾಯಪ್ಪ',169',39',ಹೆಣ್ಣು'
,ವಿಶ್ವಸ್ ಎಸ್ ಜಿ',ಗಂಗಾಧರಪ್ಪ ಜಿ',169',20',ಗಂಡು'
,ಹನುಮಕ್ಕ',ಗಂಗಪ್ಪ',170',75',ಹೆಣ್ಣು'
,ಗಂಗಾಧರ',ಗಂಗಪ್ಪ',170',50',ಗಂಡು'
,ಗೋಪಾಲ',ಗಂಗಪ್ಪ',170',45',ಗಂಡು'
,ಲಕಿ',ಜಿ ಗಂಗಾಧರಪ್ಪ',170',40',ಹೆಣ್ಣು'
,ವೆಂಕಟೇಶ',ಗಂಗಪ್ಪ',170',40',ಗಂಡು'
,ಹೆಚ್ ಟಿ ಗಂಗಪ್ಪ',ತಿಮ್ಮಯ್ಯ',171',73',ಗಂಡು'
,ಜಯಮ್ಮ',ಗಂಗಪ್ಪ',171',70',ಹೆಣ್ಣು'
,ನಾರಾಯಣಪ್ಪ',ದಾಳಪ್ಪ',171',60',ಗಂಡು'
,ಗಂಗರತ್ನಮ್ಮ',ನಾರಾಯಣಪ್ಪ',171',50',ಹೆಣ್ಣು'
,ಎನ್ ಮುನಿರಾಜು',ನಾರಾಯಣಪ್ಪ',171',38',ಗಂಡು'
,ಕಲಿಂಸಾಬ್',ಗೌಸುಸಾಬ್',172',44',ಗಂಡು'
,ಷಹೀನಾ',ಕಲಿಂಸಾಬ್',172',43',ಹೆಣ್ಣು'
,ರಾಮಕೃಷ್ಣಪ್ಪ',ರಾಮಯ್ಯ',174',55',ಗಂಡು'
,ನಾಗಮ್ಮ',ರಾಮಕೃಷ್ಣಪ್ಪ',174',50',ಹೆಣ್ಣು'
,ರಾಮಚಂದ್ರ',ಹನುಮಂತಪ್ಪ',175',55',ಗಂಡು'
,ಅಂಜಿನಮ್ಮ',ಮಾರಪ್ಪ',175',43',ಹೆಣ್ಣು'
,ಬಸವರಾಜು',ಮಾರಪ್ಪ',175',36',ಗಂಡು'
,ಈರಣ್ಣ ಎಮ್',ಮಾರಪ್ಪ',175',20',ಗಂಡು'
,ಜಗನ್\u200cಜ್ಯೋತಿ',ಸಂಕೇಶ',176',43',ಹೆಣ್ಣು'
,ಅನಂತರಾಜು',ರಹೀಂರಾವ್',177',75',ಗಂಡು'
,ಗಜೇಂದ್ರ ಬಾಯಿ',ಅನಂತರಾಜು',177',71',ಹೆಣ್ಣು'
,ಶಾಂತಿಬಾಯಿ',ಅನಂತರಾಜು',177',55',ಹೆಣ್ಣು'
,ಗೌರಪ್ಪ',ಬೆಸ್ತಪ್ಪ',177',35',ಗಂಡು'
,ಇನ್\u200cಸನ್ ಬಾಯಿ',ಬೆಸ್ತಪ್ಪ',177',33',ಹೆಣ್ಣು'
,ಬನ್ನಿಸ',ರಜುವಸಿಂಗ್',178',85',ಗಂಡು'
,ರಾಜಮಣಿ',ಬನ್ನಿಸ',178',75',ಹೆಣ್ಣು'
,ತಿಪ್ಪೇರಾಜ್',ಬನ್ನಿಸ',178',36',ಗಂಡು'
,ಒಮ್ಮೆಯ',ಕರಿಯಪ್ಪ',179',69',ಗಂಡು'
,ಕರಿಯಪ್ಪ',ಸಿಂಗ್',179',60',ಗಂಡು'
,ಕುಸುಮ',ಕರಿಯಪ್ಪ',179',55',ಹೆಣ್ಣು'
,ಶಂಕರ',ಕರಿಯಪ್ಪ',179',40',ಗಂಡು'
,ಕಾಂತಮ್ಮ',ಶಂಕರ',179',38',ಹೆಣ್ಣು'
,ಪಾಪು',ಕರಿಯಪ್ಪ',179',29',ಗಂಡು'
,ಸೌಮ್ಯ',ಬ್ರಮ್ಮೆಯ',179',29',ಹೆಣ್ಣು'
,ಚಿಲಕು',ಕರಿಯಪ್ಪ',179',28',ಗಂಡು'
,ರಂಜಿತ',ಪಾಪು',179',26',ಹೆಣ್ಣು'
,ಸುಚಿತ್ರ',ಚೆಲುಕು',179',26',ಹೆಣ್ಣು'
,ಮಣಿಯಾರ್',ಡ್ರವರ್ಸಿಂಗ್',180',50',ಗಂಡು'
,ಮೀನಾ',ಚಂದು',180',40',ಹೆಣ್ಣು'
,ದೀಪ',ಮಣಿಯರ್\u200c',180',29',ಹೆಣ್ಣು'
,ಮಲ್ಲಕಾಮ್',ಗಂಗಾರಾಮು',182',75',ಹೆಣ್ಣು'
,ಜಾಯಾ',ಗಂಗಾರಾಮು',182',55',ಗಂಡು'
,ಜಯಲಾಲಮ್ಮ',ಜಯಾ',182',36',ಹೆಣ್ಣು'
,ಬೇಲ್ಪುರಿ',ರಹೀಂರಾವ್',184',74',ಗಂಡು'
,ರಾಜುಗುಲಾಲ್',ಬೇಲ್ಪುರಿ',184',41',ಗಂಡು'
,ಬನ್ನಿ',ಬೆಲ್ಪುರಿ',184',38',ಗಂಡು'
,ಮಂಜುಳ',ರಾಜುಗುಲಾಲ್',184',38',ಹೆಣ್ಣು'
,ಶೀಲಾ',ಬನ್ನಿ',184',32',ಹೆಣ್ಣು'
,ಆನಂದ',ಮಾರ್ಕಿನ್',185',63',ಗಂಡು'
,ಜಯಮ್ಮ',ಆನಂದ',185',53',ಹೆಣ್ಣು'
,ಬಿ ಕೆರಾಧಮಣಿ',ಮೈಲಾರಪ್ಪ',185',49',ಹೆಣ್ಣು'
,ಸಿರಿಬಾಬು',ಆನಂದ',185',37',ಗಂಡು'
,ಚಿರಂಜೀವಿ',ಆನಂದ',185',29',ಗಂಡು'
,ಸಾಬೂನುಕುಮಾರ್',ಕಂದ್ರೇಜ್ ಸಿಂಗ್',186',55',ಗಂಡು'
,ವೆಂಕಿಬಾಯಿ',ಸಾಬೂನ್\u200cಕುಮಾರ್',186',53',ಹೆಣ್ಣು'
,ರಾಜ',ರಾಯಿ ಪುರಂ',186',50',ಗಂಡು'
,ಸಪೋಟಬಾಯಿ',ರಾಜ',186',50',ಹೆಣ್ಣು'
,ಬುಡ್ಡಿ',ಲೇಟ್ ರಾಯಪುರಂ',186',41',ಗಂಡು'
,ಕಿಶೋರ್',ರಾಜ',186',30',ಗಂಡು'
,ಶಿವ',ಸಾಬುನ್ ಕುಮಾರ',186',30',ಗಂಡು'
,ರೋಜಾ ಇತರೆ ಸಂಬಂಧಿಯ',ಸಾಬುನ್ ಕುಮಾರ್',186',29',ಹೆಣ್ಣು'
,ಸೋನ ಮಸೂರಿ',ಕಿಶೋರ್',186',28',ಹೆಣ್ಣು'
,ಚಾಂದ್ ಕುಮಾರ್',ಖಂಡ್ರೆಟ್ ಸಿಂಗ್',187',50',ಗಂಡು'
,ಸುಧ',ಚಾಂದ್ ಕುಮಾರ್',187',45',ಹೆಣ್ಣು'
,ರಮೇಶ',ನಾನಾಪಂಡು',188',55',ಗಂಡು'
,ವಿಜಯ್',ಕಂಗ್ರೇಸಿಂಗ್',189',55',ಗಂಡು'
,ಸರೋಜಮ್ಮ',ವಿಜಯ್',189',48',ಹೆಣ್ಣು'
,ಗೋಪ್ಯಾ',ಬಿಜಿಗಾನಸಿಂಗ್',190',76',ಗಂಡು'
,ಶಂಕರ್ ಬೀ',ಗೋಪ್ಯ',190',53',ಹೆಣ್ಣು'
,ವಿನೋದ್\u200cಕುಮಾರ್',ಗೋಪ್ಯ',190',43',ಗಂಡು'
,ನಿರ್ಮಲಸಿಂಗ್',ಗೊಪ್ಯಾ',190',40',ಗಂಡು'
,ಸುನೀತಾ',ನಿಮ್ಲಸಿಂಗ್',190',40',ಹೆಣ್ಣು'
,ಮಲ್ಲಿಕಾ',ವಿನೋದ್\u200cಕುಮಾರ್',190',39',ಹೆಣ್ಣು'
,ರಾಜಶ್ರೀ',ಪಲ್ ಮಣಿ',191',75',ಹೆಣ್ಣು'
,ಪಾಲ್\u200cಮಣೆ ಇತರೆ ಸಂಬಂಧಿಯ',ಅಂಗಾರ್\u200cಸಿಂಗ್',191',53',ಹೆಣ್ಣು'
,ಸಂದೀಪ್\u200cಕುಮಾರ್',ಪಾಲ್\u200cಮಣೆ',191',38',ಗಂಡು'
,ಸಂರುಭಾಯಿ',ಬುಡ್ಡಿ',191',36',ಹೆಣ್ಣು'
,ಬಾನು ಪ್ರಿಯ',ಸಂದೀಪ್ ಕುಮಾರ',191',31',ಹೆಣ್ಣು'
,ಸಿಂಗಾರಪ್ಪ',ಕಂದ್ರೇಜ್ ಸಿಂಗ್',192',85',ಗಂಡು'
,ದೇವಿಪುರಿಬಾಯಿ',ಸಿಂಗಾರಪ್ಪ',192',80',ಹೆಣ್ಣು'
,ಮಾರ್ಕಿನ್',ಬಿಜನಾನ್',193',79',ಗಂಡು'
,ಪರಮೇಶ',ಮರ್ಕಿನ್',193',69',ಗಂಡು'
,ಸುಜಾತ',ಮಾರ್ಕಿನ್',193',69',ಹೆಣ್ಣು'
,ಮಾಲತಿ',ಪರಮೇಶ್',193',54',ಹೆಣ್ಣು'
,ಆನಂದ',ಪರಮೇಶ',193',34',ಗಂಡು'
,ರಾಡಿಕಾ',ಗಿರಿ ಬಾಬು',193',28',ಹೆಣ್ಣು'
,ರವೀನಾ',ಆನಂದ',193',27',ಹೆಣ್ಣು'
,ಗೌರಮ್ಮ',ಯಂಗ್ರೇಜ್',195',55',ಹೆಣ್ಣು'
,ಸುಮಾಇ',ಎಂಗೇಜ್',195',29',ಹೆಣ್ಣು'
,ಶೈಲಾ',ಸೈಸನ್\u200cಪೂರ್',196',74',ಹೆಣ್ಣು'
,ಜಯಚಂದ್ರ',ವಿನಪುರಸಿ',196',57',ಗಂಡು'
,ಶಾಂತಿ',ಜಯಚಂದ್ರ',196',55',ಹೆಣ್ಣು'
,ರಘುಕುಮಾರ್\u200c ಜೆ',ಜಯಚಂದ್ರ',196',28',ಗಂಡು'
,ಚಿಗಟಿಪುರಂ',ಕಂಡ್ರೆಟಿ ಸಿಂಗ್',197',85',ಗಂಡು'
,ಬಾದಾಮಿಬಾಯಿ',ಚಿಗಟಿಪುರಂ',197',80',ಹೆಣ್ಣು'
,ಕಾಯಮ್ಮ',ಲತೀಫ್',197',61',ಹೆಣ್ಣು'
,ಮೋಹನಕುಮಾರ್',ಚೇಗಟಿಪುರಂ',197',55',ಗಂಡು'
,ಮುನ್ನಬಾಯಿ',ಮೋಹನಕುಮಾರ್',197',51',ಹೆಣ್ಣು'
,ದರಣಿಕುಮಾರ್',ಜೀಗಟಿಪುರಂ',197',43',ಗಂಡು'
,ವಿಜಯ',ದರ್ಮಮ್ ಕುಮಾರ್',197',40',ಹೆಣ್ಣು'
,ಕೊಂಡಯ್ಯ',ಚೇಗಟಿಪುರಂ',197',40',ಗಂಡು'
,ರಜನಿ ತಾಯಿಯ',ಕಾಯಮ್ಮ',197',36',ಹೆಣ್ಣು'
,ಹೆಚ್ ಸಿ ಧರ್ಮೇಶ',ಚಿಗಷಿಪುರಂ',197',32',ಗಂಡು'
,ಚಂದ್ರ',ಚಾಂದು',198',55',ಗಂಡು'
,ಸಬೂರ್ಜಿ',ಶೋಭರಾವ್',198',45',ಗಂಡು'
,ಜಿ ಎಸ್ ಸಿದ್ದಗಂಗಮ್ಮ',ಮೈಲಾರಪ್ಪ',198',31',ಹೆಣ್ಣು'
,ಮೆರಿಜಾ',ಬೇಟೆ',205',38',ಹೆಣ್ಣು'
,ಬೇಟಿ',ದೇವನಪುರಂ',205',37',ಗಂಡು'
,ವೆಂಕಟಪ್ಪ',ಮರಿಯಪ್ಪ',206',68',ಗಂಡು'
,ಗಂಗಮ್ಮ',ವೆಂಕಟಪ್ಪ',206',63',ಹೆಣ್ಣು'
,ಮರಿಯಪ್ಪ',ವೆಂಕಟಪ್ಪ',206',38',ಗಂಡು'
,ರಾಮಕ್ರಿಷ್ಣಪ್ಪ',ಅಂಜಿನಪ್ಪ',207',43',ಗಂಡು'
,ಗಂಗಪ್ಪ',ಕೊಳ್ಳವೆಂಕಟರವಣಪ್ಪ',208',48',ಗಂಡು'
,ನರಸಮ್ಮ',ಗಂಗಪ್ಪ',208',46',ಹೆಣ್ಣು'
,ಚಲಪತಿ ಜಿ',ಗಂಗಪ್ಪ',208',45',ಗಂಡು'
,ವೆಂಕಟರಮಣಪ್ಪ',ಕೊಳ್ಳವೆಂಕಟಪ್ಪ',209',63',ಗಂಡು'
,ನರಸಮ್ಮ',ವೆಂಕಟರಮಣಪ್ಪ',209',56',ಹೆಣ್ಣು'
,ಶ್ರೀನಿವಾಸ ವಿ',ವಿ ವೆಮಕಟರವಣಪ್ಪ',209',30',ಗಂಡು'
,ಅಂಬರೀಶ ವಿ',ವೆಂಕಟರವಣಪ್ಪ',209',27',ಗಂಡು'
,ವೆಂಕಟಪ್ಪ',ಚಿನ್ನಪ್ಪ',210',68',ಗಂಡು'
,ಗಂಗಮ್ಮ',ವೆಂಕಟಪ್ಪ',210',58',ಹೆಣ್ಣು'
,ಎಸ್ ನರಸಿಂಹಮೂರ್ತಿ',ಸೋಮಯ್ಯ',211',48',ಗಂಡು'
,ಶಶಿಕಲ',ನರಸಿಂಹಮೂರ್ತಿ',211',42',ಹೆಣ್ಣು'
,ಸೌಂದರ್ಯ ವೈ ಎನ್',ನರಸಿಂಹಮೂರ್ತಿ',211',25',ಹೆಣ್ಣು'
,ಸರಳ ವೈ ಎನ್',ನರಸಿಂಹಮೂರ್ತಿ ಎಸ್',211',22',ಹೆಣ್ಣು'
,ಸಂದೀಪ್ ವೈ ಎನ್',ನರಸಿಂಹಮೂರ್ತಿ ಎಸ್',211',20',ಗಂಡು'
,ಪರಬಾಷ್',ರಾಜೇಂದ್ರ',212',39',ಗಂಡು'
,ನವೀನ್ ಕುಮಾರ್',ನರಸಪ್ಪ',277',30',ಗಂಡು'
,ನರಸೇಗೌಡ',ರಾಮರೆಡ್ಡಿ',282',30',ಗಂಡು'
,ಪಿ ಹರಿಪ್ರಸಾದ್',ಎನ್ ಪ್ರಹ್ಲಾದ್',298',31',ಗಂಡು'
,ಹೆಚ್ ಎ ನರೇಂದ್ರ ಕುಮಾರ್',ಅಶ್ವತ್ಥನಾರಾಯಣಪ್ಪ',334',29',ಗಂಡು'
,ಲೋಕೇಶ್',ರಾಮಕೃಷ್ಣಪ್ಪ',373',29',ಗಂಡು'
,ಲಲಿತ ಹೆಚ್ ಎಸ್',ಸುರೇಂದ್ರ ಹೆಚ್ ಎಸ್',400',21',ಗಂಡು'
,ನಂದನ ಸಿ',ಚೆನ್ನಿಗರಾಯಪ್ಪ',416',21',ಗಂಡು'
,ಆಶಾರಾಣಿ ಪಿ ಸಿ',ರವೀಂದ್ರ',522',25',ಹೆಣ್ಣು'
,ಭಾಗ್ಯಮ್ಮ',ಲಕ್ಷ್ಮೀನರಸಪ್ಪ',548',29',ಹೆಣ್ಣು'
,ನೇತ್ರಾವತಿ ಎಮ್',ಮೈಲಪ್ಪ',555',20',ಹೆಣ್ಣು'
,ಸೌಮ್ಯಜಿ ವಿ',ವೆಂಕಟಸ್ವಾಮಿ',557',22',ಹೆಣ್ಣು'
,ರಮೇಶ್ ವೈ ಆರ್',ರಾಮಪ್ಪ',562',22',ಗಂಡು'
,ರಕ್ಷಿತ್ ಕುಮಾರ್ ಹೆಚ್ಆರ್',ರಾಮಮೂರ್ತಿ',637',21',ಗಂಡು'
,ಮಾರುತೇಶ್ ಹೆಚ್',ಹನುಮಂತರಾಯ',651',23',ಗಂಡು'
,ಹೆಚ್ ಎನ್ ನಾಗೇಶ್',ನಾರಾಯಣಪ್ಪ',824',34',ಗಂಡು'
,ತಿಮ್ಮಯ್ಯ',ವೆಂಕಟರಮಣಪ್ಪ',118ಬಿ',48',ಗಂಡು'
,ಮೈಲಪ್ಪ',ನರಸಿಂಹಪ್ಪ',123ಬಿ',60',ಗಂಡು'
,ಕೃಷ್ಣಮ್ಮ',ಲಕ್ಷ್ಮೀನರಸಿಂಹಪ್ಪ',13ಸಿ',38',ಹೆಣ್ಣು'
,ರಾಮಪ್ಪ',ಆಂಜಿನಪ್ಪ',124 ಬಿ',53',ಗಂಡು'
,ರಾಮಾಂಜಿನಮ್ಮ',ರಾಮಪ್ಪ',124ಬಿ',45',ಹೆಣ್ಣು'
,ಡಿ ದೇವರಾಜ',ತಿಮ್ಮಯ್ಯ',130ಬಿ',77',ಗಂಡು'
,ಜಯಮಾಲಿನಿ',ಸುಬರ್ಜಿ',198ಎ',39',ಹೆಣ್ಣು'
,ಮುತ್ತರಾಯಪ್ಪ',ಲಿಂಗಪ್ಪ',0',38',ಗಂಡು'
,ದಾಕ್ಷಾಯನಿ',ಕಾಳಪ್ಪ ಹೆಚ್ ಎಮ್',0',35',ಹೆಣ್ಣು'
,ನರಸಪ್ಪ ಹೆಚ್ ಪಿ',ಪುಟ್ಟನರಸಪ್ಪ',0',33',ಗಂಡು'
,ಕೃಷ್ಣ ಹೆಚ್ ಎಸ್',ನರಸಿಂಹಮೂರ್ತಿ',0',32',ಗಂಡು'
,ರೂಪ ಜೆ',ಪ್ರಕಾಶ್',0',31',ಹೆಣ್ಣು'
,ಅಶೋಕ್ ಕುಮಾರ್ ವ್ಯಕೆ',ಕದಿರಪ್ಪ',0',31',ಗಂಡು'
,ಹೆಚ್ ಆರ್ ಭಾಗ್ಯಲಕ್ಷ್ಮಿ',ರಾಮಕೃಷ್ಣಪ್ಪ',0',30',ಹೆಣ್ಣು'
,ಸಿದ್ದು',ಚಕ್ಕೋಜಿ',0',30',ಗಂಡು'
,ಮಂಗಳ ಎನ್ ಸಿ',ನರಸಪ್ಪ',0',30',ಹೆಣ್ಣು'
,ಕೃಷ್ಣ ಬಿ',ಬಾಬಾಯ್ಯ',0',29',ಗಂಡು'
,ಎಲ್ ಚಂದ್ರಕಲಾ',ಮುನಿರಾಜು',0',25',ಹೆಣ್ಣು'
,ಪಿ ರೋಜ',ರವೀಂದ್ರ',0',24',ಹೆಣ್ಣು'
,ಗಾಯತ್ರಿ ಬಿ',ರಾಮಾಂಜಿನಯ್ಯ',0',23',ಹೆಣ್ಣು'
,ಕಾವ್ಯ ಕೆ ಆರ್',ಕೃಷ್ಣ ಬಿ',0',23',ಹೆಣ್ಣು'
,ಆಶಾ ಎಲ್',ಎಚ್ ಎಮ್ ಮಂಜುನಾಥ',0',22',ಹೆಣ್ಣು'
,ಎನ್ ನಂದನ್ ರೆಡ್ಡಿ',ನಾಗರಾಜು',0',21',ಗಂಡು'
,ರಂಜಿತ ಎನ್',ನರಸಿಂಹಮೂರ್ತಿ',0',20',ಹೆಣ್ಣು'
,ಮಾರುತೀಶ್ ಹೆಚ್ ಜಿ',ಗೋವಿಂದರಾಜು',0',19',ಗಂಡು'
,ಸಿಂಧೂಜಿ',ಗೊಪಾಲಪ್ಪ',0',19',ಹೆಣ್ಣು'
,ಹೆಚ್ ಆರ್ ಬಿಂದುಶ್ರೀ',ಹೆಚ್ ರಾಮಾಂಜಿನಯ್ಯ',0',19',ಹೆಣ್ಣು'
,ಲಕ್ಷ್ಮಿ ಬಾಯಿ',ರಾಜೇಂದ್ರ',',54',ಹೆಣ್ಣು'
,ರಾಜೇಂದ್ರ',ಚಾಂದು',',54',ಗಂಡು'
,ಜ್ಯೋತಿ',ನರೇಶ',',49',ಹೆಣ್ಣು'
,ಸುರೇಶ',ನಾಗರಾಜಪ್ಪ',',33',ಗಂಡು'
,ರಾಧಮಮ',ನರಸಿಂಹಮೂರ್ತಿ',',33',ಹೆಣ್ಣು'
,ಟಿ ಶಿವಮ್ಮ',ಹೆಚ್ ವೆಂಕಟೇಶ್',',30',ಹೆಣ್ಣು'
,ಲಕ್ಷ್ಮಮ್ಮ ವಿ',ಅಶ್ವತ್ಥನಾರಾಯಣ',16',26',ಹೆಣ್ಣು'
,ನೇತ್ರಾವತಿ ಹೆಚ್ ಆರ್',ರಾಮಕೃಷ್ಣಪ್ಪ',59',32',ಹೆಣ್ಣು'
,ಲಕ್ಷ್ಮಿದೇವಿ ಹೆಚ್ ಕೆ',ಗಂಗರಾಜು ಎಚ್ ಎ',71',31',ಹೆಣ್ಣು'
,ವರ್ಧನ ಕೆ',ಕೃಷ್ಣಪ್ಪ',71',25',ಗಂಡು'
,ಶೃತಿ ವೈ ಆರ್',ವರ್ದನ ಕೆ',71',22',ಹೆಣ್ಣು'
,ನರಸಮ್ಮ',ನರಸಿಂಹಪ್ಪ',72',70',ಹೆಣ್ಣು'
,ಆನಂದಕುಮಾರ್ ಹೆಚ್ ಎನ',ನರಸಿಂಹಪ್ಪ',72',29',ಗಂಡು'
,ಎನ್ ಅಶೋಕ್ ಕುಮಾರ್',ನರಸಿಂಹಪ್ಪ',73',29',ಗಂಡು'
,ಹೆಚ್ ಪರಮೇಶ',ಹನುಮಂತರೆಡ್ಡಿ',74',35',ಗಂಡು'
,ಅಶ್ವಿನಿ ಹೆಚ್ ಪಿ',ಪ್ರಹ್ಲಾದ',74',26',ಹೆಣ್ಣು'
,ರಾಜಶೇಖರ ರೆಡ್ಡಿ ಹೆಚ್',ಹನುಮಂತರೆಡ್ಡಿ',74',22',ಗಂಡು'
,ಹೆಚ್ ಆರ್ ಭರತ್',ಹೆಚ್ ಎನ್ ರಮೇಶ',74',21',ಗಂಡು'
,ನರಸಿಂಹಪ್ಪ',ಓಬಳಪ್ಪ',75',62',ಗಂಡು'
,ಹನುಂತರಾಯಪ್ಪ',ಓಬಳಪ್ಪ',75',50',ಗಂಡು'
,ಹೇಮಂತ್ ಕುಮಾರ್ ಹೆಚ್',ಹನುಮಂತರಾಯ',75',20',ಗಂಡು'
,ಎಚ್ ಎನ್ ಹನುಮಂತ ರೆಡ್ಡಿ',ನರನಪ್ಪ',78',32',ಗಂಡು'
,ಅನಿತಲಕ್ಷ್ಮಿ',ಬಾಲಕೃಷ್ಣ',78',30',ಹೆಣ್ಣು'
,ಹೇಮ ಸಿಎನ್',ಆರುಣ ಕುಮಾರ',78',26',ಹೆಣ್ಣು'
,ಪ್ರಮೀಳ ಎಸ್',ಹನುಮಂತ ರೆಡ್ಡಿ ಹ ಎನ್',78',23',ಹೆಣ್ಣು'
,ಗಾಯಿತ್ರಿ ಹೆಚ್',ಹನುಮಂತರಾಯಪ್ಪ',78',22',ಹೆಣ್ಣು'
,ಮುನಿರತ್ನಮ್ಮ',ನರಸಿಂಹಮೂರ್ತಿ',83',36',ಹೆಣ್ಣು'
,ಮಲ್ಲೇಶ್ ಎನ್',ನಂಜಪ್ಪ',83',21',ಗಂಡು'
,ಹೆಚ್ ಎ ನಂದಕುಮಾರ್',ಅಶ್ವಥನಾರಾಯಣಪ್ಪ',84',29',ಗಂಡು'
,ಲಕ್ಷ್ಮೀನರಸಮ್ಮ',ಕೆನರಸಿಂಹರೆಡ್ಡಿ',85',49',ಹೆಣ್ಣು'
,ಶಿಲ್ಪಾಜಿ',ನವೀನ್ ಕುಮಾರ್',86',23',ಹೆಣ್ಣು'
,ಪುನೀತ್\u200c ಯಾದವ್\u200c ಹೆಚ್',ನಾಗರಾಜ್',86',20',ಗಂಡು'
,ಎ ಅಂಬರೀಶ್',ಅಶ್ವತ್ಥನಾರಾಯಣ',87',33',ಗಂಡು'
,ರಜನಿ ಪಿ',ಅಂಬರೀಶ ಎ',87',22',ಹೆಣ್ಣು'
,ಎಚ್ ಚನ್ನಿಗರಾಯಪ್ಪ',ಹನುಮಂತರಾಯಪ್ಪ',89',67',ಗಂಡು'
,ರಾಮಂಜಯ್ಯ',ಹನುಮಂತರಾಯ',89',57',ಗಂಡು'
,ಲತ',ರಾಮಂಜಯ್ಯ',89',44',ಹೆಣ್ಣು'
,ವಿನೋದ',ಹೆಚ್ ಸುಬ್ಬರೆಡ್ಡಿ',91',37',ಹೆಣ್ಣು'
,ಮಂಜುನಾಥ ಸಿ',ಚನ್ನಿಗರಾಯಪ್ಪ',91',26',ಗಂಡು'
,ನಂದನ್ ಹೆಚ್ ಎಸ್',ಶ್ರೀರಾಮರೆಡ್ಡಿ',91',19',ಗಂಡು'
,ಶ್ರೀರಾಮರೆಡ್ಡಿ',ಲಕ್ಷ್ಮಯ್ಯ',92',47',ಗಂಡು'
,ಸುರೇಖ ಆರ್',ಗಂಗರಾಜು ಹೆಚ್ ಸಿ',93',33',ಹೆಣ್ಣು'
,ಆರ್ ನವೀನ್ ಕುಮಾರ್',ರಾಮಕೃಷ್ಣಪ್ಪ',93',31',ಗಂಡು'
,ಆರ್ ಮಮತ',ಛಾಯಾ ಕುಮಾರ್',93',26',ಹೆಣ್ಣು'
,ಬಿ ಸಿ ರೇಣುಕಮ್ಮ ಇತರೆ ಸಂಬಂಧಿಯ',ಹನುಮಂತರೆಡ್ಡಿ',94',33',ಹೆಣ್ಣು'
,ಹೆಚ್ ಎನ್ ಬೃಂದಾ',ನಾಗೇಂದ್ರ ಪ್ರಸಾದ್',95',34',ಹೆಣ್ಣು'
,ನಳಿನ',ಹನುಮಂತರೆಡ್ಡಿ',97',34',ಹೆಣ್ಣು'
,ಗಾಯಿತ್ರಿ ಬಿ',ರಾಮಾಂಜಿನಯ್ಯ',98',23',ಹೆಣ್ಣು'
,ಎನ್ ಅಂಬರೀಶ್',ನರಸೀಯಪ್ಪ',101',27',ಗಂಡು'
,ನರೇಂದ್ರ ಕುಮಾರ್ ಎನ್',ನರಸಿಂಹಪ್ಪ',103',29',ಗಂಡು'
,ಚೆನ್ನಮ್ಮ',ಲೇಟ್ ಪುಟ್ಟನರಸಪ್',104',66',ಹೆಣ್ಣು'
,ಪ್ರಶಾಂತ ಹೆಚ್ ಎನ್',ಲೇಟ್ ನರಸೀಯ',105',30',ಗಂಡು'
,ನಾಗವೇಣಿ',ಪ್ರಕಾಶ್ ರೆಡ್ಡಿ ಹೆಚ್ ಎ',105',29',ಹೆಣ್ಣು'
,ಭಾಸ್ಕರ್ ಹೆಚ್ ಯು',ಉಗ್ರಪ್ಪ',105',21',ಗಂಡು'
,ಎಸ್ ಆಶಾ',ಮುರುಳಿ ಮೋಹನ ಕುಮಾರ್\u200c ಹೆಚ್ ಎಸ್',106',23',ಹೆಣ್ಣು'
,ಎನ್ ಶ್ರೀನಿವಾಸ',ನಾರಾಯಣಪ್ಪ',107',35',ಗಂಡು'
,ಶಿಲ್ಪ ಆರ್',ಶ್ರೀನಿವಾಸ ಎನ್',107',22',ಹೆಣ್ಣು'
,ಹೆಚ್ ರೂಪ',ಅಶ್ವಥರೆಡ್ಡಿ',108',37',ಹೆಣ್ಣು'
,ಹೆಚ್ ಎನ್ ಕೃಷ್ಣ',ನರಸಿಂಹಮೂರ್ತಿ',108',31',ಗಂಡು'
,ಸಂದೀಪ್',ಆನಂದ ಎನ್',109',24',ಗಂಡು'
,ವೆಂಕಟರೆಡ್ಡಿ ಹೆಚ್ ಕೆ',ಕ್ಯಾಮೇನಳ್ಳಪ್ಪ',112',29',ಗಂಡು'
,ಹೆಚ್ ವಿಮಮತ',ವಿಜಯ್ ಕುಮಾರ್',113',34',ಹೆಣ್ಣು'
,ಈ ಮಂಜುಳ',ಮಲ್ಲೇಶ್',113',26',ಹೆಣ್ಣು'
,ಅನಿಲ್ ಕುಮಾರ್',ಕ್ಯಾಮಲಪ್ಪಾ',114',33',ಗಂಡು'
,ನಾಗಮಣಿ ಎನ್',ನರಸೀಯ ರೆಡ್ಡಿ',115',31',ಹೆಣ್ಣು'
,ಸುಷ್ಮಸಿ',ನರಸಪ್ಪ',115',27',ಹೆಣ್ಣು'
,ಮನೋಜ್ ಎನ್',ನರಸಿಂಹರೆಡ್ಡಿ',115',21',ಗಂಡು'
,ವಿಮಲ',ಹೆಚ್ ಆರ್ ಹರೀಶ್ ಕುಮಾರ್',116',26',ಹೆಣ್ಣು'
,ಶೈಲಜ ಹೆಚ್ ಸಿ',ಗೋಪಾಲರೆಡ್ಡಿ',117',40',ಹೆಣ್ಣು'
,ಅಶೋಕ್ ಕುಮಾರ್ ಎಲ್',ಲಕ್ಷ್ಮಣರೆಡ್ಡಿ',117',28',ಗಂಡು'
,ಮೇಘನಾಕೆ ವಿ',ಅಶೋಕ್ ಕುಮಾರ್',117',27',ಹೆಣ್ಣು'
,ಹೆಚ್ ಎನ್ ಶಿಲ್ಪ',ಮಹೇಂದ್ರ ಹೆಚ್ ಎತ',118',30',ಹೆಣ್ಣು'
,ಕೃಷ್ಣಪ್ಪ ಗಾರಿ ಮಂಜುಳ',ನಾಗೇಶ',118',26',ಹೆಣ್ಣು'
,ನರಸೀಯಪ್ಪ',ನರಸಿಂಹಪ್ಪ',13',65',ಗಂಡು'
,ಶಿವಕುಮಾರ್',ಹನುಮಂತಪ್ಪ',13',44',ಗಂಡು'
,ಶಾಂತಕುಮಾರಿ',ನರಸಿಂಹಮೂರ್ತಿ ಹೆಚ್ ಲ್',13',36',ಹೆಣ್ಣು'
,ನರಸಮ್ಮ ಹೆಚ್ ಎನ್',ಶಿವಕುಮಾರ್',13',33',ಹೆಣ್ಣು'
,ಹೆಚ್ ಎ ಗಂಗರತ್ನಮ್ಮ',ಹೆಚ್ ಎನ್ ಆನಂದ ಕುಮಾರ್',13',32',ಹೆಣ್ಣು'
,ರೋಜಾ ಎಲ್',ಲಕ್ಷ್ಮೀನರಸಪ್ಪ',13',23',ಹೆಣ್ಣು'
,ನಾಗಾರ್ಜುನ ಎನ್',ನರಸೀಯಪ್ಪ',13',20',ಗಂಡು'
,ನವೀನ್ ಎಮ್',ಹೆಚ್ ಪಿ ನರಸಿಂಹಮೂರ್ತಿ',124',35',ಗಂಡು'
,ಜಿ ಪ್ರೇಮ',ನವೀನ್',124',26',ಹೆಣ್ಣು'
,ಚಂದ್ರಕಲ',ಎನ್ ಮೋಹನ್',124',24',ಹೆಣ್ಣು'
,ನಿವೇದಿತ ಎನ್',ಎನ್ ನವೀನ್',124',24',ಹೆಣ್ಣು'
,ನಾಗರತ್ನ',ಹೆಚ್ ಸಿ ಮಹೇಶ್',125',28',ಹೆಣ್ಣು'
,ಗಂಗಾಂಬಿಕೆ ಕೆ ಎನ್',ಹೆಚ್ ಆರ್ ಮಂಜುನಾಥ',127',27',ಹೆಣ್ಣು'
,ಮೈಲಾರಪ್ಪ',ಲೇ ಗೊರಪ್ಪ',130',76',ಗಂಡು'
,ಲಿಂಗಪ್ಪ',ಮೈಲಾರಪ್ಪ',130',63',ಗಂಡು'
,ಬಾಬಯ್ಯ',ನಂಜಪ್ಪ',130',58',ಗಂಡು'
,ರಾಜೇಶ್ ಎಂ',ಮೈಲಪ್ಪ',130',23',ಗಂಡು'
,ಲಕ್ಷ್ಮಿದೇವಮ್ಮ',ಕೃಷ್ಣಪ್ಪ',131',37',ಹೆಣ್ಣು'
,ಸಾವಿತ್ರಮ್ಮ',ರಮೇಶ್',133',37',ಹೆಣ್ಣು'
,ರತ್ನಮ್ಮ',ನಾರಾಯಣಪ್ಪ',133',35',ಹೆಣ್ಣು'
,ಟಿ ಶಾರದಮ್ಮ',ನಾಗೇಶ',133',24',ಹೆಣ್ಣು'
,ಗಂಗಾಧರ ಜಿ',ಗೊರಪ್ಪ',136',30',ಗಂಡು'
,ಶಶಿಕುಮಾರ್ ಎನ್',ನರಸಪ್ಪ',137',29',ಗಂಡು'
,ಸಿಜೆ ವಿದ್ಯಾಶ್ರೀ',ನವೀನ್ ಕುಮಾರ್ ಎನ್',137',23',ಹೆಣ್ಣು'
,ಪ್ರಮೋದ್ ಎನ್',ನರಸಿಂಹಮೂರ್ತಿ ಎಲ್',137',21',ಗಂಡು'
,ನಾಗರತ್ನಮ್ಮ',ರಮೇಶ ಹೆಚ್ ಎ',138',33',ಹೆಣ್ಣು'
,ಲಕ್ಷ್ಮೀದೇವಮ್ಮ',ಮಂಜುನಾಥ',141',25',ಹೆಣ್ಣು'
,ಸತೀಶ ಹೆಚ್ ಜಿ',ಗರುಡಾಚಲಯ್ಯ',143',32',ಗಂಡು'
,ಸಂತೋಷ್ ಕುಮಾರ್ ಜಿ',ಗರುಡ ಚಲಯ್ಯ',143',28',ಗಂಡು'
,ಈಶ್ವರ್ ಎನ್',ನಂಜಪ್ಪ',145',23',ಗಂಡು'
,ಮುತ್ತರಾಯಪ್ಪ ತಾಯಿಯ',ಆಶ್ವತ್ಥಮ್ಮ',146',32',ಗಂಡು'
,ಚಂದ್ರಶೇಖರ್',ಲಿಂಗಪ್ಪ',146',29',ಗಂಡು'
,ಮಂಜುಳ ಕೆ',ಚಂದ್ರಶೆಕರ್',146',20',ಹೆಣ್ಣು'
,ವಿದ್ಯಾಶ್ರೀ ಎನ್',ನಾಗರಾಜುಹೆಚ್ ವಿ',148',29',ಹೆಣ್ಣು'
,ರಂಗಮ್ಮ',ಗೋವಿಂದಪ್ಪ',151',65',ಹೆಣ್ಣು'
,ಎಸ್ ಪಿ ಶಾರದಮ್ಮ',ದೇವರಾಜು',151',28',ಹೆಣ್ಣು'
,ನರಸಮ್ಮ',ನರಸಿಂಹಪ್ಪ',152',38',ಹೆಣ್ಣು'
,ಜೆ ರೂಪ',ಪ್ರಕಾಶ',154',31',ಹೆಣ್ಣು'
,ರಾಧ ಎನ್',ಗೋವಿಂದರಾಜು',155',27',ಹೆಣ್ಣು'
,ಹೆಚ್ ಎಸ್ ಶ್ರೀಲಕ್ಷ್ಮಿ',ಸಿದ್ದಪ್ಪ',159',35',ಹೆಣ್ಣು'
,ಗೋವಿಂದರಾಜು',ಸಿದ್ದಪ್ಪಜಿ',159',29',ಗಂಡು'
,ವೆಂಕಟೇಶ್',ಗೋವಿಂದರಾಜು',160',27',ಗಂಡು'
,ನಾಗೇಂದ್ರ ಹೆಚ್ ವಿ',ವೆಂಕಟರವಣಪ್ಪ',161',28',ಗಂಡು'
,ಜಿಎನ್ ವಾಣಿ',ಸತೀಶ್',161',26',ಹೆಣ್ಣು'
,ಮರಿಯಪ್ಪ',ತಿಪ್ಪಣ್ಣ',163',60',ಗಂಡು'
,ಎಮ್ ಗಿರೀಶ್',ಮರಿಯಪ್ಪ',163',26',ಗಂಡು'
,ಪ್ರೇಮಲತ',ನರಸಿಂಹಮೂರ್ತಿ',165',28',ಹೆಣ್ಣು'
,ಸುನೀತ ಜಿ ಎನ್',ನರಸಿಂಹರಾಜು',166',30',ಹೆಣ್ಣು'
,ಹನುಮಂತರಾಯಪ್ಪ',ಮುದ್ದಹನುಮಪ್ಪ',167',55',ಗಂಡು'
,ಮಹಾಲಕ್ಷ್ಮಿ',ರಾಮಚಂದ್ರ',167',29',ಹೆಣ್ಣು'
,ಅಭಿಷೇಕ್\u200c ಹೆಚ್',ಹನುಮಂತರಾಯ',167',20',ಗಂಡು'
,ಬಿಲ್ಲೇ ಸರಿತ',ಎಂ ರಾಮಾಂಜಿನಯ್ಯ',168',25',ಹೆಣ್ಣು'
,ಸಂತೋಷ ಕುಮಾರ್ ಜಿ',ಗೋವಿಂದರಾಜು',168',25',ಗಂಡು'
,ಪಿ ಜಿ ಗಂಗಮ್ಮ',ಹೆಚ್ ಗಂಗಾಧರಪ್ಪ',169',33',ಹೆಣ್ಣು'
,ಸುಕನ್ಯ ಜಿ',ಮುನಿರಾಜು',171',24',ಹೆಣ್ಣು'
,ಮಂಜುನಾಥ ಹೆಚ್ ಆರ್',ರಾಮಕೃಷ್ಣಪ್ಪ ಆರ್',174',27',ಗಂಡು'
,ರಾಮಾಂಜನಯ್ಯ ತಾಯಿಯ',ಲಕ್ಷ್ಮೀನರಸಮ್ಮ',177',30',ಗಂಡು'
,ವರ್ಷತ ಜಿ',ಗಂಗಾಧರಪ್ಪ',185',19',ಹೆಣ್ಣು'
,ನಂದಿನಿ',ಚಾಂದ ಕುಮಾರ್',187',32',ಹೆಣ್ಣು'
,ನಿರೀಕ್ಷಜಿ',ಇಲೇಶ್',190',28',ಹೆಣ್ಣು'
,ಸ್ಯಾಂಸ್ಯಾಂಗ್',ಮೋಹನ್ ಕುಮಾರ್',197',20',ಗಂಡು'
,ಅಮೃತ ಆರ್',ನಾಗರಾಜುಜಿ',285',22',ಹೆಣ್ಣು'
,ಶಿಲ್ಪ ಹೆಚ್',ಹನುಮಂತರಾಯ',359',23',ಹೆಣ್ಣು'
,ಹರಿಶ್ ಹೆಚ್ ಜಿ',ಚಿಕ್ಕ ಗೋವಿಂದಪ್ಪ',456',31',ಗಂಡು'
,ಹೆಚ್ ಎಸ್ ಅಭಿಷೇಕ್',ಹೆಚ್ ಎನ್ ಶ್ರೀರಾಮರೆಡ್ಡಿ',475',22',ಗಂಡು'
,ಜಿ ಸೌಂದರ್ಯ',ಗೊಪಾಲರೆಡ್ಡಿ ಹ',519',22',ಹೆಣ್ಣು'
,ಸೌದರ್ಯ ಎಂ',ಲೇಟ್ ಮೈಲಪ್ಪ',591',21',ಹೆಣ್ಣು'
,ಎ ನಾಗರಾಜ',ಅಶ್ವತ್ಥಪ್ಪ',117 ಬಿ',68',ಗಂಡು'
,ಸಿ ಹನುಮಕ್ಕ',ನಾಗರಾಜ ಎ',117 ಬಿ',58',ಹೆಣ್ಣು'
,ಹೆಚ ಎನ ಶೋಭಾ ಇತರೆ ಸಂಬಂಧಿಯ',ಗೋಪಾಲರೆಡ್ಡಿ',117 ಬಿ',34',ಹೆಣ್ಣು'
,ಟಿ ಕುಮಾರ',ತಿಮ್ಮಯ್ಯ',118ಬಿ',22',ಗಂಡು'
,ಎಂ ನರಸಿಂಹರಾಜು',ಮೈಲಪ್ಪ',13ಬಿ',23',ಗಂಡು'
,ವಿದ್ಯಾಶ್ರೀ ಎನ್',K NARASIMHA REDDY',163/1',27',ಹೆಣ್ಣು'
,ಯಶೋಧಮ್ಮ',ಗಿರಿಬಾಬು',0',44',ಹೆಣ್ಣು'
,ಯಲ್ಲಯ್ಯ',ಕಾಂತಪ್ಪ',0',29',ಗಂಡು'
,YASTHUR BAYI',ವಿನೋದ್ ಕುಮಾರ',0',26',ಹೆಣ್ಣು'
,ಜೆ ಸಿ ಶಿವಮ್ಮ',ಗೋವಿಂದರಾಜು ಹೆಚ್ ಎನ್',74',29',ಹೆಣ್ಣು'
,ಎಚ್ ಪಿ ಗಾಯಿತ್ರಿ',ಪಾಪಣ್ಣ',74',22',ಹೆಣ್ಣು'
,ಅಮ್ಮಾಬಾಯಿ',ಮಣಿಲಾಲ್',117',40',ಹೆಣ್ಣು'
,ಕಾಂತಪ್ಪ',ಜಯರಾಮ್',117',35',ಗಂಡು'
,ವೆಂಕಟೇಶ್',ಕೋಯಾಸಿಂಗ್',117',34',ಗಂಡು'
,ಪಶುಪತಿ',ವರದರಾಜು',117',32',ಗಂಡು'
,ವಿನೋದ್ ಕುಮಾರ್',ವರದರಾಜ್',117',30',ಗಂಡು'
,ದುರ್ಗಾ',ಆನಂದ',135',26',ಹೆಣ್ಣು'
,ಅಶ್ವಿನಿ ಎನ್',ಸುಭಾಷ್',173',21',ಹೆಣ್ಣು'
,ಮಲ್ಲಿದಾ',ಜಿಗೂರ್',174',54',ಹೆಣ್ಣು'
,ಸುನಿತ',ರಾಮಕೃಷ್ಣ',174',52',ಹೆಣ್ಣು'
,ಜಯಮ್ಮ',ಮಾರಪ್ಪ',175',35',ಹೆಣ್ಣು'
,ರಾಧಮ್ಮ',ನಾಗರಾಜ',175',31',ಹೆಣ್ಣು'
,ರಮೇಶ',ಮಾರಪ್ಪ',175',29',ಗಂಡು'
,ಕೃಷ್ಣಕುಮಾರ್',ರಾಮಕೃಷ್ಣ',175',29',ಗಂಡು'
,ರಾಜು',ರಾಮಕೃಷ್ಣ',175',24',ಗಂಡು'
,ಆಕಾಶ್ ',ANANTRAJ',177',34',ಗಂಡು'
,ಯಲ್ಲಪ್ಪ',ಕಾಂತಪ್ಪ',177',30',ಗಂಡು'
,ರೋಜಾ',ವೆಂಕಟೇಶ್',177',25',ಹೆಣ್ಣು'
,ಮಮತ ',AKASH',177',24',ಹೆಣ್ಣು'
,ಪರಬು',ಮನೇಸು',177',23',ಗಂಡು'
,ಫೀಟರ್\u200c',ಮನೇಸು',177',23',ಗಂಡು'
,ಚಂದು',ಲೇಟ್ ಡೈವರ್ ಸಿಂಗ್',180',37',ಗಂಡು'
,ಕೊಂಡೇಶ',ಜಾಯ',182',27',ಗಂಡು'
,ಸೀನ ಬಿ',ಬೇಲ್\u200cಪುರಿ',184',30',ಗಂಡು'
,ಯಲ್ಲಯ್ಯ ಬಿ',ಬೇಲ್ ಪುರ್',184',28',ಗಂಡು'
,ಚನ್ನ ಪಿ',ಬಾಬು',185',28',ಹೆಣ್ಣು'
,ಚನ್ನರಾಯುಡು',ಆನಂದ',185',26',ಗಂಡು'
,ಯುವರಾಲ',ರಾಜ',186',44',ಹೆಣ್ಣು'
,ಪಿಲೋಮ್',ಚಾಂದ್ ಕುಮಾರ',187',25',ಗಂಡು'
,ಪ್ರೇಮ್ ಕುಮಾರ್ ಸಿ',ಚಂದುಕುಮಾರ್',187',21',ಗಂಡು'
,ಪ್ರಭುರಾಜ್ ಎಮ್',ಮಣಿಯಾರ್',188',26',ಹೆಣ್ಣು'
,ಮೂರ್ತಿ',ರಸೂಲ್ ಸಿಂಗ್',190',46',ಗಂಡು'
,ಯುವರಾಣಿ',ಮೂರ್ತಿ',190',36',ಹೆಣ್ಣು'
,ಜಿ ಕೊಶೋರ್ ಕುಮಾರ್',ಗೋಪ್ಯ',190',30',ಗಂಡು'
,ಪಾಲ್ಮಣಿ',ಅನಗರ್\u200c ಸಿಂಗ್',191',65',ಗಂಡು'
,ಪಿ ಮಹೇಂದ್ರ',ಪಾಲಮಣಿ',191',24',ಗಂಡು'
,ದ್ರಾಕ್ಷಿಬಾಯಿ',ಗಿರೀಶ್',193',46',ಹೆಣ್ಣು'
,ಗಿರೀಶ್',ರಸೂಲ್',193',44',ಗಂಡು'
,ಅಂಜಿ',ಮಾರ್ಕಿನ್',193',36',ಗಂಡು'
,ಗಿರಿಬಾಬು',ಪರಮೇಶ',193',34',ಗಂಡು'
,ರಮೇಶ',ಮರ್ಕಿನ್',193',30',ಗಂಡು'
,ಮಣಿರಾಜ್',ಮರ್ಕಿನ್',193',29',ಗಂಡು'
,ಕಲಾವತಿ',ಬುಜ್ಜಿಮಾರ್ಕಿನ್',193',25',ಹೆಣ್ಣು'
,ಸುಭಾಶ್',ಪರಮೇಶ್',193',24',ಗಂಡು'
,ಮಹಾದೇವಣ್ಣ',ಯಂಗ್ರೇಜ್',195',22',ಗಂಡು'
,ಗೌನಿ',ಲೈಸನಪ್ಪರ್',196',65',ಹೆಣ್ಣು'
,ಬೇಬಿ',ಸಿಗಟಿಪುರಂ',197',23',ಹೆಣ್ಣು'
,ಗೌರಮ್ಮ ಹೆಚ್ ಎಸ್',ಬಾಲು ಎಸ್',198',31',ಹೆಣ್ಣು'
,ಅಮಿತ್ ಕುಮಾರ್',ದೌಪತಿ ಸಿಂಗ್',198',29',ಗಂಡು'
,ದಿವ್ಯ',ಅಮಿತ್ ಕುಮಾರ್',198',27',ಹೆಣ್ಣು'
,ಮಂಜಣ್ಣ ಎಮ್',ಮುನಿಯಪ್ಪ',206',37',ಗಂಡು'
,ಪಲ್ಲವಿ ಎಮ್ ಎನ್',ಮಂಜಣ್ಣ ಎಮ್',206',30',ಹೆಣ್ಣು'
,ಗೌತಮಿ',ಪರಭಾಷ',212',30',ಹೆಣ್ಣು'
,ಹೆಚ್ ಜಿ ವೆಂಕಟೇಶಮೂರ್ತಿ',ಗಂಗಪ್ಪ',64',38',ಗಂಡು'
,ನಾಗಮಣಿ',ಎಚ್ ಜಿ ವೆಂಕಟೇಶಮೂರ್ತಿ',64',35',ಹೆಣ್ಣು'
,ಜೋದ್ ಪುರಂ',ಕೊಂಡಪ್ಪ',848',60',ಗಂಡು'
,ಬೇಲ್ ಪತ್ರಿ ಬಾಯಿ',ಜೋಡ್ ಪುರಮ್',848',55',ಹೆಣ್ಣು'
,ಭವ್ಯಶ್ರೀ ಹೆಚ್ ಕೆ',ಲೋಕೇಶ',373',18',ಹೆಣ್ಣು'
,CHANDRAKALA M R',KEMPARAJA Y R',39',21',ಹೆಣ್ಣು'
,ನಳಿನ ವೈ ಎನ್ ',HARIPRASAD P',74',21',ಹೆಣ್ಣು'
,ನಳಿನ ವೈ ಎನ್ ',ಪದ್ಮಾವತಮ್ಮ',74',21',ಹೆಣ್ಣು'
,SURESH Y S',SIDDAGANGAPPA',24',19',ಗಂಡು'
,KEMPARAJU Y M',MAILAPPA',23',19',ಗಂಡು'
,PRAVEEN KUMAR N',NIRMALA SINGH',190',19',ಗಂಡು'
,NAVITA K R',RAMA REDDY',84',24',ಹೆಣ್ಣು'