ALQ3182599',ಗಂಗಮ್ಮ',ಸಂಜೀವಮ್ಮ',',',',',ST',KOOLI',NO'
ALQ3182821',ಟಿ ಕೆ ಹರೀಶ',ಕೆಂಪಯ್ಯ',',',',',ST',TRACTER DRIVER',NO'
ALQ3181658',ಸ್ವಪ್ನ ಎನ್',ಅಶೋಕ ಟಿ ವಿ',',',',',ST',HOUSE -WIFE',NO'
ALQ3182854',ಅಭಿಷೇಕ ಎಸ್ ಬಿ',ಬಸವರಾಜು ಎಸ್ ಯು',',',',',ST',STUDENT',NO'
ALQ3181757',ಹೇಮಂತ್ ಕುಮಾರ್ ಟಿ ಆರ್',',',',',',ST',STUDENT',NO'
ALQ3221272',ಜಯಲಕ್ಷ್ಮಿ',ದಿನೇಶ್ ಕುಮಾರ್ ಕೆ ಎನ್',',',',',ST',HOUSE -WIFE',NO'
ALQ2907483',ಕೃಷ್ಣಪ್ಪ',ಪುಟ್ಟಪ್ಪ',',',',',SC',FARMER',NO'
ALQ2907491',ಲಕ್ಷ್ಮೀನರಸಮ್ಮ',ಕೃಷ್ಣಪ್ಪ',',',',',SC',HOUSE -WIFE',NO'
ALQ2082030',ಶ್ರೀನಿವಾಸ ಪ್ರಸಾದ್',ದಾಸಪ್ಪ',',',',YES',SC',HOUSE -WIFE',NO'
ALQ2082022',ಟಿ ಕೆ ನಾಗಮಣಿ',ಕೃಷ್ಣಪ್ಪ',',',',YES',SC',HOUSE -WIFE',NO'
ALQ2295541',ಕಿರಣ್ ಕುಮಾರ್ ಕೆ',ಕೃಷ್ಣಪ್ಪ',',',',',SC',STUDENT',NO'
ALQ3073160',ಮಂಜುನಾಥ ಟಿ ಕೆ',ಕೃಷ್ಣಪ್ಪ',',',',',SC',STUDENT',NO'
ALQ3221728',ಚೇತನ ಕುಮಾರ್ ಟಿ ವಿ',ವೆಂಕಟರಮಣಪ್ಪ',',',',',ST',BAR CASHER',NO'
ALQ3056595',ಟಿ ಜಿ ವಿ ಗಿರಿನಾಯಕ',ಗೋವಿಂದಪ್ಪ',',',',',ST',PANCHAYAT WORK',NO'
ALQ2907624',ವೆಂಕಟರವಣಪ್ಪ',ಮೂಡಲಗಿರಿಯಪ್ಪ',',',',',ST',FARMER',NO'
ALQ2907632',ಬಾಬಣ್ಣ',ಮೂಡಲಗಿರಿಯಪ್ಪ',',',',',ST',FARMER',NO'
ALQ2907640',ವರಲಕ್ಷ್ಮಮ್ಮ',ವೆಂಕಟರವಣಪ್ಪ',',',',',ST',HOUSE -WIFE',NO'
ALQ1564863',ಪ್ರಮೀಳಮ್ಮ',ಬಾಬಣ್ಣ',',',',',ST',HOUSE -WIFE',NO'
MVJ1379734',ಉಮಾಶಂಕರ',ಮೂಡಲಗಿರಿಯಪ್ಪ',',',',',ST',GARMENTS',NO'
ALQ3158706',ಸಿ ಡಿ ಕವಿತ',ಟಿ ಎಮ್  ಉಮಾಶಂಕರ',',',',',ST',HOUSE -WIFE',NO'
ALQ3039633',ವಿನಯ್ ಕುಮಾರ್ ಎ',ವೀರಣ್ಣ',',',',',ST',TRACTER DRIVER',NO'
ALQ3056561',ಮನು ಟಿ ವಿ',ವೆಂಕಟರಮಣಪ್ಪ',',',',',ST',CAR DRIVER',NO'
ALQ3008349',ಗಾಯತ್ರಿ ಟಿ ಬಿ',ಬಾಬಣ್ಣ',',',',',ST',VEGITABLE MARCHANT',NO'
MVJ1673409',ಶಿವಲಿಂಗಪ್ಪ',ನಿಂಗಪ್ಪ',',',',',ST',KOOLI',NO'
MVJ1379213',ರವಿ',ನಿಂಗಪ್ಪ',',',',',ST',KOOLI',NO'
ALQ2082071',ಎಸ್ ಸರಿತ',ಶಿವಲಿಂಗಪ್ಪ',',',',',ST',KOOLI',NO'
ALQ2082063',ಎಸ್ ಕವಿತ',ರವಿ',',',',',ST',KOOLI',NO'
MVJ1378207',ನಾಗರತ್ನಮ್ಮ',ಟಿ ಜಿ ವಿ ಗಿರಿನಾಯಕ್',',',',',ST',ANGANAVADI TEACHER',NO'
MVJ3462876',ಟಿ ಎಸ್  ಸಿದ್ದಗಂಗಪ್ಪ',ಸಿದ್ದಪ್ಪ',',',',',UPPARA',KOOLI',NO'
ALQ2907897',ಗಂಗಲಕ್ಷ್ಮಮ್ಮ',ಸಿದ್ದಗಂಗಪ್ಪ',',',',',UPPARA',HOUSE -WIFE',NO'
ALQ3158722',ಮಂಜುಳ ಟಿ ಎಸ್',ಸಿದ್ದಗಂಗಪ್ಪ',',',',YES',UPPARA',HOUSE -WIFE',NO'
ALQ3158052',ನರಸಿಂಹರಾಜು ಟಿ ಎಸ್',ಸಿದ್ದಗಂಗಪ್ಪ',',',',',UPPARA',STUDENT',NO'
ALQ2907939',ರಾಜಣ್ಣ',ಕೆಂಪಣ್ಣ',',',',',ST',FARMER',NO'
ALQ2907947',ರತ್ನಮ್ಮ',ರಾಜಣ್ಣ',',',',',ST',HOUSE -WIFE',NO'
MVJ1376599',ಅಶ್ವಥಪ್ಪ',ರಾಜಣ್ಣ',',',',',ST',KOOLI',NO'
ALQ0024539',ಟಿ ಆರ್ ಗೋಪಾಲ',ರಾಜಣ್ಣ',',',',',ST',MEDICAL SHOP',NO'
ALQ2907954',ಸಾಕಮ್ಮ',ಕೆಂಪಣ್ಣ',',',',',ST',KOOLI',NO'
ALQ0077545',ಶ್ರೀನಿವಾಸ',ಕೆಂಪಣ್ಣ',',',',',ST',BUSINESS',NO'
MVJ1376805',ಉಮಾದೇವಿ',ಶ್ರೀನಿವಾಸ',',',',',ST',HOUSE -WIFE',NO'
ALQ2908127',ಸಂಜೀವಪ್ಪ',ಅಂಜನಪ್ಪ',',',',',ST',AGED',NO'
ALQ2908135',ಗೋವಿಂದರಾಜು',ಗಂಗವೆಂಕಟಪ್ಪ',',',',',ST',FARMER',NO'
ALQ2908168',ರಾಮಲಕ್ಷ್ಮಮ್ಮ',ಎಂ  ಗೋವಿಂದರಾಜು',',',',',ST',HOUSE -WIFE',NO'
ALQ2908176',ರಾಮಾಂಜನಪ್ಪ',ಸಂಜೀವಪ್ಪ',',',',',ST',KOOLI',NO'
ALQ0024174',ಶಿವಪ್ಪ',ಸಂಜೀವಪ್ಪ',',',',',ST',KOOLI',NO'
ALQ2082162',ಹೆಚ್ ಶಾರದಮ್ಮ',ರಾಮಾಂಜಿನಪ್ಪ',',',',',ST',HOUSE -WIFE',NO'
ALQ3056538',ಗಾಯತ್ರಿ ಟಿ ಜಿ',ಗೋವಿಂದರಾಜು ಟಿ ಜಿ',',',',YES',ST',HOUSE -WIFE',NO'
MVJ1378215',ಶಿವಮ್ಮ',ಟಿ ಜಿ ಗೋವಿಂದರಾಜು',',',',',ST',GP-VICE PRESIDENT',NO'
ALQ0075754',ಪಾಪಕ್ಕ',ಹನುಮಂತರಾಯಪ್ಪ',',',',',ST',FARMER',NO'
ALQ2209492',ಮಾರಪ್ಪ ಟಿ ಎಚ್',ಹನುಮಂತರಾಯಪ್ಪ',',',',',ST',DRIVER',NO'
ALQ2975373',ಸವಿತ ಟಿ ಹೆಚ್',ಹನುಮಂತರಾಯಪ್ಪ',',',',',ST',GARMENTS',NO'
ALQ2908259',ರವಿಪ್ರಕಾಶ್ ವಿ',ವೆಂಕಟೇಶಾಮಪ್ಪ',',',',',ST',POLITICAL',NO'
ALQ0025494',ಎನ್ ರೂಪ',ರವಿಪ್ರಕಾಶ್ ವಿ',',',',',ST',HOUSE -WIFE',NO'
ALQ2908333',ವೆಂಕಟಪ್ಪ',ಕದಿರಪ್ಪ',',',',',ST',FARMER',NO'
ALQ2908341',ವೆಂಕಟಲಕ್ಷ್ಮಮ್ಮ',ವೆಂಕಟಪ್ಪ',',',',',ST',HOUSE -WIFE',NO'
ALQ2560571',ಹರೀಶ್ ಟಿ ವಿ',ವೆಂಕಟಪ್ಪ',',',',',ST',AUTO DRIVER',NO'
ALQ3056579',ಶಿಲ್ಪಿ ಎನ್',ನರಸಿಂಹರಾಜು',',',',',ST',HOUSE -WIFE',NO'
MVJ1379031',ಅರುಣ್ ಕುಮಾರ್',ವೀರಭದ್ರಪ್ಪ',',',',',LINGAYATH',FARMER',NO'
ALQ2082220',ವೈ ವಿ ಹೇಮಲತ',ಅರುಣ್ ಕುಮಾರ್',',',',',LINGAYATH',HOUSE -WIFE',NO'
ALQ3182037',ಅಮ್ಮ ಜಾನ್ ಟಿ',ಇಮಾಮ್ ಸಾಬ್',',',',',MUSLIM',FLOWER MARCHANT',NO'
ALQ3181955',ಸೋನುಬಾಷ ಟಿ ಇ',ಇಮಾಮ್ ಸಾಬ್',',',',',MUSLIM',FACTORY WORKER',NO'
MVJ3967270',ವೈ ಎನ್ ಉಷಾ',ಟಿ ಎಲ್ ಉಮೇಶ್',',',',',LINGAYATH',FARMER',NO'
MVJ3967072',ಟಿ ಎಲ್  ವಿಜಯಕುಮಾರ್',ಟಿ ಎನ್ ಲಿಂಗಣ್ಣ',',',',',LINGAYATH',FARMER',NO'
ALQ0024844',ಎಂ ಪ್ರೇಮಾ',ಟಿ ಎಲ್ ವಿಜಯಲುಮಾರ್',',',',',LINGAYATH',HOUSE -WIFE',NO'
ALQ2908739',ಗೋಪಾಲಪ್ಪ',ಕೊಂಡಪ್ಪ',',',',',KUMBA',POT MARCHANT',NO'
ALQ2908754',ಬಾಲಕೃಷ್ಣ',ಗೋಪಾಲಪ್ಪ',',',',',KUMBA',VEGITABLE MARCHANT',NO'
ALQ2908762',ಅವುಲಕೊಂಡ ರಾಯಪ್ಪ',ಗೋಪಾಲಪ್ಪ',',',',',KUMBA',POT MARCHANT',NO'
ALQ1872902',ಲಕ್ಷ್ಮೀದೇವಿ',ಆವಲಕೊಂಡ ರಾಯಪ್ಪ',',',',',KUMBA',HOUSE -WIFE',NO'
ALQ2908820',ಗಂಗಮ್ಮ',ಟಿ ಎಲ್ ಲಿಂಗಣ್ಣ',',',',',LINGAYATH',AGED',NO'
ALQ2908838',ಟಿಎಲ್ ಉಮೇಶ್',ಲಿಂಗಣ್ಣ',',',',',LINGAYATH',FARMER',NO'
ALQ2908846',ಸತೀಶ್ ಡಿಎಲ್',ಲಿಂಗಣ್ಣ',',',',',LINGAYATH',FARMER',NO'
ALQ0024851',ಬಿಎಸ್ ಜಗದಂಬ',ಟಿ ಎಲ್ ನತೀಶ್',',',',',LINGAYATH',HOUSE -WIFE',NO'
ALQ2908861',ಸಾಕಮ್ಮ',ಹೊನ್ನಪ್ಪ',',',',',LINGAYATH',AGED',NO'
ALQ2908879',ರವಿ',ಹೊನ್ನಪ್ಪ',',',',',LINGAYATH',FARMER',NO'
MVJ1379056',ಟಿ ಹೆಚ್ ಜಗದೀಶ',ಟಿಎನ್ ಹೊನ್ನಪ್ಪ',',',',',LINGAYATH',FARMER',NO'
MVJ1378553',ಎಚ್ ಬಿ ಹೆಚ್ ಬಿ ಗಾಯಿತ್ರಿ',ರವಿ',',',',',LINGAYATH',HOUSE -WIFE',NO'
ALQ2295160',ಪುಷ್ಪಾ ಎನ್ ಸಿ',ಟಿ ಎಚ್ ಜಗದೀಶ್',',',',',LINGAYATH',HOUSE -WIFE',NO'
ALQ2908903',ಸಂಜೀವಮ್ಮ',ನರಸಪ್ಪ',',',',',ST',AGED',NO'
ALQ1565183',ಬಿದಲೋಡಿ ಅಂಜಿನಪ್ಪ',ಹನುಮಂತರಾಯಪ್ಪ',',',',',ST',KOOLI',YES'
MVJ1377191',ಹನುಮಕ್ಕ',ಬಿದಲೋಟಿ ಆಂಜನಪ್ಪ',',',',',ST',HOUSE -WIFE',NO'
ALQ2082295',ಟಿ ಎ ರಾಜ',ಬಿದಲೋಟಿ ಆಂಜನಪ್ಪ',',',',',ST',GAARE',NO'
ALQ2345882',ಹರೀಶ ಟಿ ಎ',ಆಂಜಿನಪ್ಪ',',',',',ST',GAARE',NO'
ALQ0076877',ನಾಗರಾಜು',ನರಸಪ್ಪ',',',',',ST',FARMER',NO'
ALQ2908937',ಮಂಜುಳ',ನಾಗರಾಜು',',',',',ST',HOUSE -WIFE',NO'
ALQ3134640',ನವೀನ್ ಕುಮಾರ್ ಟಿ ಎನ್',ನಾಗರಾಜು',',',',',ST',TRACTER DRIVER',NO'
ALQ0075606',ಗೌರಮ್ಮ',ಗಂಗಣ್ಣ',',',',',LINGAYATH',AGED',NO'
ALQ2908945',ವೀರಭದ್ರಯ್ಯ',ಗಂಗಣ್ಣ',',',',',LINGAYATH',FARMER',NO'
ALQ2908952',ಸಂಜೀವಮ್ಮ',ವೀರಭದ್ರಪ್ಪ',',',',',LINGAYATH',HOUSE -WIFE',NO'
ALQ2908960',ಚಂದ್ರಪ್ಪ',ಗಂಗಣ್ಣ',',',',',LINGAYATH',FARMER',NO'
ALQ2908986',ವೀರಣ್ಣ',ಗಂಗಣ್ಣ',',',',',LINGAYATH',FARMER',NO'
ALQ2908978',ಇಂದ್ರಮ್ಮ',ಚಂದ್ರಪ್ಪ',',',',',LINGAYATH',HOUSE -WIFE',NO'
ALQ2908994',ಗಂಗಾಧರಯ್ಯ',ಗಂಗಣ್ಣ',',',',',LINGAYATH',FARMER',NO'
ALQ2909000',ಶಿವಣ್ಣ',ಗಂಗಣ್ಣ',',',',',LINGAYATH',FARMER',NO'
ALQ2909018',ನಾಗಮ್ಮ',ಈರಣ್ಣ',',',',',LINGAYATH',HOUSE -WIFE',NO'
ALQ1565209',ಶಿವಲಿಂಗಮ್ಮ',ಗಂಗಾಧರಪ್ಪ',',',',',LINGAYATH',HOUSE -WIFE',NO'
MVJ1376953',ಮಂಗಳಮ್ಮ',ಶಿವಣ್ಣ',',',',',LINGAYATH',HOUSE -WIFE',NO'
ALQ2385649',ಟಿ ಸಿ ಸವಿತ',ಚಂದ್ರಪ್ಪ',',',',',LINGAYATH',HOUSE -WIFE',NO'
ALQ0024257',ಟಿ ವಿ ಮಂಜುನಾಥ',ಟಿ ಜಿ ವೀರಭದ್ರಪ್ಪ',',',',',LINGAYATH',TRACTER DRIVER',NO'
ALQ2560506',ಟಿ ಇ ನಾಗರತ್ನಾ',ಈರಣ್ಣ',',',',',LINGAYATH',STUDENT',NO'
ALQ2560522',ಟಿ ಇ ಅನಿತ',ಈರಣ್ಣ',',',',',LINGAYATH',STUDENT',NO'
ALQ2909026',ಗಂಗಮ್ಮ',ನರಸಪ್ಪ',',',',',LINGAYATH',AGED',NO'
ALQ2295558',ಟಿ ಎಸ್ ವಿನಯ್ ಕುಮಾರ್',ಶಿವಣ್ಣ ಟಿ ಎನ್',',',',YES',LINGAYATH',STUDENT',NO'
ALQ2997245',ಚೇತನ್ ಕುಮಾರ್ ಟಿ ಎಸ್',ಶಿವಣ್ಣ ಟಿ ಎನ್',',',',YES',LINGAYATH',STUDENT',NO'
MVJ1377936',ವೆಂಕಟೇಶ',ತಿಮ್ಮಯ್ಯ',',',',',SHETBALAJIGA',HOME',NO'
ALQ2909117',ಗಂಗರಾಜು',ತಿಮ್ಮಯ್ಯ',',',',',SHETBALAJIGA',KOOLI',NO'
ALQ1565233',ಅಶ್ವತ್ಥಯ್ಯ',ತಿಮ್ಮಯ್ಯ',',',',',SHETBALAJIGA',KOOLI',NO'
MVJ1379452',ಅರುಣಾದೇವಿ',ಗಂಗರಾಜು',',',',',SHETBALAJIGA',HOUSE -WIFE',NO'
ALQ2082311',ಟಿ ನಾಗೇಶ',ತಿಮ್ಮಯ್ಯ',',',',YES',SHETBALAJIGA',FACTORY WORKER',NO'
MVJ1377944',ಶಿವಮ್ಮ',ವೆಂಕಟೇಶ',',',',',SHETBALAJIGA',HOUSE -WIFE',NO'
ALQ1565241',ಪದ್ಮಾ',ನಾಗೇಶ',',',',',ST',HOUSE -WIFE',NO'
ALQ0024695',ಗಿರಿಜಮ್ಮ',ಅಶ್ವತ್ಥಯ್ಯ',',',',',SHETBALAJIGA',HOUSE -WIFE',NO'
ALQ3110327',ಸಂತೋಷ ಟಿ ಎ',ಅಶ್ವತ್ಥಪ್ಪ',',',',',SHETBALAJIGA',STUDENT',NO'
ALQ2224822',ಚನ್ನಪ್ಪ',ಚನ್ನಬಸಪ್ಪ',',',',',LINGAYATH',FARMER',NO'
ALQ2909158',ಭಾಗ್ಯಮ್ಮ',ಚನ್ನಪ್ಪ',',',',',LINGAYATH',HOUSE -WIFE',NO'
ALQ2385839',ಗಿರೀಶ್ ಬಾಬು ಟಿ ಸಿ',ಚನ್ನಪ್ಪ ಟಿ ಸಿ',',',',',LINGAYATH',TRACTER DRIVER',NO'
ALQ3039666',ಚಂದನ ಟಿ ಸಿ',ಚನ್ನಪ್ಪ ಟಿ ಸಿ',',',',',LINGAYATH',FARMER',NO'
ALQ2909166',ಟಿ ವಿ ಚಂದ್ರಶೇಖರಯ್ಯ',ವೀರಣ್ಣ',',',',',LINGAYATH',BANANA MARCHANT',NO'
ALQ2909174',ಉಮಾದೇವಿ ಟಿ ಎಸ್',ಟಿ ವಿ ಚಂದ್ರಶೇಖರಯ್ಯ',',',',',LINGAYATH',HOUSE -WIFE',NO'
ALQ2909182',ಟಿ ವಿ ಚಂದ್ರಶೇಖರಯ್ಯ',ವೀರಣ್ಣ',',',',',LINGAYATH',KOOLI',NO'
ALQ2909190',ರತ್ನಮ್ಮ',ಟಿ ವಿ ಚಂದ್ರಶೇಖರಯ್ಯ',',',',',LINGAYATH',HOUSE -WIFE',NO'
MVJ1376771',ಟಿ ಸಿ ಗಂಗರಾಜು',ಟಿ ವಿ ಚಂದ್ರಶೇಖರಯ್ಯ',',',',YES',LINGAYATH',HOSPITAL WORK',NO'
MVJ1376870',',',',',',',LINGAYATH',COCANET MARCHANT',NO'
ALQ0075861',',',',',',',LINGAYATH',COCANET MARCHANT',NO'
ALQ0024711',',',',',',',LINGAYATH',PRIVATE JOB',NO'
ALQ2909539',',',',',',',LINGAYATH',HOUSE -WIFE',NO'
ALQ2909547',',',',',',',LINGAYATH',FARMER',NO'
MVJ1377332',',',',',',',LINGAYATH',FARMER',NO'
ALQ2082378',',',',',',',LINGAYATH',HOUSE -WIFE',NO'
ALQ2501427',',',',',',',LINGAYATH',HOUSE -WIFE',NO'
ALQ1565357',',',',',',',KUMBA',AGED',NO'
ALQ0026062',',',',',',',KUMBA',HOUSE -WIFE',NO'
ALQ2909786',',',',',',',SC',HOUSE -WIFE',NO'
ALQ1565415',',',',',',',SC',TRACTER DRIVER',NO'
ALQ1565423',',',',',',',SC',DRIVER',NO'
ALQ1565431',',',',',',',SC',LARY DRIVER',NO'
ALQ2909802',',',',',',',SC',KOOLI',NO'
ALQ2909810',',',',',',',SC',HOUSE -WIFE',NO'
ALQ2909828',',',',',',',SC',KOOLI',NO'
ALQ0078246',',',',',',',SC',KOOLI',NO'
MVJ1379841',',',',',',',SC',KOOLI',NO'
ALQ2082568',',',',',',',SC',JCB DRIVER',NO'
ALQ2082402',',',',',',YES',SC',CLOTH SHOP',NO'
ALQ2082410',',',',',',',SC',KOOLI',NO'
ALQ2560498',',',',',',',SC',KOOLI',NO'
ALQ2979326',',',',',',',SC',KOOLI',NO'
ALQ2909836',',',',',',',SC',KOOLI',NO'
ALQ2082428',',',',',',',SC',TRACTER DRIVER',NO'
ALQ2481935',',',',',',',SC',GARMENTS',NO'
ALQ3122728',',',',',',YES',SC',HOUSE -WIFE',NO'
ALQ0076653',',',',',',',SC',AGED',NO'
ALQ2909844',',',',',',',SC',HOUSE -WIFE',NO'
ALQ0025262',',',',',',YES',SC',',NO'
ALQ0076661',',',',',',YES',SC',HOUSE -WIFE',NO'
ALQ1565456',',',',',',',SC',LARY DRIVER',NO'
ALQ1872928',',',',',',YES',SC',',NO'
ALQ2197119',',',',',',',SC',HOUSE -WIFE',NO'
ALQ2295509',',',',',',',SC',FARMER',NO'
ALQ2560530',',',',',',',SC',TRACTER DRIVER',NO'
ALQ0077800',',',',',',',LINGAYATH',BOR WELL MECHANIC',NO'
ALQ2910081',',',',',',',ST',AGED',NO'
ALQ2910099',',',',',',',ST',KOOLI',NO'
ALQ2910107',',',',',',',ST',KOOLI',NO'
MVJ3966694',',',',',',',ST',COIN SHOP',NO'
ALQ1565522',',',',',',YES',BRAHMIN',LAWER',NO'
ALQ1565530',',',',',',',DEATH',',NO'
ALQ1565548',',',',',',YES',BRAHMIN',DOCTOR',NO'
ALQ1565555',',',',',',',BRAHMIN',ENGINEER',NO'
MVJ1379262',',',',',',',LINGAYATH',AGED',NO'
ALQ2910115',',',',',',',LINGAYATH',FARMER',NO'
MVJ1379296',',',',',',',LINGAYATH',HOUSE -WIFE',NO'
ALQ2910123',',',',',',',SC',KURI',NO'
ALQ2910131',',',',',',',SC',HOUSE -WIFE',NO'
MVJ1379361',',',',',',',SC',MANGALA VADYA',NO'
MVJ1379437',',',',',',',SC',KOOLI',NO'
MVJ1379197',',',',',',',SC',PVT-BUS CLEANER',NO'
ALQ2082527',',',',',',',SC',TREE CUTER',NO'
ALQ2082535',',',',',',',SC',MANGALA VADYA',NO'
ALQ2343770',',',',',',',SC',HOME',NO'
ALQ2347953',',',',',',',SC',HOUSE -WIFE',NO'
ALQ2910149',',',',',',',ST',GOAT',NO'
MVJ3463114',',',',',',',SC',HOUSE -WIFE',NO'
MVJ3462959',',',',',',',SC',FARMER',NO'
MVJ1379098',',',',',',',SC',HOUSE -WIFE',NO'
ALQ2082501',',',',',',YES',SC',HOUSE -WIFE',NO'
ALQ2082543',',',',',',',SC',TRACTOR DRIVER',NO'
ALQ2082550',',',',',',',SC',TRACTOR DRIVER',NO'
ALQ2082576',',',',',',',SC',TRACTOR DRIVER',NO'
ALQ2375251',',',',',',',SC',GARMENTS',NO'
ALQ2407716',',',',',',',SC',HOUSE -WIFE',NO'
ALQ2295269',',',',',',',SC',STUDENT',NO'
ALQ2978997',',',',',',',SC',HOUSE -WIFE',NO'
ALQ3056587',',',',',',',SC',TRACTER DRIVER',NO'
ALQ2910156',',',',',',',DEATH',',NO'
ALQ0078626',',',',',',',LINGAYATH',AGED',NO'
MVJ1379270',',',',',',',LINGAYATH',HOUSE -WIFE',NO'
ALQ2910164',',',',',',',LINGAYATH',HOME',YES'
ALQ2910172',',',',',',',LINGAYATH',FARMER',NO'
ALQ2910180',',',',',',',LINGAYATH',HOUSE -WIFE',NO'
ALQ0077974',',',',',',',LINGAYATH',FARMER',NO'
ALQ0077966',',',',',',',LINGAYATH',HOUSE -WIFE',NO'
MVJ1379379',',',',',',',LINGAYATH',FARMER',NO'
ALQ2295194',',',',',',',LINGAYATH',HOUSE -WIFE',NO'
ALQ3110186',',',',',',',LINGAYATH',STUDENT',NO'
ALQ3110285',',',',',',',LINGAYATH',STUDENT',NO'
ALQ2374189',',',',',',',LINGAYATH',HOUSE -WIFE',NO'
MVJ1379411',',',',',',',LINGAYATH',AGED',NO'
ALQ2560563',',',',',',',ST',GOAT',NO'
ALQ2560548',',',',',',',ST',GARMENTS',NO'
MVJ1378298',',',',',',',ST',HOUSE -WIFE',NO'
ALQ1565191',',',',',',YES',ST',GARMENTS',NO'
MVJ1377480',',',',',',',ST',KOOLI',NO'
ALQ2082493',',',',',',',ST',COIN SHOP',NO'
ALQ3200268',',',',',',',ST',HOUSE -WIFE',NO'
MVJ1672898',',',',',',',ST',HOUSE -WIFE',NO'
ALQ2979193',',',',',',',ST',HOUSE -WIFE',NO'
MVJ3966454',',',',',',',ST',FARMER',NO'
MVJ1378306',',',',',',',LINGAYATH',TALUK PANCHAYAT MEMBER',NO'
ALQ0078360',',',',',',',LINGAYATH',CONTRACTOR',NO'
MVJ1379288',',',',',',',LINGAYATH',HOUSE -WIFE',NO'
ALQ2335966',',',',',',',LINGAYATH',HOUSE -WIFE',NO'
ALQ3039641',',',',',',YES',ST',STUDENT',NO'
ALQ2197135',',',',',',',ST',KOOLI',NO'
ALQ3073202',',',',',',',ST',STUDENT',NO'
ALQ2197044',',',',',',',ST',STUDENT',NO'
ALQ2209385',',',',',',',ST',AUTO DRIVER',NO'
ALQ2908747',',',',',',',KUMBA',HOUSE -WIFE',NO'
ALQ1872910',',',',',',',KUMBA',HOUSE -WIFE',NO'
ALQ2909075',',',',',',',LINGAYATH',PHE WORK',NO'
ALQ2909083',',',',',',',LINGAYATH',HOUSE -WIFE',NO'
ALQ0025734',',',',',',',DEATH',',NO'
ALQ2295517',',',',',',',SC',HOUSE -WIFE',NO'
MVJ2371789',',',',',',',LINGAYATH',HOUSE -WIFE',NO'
ALQ2113942',ದಿನೇಶ್ ಕುಮಾರ್ ಟಿ ಎನ್',ನಾಗರಾಜಪ್ಪ',0',28',ಗಂಡು',',ST',GAARE',NO'
ALQ2326494',ನಾಗೇಂದ್ರ ಕುಮಾರ್',ಟಿ ಜಿ ನಾಗರಾಜಪ್ಪ',0',26',ಗಂಡು',',ST',PVT- BUS MANAGER',NO'
ALQ3200102',ರಹಮತ್ ಉನ್ನಿಸ',ನೂರ್ ಮಹಮ್ಮದು',0',21',ಹೆಣ್ಣು',',MUSLIM',FLOWER MARCHANT',NO'
ALQ2994309',ಪುಟ್ಟನರಸಮ್ಮ',ದಾಸಪ್ಪ',0',83',ಹೆಣ್ಣು',',DEATH',',NO'
ALQ2994283',ನರಸಿಂಹಮೂರ್ತಿ',ದಾಸಪ್ಪ',0',47',ಗಂಡು',',ST',KURI',NO'
ALQ2994291',ಪದ್ಮಾವತಿ',ನರಸಿಂಹಮೂರ್ತಿ',0',42',ಹೆಣ್ಣು',',ST',KURI',NO'
ALQ2997690',ಸವಿತ ಎಂ',ವಿ ಎಸ್ ರಾಜಶೇಖರ್',0',39',ಹೆಣ್ಣು',YES',LINGAYATH',HOUSE -WIFE',NO'
ALQ3160553',ಸುನಂದಮ್ಮ ಟಿ ಸಿ',ಮಂಜುನಾಥ್',0',34',ಹೆಣ್ಣು',',ST',KOOLI',NO'
ALQ3159100',ಪ್ರತಿಭಾ ಆರ್',ಪ್ರತಿಭಾ ಆರ್',0',33',ಹೆಣ್ಣು',',ST',STUDENT',NO'
ALQ2362531',ಹರೀಶ್ ಕುಮಾರ್ ಟಿ ಎನ್',ನರಸಿಂಹಭೂಪಾಲ',0',27',ಗಂಡು',YES',VAKALIGA',PRIVATE JOB',NO'
ALQ2296044',ಗಿರೀಶ ಟಿ ಕೆ',ಕೃಷ್ಣಪ್ಪ',0',25',ಗಂಡು',YES',VAKALIGA',MOBILE SHOP',NO'
ALQ3159142',ಜಲಜಾಕ್ಷಿ ಟಿ ಬಿ',ಬಸವರಾಜು',0',23',ಹೆಣ್ಣು',YES',VAKALIGA',HOUSE -WIFE',NO'
ALQ3159258',ಸುಹೇರಾ ಟಿ ಬಿ',ಬಾಬು',0',23',ಹೆಣ್ಣು',',MUSLIM',HOUSE -WIFE',NO'
ALQ3160561',ಪವಿತ್ರ ಟಿ',ಮಾರುತಿ',0',21',ಹೆಣ್ಣು',',ST',KOOLI',NO'
ALQ2560134',ರಂಜಿತ ಟಿ ಎನ್',ನಿಂಬಯ್ಯ ಆರಾಧ್ಯ ಟಿ ಎಂ',1',25',ಹೆಣ್ಣು',YES',LINGAYATH',BUSINESS',NO'
ALQ2560126',ಪುನಿತ್ ಆರಾಧ್ಯ ಟಿ ಎನ್',ನಿಂಬಯ್ಯ ಆರಾಧ್ಯ ಟಿ ಎಂ',1',23',ಗಂಡು',',LINGAYATH',BUSINESS',NO'
ALQ2912533',ಟಿ ಎಂ ನಿಂಬಯ್ಯ ಆರಾದ್ಯ',ಮಲ್ಲೇಶಯ್ಯ ಎಸ್',1',56',ಗಂಡು',',LINGAYATH',BUSINESS',NO'
ALQ1566967',ಎಸ್ ಪಿ ನಾಗರತ್ನ',ಟಿ ಎಂ ನಿಂಬಯ್ಯ ಆರಾದ್ಯ',1',47',ಹೆಣ್ಣು',',LINGAYATH',HOUSE -WIFE',NO'
MVJ3967197',ಕು: ಟಿ ವಿ ಅಶೋಕ',ವೆಂಕಟಪ್ಪ',135',34',ಗಂಡು',',ST',BMTC DRIVER',NO'
ALQ2102077',ತುಳಸಿ ಬಾಯಿ',ಶಿವಾಜಿ ರಾವ್',1',27',ಹೆಣ್ಣು',',MARATI',BD WORKER',NO'
ALQ2978328',ರಾಧಮ್ಮ ಎಸ್',ಟಿ ವಿ ಸತೀಶ',2',34',ಹೆಣ್ಣು',',VAKALIGA',HOUSE -WIFE',NO'
MVJ1378421',ಮಲ್ಲಮ್ಮ',ನಾಗಪ್ಪ',2',65',ಹೆಣ್ಣು',',LINGAYATH',AGED',NO'
ALQ0026203',ಟಿ ವಿ ಸತೀಶ್',ವೀರಣ್ಣ',2',38',ಗಂಡು',YES',VAKALIGA',5 STAR HOTEL',NO'
ALQ0026005',ಮಂಜುನಾಥ',ನಾಗಪ್ಪ',:',32',ಗಂಡು',',LINGAYATH',SCHOOL BUS DRIVER',NO'
ALQ2083087',ಹೆಚ್ ಎಸ್ ಗಾಯಿತ್ರಿ',ಟಿ ಎನ್ ಮಂಜುನಾಥ',2',32',ಹೆಣ್ಣು',',LINGAYATH',HOUSE -WIFE',NO'
ALQ3200078',ವರ್ಶಿಥ',ನಾಗೇಶ್ ಗಂಡ',',19',ಹೆಣ್ಣು',',VAKALIGA',HOUSE -WIFE',NO'
ALQ0024414',ಮೃತ್ಯುಂಜಯ ಟಿ ಆರ್',ರಾಜಣ್ಣ ಟಿ ಎಸ್',3',33',ಗಂಡು',',LINGAYATH',PRIVATE JOB',NO'
ALQ2912541',ಹೊನ್ನಮ್ಮ',ಸೋಮಶೇಖರಪ್ಪ',3',85',ಹೆಣ್ಣು',',DEATH',',NO'
MVJ1376698',ಹರೀಶ್ ಕುಮಾರ್',ರಾಜಣ್ಣ',3',40',ಗಂಡು',',LINGAYATH',POLITICAL',NO'
ALQ2912590',ಚಾಹದಲ್ಲಿ',ಭಾಷಾಸಾಬ್',5',67',ಹೆಣ್ಣು',',MUSLIM',AGED',NO'
MVJ1376789',ನಸಾಬ್',ಭಾಷಸಾಬ್',5',38',ಗಂಡು',',MUSLIM',WELDING',NO'
ALQ3055134',ಶೋಭ ಡಿ ಎನ್',ಟಿ ಜಿ ಪುಟ್ಟರಾಜು',6',23',ಹೆಣ್ಣು',',BAJANTHRI',HOUSE -WIFE',NO'
ALQ2912608',ಅಶ್ವತ್ತಮ್ಮ',ಗವಿರಂಗಪ್ಪ',6',68',ಹೆಣ್ಣು',',BAJANTHRI',AGED',NO'
ALQ0075978',ಪುಟ್ಟರಾಜು',ಗವಿರಂಗಪ್ಪ',6',32',ಗಂಡು',',BAJANTHRI',HAIR CUT SHOP',NO'
ALQ2912632',ಪುಟ್ಟನಂಜಮ್ಮ',ಟಿ ಎನ್ ಗಂಗಾಧರಷ',9',89',ಹೆಣ್ಣು',',DEATH',',NO'
ALQ2912640',ಶಿವರುದ್ರಪ್ಪ',ದೊಡ್ತೀರಪ್ಪ',10',77',ಗಂಡು',',LINGAYATH',FLOWER MARCHAT',NO'
ALQ1567080',ಸಿದ್ದಗಂಗಮ್ಮ',ಶಿವರುದ್ರಪ್ಪ',10',70',ಹೆಣ್ಣು',',LINGAYATH',AGED',NO'
ALQ2912657',ಚೆನ್ನಮಲ್ಲಿಕಾರ್ಜುನ',ಶಿವರುದ್ರಪ್ಪ',10',43',ಗಂಡು',',LINGAYATH',CAR DRIVER',NO'
ALQ0026294',ಸವಿತ',ಚನ್ನಮಲ್ಲಿಕಾರ್ಜುನ',10',37',ಹೆಣ್ಣು',',LINGAYATH',HOUSE -WIFE',NO'
ALQ2912665',ಅನಸೂಯಮ್ಮ',ಮುನಿನಂಜಪ್ಪ',12',67',ಹೆಣ್ಣು',',LINGAYATH',AGED',NO'
ALQ2912673',ಗಂಗರಾಜು',ಮುನಿನಂಜಪ್ಪ',12',45',ಗಂಡು',YES',LINGAYATH',COIN SHOP',NO'
ALQ2912681',ಗಂಗಾಧರಪ್ಪ',ಪಾಪಣ್ಣ',13',85',ಗಂಡು',',LINGAYATH',AGED',NO'
ALQ2912699',ಮಲ್ಲಮ್ಮ',ಗಂಗಾಧರಪ್ಪ',13',67',ಹೆಣ್ಣು',',DEATH',',NO'
ALQ2912707',ಸಿದ್ದರಾಜು',ಗಂಗಾಧರಪ್ಪ',13',47',ಗಂಡು',',LINGAYATH',KOOLI',NO'
MVJ1380310',ಟಿ ಜಿ ಮಂಜುನಾಥ',ಗಂಗಾಧರಪ್ಪ',13',39',ಗಂಡು',YES',LINGAYATH',PVT -TEACHER',NO'
ALQ2083111',ಕೆ ಎಸ್ ರಾಜೇಶ್ವರಿ',ಟಿ ಜಿ ಸಿದ್ದರಾಜು',13',31',ಹೆಣ್ಣು',',LINGAYATH',HOUSE -WIFE',NO'
ALQ2912756',ಕೃಷ್ಣಪ್ಪ',ಚಿಕ್ಕನರಸಿಂಹಯ್ಯ',16',57',ಗಂಡು',',VAKALIGA',KOOLI',NO'
ALQ2914455',ಸಿದ್ದಮ್ಮ',ಕೃಷ್ಣಪ್ಪ',16',50',ಹೆಣ್ಣು',',VAKALIGA',HOUSE -WIFE',NO'
ALQ0026187',ನವೀನ ಕೆ',ಕೃಷ್ಣಪ್ಪ',16',31',ಗಂಡು',YES',VAKALIGA',FACTORY WORKER',NO'
ALQ2083129',ಟಿ ಕೆ ಯೋಗೇಶ್',ಕೃಷ್ಣಪ್ಪ',16',28',ಗಂಡು',YES',VAKALIGA',',NO'
ALQ2912772',ಲಕ್ಷ್ಮಮ್ಮ',ಭೂಪಾಲಪ್ಪ',17',65',ಹೆಣ್ಣು',',VAKALIGA',AGED',NO'
ALQ2912798',ವೀರಣ್ಣ',ವೀರಭದ್ರಯ್ಯ',19',83',ಗಂಡು',',LINGAYATH',FARMER',NO'
ALQ2912806',ಶಿವಮ್ಮ',ವೀರಣ್ಣ',19',67',ಹೆಣ್ಣು',',LINGAYATH',HOUSE -WIFE',NO'
ALQ2912814',ವೀರಭದ್ರಯ್ಯ ಟಿ ವಿ',ವೀರಣ್ಣ ಟಿ ವಿ',19',47',ಗಂಡು',',LINGAYATH',PANCHAYAT WORK',NO'
MVJ3463122',ಮಹೇಂದ್ರ',ವೀರಣ್ಣ',19',43',ಗಂಡು',',LINGAYATH',BORE WEL AGENCY',NO'
ALQ0026534',ಕೆ ಎಸ್ ನಾಗರತ್ನ',ಟಿ ವಿ ವೀರಭದ್ರಯ್ಯ',19',40',ಹೆಣ್ಣು',',LINGAYATH',HOUSE -WIFE',NO'
ALQ2912822',ಬಸವರಾಜು',ವೀರಣ್ಣ',20',61',ಗಂಡು',YES',LINGAYATH',KOOLI',NO'
ALQ2912848',ಟಿ ವಿ ವಿರುಪಾಕ್ಷಯ್ಯ',ಟಿ ಬಿ ವೀರಣ್ಣ',20',56',ಗಂಡು',',LINGAYATH',FARMER',NO'
ALQ2912830',ಮಂಜಮ್ಮ',ಬಸವರಾಜು',20',49',ಹೆಣ್ಣು',YES',LINGAYATH',HOUSE -WIFE',NO'
MVJ1377407',ಪಿ ಪುಷ್ಪವತಿ',ವಿರೂಪಾಕ್ಷಯ್ಯ',20',41',ಹೆಣ್ಣು',',LINGAYATH',HOUSE -WIFE',NO'
ALQ0025783',ಶಶಿಕುಮಾರ್',ಬಸವರಾಜು',20',33',ಗಂಡು',YES',LINGAYATH',FACTORY WORKER',NO'
ALQ3008372',ಟಿ ವಿ ವಿಕಾಸ್',ಟಿ ವಿ ವಿರೂಪಾಕ್ಷಂ',20',25',ಗಂಡು',YES',LINGAYATH',FACTORY WORKER',NO'
ALQ2912855',ರುದ್ರಪ್ಪ',ಮಲ್ಲಣ್ಣ',21',65',ಗಂಡು',',LINGAYATH',FARMER',NO'
ALQ2083079',ಆರ್ ಶ್ರೀನಿವಾಸಮೂರ್ತಿ',ರಾಮಣ್ಣ',2 1',43',ಗಂಡು',',VAKALIGA',KOOLI',NO'
ALQ2083061',ಟಿ ವಿ ಶಶಿಕಲಾ',ಆರ್ ಶ್ರೀನಿವಾಸಮೂರ್ತಿ',2 1',39',ಹೆಣ್ಣು',',VAKALIGA',HOUSE -WIFE',NO'
ALQ2912863',ಗಂಗಾಧರಪ್ಪ',ಮಲ್ಲಣ್ಣ',22',67',ಗಂಡು',',LINGAYATH',FARMER',NO'
ALQ0078402',ಶಾಂತಮ್ಮ',ಗಂಗಾಧರಪ್ಪ',22',55',ಹೆಣ್ಣು',',LINGAYATH',HOUSE -WIFE',NO'
ALQ2912871',ನಾಗರಾಜು',ಗಂಗಾಧರಪ್ಪ',22',45',ಗಂಡು',',LINGAYATH',HOUSE -WIFE',NO'
ALQ2560092',ಚಂದ್ರಕಲಾ ಸಿ ಎಸ್',ನಾಗರಾಜು',22',37',ಹೆಣ್ಣು',',LINGAYATH',HOUSE -WIFE',NO'
ALQ0077818',ಬಷೀರ್ ಸಾಬ್',ಇಮಾಂಸಾಬ್',24',70',ಗಂಡು',',MUSLIM',AGED',NO'
MVJ1377464',ಚಾಂದ್\u200cಬಾಷ',ಬಷೀರ್\u200cಸಾಬ್',24',40',ಗಂಡು',',MUSLIM',FLOWER MARCHAT',NO'
ALQ1873181',ಇಮಾಮ್ ಭಾಷಾ',ಬಷೀರ್ ಸಾಬ್',24',33',ಗಂಡು',',DEATH',',NO'
ALQ2436145',ಸುಮಿಯ',ಚಂದಬಾಷಾ',24',33',ಹೆಣ್ಣು',',MUSLIM',FLORER MARCHANT',NO'
ALQ2560035',ಪರ್ವನ್ ತಾಜ್\u200c',ಟಿಪ್ಪು ಸುಲ್ತಾನ್',24',33',ಹೆಣ್ಣು',',MUSLIM',FLORER MARCHANT',NO'
ALQ2083137',ಟಿ ಬಿ ಇಮಾಂ ಭಾಷಾ',ಬಷೀರ್ ಸಾಬ್',24',33',ಗಂಡು',',REPETED',',NO'
ALQ2083152',ಷಾಹಿದಾ',ಇಮಾಂ ಬಾಷಾ',24',32',ಹೆಣ್ಣು',',MUSLIM',FLOWER MARCHANT',NO'
MVJ1377241',ವೀರಪ್ಪ',ಭದ್ರಣ್ಣ',25',60',ಗಂಡು',',LINGAYATH',KOOLI',NO'
ALQ1567171',ಗಿರಿಜಮ್ಮ',ವೀರಪ್ಪ',25',25',ಹೆಣ್ಣು',',LINGAYATH',KOOLI',NO'
ALQ2912897',ರಾಜಮ್ಮ',ಗಂಗರಾಜು ಟಿ ಎಸ್',26',55',ಹೆಣ್ಣು',',LINGAYATH',HOUSE -WIFE',NO'
MVJ1378702',ಟಿ ಜಿ ಚಂದನ್',ಟಿ ಎಸ್ ಗಂಗರಾಜ',26',36',ಗಂಡು',YES',LINGAYATH',SOFTWARE',NO'
ALQ2296077',ಚೇತನ್ ಟಿ ಜಿ',ಗಂಗಾರಾಜು ಟಿ ಎ',26',32',ಗಂಡು',',LINGAYATH',VEGITABLE MARCHANT',NO'
ALQ2429165',ಜಿ ಸೌಮ್ಯ',ಟಿ ಜಿ ಚಂದನ್',26',32',ಹೆಣ್ಣು',',LINGAYATH',HOUSE -WIFE',NO'
ALQ2436152',ಗೀತ ಕೆ ಆರ್',ಟಿ ಜಿ ಚೇತನ್',26',25',ಹೆಣ್ಣು',',LINGAYATH',HOUSE -WIFE',NO'
ALQ2912905',ಗಂಗಾಧರಪ್ಪ',ಗಂಗಣ್ಣ',28',57',ಗಂಡು',',LINGAYATH',FLOWER MARCHANT',NO'
ALQ2912913',ವಿಷಾಲಾಕ್ಷಮ್ಮ',ಗಂಗಾಧರಪ್ಪ',28',48',ಹೆಣ್ಣು',',LINGAYATH',HOUSE -WIFE',NO'
MVJ3463056',ಪಾರ್ವತಮ್ಮ',ಟಿ ವಿ ಶಿವಣ್ಣ',29',75',ಹೆಣ್ಣು',',LINGAYATH',AGED',NO'
MVJ1378876',ಟಿ ಎಸ್ ವೀರಶೇಖರಯ್ಯ',ಟಿ ವಿ ಶಿವಣ್ಣ',29',50',ಗಂಡು',',LINGAYATH',FARMER',NO'
MVJ1378868',ಸುಜಾತ',ವೀರಶೇಕರಯ್ಯ',29',37',ಹೆಣ್ಣು',',LINGAYATH',HOUSE -WIFE',NO'
ALQ2912921',ವೀರಮಲ್ಲಮ್ಮ',ಲಿಂಗಣ್ಣ',30',89',ಹೆಣ್ಣು',',DEATH',',NO'
ALQ2912939',ರುದ್ರಪ್ಪ',ಲಿಂಗಣ್ಣ',30',60',ಗಂಡು',',LINGAYATH',FARMER',NO'
ALQ2912947',ಚನ್ನಬಸವಯ್ಯ',ಲಿಂಗಣ್ಣ',30',55',ಗಂಡು',YES',LINGAYATH',FOOD MAKER',NO'
ALQ2912954',ಸುನಂದಮ್ಮ',ರುದ್ರಪ್ಪ',30',50',ಹೆಣ್ಣು',',LINGAYATH',HOUSE -WIFE',NO'
ALQ2912962',ಸೌಭಾಗ್ಯಮ್ಮ',ಚನ್ನಬಸವಯ್ಯ',30',47',ಹೆಣ್ಣು',',LINGAYATH',TYILOR',NO'
ALQ2083160',ಟಿ ಎಸ್ ಮಂಜುನಾಥ',ಶಿವರುದ್ರಪ್ಪ',30',30',ಗಂಡು',YES',LINGAYATH',PRIVATE JOB',NO'
ALQ2436103',ಟಿ ಎಸ್ ಸ್ವಪ್ನ',ಶಿವರುದ್ರಪ್ಪ',30',27',ಹೆಣ್ಣು',YES',LINGAYATH',HOUSE -WIFE',NO'
ALQ2912558',ಗಂಗಾಧರಪ್ಪ',ಸೋಮಶೇಖರಪ್ಪ',3 1',60',ಗಂಡು',',LINGAYATH',FARMER',NO'
ALQ2912566',ಉಮಾದೇವಿ',ಗಂಗಾಧರಪ್ಪ',3 1',49',ಹೆಣ್ಣು',',LINGAYATH',HOUSE -WIFE',NO'
ALQ2912574',ರಾಜಣ್ಣ',ಸೋಮಶೇಖರಪ್ಪ',3 2',65',ಗಂಡು',',LINGAYATH',FARMER',NO'
ALQ2912582',ಗಂಗಮ್ಮ',ರಾಜಣ್ಣ',3 2',80',ಹೆಣ್ಣು',',LINGAYATH',HOUSE -WIFE',NO'
ALQ2083095',ಟಿ ಜಿ ಶಶಿಕುಮಾರ್',ಟಿ ಎಸ್ ಗಂಗಾಧರಯ್ಯ',3 1',28',ಗಂಡು',YES',LINGAYATH',',NO'
ALQ1873173',ಟಿ ಜಿ ವಿನಯ್ ಕುಮಾರ್',ಗಂಗಾಧರಪ್ಪ',3 1',32',ಗಂಡು',',LINGAYATH',SOLAR AGENCY',NO'
ALQ2912970',ಸಂಜೀವಮ್ಮ',ಭದ್ರಣ್ಣ',32',80',ಹೆಣ್ಣು',',DEATH',',NO'
ALQ2912988',ಅನಿರುದ್ರ',ಭದ್ರಣ್ಣ',32',51',ಗಂಡು',',LINGAYATH',PHOTOGRAPHER',NO'
ALQ0076091',ವೀರಭದ್ರಯ್ಯ',ಭದ್ರಣ್ಣ',32',47',ಗಂಡು',YES',LINGAYATH',',NO'
MVJ1379833',ಜಯಮ್ಮ',ವೀರಭದ್ರಯ್ಯ',32',44',ಹೆಣ್ಣು',',LINGAYATH',KOOLI',NO'
MVJ1379528',ಸುಜಾತಮ್ಮ',ಅನಿರುದ್ರ',32',42',ಹೆಣ್ಣು',',LINGAYATH',FARMER',NO'
ALQ2408102',ಗಂಗರಾಜು ಟಿ ವಿ',ವಿರಭದ್ರಯ್ಯ',32',25',ಗಂಡು',',LINGAYATH',VAN DRIVER',NO'
ALQ3055159',ವಿನೋದ್ ಕುಮಾರ್ ಟಿ ವಿ',ವೀರಭದ್ರಯ್ಯ',32',22',ಗಂಡು',YES',LINGAYATH',FACTORY WORKER',NO'
ALQ2560183',ಮನುಶ್ರೀ ಟಿ ಎಸ್',ಶಿವಾನಂದಪ್ಪ',33',24',ಹೆಣ್ಣು',YES',LINGAYATH',HOUSE -WIFE',NO'
ALQ2912996',ರವೀಶ',ಶಂಕರಪ್ಪ',35',55',ಗಂಡು',YES',LINGAYATH',',NO'
ALQ2913002',ಸುಶೀಲಮ್ಮ',ರವೀಶ',35',47',ಹೆಣ್ಣು',YES',LINGAYATH',',NO'
ALQ2914885',ಅಲ್ಲಬಕಷ',ಭಾಷಾಸಾಬ್',36',63',ಗಂಡು',',MUSLIM',MECHANIC',NO'
ALQ2913010',ಷತಜ್',ಅಲ್ಲಬಕಷ್',36',51',ಹೆಣ್ಣು',',MUSLIM',FLOWER MARCHANT',NO'
ALQ2083186',ಗಯಾಸುಲ್ಲಾ ಖಾನ್',ಕಲೀಂಉಲ್ಲಾ ಖಾನ',36',43',ಗಂಡು',',MUSLIM',SOUND SYSTEM',NO'
MVJ1378371',ಷಬೀರ್',ಅಲ್ಲಾಬಕಷ್',36',39',ಗಂಡು',',MUSLIM',FLOWER MARCHANT',NO'
ALQ0026641',ಟಿ ಬಿ ರಹಮತುಲ್ಲಾ',ಅಲ್ಲಾಬಕಷ್',36',35',ಗಂಡು',',MUSLIM',FLOWER MARCHANT',NO'
ALQ2083194',ಶಭಾನಾ',ಗಯಾಸುಲ್ಲಾಖಾನ್',36',34',ಹೆಣ್ಣು',',MUSLIM',FLOWER MARCHANT',NO'
ALQ2083210',ಹಸೀನಾ ಎಸ್',ಷಬೀರ್',36',34',ಹೆಣ್ಣು',',MUSLIM',FLOWER MARCHANT',NO'
ALQ2083202',ಮೊಹನೀನ',ಟಿ ಬಿ ರಹಮತ್ತುಲಾ',36',33',ಹೆಣ್ಣು',',MUSLIM',FLOWER MARCHANT',NO'
ALQ2913028',ಆದಿಮೂರ್ತಿ',ನಾರಾಯಣಪ್ಪ',37',53',ಗಂಡು',YES',ST',',NO'
ALQ2914463',ಸರೋಜಮ್ಮ',ಆದಿಮೂರ್ತಿ',37',47',ಹೆಣ್ಣು',YES',ST',GARMENTS',NO'
ALQ2913077',ರಜಿಯಾಭಿ',ಅಬ್ದುಲ್ ರೆಹಮಾನ್',42',65',ಹೆಣ್ಣು',',MUSLIM',AGED',NO'
MVJ1378074',ಬುಡೇನ್ ಸಾಬ್',ಅಬ್ದುಲ್ ರೆಹಮತ',42',46',ಗಂಡು',',MUSLIM',COIN SHOP',NO'
MVJ1379445',ಹಸೀನಾಬಾನು',ಬಡೇನ್ ಸಾಬ್',42',44',ಹೆಣ್ಣು',',MUSLIM',HOUSE -WIFE',NO'
ALQ1567346',ಅಪ್ಪರ್ ಟಿ ಎ',ಅಬುಲ್ ರೆಹಮಾ',42',43',ಗಂಡು',YES',MUSLIM',FACTORY WORKER',NO'
ALQ2978211',ತೌಸೀಫ ಸುಲ್ತಾನ',ಅಪ್ಪರ್',42',37',ಹೆಣ್ಣು',YES',MUSLIM',HOUSE -WIFE',NO'
ALQ2407815',ಸಲ್ಮಾ ಬಾನುಬಿ',ಬುದೀನ್ ಸಾಬ್',42',24',ಹೆಣ್ಣು',YES',MUSLIM',HOUSE -WIFE',NO'
ALQ3110970',ಅಬ್ದುಲ್ ರೆಹಮಾನ್ ಟಿ ಬಿ',ಬುಡೇನ್ ಸಾಬ್',42',20',ಗಂಡು',',MUSLIM',STUDENT',NO'
ALQ2913101',T H  ವೀರಣ್ಣ',ಹನುಮಂತಪ್ಪ',44',60',ಗಂಡು',',LINGAYATH',POLITICAL',NO'
MVJ3966553',ರಮಾದೇವಿ',ಈರಣ್ಣ',44',45',ಹೆಣ್ಣು',',LINGAYATH',HOUSE -WIFE',NO'
ALQ2560381',ರಮೇಶ್ ಕುಮಾರ್ ಟಿ ವಿ',ವೀರಣ್ಣ',44',25',ಗಂಡು',YES',LINGAYATH',SOFTWARE',NO'
ALQ0076182',ಟಿ ವಿ ಮುದ್ದಪ',ವೀರಭದ್ರಪ್ಪ',45',67',ಗಂಡು',',LINGAYATH',AGED',NO'
MVJ3462595',ಸಿದ್ದಗಂಗಮ್ಮ',ಟಿ ವಿ ಮುದ್ದವೀರಪ್ಪ',45',57',ಹೆಣ್ಣು',',LINGAYATH',HOUSE -WIFE',NO'
ALQ2915122',ವೀರಣ್ಣ ಟಿ ವಿ',ಟಿ ವಿ ವೀರಭದ್ರಯ',47',59',ಗಂಡು',',LINGAYATH',STREET WORK',NO'
ALQ1567395',ಪ್ರಮೀಳಮ್ಮ',ವೀರಣ್ಣ',47',53',ಹೆಣ್ಣು',',LINGAYATH',HOUSE -WIFE',NO'
ALQ2357473',ಗಂಗಮ್ಮ',ಲೇಟ್ ಗಂಗಣ್ಣ',49',64',ಹೆಣ್ಣು',',LINGAYATH',AGED',NO'
ALQ2913127',ನಾಗರಾಜು',ಗಂಗಣ್ಣ',49',47',ಗಂಡು',',LINGAYATH',FARMER',NO'
ALQ0025627',ನಿರ್ಮಲಮ್ಮ',ನಾಗರಾಜು',49',36',ಹೆಣ್ಣು',',LINGAYATH',HOUSE -WIFE',NO'
ALQ2913150',ಕೆಂಪಯ್ಯ',ಪಾಪಯ್ಯ',51',73',ಗಂಡು',',ST',AGED',NO'
ALQ0026872',ಟಿ ಕೆ ಉಮೇಶ್',ಕೆಂಪಯ್ಯ',51',33',ಗಂಡು',',ST',KOOLI',NO'
ALQ2913176',ಸಾಕಮ್ಮ',ಸರಸಿಯಪ್ಪ',52',75',ಹೆಣ್ಣು',',ST',AGED',NO'
ALQ2913184',ನಾರಾಯಣಪ್ಪ',ನರಸಿಯಪ್ಪ',52',49',ಗಂಡು',',ST',KOOLI',NO'
ALQ2913192',ಕೃಷ್ಣಪ್ಪ',ನರಸಿಯಪ್ಪ',52',45',ಗಂಡು',',ST',GOAT',NO'
MVJ3462272',ಮಂಗಳಮ್ಮ',ಕೃಷ್ಣಪ್ಪ',52',38',ಹೆಣ್ಣು',',ST',KOOLI',NO'
ALQ2083269',ಬಿ ಎನ್ ಶಿವಮ್ಮ',ಕೃಷ್ಣಪ್ಪ',54',30',ಹೆಣ್ಣು',',DEATH',',NO'
ALQ2913259',ಈರಮ್ಮ',ಚಿನ್ನಪ್ಪ',55',60',ಹೆಣ್ಣು',',ST',KOOLI',NO'
ALQ2333110',ಮಂಜುನಾಥ',ನರಸಿಂಹಪ್ಪ',55',36',ಗಂಡು',',ST',GAARE',NO'
ALQ2083277',ಟಿ ಸಿ ಹನುಮಂತಪ್ಪ',ಚಿನ್ನಪ್ಪ',55',32',ಗಂಡು',',ST',WOOD WORK',NO'
ALQ3200094',ಮುನಿರತ್ನ ಎನ್',ಟಿ ಸಿ ಹನುಮಂತಪ್ಪ',55',24',ಹೆಣ್ಣು',',ST',HOUSE -WIFE',NO'
ALQ2913291',ರತ್ನಮ್ಮ',ಶಿವಪ್ಪ',57',60',ಹೆಣ್ಣು',',ST',KOOLI',NO'
MVJ3967346',ಗೌರಮ್ಮ',ರುದ್ರಪ್ಪ',57',50',ಹೆಣ್ಣು',YES',VAKALIGA',CEMENT WORK',NO'
ALQ3055142',ಹನುಮಂತಪ್ಪ',ದಾಸಪ್ಪ',58',37',ಗಂಡು',YES',VAKALIGA',CEMANT WORK',NO'
ALQ0024448',ಲಕ್ಷ್ಮಮ್ಮ',ಹನುಮಂತಪ್ಪ',58',36',ಹೆಣ್ಣು',',ST',AGED',NO'
ALQ2913325',ತಿಮ್ಮಪ್ಪ',ವೆಂಕಟರಮಣಪ್ಪ',59',70',ಗಂಡು',',ST',AGED',NO'
ALQ2913333',ವೆಂಕಟೇಶ',ತಿಮ್ಮಪ್ಪ',59',43',ಗಂಡು',YES',ST',',NO'
MVJ3462108',ಟಿ ಟಿ ಮಹದೇವಪ್ಪ',ತಿಮ್ಮಪ್ಪ',59',35',ಗಂಡು',',ST',POLISH',NO'
ALQ2083293',ಪಿ ಲಲಿತಮ್ಮ',ವೆಂಕಟೇಶಮೂರ್ತಿ',59',31',ಹೆಣ್ಣು',YES',ST',GARMENTS',NO'
ALQ0026815',ಟಿ ಹೆಚ್ ಗಂಗರಾಜು',ಹೆಚ್ ಎನ್ ತಿಮ್ಮಯ್ಯ',59',30',ಗಂಡು',',ST',PRIVATE JOB',NO'
ALQ2155612',ಹೆಚ್ ಟಿ ಗಂಗರತ್ನಮ್ಮ',ತಿಮ್ಮರೆಡ್ಡಿ',59',27',ಹೆಣ್ಣು',',ST',PVT -TEACHER',NO'
ALQ3039732',ನವ್ಯ ಜಿ ಎ',ಟಿ ಟಿ ಮಹದೇವಪ್ಪ',59',24',ಹೆಣ್ಣು',',ST',HOUSE -WIFE',NO'
MVJ1377274',ಲಿಂಗಮ್ಮ',ಲಂಕೆಪ್ಪ',60',70',ಹೆಣ್ಣು',',DEATH',',NO'
MVJ1672963',ಗಂಗಮ್ಮ',ನಾಗರಾಜಪ್ಪ',60',53',ಹೆಣ್ಣು',',ST',HOUSE -WIFE',NO'
MVJ1379304',ನಾಗರಾಜಪ್ಪ',ಲಂಕೆಪ್ಪ',60',43',ಗಂಡು',',ST',FARMER',NO'
ALQ2560365',ಹರೀಶ ಟಿ ಎಸ್',ನಾಗರಾಜು',60',25',ಗಂಡು',',ST',GARMENTS',NO'
ALQ3111010',ಅರ್ಚನ ಟಿ ಎನ್',ನಾಗರಾಜು',60',20',ಹೆಣ್ಣು',',ST',STUDENT',NO'
ALQ2915262',ರಾಮಪ್ಪ',ಕೊಲ್ಲಾರಪ್ಪ',62',70',ಗಂಡು',',ST',BUSINESS',NO'
ALQ2915288',ಲಕ್ಷ್ಮಮ್ಮ',ರಾಮಪ್ಪ',62',55',ಹೆಣ್ಣು',',ST',TYILOR',NO'
ALQ2296168',ಟಿ ಆರ್ ಗಿರೀಶ್ ಕುಮಾರ್',ರಾಮಪ್ಪ',62',25',ಗಂಡು',',ST',CEMENT WORK',NO'
ALQ0075622',ನಾಗರಾಜಪ್ಪ ಟಿ ಜಿ',ಗಂಗಪ್ಪ',65',65',ಗಂಡು',',ST',GAARE',NO'
ALQ0075614',ನರಸಮ್ಮ',ನಾಗರಾಜು',65',55',ಹೆಣ್ಣು',',ST',SCHOOL FOOD MAKER',NO'
ALQ1873199',ಮಹೇಂದ್ರಕುಮಾರ್ ಟಿ ಎಸ್',ನಾಗರಾಜಪ್ಪ',65',30',ಗಂಡು',',ST',FACTORY WORKER',NO'
ALQ3008364',ಸರಸ್ವತಿ ಎನ್',ಟಿ ಎನ್ ಮಹೇಂದ್ರ ಕುಮಾರ್',65',25',ಹೆಣ್ಣು',',ST',HOUSE -WIFE',NO'
ALQ0076364',ಜಯಮ್ಮ',ಹನುಮಂತರಾಯಪ',66',65',ಹೆಣ್ಣು',',BAJANTHRI',AGED',NO'
ALQ2083343',ಟಿ ಹೆಚ್ ಗಂಗರಾಜು',ಹನುಮಂತರಾಯ',66',46',ಗಂಡು',',BAJANTHRI',KSRTC- DRIVER',NO'
MVJ1378090',ಟಿ ಎಚ್ ನಾಗರಾಜು',ಹನುಮಂತರಾಯಪ್ಪ',66',40',ಗಂಡು',',BAJANTHRI',HAIR CUT',NO'
ALQ2083335',ವೈ ರಾಧಾ',ಟಿ ಹೆಚ್ ಗಂಗರಾಜ',66',39',ಹೆಣ್ಣು',',BAJANTHRI',HOUSE -WIFE',NO'
ALQ0076042',ಶಾರದಮ್ಮ',ನಾಗರಾಜ',66',34',ಹೆಣ್ಣು',',BAJANTHRI',HOUSE -WIFE',NO'
ALQ0078642',ಪಾರ್ವತಮ್ಮ',ಚಂದ್ರಮೌಳಿ',67',65',ಹೆಣ್ಣು',',LINGAYATH',HOUSE -WIFE',NO'
MVJ1376722',ಟಿ ಸಿ ಚೌಡಪ್ಪ',ಚಂದ್ರಮೌಳಿ',67',40',ಗಂಡು',',LINGAYATH',FARMER',NO'
ALQ2296259',ಮಮತ ಪಿ ಸಿ',ಟಿ ಸಿ ಚೌಡಪ್ಪ',67',25',ಹೆಣ್ಣು',',LINGAYATH',HOUSE -WIFE',NO'
ALQ2913390',ಟಿ ವಿ ಚಂದ್ರಶೇಖರ್',ವೀರಭದ್ರಯ್ಯ',68',66',ಗಂಡು',YES',LINGAYATH',COIN SHOP',NO'
ALQ2913408',ಕೆ ಎಸ್ ಗಿರಿಜಮ್ಮ',ಟಿ ವಿ ಚಂದ್ರಶೇಖರ್',68',60',ಹೆಣ್ಣು',YES',LINGAYATH',HOUSE -WIFE',NO'
ALQ1566819',ಎಸ್ ಶಿಲ್ಪ',ಟಿ ಸಿ ಶೋಟಸ್ ಬ',68',35',ಹೆಣ್ಣು',YES',LINGAYATH',GOV-CIVIL ENGINNEER',NO'
ALQ2913416',ಸುಬ್ಬಲಕ್ಷ್ಮಮ್ಮ',ನಾಗರಾಜಪ್ಪ ಟಿ ವಿ',69',60',ಹೆಣ್ಣು',',LINGAYATH',HOUSE -WIFE',NO'
ALQ2913424',ಗುರುಪ್ರಸಾದ್ ಟಿ ಎನ್',ನಾಗರಾಜಪ್ಪ ಟಿ ವಿ',69',45',ಗಂಡು',',KUMBA',REVENUE ',NO'
ALQ2083673',ಸರಸ್ವತಮ್ಮ',ಗುರುಪ್ರಸಾದ್',69',33',ಹೆಣ್ಣು',',KUMBA',HOUSE -WIFE',NO'
ALQ2913440',ಲಕ್ಷ್ಮಮ್ಮ',ರಾಮಕೃಷ್ಣಪ್ಪ',70',47',ಹೆಣ್ಣು',',NAYAK',HOUSE -WIFE',NO'
ALQ0024406',ಟಿ ಆರ್ ನಾಗರಾಜು',ರಾಮಕೃಷ್ಣಪ್ಪ',70',31',ಗಂಡು',',NAYAK',TEMPO DRIVER',NO'
ALQ2083350',ಆರ್ ಜಯಲಕ್ಷ್ಮಿ',ರಾಮಕೃಷ್ಣಪ್ಪ',70',28',ಹೆಣ್ಣು',',NAYAK',HOUSE -WIFE',NO'
ALQ2436186',ಅರುಣ್ ಕುಮಾರ ಟಿ ಆರ್',ರಾಮಕೃಷ್ಣಪ್ಪ',70',26',ಗಂಡು',',NAYAK',TEMPO DRIVER',NO'
ALQ2435071',ರೂಪ ಎಮ್',ಟಿ ಆರ್ ನಾಗರಾಜು',70',24',ಹೆಣ್ಣು',',NAYAK',HOUSE -WIFE',NO'
ALQ3214483',ಸುಮ ಜಿ ಎನ್',ಅರುಣ್ ಕುಮಾರ್ ಆರ್',70',19',ಹೆಣ್ಣು',',NAYAK',HOUSE -WIFE',NO'
ALQ0076794',ಗೌರಮ್ಮ',ಎಸ್ ಸೋಮೇಶ್ವರಯ್ಯ',7 1',65',ಹೆಣ್ಣು',',LINGAYATH',HOUSE -WIFE',NO'
MVJ1379601',ಶಂಕರಮ್ಮ',ಸೋಮೇಶ್ವರಯ್ಯ',7 1',36',ಹೆಣ್ಣು',',LINGAYATH',HOUSE -WIFE',NO'
MVJ1379320',ಆಂಜನಪ್ಪ',ಕೊಲ್ಲಾರಪ್ಪ',72',65',ಗಂಡು',',ST',KOOLI',NO'
MVJ3462330',ಅದಮ್ಮ',ಆಂಜನಪ್ಪ',72',61',ಹೆಣ್ಣು',',ST',HOUSE -WIFE',NO'
ALQ0025247',ಟಿ ಆರ್ ಗೀತಾ',ರಾಮಕೃಷ್ಣಪ್ಪ',72',37',ಹೆಣ್ಣು',',ST',HOUSE -WIFE',NO'
ALQ0024596',ಟಿ ಎ ನಾಗರಾಜ',ಅಂಜನಪ್ಪ',72',34',ಗಂಡು',',ST',PVT-BUS DRIVER',NO'
ALQ2296242',ಅನಿತ ಜಿ',ಟಿ ಎ ನಾಗರಾಜು',72',25',ಹೆಣ್ಣು',',ST',HOUSE -WIFE',NO'
ALQ3126406',ಮಧು ಟಿ ಕೆ ಇತರೆ ಸಂಬಂಧಿಯ',ಅಂಜಿನ',72',20',ಹೆಣ್ಣು',',ST',STUDENT',NO'
ALQ2913457',ಟಿ ಎಂ ಗಂಗಧರಪ್ಪ',ಯ ಮುದ್ದಣ್ಣ',73',75',ಗಂಡು',',LINGAYATH',AGED',NO'
MVJ1377068',ಪ್ರಭುದೇವ',ಗಂಗಾಧರಪ್ಪ TM',73',48',ಗಂಡು',',LINGAYATH',KSRTC -DRIVER',NO'
ALQ2913465',ನಟೇಶ',ಗಂಗಾಧರಪ್ಪ TM',73',43',ಗಂಡು',',LINGAYATH',FARMER',NO'
MVJ1380054',ವಿಶ್ವನಾಥ',ಗಂಗಾಧರಪ್ಪ',73',42',ಗಂಡು',',LINGAYATH',FARMER',NO'
MVJ1376748',ಪ್ರಸನ್ನಕುಮಾರ್',ಗಂಗಾಧರಪ್ಪ',73',41',ಗಂಡು',',LINGAYATH',KSRTC DRIVER',NO'
ALQ0025833',ಗೌರಮ್ಮ',ಟಿ ಜಿ ವಿಶ್ವನಾಥ',73',73',ಹೆಣ್ಣು',',LINGAYATH',HOUSE -WIFE',NO'
ALQ0025841',ಕೆಸೌಭಾಗ್ಯ',ಪ್ರಭುದೇವ',73',36',ಹೆಣ್ಣು',',LINGAYATH',HOUSE -WIFE',NO'
ALQ2083368',ಜಲಜಾಕ್ಷಿ ಕೆ ಎಸ್',ಟಿ ಜಿ ಪ್ರಸನ್ನಕುಮಾರ',73',33',ಹೆಣ್ಣು',',LINGAYATH',HOUSE -WIFE',NO'
ALQ3139789',ಹರೀಶ',ಗಂಗಾಧರಪ್ಪ',73',21',ಗಂಡು',YES',LINGAYATH',',NO'
ALQ2913473',ರೇವಣ್ಣ',ಗಂಗಣ್ಣ',74',65',ಗಂಡು',',VAKALIGA',RE-KSRTC -DRIVER',NO'
ALQ2913481',ಗೌರಮ್ಮ',ರೇವಣ್ಣ',74',57',ಹೆಣ್ಣು',',VAKALIGA',HOUSE -WIFE',NO'
MVJ1379544',ರಂಗನಾಥ್',ರೇವಣ್ಣ',74',44',ಗಂಡು',YES',VAKALIGA',FACTORY WORKER',NO'
ALQ2083376',ಕೆ ಆರ್ ಸರಸ್ವತಿ',ಟಿ ಆರ್ ರಂಗನಾಥ',74',33',ಹೆಣ್ಣು',',VAKALIGA',HOUSE -WIFE',NO'
ALQ2913499',ಟಿ ಜಿ ಬಸವರಾಜು',ಟಿ ಪಿ ಗಂಗಾಧರಪ್ಪ',75',67',ಗಂಡು',',VAKALIGA',DAIRY ',NO'
ALQ0076851',ಟಿ ವಿ ವರಲಕ್ಷ್ಮಮ್ಮ',ಟಿ ಜಿ ಬಸವರಾಜು',75',55',ಹೆಣ್ಣು',',VAKALIGA',HOUSE -WIFE',NO'
ALQ2083681',ಟಿ ಎಸ್ ಮಮತ',ಟಿ ಜಿ ಶಿವಶಂಕರಯ್ಯ',75',31',ಹೆಣ್ಣು',YES',LINGAYATH',',NO'
ALQ2083384',ಎಸ್ ಉಷಾ',ಟಿ ಜಿ ಶಿವಶಂಕರ',75',29',ಹೆಣ್ಣು',',LINGAYATH',STUDENT',NO'
ALQ2560175',ಕಿರಣ್ ಕುಮಾರ್ ಬಿ',ಬಸವರಾಜು ಟಿ ಜಿ',75',23',ಗಂಡು',',VAKALIGA',STUDENT',NO'
ALQ2913515',ಲಕ್ಷ್ಮಮ್ಮ',ರಾಮಕೃಷ್ಣಪ್ಪ',76',66',ಹೆಣ್ಣು',',KUMBA',AGED',NO'
ALQ0024521',ಟಿ ಆರ್ ಹರಿಕೃಷ್ಣ',ರಾಮಕೃಷ್ಣಪ್ಪ',76',34',ಗಂಡು',YES',KUMBA',',NO'
ALQ0025221',ಭಾಗ್ಯ ಟಿ ಆರ್',ರಾಮಕೃಷ್ಣಪ್ಪ',76',31',ಹೆಣ್ಣು',YES',KUMBA',',NO'
ALQ2408193',ಗಿರೀಶ್ ಟಿ ಆರ್',ರಾಮಕೃಷ್ಣಪ್ಪ',76',30',ಗಂಡು',YES',KUMBA',',NO'
ALQ3031994',ರಾಧ ಬಿ ವಿ',ಟಿ ಆರ್ ಹರಿಕೃಷ್ಣ',76',26',ಹೆಣ್ಣು',',KUMBA',HOUSE -WIFE',NO'
ALQ2913523',ಸಂಜೀವಪ್ಪ',ದೊಡ್ಡಸಂಜೀವಪ್ಪ',77',63',ಗಂಡು',',ST',KOOLI',NO'
ALQ2913531',ವೆಂಕಟಮ್ಮ',ಸಂಜೀವಪ್ಪ',77',51',ಹೆಣ್ಣು',',ST',HOUSE -WIFE',NO'
ALQ2083400',ಕುಮಾರ',ಸಂಜೀವಪ್ಪ',77',34',ಗಂಡು',',ST',KOOLI',NO'
ALQ2083392',ಟಿ ಲಕ್ಷ್ಮಿ',ಕುಮಾರ',77',32',ಹೆಣ್ಣು',',ST',KOOLI',NO'
ALQ1567544',ರತ್ನಮ್ಮ',ಹೇಮಣ್ಣ',78',57',ಹೆಣ್ಣು',',ST',KOOLI',NO'
ALQ2353464',ರಾಜಣ್ಣ ಟಿ ಹೆಚ್ ತಾಯಿಯ',ರತ್ನಮ್ಮ',78',35',ಗಂಡು',YES',ST',',NO'
ALQ2354090',ರಮ್ಯಸಿ ಎನ್',ರಾಜಣ್ಣ ಟಿ ಹೆಚ್',78',32',ಹೆಣ್ಣು',',ST',HOUSE -WIFE',NO'
ALQ2913549',ಸಂಜೀವಪ್ಪ',ಚಿಕ್ಕಾಯಪ್ಪ',79',63',ಗಂಡು',',ST',SECURITY',NO'
ALQ2913556',ರಾಜಮ್ಮ',ಸಂಜೀವಪ್ಪ',79',51',ಹೆಣ್ಣು',',ST',HOUSE -WIFE',NO'
ALQ2378222',ರಾಮಾಂಜಿನಪ್ಪ ಟಿ ಎಸ್',ಸಂಜೀವಪ್ಪ',79',28',ಗಂಡು',',ST',KOOLI',NO'
ALQ2913564',ಜೈಬುನ್ನಿಸಾ',ಮಹಬೂಬ ಸಾಬ್',80',53',ಹೆಣ್ಣು',',MUSLIM',SCHOOL CLEANER',NO'
ALQ2083426',ಟಿ ಎಂ ಇಮಾಮ್ ಸಾಬ್',ಮೆಹಬೂಬ್ ಸಾಬ',80',37',ಗಂಡು',',MUSLIM',HOME',YES'
ALQ2083418',ಮಮ್ರಾಜ್',ಟಿ ಎಂ ಇಮಾಮ್ ಸಾಬ್',80',32',ಹೆಣ್ಣು',',MUSLIM',GARMENTS',NO'
ALQ2913580',ರಾಮಪ್ಪ',ಚಿಕ್ಕಾಯಪ್ಪ',81',55',ಗಂಡು',',ST',KOOLI',NO'
ALQ2913598',ಹನುಮಂತಯ್ಯ',ಚಿಕ್ಕಾಯಪ್ಪ',81',50',ಗಂಡು',',ST',KOOLI',NO'
ALQ2913606',ಓಬಳಮ್ಮ',ರಾಮಪ್ಪ',81',45',ಹೆಣ್ಣು',',ST',HOUSE -WIFE',NO'
ALQ2913614',ಭಾಗ್ಯಮ್ಮ',ಹನುಮಂತಯ್ಯ',81',45',ಹೆಣ್ಣು',',ST',HOUSE -WIFE',NO'
ALQ2978195',ಟಿ ಹೆಚ್ ಹೇಮಾ',ಹನುಮಂತಯ್ಯ',81',24',ಹೆಣ್ಣು',',ST',GARMENTS',NO'
ALQ3039757',ರಾಜೇಶ್ ಟಿ ಆರ್',ರಾಮಪ್ಪ',81',22',ಗಂಡು',',ST',GARMENTS',NO'
MVJ1378330',ಸಣ್ಣಪ್ಪಯ್ಯ',ಚಿಕ್ಕಾಯಪ್ಪ',82',60',ಗಂಡು',',ST',KOOLI',NO'
ALQ2913622',ಅಶ್ವತ್ಥಮ್ಮ',ಸಣ್ಣಪ್ಪಯ್ಯ',82',50',ಹೆಣ್ಣು',',ST',HOUSE -WIFE',NO'
ALQ2436129',ಶಶಿಕುಮಾರ ಎಸ್',ಸಣ್ಣಪ್ಪಯ್ಯ',82',3',ಗಂಡು',',DEATH',',NO'
ALQ2913630',ನಾಗರಾಜು',ನರಸೀಯಪ್ಪ',84',50',ಗಂಡು',',ST',KOOLI',NO'
ALQ0026039',ಕೆಂಪಮ್ಮ',ನಾಗರಾಜು',84',38',ಹೆಣ್ಣು',',ST',KOOLI',NO'
ALQ0076299',ಅರಸಪ್ಪ',ನರಸೀಯಪ್ಪ',85',65',ಗಂಡು',',ST',KURI',NO'
ALQ2913648',ಲಕ್ಷ್ಮೀನರಸಮ್ಮ',ಅರಸಪ್ಪ',85',60',ಹೆಣ್ಣು',',ST',KURI',NO'
ALQ2357184',ಹರೀಶ ಟಿ ಎ',ಅರಸಪ್ಪ',85',26',ಗಂಡು',',ST',TRACTER DRIVER',NO'
ALQ2560159',ನರೇಂದ್ರ ಟಿ ಎ',ಅರಸಪ್ಪ',85',24',ಗಂಡು',',ST',GAARE',NO'
ALQ2978344',ಗಂಗಮ್ಮ ಕೆಸಿ',ಹರೀಶ ಟಿ ಎ',85',23',ಹೆಣ್ಣು',',ST',HOUSE -WIFE',NO'
MVJ1377845',ಲಕ್ಷ್ಮಯ್ಯ',ಮರಿಯಪ್ಪ',86',85',ಗಂಡು',',EDIGA',CHECKEN SHOP',NO'
ALQ0026328',ರತ್ನಮ್ಮ',ಲಕ್ಷ್ಮಯ್ಯ',86',75',ಹೆಣ್ಣು',',EDIGA',HOUSE -WIFE',NO'
MVJ1376813',ಭೂಲಕ್ಷ್ಮಮ್ಮ',ಸಂಜೀವಮೂರ್ತಿ',86',50',ಹೆಣ್ಣು',',EDIGA',KOOLI',NO'
MVJ1378678',ಸಂಜೀವಮೂರ್ತಿ',ಲಕ್ಷ್ಮಯ್ಯ',86',40',ಗಂಡು',',EDIGA',HOME',YES'
ALQ2083434',ಟಿ ಎಸ್ ರವಿಕುಮಾರ್',ಟಿ ಎಲ್ ಸಂಜೀವಮೂರ್ತಿ',86',28',ಗಂಡು',YES',EDIGA',',NO'
ALQ2342913',ನವೀನ್ ಕುಮಾರ್ ಟಿ ಎಸ್',ಸಂಜೀವಮೂರ್ತಿ',86',26',ಗಂಡು',YES',EDIGA',',NO'
ALQ2913655',ಶಿವಪ್ಪ',ಚಿಕ್ಕವೀರಭದ್ರಪ್ಪ',88',60',ಗಂಡು',',ST',BUSINESS',NO'
ALQ2913663',ಲಕ್ಷ್ಮಮ್ಮ',ಶಿವಪ್ಪ',88',50',ಹೆಣ್ಣು',',ST',HOUSE -WIFE',NO'
ALQ2083442',ಟಿ ಎಸ್ ಜಗದೀಶ',ಶಿವಪ್ಪ',88',28',ಗಂಡು',',ST',KOOLI',NO'
ALQ2436111',ಪ್ರಕಾಶ ಟಿ ಎಸ್',ಶಿವಪ್ಪ',88',26',ಗಂಡು',',ST',TRACTER DRIVER',NO'
ALQ2978070',ವರಲಕ್ಷ್ಮಿ ಎನ್',ಜಗದೀಶ ಟಿ ಎಸ್',88',22',: ಹೆಣ್ಣು',',ST',KOOLI',NO'
ALQ2913671',ತಿಮ್ಮಪ್ಪ',ಚಿಕ್ಕವೀರಭದ್ರಪ್ಪ',89',70',ಗಂಡು',',ST',FARMER',NO'
ALQ2913689',ತೊಳಸಮ್ಮ',ತಿಮ್ಮಪ್ಪ',89',60',ಹೆಣ್ಣು',',ST',HOUSE -WIFE',NO'
ALQ2913697',ರುದ್ರಪ್ಪ',ಚಿಕ್ಕವೀರಭದ್ರಪ್ಪ',90',70',ಗಂಡು',',ST',COIN SHOP',NO'
ALQ2913705',ಲಕ್ಷ್ಮಮ್ಮ',ರುದ್ರಪ್ಪ',90',60',ಹೆಣ್ಣು',',DEATH',',NO'
ALQ2913713',ರವಿಶಂಕರ್',ರುದ್ರಪ್ಪ',90',47',ಗಂಡು',YES',ST',',NO'
MVJ1377316',ನಾಗರಾಜು',ರುದ್ರಪ್ಪ',90',43',ಗಂಡು',',ST',BUSINESS',NO'
MVJ1377670',ಜಗದಾಂಬಿಕ',ರವಿಶಂಕರ್',90',43',ಹೆಣ್ಣು',',ST',HOUSE -WIFE',NO'
MVJ1377506',ಟಿ ಟಿ ಶಿವಕುಮಾರ್',ತಿಮ್ಮಪ್ಪ',90',42',ಗಂಡು',',ST',TRACTOR DRIVER',NO'
MVJ3966850',ಆರ್ ಚಂದ್ರಿಕಾ',ರುದ್ರಪ್ಪ ವಿ',90',35',ಹೆಣ್ಣು',',ST',PVT-TEACHER',NO'
ALQ0024927',ನಾಗಮಣಿ',ಟಿ ಟಿ ಶಿವಕುಮಾರ್',90',30',ಹೆಣ್ಣು',',ST',HOUSE -WIFE',NO'
ALQ2436160',ಅಂಬಿಕ',ನಾಗರಾಜು',90',26',ಹೆಣ್ಣು',',ST',HOUSE -WIFE',NO'
ALQ2913721',ವೆಂಕಟಲಕ್ಷ್ಮಮ್ಮ',ನಾರಾಯಣಪ್ಪ',9',65',ಹೆಣ್ಣು',',ST',AGED',NO'
ALQ2913739',ವೆಂಕಟೇಶ್',ನಾರಾಯಣಪ್ಪ',91',50',ಗಂಡು',YES',ST',',NO'
MVJ1377647',ನಾಗರತ್ನಮ್ಮ',ವೆಂಕಟೇಶ್',91',40',ಹೆಣ್ಣು',YES',ST',',NO'
MVJ1380336',ರಾಜಪ್ಪ',ನಾರಾಯಣಪ್ಪ',91',38',ಗಂಡು',',ST',KOOLI',NO'
ALQ2913747',ಲಿಂಗಪ್ಪ',ನರಸಿಂಹಪ್ಪ',93',85',ಗಂಡು',',DEATH',',NO'
ALQ2913754',ಲಕ್ಷ್ಮಮ್ಮ',ತಿಮ್ಮಪ್ಪ',93',51',ಹೆಣ್ಣು',',ST',KOOLI',NO'
ALQ2083459',ನಂಜುಂಡಯ್ಯ',ನರಸಿಂಹಯ್ಯ',93',38',ಗಂಡು',',ST',PVT BUS DRIVER',NO'
ALQ2083467',ಟಿ ರಾಧಮ್ಮ',ನಂಜುಂಡಯ್ಯ',93',33',ಹೆಣ್ಣು',',ST',HOUSE -WIFE',NO'
ALQ2296176',ಶಿವರಾಜ ಟಿ',ಲೇಟ್ ತಿಮ್ಮಪ್ಪ',93',27',ಗಂಡು',',ST',BAR CSHER',NO'
ALQ2435063',ಪುಟ್ಟರಾಜ ಟಿ',ತಿಮ್ಮಪ್ಪ',93',24',ಗಂಡು',',ST',STUDENT',NO'
ALQ2913770',ನರಸಮ್ಮ',ನಾಗಪ್ಪ',94',55',ಹೆಣ್ಣು',',ST',HOUSE -WIFE',NO'
ALQ2083475',ಎನ್ ನಾಗರಾಜು',ನಾಗಪ್ಪ',94',32',ಗಂಡು',',DEATH',',NO'
ALQ2978310',ಅನಿತ ಟಿ ಎನ್',ನಾಗರಾಜು',94',22',ಹೆಣ್ಣು',',ST',GARMENTS',NO'
ALQ2913788',ಸುಜಾತಮ್ಮ',ಟಿ ವಿ ಶಿವರುದ್ರಪ್ಪ',95',60',ಹೆಣ್ಣು',',LINGAYATH',FARMER',NO'
MVJ3966645',ಟಿ ಎಸ್ ಮಂಜುನಾಥ್',ಟಿ ವಿ ಶಿವರುದ್ರಪ್ಪ',95',40',ಗಂಡು',',LINGAYATH',FARMER',NO'
MVJ3462173',ವಿಜಯಕುಮಾರ್',ಟಿ ವಿ ಶಿವರುದ್ರಪ್ಪ',95',38',ಗಂಡು',',LINGAYATH',LARY DRIVER',NO'
ALQ2560415',ಪೆದ್ದ ನಂಜಪ್ಪ ಗಾರಿ ಗಾಯತ್ರಮ್ಮ',ಮಂಜುನಾಥ',95',37',ಹೆಣ್ಣು',',LINGAYATH',HOUSE -WIFE',NO'
ALQ0076869',ಈಶ್ವರಯ್ಯ',ಟಿ ವಿ ಶಿವರುದ್ರಯ್ಯ',95',33',ಗಂಡು',',LINGAYATH',KSRTC DEPO MECHANIC',NO'
ALQ0026419',ಟಿ ಎಸ ಚಂದ್ರಶೇಖರ',ಟಿ ವಿ ಶಿವರುದ್ರಯ',95',32',ಗಂಡು',',LINGAYATH',FARMER',NO'
ALQ2560340',ಸಿ ಎಸ್ ಕಲ್ಪನ',ವಿಜಯ ಕುಮಾರ ಟಿ ಎಸ್',95',26',ಹೆಣ್ಣು',',LINGAYATH',HOUSE -WIFE',NO'
MVJ1376839',ಗುಂಡಪ್ಪ',ದೊಡ್ಡದಾಸಪ್ಪ',97',70',ಗಂಡು',',ST',AGED',NO'
MVJ1377167',ಸಂಜೀವಮ್ಮ',ಗುಂಡಪ್ಪ',97',60',ಹೆಣ್ಣು',',ST',AGED',NO'
ALQ2913796',ಓಬಳೇಶಪ್ಪ',ಗವಿಯಪ್ಪ',97',55',ಗಂಡು',',ST',KOOLI',NO'
MVJ1377159',ವೆಂಕಟಲಕ್ಷ್ಮಮ್ಮ',ಓಬಳೇಶಪ್ಪ',97',50',ಹೆಣ್ಣು',',ST',HOUSE -WIFE',NO'
ALQ3055209',ಗಂಗಲಕ್ಷ್ಮಮ್ಮ',ಓಬಳೇಶಪ್ಪ',97',26',ಹೆಣ್ಣು',',ST',STUDENT',NO'
ALQ3055183',ಪ್ರಸಾದ ಟಿ',ಓಬಳೇಶಪ್ಪ',97',24',ಗಂಡು',',ST',HOTEL',NO'
ALQ3055191',ನರಸಿಂಹಮೂರ್ತಿ ಟಿ ಎನ್',ಓಬಳೇಶಪ್ಪ',97',24',ಗಂಡು',',ST',HOTEL',NO'
ALQ2913804',ನರಸಿಂಹಯ್ಯ',ಜೂಲಪ್ಪ',98',65',ಗಂಡು',',ST',KURI',NO'
ALQ2913812',ಲಕ್ಷ್ಮಮ್ಮ',ನರಸಿಂಹಯ್ಯ',98',55',ಹೆಣ್ಣು',',ST',HOUSE -WIFE',NO'
MVJ1376706',ಟಿ ಎನ್ ರುದ್ರೇಶ',ನರಸಿಂಹಯ್ಯ',98',38',ಗಂಡು',',ST',TRACTOR DRIVER',NO'
ALQ0026302',ಟಿ ಎನ್ ನಾಗೇಶ',ನರಸಿಂಹಪ್ಪ',98',35',ಗಂಡು',',ST',TRACTER DRIVER',NO'
ALQ2436137',ರಾಧ ಕೆ ವಿ',ಟಿ ಎನ್ ರುದ್ರೇಶ',98',29',ಹೆಣ್ಣು',',ST',HOUSE -WIFE',NO'
ALQ2913820',ಫಕೃದೀನ್ ಸಾಬ್',ಭಾಷಾಸಾಬ್',99',55',ಗಂಡು',',MUSLIM',FLOWER MARCHANT',NO'
ALQ2913838',ಗೊರಿಮಾ',ಫಕೃದೀನ್ ಸಾಬ್',99',50',ಹೆಣ್ಣು',',MUSLIM',FLOWER MARCHANT',NO'
MVJ1378280',ಮಹಬೂಬ್ ಬಾಷಜೆ',ಜಿಕ್ರಿಯಾ',99',41',ಗಂಡು',',MUSLIM',FACTORY WORKER',NO'
ALQ2083319',ಟಿ ಪಿ ಅಮ್ ಜಾದ್',ಫಕೃದ್ದೀನ್ ಸಾಬ್',99',33',ಗಂಡು',',MUSLIM',COIN SHOP',NO'
ALQ2083301',ಟಿ ಪಿ ಬಾಬು',ಫಕೃದ್ದೀನ್ ಸಾಬ್',99',31',ಗಂಡು',YES',MUSLIM',GOV WATER SAFLEY',NO'
ALQ2083327',ಜಬೀವುಲ್ಲಾ',ಜಕ್ರಿಯಾ ಸಾಬ್',99',30',ಗಂಡು',',MUSLIM',PETROL BUNK',NO'
ALQ2978187',ಶಬಾನ ಬಾನು',ಅಮ್ಮದ್ ಟಿ ಪಿ',99',26',ಹೆಣ್ಣು',',MUSLIM',FLOWER MARCHANT',NO'
ALQ2466563',ಷಾಹೀನಬಾನು',ಫಕೃದ್ದೀನ್ ಸಾಬ್',99',25',ಹೆಣ್ಣು',',MUSLIM',FLOWER MARCHANT',NO'
ALQ2560407',ಸಲೀಂ ಪಾಷ',ಜಿಕ್ರಿಯಾ ಸಾಬ್',99',23',ಗಂಡು',',MUSLIM',STUDENT',NO'
ALQ3196664',ಸಮೀನಾ',ಟಿ ಪಿ ಬಾಬು',99',21',ಹೆಣ್ಣು',',MUSLIM',FLOWER MARCHANT',NO'
ALQ2913846',ಪುಟ್ಟರುದ್ರಮ್ಮ',ಸಂಜೀವಪ್ಪ',100',55',ಹೆಣ್ಣು',',ST',AGED',NO'
MVJ3462975',ಲೋಕೇಶ',ಸಂಜೀವಪ್ಪ',100',37',ಗಂಡು',',ST',TREE CUTER',NO'
ALQ1566850',ನಾಗರತ್ನಮ್ಮ',ಲೋಕೇಶ್',100',33',ಹೆಣ್ಣು',',ST',TREE CUTER',NO'
ALQ2560332',ರಾಜ ಎಸ್',ಲೇಟ್ ಸಂಜೀವಪ',100',26',ಗಂಡು',',ST',GOAT',NO'
ALQ0075549',ತಿಪ್ಪಣ್ಣ',ಈರತಿಪ್ಪಯ್ಯ',101',55',ಗಂಡು',',ST',KOOLI',NO'
MVJ1378405',ವೆಂಕಟಲಕ್ಷ್ಮಮ್ಮ',ತಿಪ್ಪಣ್ಣ',101',47',ಹೆಣ್ಣು',',ST',KOOLI',NO'
ALQ0024372',ರಾಮಕೃಷ್ಣ',ತಿಪ್ಪಣ್ಣ',101',32',ಗಂಡು',',ST',KOOLI',NO'
ALQ2913853',ಅಶ್ವತ್ಥಪ್ಪ',ಗೋವಿಂದಪ್ಪ',102',60',ಗಂಡು',',ST',VEGITABLE MARCHANT',NO'
ALQ2913861',ನಾರಾಯಣಮ್ಮ',ಅಶ್ವತ್ಥಪ್ಪ',102',51',ಹೆಣ್ಣು',',ST',KOOLI',NO'
MVJ1379874',ಕೃಷ್ಣಪ್ಪ',ಚನ್ನಪ್ಪ',102',38',ಗಂಡು',',ST',KOOLI',NO'
ALQ0025825',ನಾಗರಾಜು',ಅಶ್ವತ್ಥಪ್ಪ',102',31',ಗಂಡು',',ST',DRIVER',NO'
ALQ2560399',ಎನ್ ಶೋಭಾ',ನಾಗರಾಜು',102',28',ಹೆಣ್ಣು',',ST',GARMENTS',NO'
ALQ2976355',ಮಂಗಳ ಟಿ ಎ',ಕೃಷ್ಣಪ್ಪ',102',28',ಹೆಣ್ಣು',',ST',GARMENTS',NO'
ALQ2436178',ರಾಮಾಂಜಿ ಟಿ ಎ',ಅಶ್ವತಪ್ಪ',102',24',ಗಂಡು',YES',ST',',NO'
ALQ3055217',ಶಿವಮ್ಮ ಟಿ ಎ',ಅಶ್ವತ್ಥಪ್ಪ',102',21',ಹೆಣ್ಣು',',ST',KOOLI',NO'
ALQ2913879',ವೆಂಕಟಶಾಮಪ್ಪ',ದೊಡ್ಡದಾಸಪ್ಪ',103',70',ಗಂಡು',',ST',KOOLI',NO'
MVJ1378660',ಗಂಗಮ್ಮ',ವೆಂಕಟಶಾಮಪ್ಪ',103',36',ಹೆಣ್ಣು',YES',ST',',NO'
ALQ0024380',ದಿನೇಶ್',ವೆಂಕಟಶ್ಯಾಮಪ್ಪ',103',31',ಗಂಡು',',DEATH',',NO'
ALQ2913887',ಕೃಷ್ಣಪ್ಪ',ಮುನಿಸ್ವಾಮಪ್ಪ',104',60',ಗಂಡು',',ST',GOAT',NO'
ALQ2913895',ಗಂಗಮ್ಮ',ಕೃಷ್ಣಪ್ಪ',104',47',ಹೆಣ್ಣು',',ST',HOUSE -WIFE',NO'
ALQ0024570',ಟಿ ಕೆ ರವಿಕುಮಾರ್',ಕೃಷ್ಣಪ್ಪ',104',34',ಗಂಡು',',ST',HOME',NO'
ALQ2296010',ಕವಿತ ಟಿ ಕೆ',ರವಿಕುಮಾರ್ ಟಿ ಕೆ',104',29',ಹೆಣ್ಣು',',ST',HOUSE -WIFE',NO'
MVJ1379858',ವೆಂಕಟರಮಣಪ್ಪ',ಗಂಗಾಧರಪ್ಪ',105',75',ಗಂಡು',',SC',AGED',NO'
ALQ2913903',ಸಾಕಮ್ಮ',ವೆಂಕಟರಮಣಪ್ಪ',105',65',ಹೆಣ್ಣು',',SC',KOOLI',NO'
ALQ2913911',ಗಂಗಾಧರ',ವೆಂಕಟರಮಣಪ್ಪ',105',45',ಗಂಡು',',SC',KOOLI',NO'
ALQ2083491',ಎ ಸ್ವಾತಿ',ಗಂಗಾಧರ',105',28',ಹೆಣ್ಣು',',SC',KOOLI',NO'
ALQ2913929',ಇಮಾಮ್ ಸಾಬ್',ಭಾಷಾಸಾಬ್',106',57',ಗಂಡು',',MUSLIM',FLOWER MARCHANT',NO'
ALQ2913937',ಗುಡ್ಡಿರಾಭಿ',ಇಮಾಮ್ಯಾಬ್',106',50',ಹೆಣ್ಣು',',MUSLIM',FLOWER MARCHANT',NO'
MVJ1377704',ರೇಷ್ಮಾ',ಇಮಾಂಸಾಬ್',106',37',ಹೆಣ್ಣು',',MUSLIM',FLOWER MARCHANT',NO'
ALQ2466589',ಮಹಬೂಬು ಭಾಷ',ಇಮಾಮ್ ಸಾಬ್',106',24',ಗಂಡು',',MUSLIM',FLOWER MARCHANT',NO'
ALQ2913945',ದಸ್ತಗಿರ್ ಸಾಬ್',ಭಾಷಾಸಾಬ್',107',60',ಗಂಡು',',MUSLIM',FLOWER MARCHANT',NO'
ALQ2913952',ಮಹಬೂಬಿ',ದಸ್ತಗಿರ್ ಸಾಬ್',107',45',ಹೆಣ್ಣು',',MUSLIM',FLOWER MARCHANT',NO'
MVJ1379007',ಕಲೀಲ್\u200cಸಾಬ್',ದಸ್ತಗಿರಿಸಾಬ್',107',36',ಗಂಡು',',MUSLIM',FLOWER MARCHANT',NO'
ALQ2083509',ಶಾಹಿನಾ',ಕಲೀಲ್ ಸಾಬ್',107',31',ಹೆಣ್ಣು',',MUSLIM',FLOWER MARCHANT',NO'
ALQ2913986',ವೆಂಕಟರಾಜು',ವೆಂಕಟಶಾಮಪ್ಪ',110',63',ಗಂಡು',',ST',TREE CUTER',NO'
ALQ0078055',ಕೆಂಪಕ್ಕ',ವೆಂಕಟಶಾಮಿ',110',62',ಹೆಣ್ಣು',',ST',AGED',NO'
ALQ2913994',ರಾಮಾಂಜಮ್ಮ',ವೆಂಕಟರಾಜು',110',51',ಹೆಣ್ಣು',',ST',KOOLI',NO'
MVJ1377258',ಗೋವಿಂದ ರಾಜು',ವೆಂಕಟಶಾಮಪ್ಪ',110',42',ಗಂಡು',',ST',TRACTOR DRIVER',NO'
MVJ1377571',ವಿಮಲ',ಗೋವಿಂದರಾಜು',110',38',ಹೆಣ್ಣು',',ST',HOUSE -WIFE',NO'
ALQ2408136',ಮಾರುತಿ',ವೆಂಕಟರಾಜು',110',24',ಗಂಡು',',ST',LARY DRIVER',NO'
ALQ2914000',ಮುತ್ತಮ್ಮ',ಸಂಜೀವಪ್ಪ',116',65',ಹೆಣ್ಣು',',ST',AGED',NO'
ALQ2914018',ವೆಂಕಟಮ್ಮ',ದೊಡ್ಡಸಂಜೀವಪ್ಪ',117',65',ಹೆಣ್ಣು',',DEATH',',NO'
ALQ2914026',ರಾಮಾಂಜಪ್ಪ',ದೊಡ್ಡಸಂಜೀವಪ್ಪ',117',45',ಗಂಡು',',ST',FINANCE',NO'
MVJ1377563',ದ್ಮಾವತಿ',ರಾಮಾಂಜಪ್ಪ',117',38',ಹೆಣ್ಣು',',ST',HOUSE -WIFE',NO'
ALQ2560167',ಮಾರುತಿ ಟಿ ಆರ್',ರಾಮಾಂಜಪ್ಪ',117',24',ಗಂಡು',',ST',GARMENTS',NO'
ALQ3110954',ಆನಾಡಾ ಟಿ ಆರ್',ರಾಮಾಂಜಪ್ಪ',117',20',ಗಂಡು',',ST',STUDENT',NO'
ALQ2914034',ಹನುಮಂತಪ್ಪ',ದೋಡ್ಡ ಸಂಜೀವಪ್ಪ',118',50',ಗಂಡು',',DEATH',',NO'
ALQ2914042',ವೆಂಕಟರಥ್ನಮ್ಮ',ಹನುಮಂತಪ್',118',45',ಹೆಣ್ಣು',',ST',KOOLI',NO'
ALQ2296317',ಟಿ ಎಚ್ ಚಂದ್ರ',ಹನುಮಂತಪ್',118',26',ಗಂಡು',',ST',KOOLI',YES'
ALQ2914059',ಲಕ್ಷ್ಮಮ್ಮ',ರಾಮಪ್ಪ',119',60',ಹೆಣ್ಣು',',ST',KOOLI',NO'
ALQ0078410',ವಾಲಪ್ಪ ಟಿ ಆರ್',ರಾಮಪ್ಪ',119',43',ಗಂಡು',',ST',FARMER',NO'
ALQ0024703',ಗಾಯತ್ರಿ',ವಾಲಪ್ಪಾ',119',36',ಹೆಣ್ಣು',',ST',HOUSE -WIFE',NO'
ALQ2914067',ಮುನಿಶಾಮಪ್ಪ',ನರಸಿಂಹಪ್ಪ',120',75',ಗಂಡು',',ST',AGED',NO'
ALQ2914075',ಲಕ್ಷ್ಮಿಪತಿ',ಮುನಿಶಾಮಪ್ಪ',120',50',ಗಂಡು',',ST',KOOLI',NO'
ALQ0026609',ಆಲಿಮೀಲಮ್ಮ',ಲಕ್ಷ್ಮಿಪತಿ',120',34',ಹೆಣ್ಣು',',ST',KOOLI',NO'
MVJ1378322',ಗೋವಿಂದಪ್ಪ',ದೋಡದಸಪ್ಪ',121',70',ಗಂಡು',',ST',KOOLI',NO'
ALQ2914083',ರತ್ನಮ್ಮ',ಗೋವಿಂದಪ್ಪ',121',63',ಹೆಣ್ಣು',',DEATH',',NO'
MVJ1376714',ದಾಸಪ್ಪ',ಗೋವಿಂದಪ್ಪ',121',45',ಗಂಡು',',ST',KOOLI',NO'
ALQ0024950',ಅನಿತ',ರಾಜಕುಮಾರ್',121',36',ಹೆಣ್ಣು',',ST',HOUSE -WIFE',NO'
ALQ2914091',ನಿಂಗಪ್ಪ',ಕೂದ್ಲಪ್ಪ',122',65',ಗಂಡು',',ST',FARMER',NO'
ALQ2119071',ಶಿವರಾಜು',ಲಿಂಗಪ್ಪ',122',30',ಗಂಡು',',ST',KOOLI',NO'
ALQ2083525',ಸಿ ಕೃಷ್ಣಪ್ಪ',ಚಿನ್ನಪ್ಪ',13',65',ಗಂಡು',',KUMBA',POT MARCHANT',NO'
ALQ2083533',ಗೌರಮ್ಮ',ಸಿ ಕೃಷ್ಣಪ್ಪ',13',60',ಹೆಣ್ಣು',',KUMBA',HOUSE -WIFE',NO'
ALQ2914117',ಕೃಷ್ಣಪ್ಪ',ಗೋವಿಂದಪ್ಪ',13',57',ಗಂಡು',',ST',KOOLI',NO'
ALQ2914125',ಲಕ್ಷ್ಮೀದೇವಮ್ಮ',ಕೃಷ್ಣಪ್ಪ',13',47',ಹೆಣ್ಣು',',ST',KOOLI',NO'
MVJ3462660',ವೆಂಕಟಪ್ಪ',ಪುಟ್ಟಲಿಂಗಪ್ಪ',124',53',ಗಂಡು',',ST',KOOLI',NO'
MVJ1377308',ಶಿವಪ್ಪ',ಪುಟ್ಟಲಿಂಗಪ್ಪ',124',47',ಗಂಡು',',ST',KOOLI',NO'
MVJ1377548',ಮಂಗಳಮ್ಮ',ವೆಂಕಟಪ್ಪ',124',42',ಹೆಣ್ಣು',',ST',KOOLI',NO'
ALQ1566868',ಗಂಗಮ್ಮ',ಶಿವಪ್ಪ',124',37',ಹೆಣ್ಣು',',ST',KOOLI',NO'
ALQ2914133',ರಾಮಲಕ್ಷ್ಮಮ್ಮ',ಕಾಟಪ್ಪ',125',65',ಹೆಣ್ಣು',',ST',KOOLI',NO'
ALQ2914141',ಪುಟ್ಟಲಿಂಗಪ್ಪ',ಕಾಟಪ್ಪ',125',60',ಗಂಡು',',ST',KOOLI',NO'
MVJ1378389',ಮಂಜಮ್ಮ',ಪುಟ್ಟಲಿಂಗಪ್ಪ',125',51',ಹೆಣ್ಣು',',ST',KOOLI',NO'
ALQ2358489',ಟಿ ರೂಪ',ರಾಜಪ್ಪ',125',25',ಹೆಣ್ಣು',',ST',KOOLI',NO'
ALQ2560357',ಶಿವರಾಜ ಟಿ ಪಿ',ಪುಟ್ಟಲಿಂಗಪ್ಪ',125',24',ಗಂಡು',',ST',STUDENT',NO'
ALQ2914166',ಲಕ್ಷ್ಮಯ್ಯ',ಲಕ್ಷ್ಮಯ್ಯ',126',58',ಗಂಡು',',ST',KOOLI',NO'
ALQ2914174',ಗಂಗಮ್ಮ',ಲಕ್ಷ್ಮಯ್ಯ',126',49',ಹೆಣ್ಣು',',ST',HOUSE -WIFE',NO'
ALQ3214145',ಹರಿಶ ಟಿ ಎಲ್',ಲಕ್ಷ್ಮಯ್ಯ',126',29',ಗಂಡು',',ST',KOOLI',NO'
ALQ2914182',ರಂಗಪ್ಪ',ಚಿನ್ನಪ್ಪ',128',55',ಗಂಡು',',ST',KOOLI',NO'
ALQ2914190',ರಾಜಮ್ಮ',ರಂಗಪ್ಪ',128',49',ಹೆಣ್ಣು',',ST',KOOLI',NO'
ALQ2083541',ಟಿ ಆರ್ ಗೋಪಾಲ',ರಂಗಪ್ಪ',128',29',ಗಂಡು',',DEATH',',NO'
ALQ2914208',ಕೃಷ್ಣಪ್ಪ',ಚಿನ್ನಪ್ಪ',129',55',ಗಂಡು',',ST',KOOLI',NO'
ALQ2914216',ಗೌರಮ್ಮ',ಕೃಷ್ಣಪ್ಪ',19',49',ಹೆಣ್ಣು',',DEATH',',NO'
ALQ2083558',ಟಿ ಕೆ ಗೀತಾ',ಕೃಷ್ಣಪ್ಪ',129',29',ಹೆಣ್ಣು',YES',ST',',NO'
ALQ3211612',ನಾಗಮಣಿ ಟಿ ಕೆ',ಕೃಷ್ಣಪ್ಪ',129',25',ಹೆಣ್ಣು',YES',ST',',NO'
ALQ3200086',ಶ್ರೀನಿವಾಸ ಟಿ ಕೆ',ಕೃಷ್ಣಪ್ಪ',129',21',ಗಂಡು',',ST',GARMENTS',NO'
ALQ2914224',ಅಶ್ವತ್ಥಮ್ಮ',ನರಸಿಂಹಯ್ಯ',130',55',ಹೆಣ್ಣು',',ST',KOOLI',NO'
ALQ1873207',ರಂಗಣ್ಣ ಟಿ ಎನ್',ನರಸಿಂಹಪ್ಪ',130',35',ಗಂಡು',',ST',KOOLI',NO'
ALQ2997260',ಶಿಲ್ಪ',ರಂಗನ್ನ',130',24',ಹೆಣ್ಣು',',ST',KOOLI',NO'
ALQ2914307',ಮುನಿಶ್ಯಾಮಯ್ಯ',ದೊಡ್ಡಸಂಜೀವಪ್ಪ',132',65',ಗಂಡು',',ST',DIARY WORK',NO'
ALQ2914315',ಹನುಮಕ್ಕ',ಮುನಿಶ್ಯಾಮಯ್ಯ',132',55',ಹೆಣ್ಣು',',ST',HOUSE -WIFE',NO'
ALQ2296226',ಮಂಜುನಾಥ ಟಿ ಎಮ್',ಮುನಿಶಾಮಪ್ಪ',132',26',ಗಂಡು',',ST',STUDENT',NO'
ALQ1566900',ಆನಂದ',ನಾರಾಯಣಪ್ಪ',134',47',ಗಂಡು',YES',ST',ELECTICAL',NO'
ALQ0025338',ಪದ್ಮವತಿ',ಮುನಾನಂದಮೂತಿ',134',44',ಹೆಣ್ಣು',',ST',HOUSE -WIFE',NO'
ALQ1567577',ವೆಂಕಟಪ್ಪ',ದಾಸಪ್ಪ',135',60',ಗಂಡು',',ST',TREE CUTER',NO'
ALQ1567585',ಸರೋಜಮ್ಮ',ವೆಂಕಟಪ್ಪ',135',50',ಹೆಣ್ಣು',',ST',HOUSE -WIFE',NO'
ALQ1566942',ದೇವರಾಜು',ವೆಂಕಟಪ್ಪ',135',38',ಗಂಡು',',ST',TREE CUTER',NO'
ALQ0078493',ಹೇಮಲತ',ದೇವರಾಜು',135',35',ಹೆಣ್ಣು',',ST',HOUSE -WIFE',NO'
ALQ2914323',ರಂಗಣ್ಣ',ತಿಮ್ಮಯ್ಯ',136',57',ಗಂಡು',',VAKALIGA',FARMER',NO'
ALQ2914331',ಸಾವಿತ್ರಮ್ಮ',ರಂಗಣ್ಣ',136',51',ಹೆಣ್ಣು',',VAKALIGA',HOUSE -WIFE',NO'
ALQ0024901',ಟಿ ಆರ್ ಶಿವಕುಮಾರ್',ರಂಗಣ್ಣ',136',33',ಗಂಡು',YES',VAKALIGA',',NO'
ALQ2083574',ಟಿ ಆರ್ ಹರೀಶ',ರಂಗಣ್ಣ',136',29',ಗಂಡು',YES',VAKALIGA',',NO'
ALQ2296085',ಟಿ ವಿ ಗಂಗರಾಜು',ವೆಂಕಟಪ್ಪ',136',27',ಗಂಡು',',ST',FINANCE',NO'
ALQ3111002',ಶ್ವೇತ ಬಿ ಎಸ್',ಶಿವಕುಮಾರ್ ಟಿ ಆರ',136',20',ಹೆಣ್ಣು',',ST',HOUSE -WIFE',NO'
ALQ0076497',ಅರಸಮ್ಮ',ಗಂಗರಾಜು',137',47',ಹೆಣ್ಣು',',VAKALIGA',KOOLI',NO'
ALQ3075884',ರಂಗನಾಥ ಟಿ ಜಿ',ಲೇಟ್ ಗಂಗರಾಜ',137',23',ಗಂಡು',',VAKALIGA',FACTORY WORKER',NO'
ALQ2914349',ಲಕ್ಷ್ಮಯ್ಯ',ನರಸಿಂಹಯ್ಯ',138',70',ಗಂಡು',',ST',AGED',NO'
MVJ3462066',ನರಸಿಂಹಮೂರ್ತಿ',ಲಕ್ಷ್ಮಯ್ಯ',138',45',ಗಂಡು',',ST',KOOLI',NO'
MVJ3462389',ಕಮಲಮ್ಮ',ನರಸಿಂಹಮೂರ್ತಿ',138',41',ಹೆಣ್ಣು',',ST',SCHOOL CLEANER',NO'
ALQ2407849',ಟಿ ಎಲ್ ಶಂಕರ',ಲಕ್ಷ್ಮಯ್ಯ',138',26',ಗಂಡು',',ST',STUDENT',NO'
ALQ3110947',ಗುರುಪ್ರಸಾದ್ ಟಿ ಎನ್',ನರಸಿಂಹ ಮೂರ್ತಿ ಎನ್',138',21',ಗಂಡು',',ST',STUDENT',NO'
MVJ3966686',ಬಾಬುಫಕೃದ್ದೀನ್',ಅಬ್ದುಲ್ ರೆಹಮಾನ್',139',50',ಗಂಡು',',MUSLIM',FLOWER MARCHANT',NO'
MVJ3966678',ಮತ್ತಜ್\u200cಉನ್ನೀಸಾ',ಬಾಬುಫಕೃದ್ದೀನ್',139',41',ಹೆಣ್ಣು',',MUSLIM',FLOWER MARCHANT',NO'
ALQ2466571',ಮುಬಾರಕ್ ಟಿ ಬಿ',ಬಾಬು',139',26',ಗಂಡು',',MUSLIM',PVT TEACHER',NO'
ALQ0075960',ನರಸಮ್ಮ',ಗಂಗಪ್ಪ',141',71',ಹೆಣ್ಣು',',ST',AGED',NO'
ALQ0076059',ರತ್ನಮ್ಮ',ಆಂಜನಪ್ಪ',141',50',ಹೆಣ್ಣು',',ST',KOOLI',NO'
MVJ3967130',ಪಾಪಣ್ಣ',ಗಂಗಪ್ಪ',141',49',ಗಂಡು',',ST',KOOLI',NO'
ALQ0024240',ರಾಜಕುಮಾರ',ಗಂಗಪ್ಪ',141',45',ಗಂಡು',',ST',KOOLI',NO'
ALQ2978302',ರಾಮಕೃಷ್ಣ',ಅಂಜಿನಪ್ಪ',141',44',ಗಂಡು',',ST',KOOLI',NO'
ALQ2083582',ನಾಗರತ್ನಮ್ಮ',ಪಾಪಣ್ಣ',141',40',ಹೆಣ್ಣು',',ST',COIN SHOP',NO'
ALQ2083590',ಜಯಲಕ್ಷ್ಮಿ',ರಾಜ್ ಕುಮಾರ್',141',33',ಹೆಣ್ಣು',',ST',HOUSE -WIFE',NO'
ALQ2976348',ಕೆಂಪರಾಜಮ್ಮ',ರಾಮಕೃಷ್ಣ ಟಿ ಎ',141',31',ಹೆಣ್ಣು',',ST',HOUSE -WIFE',NO'
ALQ2914448',ಲಕ್ಷ್ಮೀನರಸಮ್ಮ',ಲೇ ನರಸಿಂಹಯ್ಯ ಟಿ ಜಿ',14 3',72',ಹೆಣ್ಣು',',LINGAYATH',AGED',NO'
ALQ2912715',ಮಹಬೂಬಿ',ಯಾಮತ್ ಸಾಬ್',15 2',73',ಹೆಣ್ಣು',',MUSLIM',FLOWER MARCHANT',NO'
ALQ2912723',ಹುಸೇನ್ ಸಾಬ್',ಯಾಮತ್ ಸಾಬ್',15 2',61',ಗಂಡು',',MUSLIM',FLOWER MARCHANT',NO'
ALQ2912731',ಮುಬಿನಾಬ್',ಹುಸೇನ್ ಸಾಬ್',15 2',53',ಹೆಣ್ಣು',',MUSLIM',FLOWER MARCHANT',NO'
ALQ1567106',ಇಮಾಂಸಾಬ್',ಯಾಮತ್ ಸಾಬ್',15 2',49',ಗಂಡು',',MUSLIM',FLOWER MARCHANT',NO'
ALQ2912749',ಅಲ್ಲಾಬಕ್ಷ',ಯಾಮತ್ ಸಾಬ್',15 2',47',ಗಂಡು',',MUSLIM',FLOWER MARCHANT',NO'
MVJ1377928',ಮಹತಾಬುನ್ನೀಸಾ',ಅಲ್ಲಾಬಕಷ್',15 2',37',ಹೆಣ್ಣು',',MUSLIM',FLOWER MARCHANT',NO'
ALQ3110996',ನಗ್ಯಾಬಾನುಜಿ ಆರ್',ಜಬೀವುಲ್ಲ',15 12',22',ಹೆಣ್ಣು',',MUSLIM',FLOWER MARCHANT',NO'
ALQ2296036',ಟಿ ಹೆಚ್ ಜಬೀವುಲ್ಲಾ',ಹಸೇನ್ ಸಾಬ್',152',26',ಗಂಡು',',MUSLIM',FACTORY WORKER',NO'
MVJ1377910',ರವಿಜಾ',ಇಮಾಂಸಾಬ್',1512',38',ಹೆಣ್ಣು',',MUSLIM',FLOWER MARCHANT',NO'
ALQ2978914',ಬಿ ಆರ್ ಶ್ರೀನಿವಾಸ',ರಂಗಪ್ಪ',156',43',ಗಂಡು',',ST',BARBENTER',NO'
MVJ3967171',ಟಿ ಎಂ ನಟರಾಜ್',ಮುನಿಶಾಮಯ್ಯ',156',34',ಗಂಡು',',ST',PANCHAYAT BILL COLLECTER',NO'
ALQ2979078',ರಾಮಕ್ಕೆ',ಬಿ ಆರ್ ಶ್ರೀನಿವಾಸ',156',32',ಹೆಣ್ಣು',',ST',HOUSE -WIFE',NO'
ALQ2912780',ಭಾಗ್ಯಮ್ಮ',ವೀರಣ್ಣ',18 2',60',ಹೆಣ್ಣು',',VAKALIGA',HOME',NO'
ALQ1566918',ಮುರಗೇಶ',ಕನ್ನಯ್ಯ',185',56',ಗಂಡು',',TAMILAN',KOOLI',NO'
ALQ1566926',ಶಾಂತಮ್ಮ',ಮುರುಗೇಶ',185',52',: ಹೆಣ್ಣು',',TAMILIAN',KOOLI',NO'
ALQ2351021',ಮುನಿಯಪ್ಪ ಎಮ್',ಮುರುಗೇಶ್',185',25',ಗಂಡು',',TAMILIAN',TRACTER DRIVER',NO'
ALQ1566934',ಶೋಭನ್ ಬಾಬು',ಚಂದ್ರಶೇಖರ್',219',40',ಗಂಡು',YES',LINGAYATH',SOFTWARE',NO'
ALQ1565506',ಲಕ್ಷ್ಮಮ್ಮ',ಅಶ್ವತ್ಥಪ್ಪ',224',75',ಹೆಣ್ಣು',',ST',AGED',NO'
ALQ2225639',ಗಂಗಾಧರಪ್ಪ',ಅಶ್ವತ್ಥಪ್ಪ',224',47',ಗಂಡು',',ST',FARMER',NO'
MVJ3967296',ಟಿ ಎ ಕೇಶವ ತಾಯಿಯ',ಲಕ್ಷ್ಮಮ್ಮ',224',34',ಗಂಡು',',ST',POLITICAL',NO'
ALQ0024505',ಟಿ ಎ ಚಂದ್ರಶೇಖರಯ್ಯ',ಅಶ್ವತ್ಥಪ್ಪ',224',33',ಗಂಡು',',ST',PVT BUS DRIVER',NO'
ALQ2374528',ಲಕ್ಷ್ಮೀದೇವಮ್ಮ',ಟಿ ಎ ಚಂದ್ರಶೇಖರಯ್ಯ',224',28',ಹೆಣ್ಣು',',ST',HOUSE -WIFE',NO'
ALQ3055175',ಶಾಂತಮ್ಮ ಟಿ ಹೆಚ್',ಕೇಶವ ಟಿ ಎ',224',25',ಹೆಣ್ಣು',',ST',HOUSE -WIFE',NO'
ALQ3110962',ಶಾಂತ ಎನ್',ಗಂಗಾಧರ',224',24',ಹೆಣ್ಣು',',ST',HOUSE -WIFE',NO'
MVJ1673029',ನರಸಿಂಹಮೂರ್ತಿ',ಮುನಿಶಾಮಯ್ಯ',33',59',ಗಂಡು',',BAJANTHRI',FARMER',NO'
MVJ1672955',ಸುನಂದಮ್ಮ',ನರಸಿಂಹಮೂರ್ತಿ',33',53',ಹೆಣ್ಣು',',DEATH',',NO'
ALQ2978336',ಟಿ ಎನ್ ದೇವೇಂದ್ರ',ನರಸಿಂಹಮೂರ್ತಿ',33',25',ಗಂಡು',YES',BAJANTHRI',',NO'
ALQ1565571',ಬಸವರಾಜು',ಕೊಂಡಪ್ಪ',34',61',ಗಂಡು',YES',KUMBA',',NO'
ALQ1565589',ಗಿರಿಜಮ್ಮ',ಬಸವರಾಜು',34',50',ಹೆಣ್ಣು',YES',KUMBA',',NO'
ALQ2914356',ಮಂಜುಳ',ಸುಬ್ರಹ್ಮಣ್ಯ',34',47',ಹೆಣ್ಣು',',KUMBA',HOUSE -WIFE',NO'
ALQ1565605',ಸುಬ್ರಹ್ಮಣ್ಯ',ಟಿ ಕೆ ಗಂಗಾಧರಪ್ಪ',34',45',ಗಂಡು',',KUMBA',VEGITABLE MARCHANT',NO'
ALQ1565597',ಲಿಂಗರಾಜು',ಗಂಗಾಧರಪ್ಪ',234',45',ಗಂಡು',YES',KUMBA',',NO'
MVJ1379049',ಹೆಚ್ ಎನ್ ಲಕ್ಷ್ಮೀಪತಿ',ಟಿ ಕೆ ಗಂಗಾಧರಪ್ಪ',234',39',ಗಂಡು',YES',KUMBA',',NO'
ALQ3075918',ರೂಪಶ್ರೀ ಟಿ ಎಸ್',ಸುಬ್ರಮಣಿ ಟಿ ಜಿ',34',23',ಹೆಣ್ಣು',',KUMBA',STUDENT',NO'
ALQ3110988',ಯೋಗನಂದ ಟಿ ಎಸ್',ಸುಬ್ರಮಣ್ಯ ಟಿ ಜಿ',34',20',ಗಂಡು',',KUMBA',STUDENT',NO'
MVJ1377233',ಬಸವರಾಜು',ದೊಡ್ಡನಂಜುಂಡನ',35',75',ಗಂಡು',',DEATH',',NO'
ALQ0077750',ರತ್ನಮ್ಮ',ಬಸವರಾಜು',35',60',ಹೆಣ್ಣು',',LINGAYATH',AGED',NO'
ALQ0078774',ಸರೋಜಮ್ಮ',ಬಸವರಾಜು',35',55',ಹೆಣ್ಣು',',LINGAYATH',FARMER',NO'
ALQ2083624',ಟಿ ಬಿ ಚಂದ್ರಿಕಾ',ಬಸವರಾಜು',35',28',ಹೆಣ್ಣು',YES',LINGAYATH',',NO'
ALQ0077552',ಸೋಮಣ್ಣ',ದೊಡ್ಡನಂಜಪ್ಪ',36',80',ಗಂಡು',',LINGAYATH',FARMER',NO'
ALQ0078329',ಪುಟ್ಟರುದ್ರಮ್ಮ',ಸೋಮಣ್ಣ',36',70',ಹೆಣ್ಣು',',LINGAYATH',HOUSE -WIFE',NO'
MVJ1378504',ಗಂಗರಾಜು',ಸೋಮಣ್ಣ',236',47',ಗಂಡು',',LINGAYATH',FARMER',NO'
ALQ0078337',ಟಿ ಎಸ್ ನಾಗರಾಜು',ಟಿ ಎನ್ ಸೋಮಣ್ಣ',36',41',ಗಂಡು',',LINGAYATH',FARMER',NO'
MVJ1378512',ಸುಕನ್ಯ',ಗಂಗರಾಜು',36',38',ಹೆಣ್ಣು',',LINGAYATH',HOUSE -WIFE',NO'
ALQ2083632',ಹೆಚ್ ಎ ಶಶಿಕಲಾ',ಟಿ ಎಸ್ ನಾಗರಾಜ',236',36',ಹೆಣ್ಣು',',LINGAYATH',HOUSE -WIFE',NO'
MVJ1379973',ಶಿವಣ್ಣ',ರುದ್ರಣ್ಣ',37',74',ಗಂಡು',',LINGAYATH',AGED',NO'
MVJ1379957',ನಂಜಮ್ಮ',ಶಿವಣ್ಣ',37',70',ಹೆಣ್ಣು',',LINGAYATH',AGED',NO'
MVJ1673128',ಪಾರ್ವತಮ್ಮ',ವೀರಣ್ಣ',37',67',ಹೆಣ್ಣು',',LINGAYATH',AGED',NO'
MVJ1380153',ನಂಜುಂಡಪ್ಪ',ಶಿವಣ್ಣ',37',45',ಗಂಡು',',LINGAYATH',FARMER',NO'
MVJ1380138',ಸುರ್ವಣಮ್ಮ',ನಂಜುಂಡಪ್ಪ',37',36',ಹೆಣ್ಣು',',LINGAYATH',HOUSE -WIFE',NO'
MVJ3462678',ಟಿ ಎಸ್ ಜಗದೀಶ್',ಟಿ ಆರ್ ಶಿವಣ್ಣ',237',35',ಗಂಡು',',LINGAYATH',FARMER',NO'
ALQ1565613',ಸತೀಶ್\u200cಕುಮಾರ್',ಗಂಗಾಧರಪ್ಪ ಟಿ ಆರ್',237',35',ಗಂಡು',',LINGAYATH',FARMER',NO'
ALQ0026435',ಟಿ ಎಸ್ ಮಹೇಶ್',ಟಿ ಆರ್ ಶಿವಣ್ಣ',37',34',ಗಂಡು',',LINGAYATH',FARMER',NO'
ALQ3211646',ಗೌರಮ್ಮ',ಟಿ ಎಸ್ ಮಹೇಶ್',37',31',ಹೆಣ್ಣು',',LINGAYATH',HOUSE -WIFE',NO'
MVJ3462397',ಶಿವರುದ್ರಪ್ಪ',ಚನ್ನಪ್ಪ',38',65',ಗಂಡು',',LINGAYATH',AGED',NO'
ALQ2560118',ಚರಣ್ ರಾಜ್ ಟಿ ಎಸ್',ಶಿವರುದ್ರಪ್ಪ',38',32',ಗಂಡು',YES',LINGAYATH',',NO'
ALQ1565621',ಶಿವ ಕುಮಾರ್ ಟಿ ಸಿ',ಟಿ ಚಿಕ್ಕಣ್ಣಯ್ಯ',39',67',ಗಂಡು',',LINGAYATH',MARRAGE BROKER',NO'
MVJ3462256',ಹೊನ್ನಮ್ಮ',ಶಿವಕುಮಾರ್',239',55',ಹೆಣ್ಣು',',LINGAYATH',HOUSE -WIFE',NO'
ALQ1565639',ಲೋಕೇಶ',ಶಿವಕುಮಾರ',39',36',ಗಂಡು',YES',LINGAYATH',',NO'
ALQ3039724',ವಿನೋದ್ ಕುಮಾರ್ ಟಿ ಎಸ',ಶಿವಕುಮಾರ್ ಟಿ',39',21',ಗಂಡು',YES',LINGAYATH',',NO'
MVJ1380146',ಪ್ರಭುದೇವಕುಮಾರ್',ಟಿ ಚಿಕ್ಕಣ್ಣಯ್ಯ',240',56',ಗಂಡು',',LINGAYATH',FARMER',NO'
MVJ1380120',ಸುಶೀಲಮ್ಮ',ಪ್ರಭುದೇವಕುಮಾರ್',240',50',ಹೆಣ್ಣು',',LINGAYATH',HOUSE -WIFE',NO'
ALQ0025213',ವಿದ್ಯಾಟಿ ಪಿ',ಪ್ರಭುದೇವಕುಮ',240',31',ಹೆಣ್ಣು',',LINGAYATH',HOUSE -WIFE',NO'
MVJ3966991',ರಾಜಬಾಬು ಟಿ ಎನ್',ಟಿ ಎಸ್ ನಂಜುಂಡಪ್ಪ',255',47',ಗಂಡು',',LINGAYATH',KOOLI',NO'
ALQ0024489',ಗೌರಮ್ಮ',ರಾಜಬಾಬುಟಿ ಎನ್',255',38',ಹೆಣ್ಣು',',LINGAYATH',HOUSE -WIFE',NO'
ALQ2296275',ರೂಪ ಟಿ ಎಸ್',ವೆಂಕಟೇಶ್',269',31',ಹೆಣ್ಣು',',LINGAYATH',HOUSE -WIFE',NO'
ALQ2408169',ಸುಜಾತ ಬಿ ವಿ',ಉಮೆಶ ಟಿ ಕೆ',276',25',ಹೆಣ್ಣು',',LINGAYATH',HOUSE -WIFE',NO'
ALQ2913093',ರಾಜಮ್ಮ',ನ್ಯಾತಪ್ಪ',43 2',60',ಹೆಣ್ಣು',',ST',KOOLI',NO'
ALQ3193091',ಪ್ರಕಾಶ್ ಜಿ ಹೆಚ್',ಹನುಮಂತರಾಯ',43 1',38',ಗಂಡು',',DEATH',',NO'
ALQ3193083',ರಾಜಮ್ಮ',ನಾಗರಾಜು',43 1',37',ಹೆಣ್ಣು',',ST',KOOLI',NO'
ALQ2083244',ಎನ್ ಅನಿತ',ಟಿ ಎನ್ ರವಿ',43 2',37',ಹೆಣ್ಣು',',ST',KOOLI',NO'
ALQ2083236',ಜಿ ಗಾಯಿತ್ರಿ',ಮೋಹನ್ ಕುಮಾರ',43 2',29',ಹೆಣ್ಣು',',ST',KOOLI',NO'
MVJ3966561',ಟಿ ಎನ್ ರವಿ',ನ್ಯಾತಪ್ಪ',43 2',40',ಗಂಡು',',ST',KOOLI',NO'
MVJ3462165',ಟಿ ಎನ್ ಮೋಹನ್\u200cಕುಮಾರ್',ನ್ಯಾತಪ್ಪ',43 2',36',ಗಂಡು',',ST',HOTEL',NO'
ALQ2296200',ಟಿ ವಿ ಮಲ್ಲೇಶಯ್ಯ',ಲೇಟ್ ವೀರಭದ್ರ',50 1',63',ಗಂಡು',YES',LINGAYATH',',NO'
ALQ2296127',ಅನಿತ',ಮಲ್ಲೇಶಯ್ಯ ಟಿ ವಿ',50 1',49',ಹೆಣ್ಣು',YES',LINGAYATH',',NO'
ALQ2377539',ಜಿ ಮೈನಾ',ಕುಮಾರಯ್ಯ',570',30',ಹೆಣ್ಣು',YES',LINGAYATH',',NO'
ALQ3075900',ರಾಧಾಬಾಯಿ',ಲೇಟ್ ಮಾಣೋಜಿರಾವ್',571',75',ಹೆಣ್ಣು',',MARATI',AGED',NO'
ALQ3075892',ಎಂ ಶ್ರೀನಿವಾಸರಾವ್',ಮನೋಜಿ ರಾವ್',571',50',ಗಂಡು',',MARATI',AUTO DRIVER',NO'
ALQ3075926',ವರಲಕ್ಷ್ಮೀ',ಎಂ ಶ್ರೀನಿವಾಸ ರಾವ',571',23',ಹೆಣ್ಣು',',MARATI',GARMENTS',NO'
ALQ0075598',ಹುಲುಕಡಪ್ಪ',ದೊಡ್ತೀರಭದ್ರಪ್ಪ',63 1',65',ಗಂಡು',',ST',GOAT',NO'
ALQ2913358',ಲಕ್ಷಮ್ಮ',ಹುಲುಕಡಪ್ಪ',63 2',55',ಹೆಣ್ಣು',',ST',KOOLI',NO'
ALQ2296291',ಸಬೀಹ ಬಾನುಎ',ಮಹಬೂಬ್ ಪಾಪ',71 1',28',ಹೆಣ್ಣು',',MUSLIM',FLOWER MARCHANT',NO'
MVJ3462785',ವೀರಭದ್ರಪ್ಪ ಟಿ ಇ',ಈಶ್ವರಪ್ಪ',75ಎ',82',ಗಂಡು',',LINGAYATH',AGED',NO'
MVJ1378769',ಶಿವಶಂಕರಯ್ಯ',ಗಂಗಾಧರಪ್ಪ',75ಬಿ',60',ಗಂಡು',',LINGAYATH',STREET MARCHANT',NO'
MVJ1378777',ಜಗದಾಂಬ',ಶಿವಶಂಕರಯ್ಯ',75ಬಿ',53',ಹೆಣ್ಣು',',LINGAYATH',COIN SHOP',NO'
ALQ3008380',ಚೈತ್ರ ಟಿ ಎಸ್',ಶಿವಶಂಕರಯ್ಯ ಟಿಜಿ',75 ಬಿ',25',ಹೆಣ್ಣು',',LINGAYATH',COIN SHOP',NO'
MVJ1377340',ಚನ್ನಬಸಪ್ಪ',ಸಿದ್ದಪ್ಪ',75ಸಿ',63',ಗಂಡು',',LINGAYATH',AGED',NO'
ALQ0026559',ಶಿವಮ್ಮ',ಚನ್ನಬಸಪ್ಪ',75ಸಿ',53',ಹೆಣ್ಣು',',LINGAYATH',HOUSE -WIFE',NO'
ALQ0024364',ವೀರೇಶ ಟಿ ಸಿ',ಚನ್ನಬಸಯ್ಯ',75 ಸಿ',33',ಗಂಡು',',LINGAYATH',STREET MARCHANT',NO'
ALQ2296093',ರಾಜೇಶ್ವರಿ',ವೀರೇಶ',75ಸಿ',26',ಹೆಣ್ಣು',',LINGAYATH',HOUSE -WIFE',NO'
ALQ0075796',ಅಶ್ವತ್ಥಮ್ಮ',ಕೆಂಪಯ್ಯ',98 1',54',ಹೆಣ್ಣು',',ST',KOOLI',NO'
ALQ0025940',ರುದ್ರೇಶ ಟಿ ಕೆ',ಕೆಂಪಯ್ಯ',98 1',32',ಗಂಡು',',ST',TRACTER DRIVER',NO'
ALQ2083483',ಟಿ ಜಿ ಶಶಿಕಲಾ',ನಾಗಪ್ಪ',98 1',29',ಹೆಣ್ಣು',',ST',HOUSE -WIFE',NO'
ALQ2978203',ಗಂಗಾದೇವಿ ಕೆ ಟಿ',ರುದ್ರೇಶ ಟಿ ಕೆ',98 1',24',ಹೆಣ್ಣು',',ST',HOUSE -WIFE',NO'
MVJ3462405',ಚಿಕ್ಕಕೆಂಪಯ್ಯ',ನರಸಿಂಹಯ್ಯ',108',63',ಗಂಡು',',ST',AGED',NO'
ALQ0026625',ಮಾಳಕ್ಕ',ದೊಡ್ಡ ಕೆಂಪಯ್ಯ',108 1',62',ಹೆಣ್ಣು',',ST',KOOLI',NO'
ALQ2560100',ಅಂಜಿನಮ್ಮ ಟಿ ಎ',ದೊಡ್ಡಕೆಂಪಯ್ಯ',108 1',34',ಹೆಣ್ಣು',',ST',KOOLI',NO'
ALQ0026864',ಟಿ ಡಿ ಲಕ್ಷ್ಮೀಪತಿ',ದೊಡ್ಡಕೆಂಪಯ್ಯ',108 1',33',ಗಂಡು',',ST',KOOLI',NO'
ALQ0024935',ಟಿ ಡಿ ರೂಪ',ದೊಡ್ಡಕೆಂಪಯ್ಯ',108 1',33',ಹೆಣ್ಣು',',ST',KOOLI',NO'
ALQ2083517',ಟಿ ಸಿ ಕೃಷ್ಣ',ಚಿಕ್ಕಕೆಂಪಯ್ಯ',108 ಎ',28',ಗಂಡು',',ST',STUDENT',NO'
MVJ3462371',ಸಾವಿತ್ರಮ್ಮ',ಚಿಕ್ಕಕೆಂಪಯ್ಯ',108ಬಿ',47',ಹೆಣ್ಣು',',ST',KOOLI',NO'
ALQ2296283',ಶ್ವೇತ ಸಿ',ವರದರಾಜುಟಿ',07 02',26',ಹೆಣ್ಣು',',LINGAYATH',HOUSE -WIFE',NO'
MVJ3462280',ಟಿ ವರದರಾಜು',ಟಿ ಆರ್ ವೀರಣ್ಣ',07 02',37',ಗಂಡು',',LINGAYATH',FARMER',NO'
ALQ2914422',ಶಿವಾನಂದಯ್ಯ',ಶಂಕರಪ್ಪ',33',55',ಗಂಡು',',LINGAYATH',MILL',NO'
ALQ2914430',ರೇಣುಕಮ್ಮ',ಶಿವಾನಂದ',33',50',ಹೆಣ್ಣು',',LINGAYATH',HOUSE -WIFE',NO'
ALQ2913432',ರಾಮಕೃಷ್ಣಪ್ಪ',ಕೊಲ್ಲಾರಪ್ಪ',70',60',ಗಂಡು',',ST',FARMER',NO'
ALQ2913507',ರಾಮಕೃಷ್ಣ ಟಿ ಎ',ಅವಲಪ್ಪ',76',70',ಗಂಡು',',KUMBA',TEA HOTEL',NO'
MVJ3462116',ನರಸಿಂಹಮೂರ್ತಿ',ನರಸಿಂಹಯ್ಯ',134',67',ಗಂಡು',',DEATH',',NO'
MVJ3462231',ರಂಗಮ್ಮ',ನರಸಿಂಹಮೂರ್ತಿ',134',62',ಹೆಣ್ಣು',',ST',HOME',NO'
ALQ3075876',ಹರೀಶ್ ಕುಮಾರ್ ಟಿ ಎ',ಆನಂದ',134',21',ಗಂಡು',',ST',STUDENT',NO'
ALQ0026211',ನರಸಿಂಹ',ERANNA',38/1',42',ಗಂಡು',',VAKALIGA',HOME',YES'
ALQ3240991',ಪಲ್ಲವಿ ಟಿ ಜಿ',ಗಂಗರಾಜು ಟಿ ಎಸ್',236',19',ಹೆಣ್ಣು',',LINGAYATH',HOUSE -WIFE',NO'
ALQ3241122',ದೀಪಿಕಾ ಟಿ ಜಿ',ಟಿ ಎಮ್ ಗಂಗರ್ರಾ',236',19',ಹೆಣ್ಣು',',LINGAYATH',HOUSE -WIFE',NO'
ALQ3254380',ನೇತ್ರಾವತಿ',ರೇಂದ್ರ',85',18',ಹೆಣ್ಣು',',LINGAYATH',HOUSE -WIFE',NO'
ALQ3254406',ವಿದ್ಯಾಶ್ರೀ I',ರವಿ ಕುಮಾರ್ ಟಿ ಎಸ್',86',19',ಹೆಣ್ಣು',',LINGAYATH',KOOLI',NO'
ALQ3258266',ಚೇತನ್ ಕುಮಾರ್ ಟಿ ವಿ',ವೀರಶೇಖರ',29',19',ಗಂಡು',YES',LINGAYATH',',NO'
ALQ3258274',ದಿವ್ಯಾ ಟಿ ವಿ',ವೀರಶೇಖರ',29*',18',ಹೆಣ್ಣು',',LINGAYATH',STUDENT',NO'
ALQ3258282',ಅಶ್ವಿನಿ ಜಿ',ಗಂಗದಾರ',224',18',ಹೆಣ್ಣು',',LINGAYATH',STUDENT',NO'
ALQ3258290',ಬವಾನ ಕೆ ಎ',ಅನಿರುದ್ರ ಟಿ ಬಿ',0',18',ಹೆಣ್ಣು',YES',LINGAYATH',HOUSE -WIFE',NO'
ALQ3258308',ಗಗನ್ ಕುಮಾರ್ ಟಿ ಜಿ',ಗೋವಿಂದರಾಜು',0',18',ಗಂಡು',',ST',STUDENT',NO'
ALQ3266186',ಬಿ ಎಚ್ ಮಣಿ ಶ್ರೀ',ವೆಂಕಟೇಶ್ ಟಿ ಜಿ',228',18',ಹೆಣ್ಣು',',UPPARA',STUDENT',NO'
ALQ3268000',ನವೀನ್ ಕುಮಾರ್ ಟಿ ಎಸ್',ಸಿದ್ದಗಂಗಪ್ಪ',46',18',ಗಂಡು',',UPPARA',STUDENT',NO'
ALQ3266087',ನೇತ್ರಾವತಿ ಎಂ ಎಂ',ನವೀನಾ',16',18',ಹೆಣ್ಣು',',UPPARA',STUDENT',NO'
ALQ2502342',ನೀತ್ರಾವತಿ',ರಾಮಪ್ಪ',132',23',ಹೆಣ್ಣು',',',','